name,description,tags,node_type,location,centroid
Amt für Immissionsschutz und Betriebe,,,['POI'],POINT(10.004024 53.497556),
Behörde für Stadtentwicklung und Wohnen,,,['POI'],POINT(10.004187 53.497465),
Agentur für Arbeit Altona,,,['POI'],POINT(9.943907 53.565788),
Behörde für Justiz und Verbraucherschutz,,,['POI'],POINT(9.98517 53.556559),
Fachschule für Heilerzieher der evang. Stiftung Alsterdorf,,,['POI'],POINT(10.020137 53.613089),
Süllberg Blankenese,,,['POI'],POINT(9.800281 53.559521),
Trockendocks,,,['POI'],POINT(9.963315 53.541777),
Viewpoint HafenCity,,,['POI'],POINT(9.994397 53.539491),
Gewerbeförderungsanstalt d. Handwerkskammer Hamburg,,,['POI'],POINT(9.938505 53.554931),
Heinrich-Hertz-Straße (Bildungseinrichtung),,,['POI'],POINT(10.020199 53.572421),
Helbingtwiete (Bildungseinrichtung),,,['POI'],POINT(10.096121 53.587141),
Jugendparkweg (Bildungseinrichtung),,,['POI'],POINT(9.993055 53.645709),
Jugendwerkstatt Rosenallee,,,['POI'],POINT(10.013918 53.549049),
Marmstorfer Weg (Bildungseinrichtung),,,['POI'],POINT(9.970242 53.449539),
"Praxisausb.stätte I, Staatl. Fachschule f. Sozialpäd. Wagnerstraße",,,['POI'],POINT(10.032401 53.567644),
"Praxisausb.stätte II, Staatl. Fachschule f. Sozialpäd. Wagnerstraße",,,['POI'],POINT(10.061227 53.564462),
Praxisausb.stätte II. Staatl. Kinderpflegeschule Isestraße,,,['POI'],POINT(9.983513 53.586602),
Justizprüfungsamt bei dem Hanseatischen Oberlandesgericht,,,['POI'],POINT(9.98535 53.557151),
Praxisausb.stätte Staatl. Schule Ernährung-u-Hauswirtsch. Harburg,,,['POI'],POINT(9.963936 53.466222),
"Praxisausb.stätte, Staatl. Fachschule f. Sozialpäd. Altona",,,['POI'],POINT(9.955842 53.5542),
Rackow-Schule,,,['POI'],POINT(10.024825 53.548345),
Agentur für Arbeit Eimsbüttel,,,['POI'],POINT(9.957572 53.569363),
Alsterpavillon,,,['POI'],POINT(9.992069 53.554103),
Alsterschlösschen Burg Hennerberg,,,['POI'],POINT(10.0873 53.65817),
Bäckerbreitergang,,,['POI'],POINT(9.982146 53.553691),
Chilehaus,,,['POI'],POINT(10.002539 53.548256),
Cityhall Hamburg,,,['POI'],POINT(9.992736 53.550386),
Cremon Historische Bauten,,,['POI'],POINT(9.98871 53.545945),
Cruise Center Altona,,,['POI'],POINT(9.940196 53.543434),
Cruise Center Baakenhöft,,,['POI'],POINT(10.005983 53.537633),
Cruise Center HafenCity,,,['POI'],POINT(9.996748 53.538753),
Cruise Center Steinwerder,,,['POI'],POINT(9.961316 53.529447),
Deichstraße,,,['POI'],POINT(9.9872 53.545895),
Estesperrwerk,,,['POI'],POINT(9.79056 53.535146),
Fernsehturm,,,['POI'],POINT(9.975936 53.563149),
Fischauktionshalle,,,['POI'],POINT(9.951648 53.544835),
Fleethof,,,['POI'],POINT(9.985726 53.549959),
Hammaburg,,,['POI'],POINT(9.998057 53.550171),
Hauptkirche St. Petri,,,['POI'],POINT(9.996881 53.55019),
Krameramtswohnungen,,,['POI'],POINT(9.980398 53.547927),
Köhlbrandbrücke,,,['POI'],POINT(9.933134 53.522086),
Reimerstwiete,,,['POI'],POINT(9.991389 53.545662),
Speicherstadt,,,['POI'],POINT(10.000529 53.546215),
Agentur für Arbeit Hamburg-Mitte,,,['POI'],POINT(10.016151 53.550288),
Bismarck-Denkmal,,,['POI'],POINT(9.972206 53.548623),
Brahms-Denkmal,,,['POI'],POINT(9.976685 53.551148),
Hans-Albers-Denkmal,,,['POI'],POINT(9.96089 53.548607),
Heidi-Kabel-Denkmal,,,['POI'],POINT(10.007196 53.554399),
St.Nikolai-Kirche Mahnmal,,,['POI'],POINT(9.990825 53.547356),
Störtebeker Denkmal,,,['POI'],POINT(9.998899 53.542994),
Agentur für Arbeit Hamburg-Nord,,,['POI'],POINT(10.012973 53.641382),
Alter Elbtunnel,,,['POI'],POINT(9.966787 53.545864),
Finkenwerder Aue-Insel,,,['POI'],POINT(9.886259 53.530863),
Hansahafen,,,['POI'],POINT(10.009276 53.523912),
Lotsenhöft,,,['POI'],POINT(9.879178 53.539891),
Rickmer Rickmers,,,['POI'],POINT(9.973003 53.544528),
Schlepperbrücke,,,['POI'],POINT(9.920366 53.543058),
St. Pauli Landungsbrücken,,,['POI'],POINT(9.967268 53.545096),
Terminal Altenwerder,,,['POI'],POINT(9.928369 53.504126),
Traditionsschiffhafen,,,['POI'],POINT(9.992567 53.542526),
Überseezentrum,,,['POI'],POINT(10.018375 53.530466),
Agentur für Arbeit Harburg,,,['POI'],POINT(9.978567 53.460712),
Alsterschiff,,,['POI'],POINT(9.994318 53.553491),
Bleichenbrücke,,,['POI'],POINT(9.988779 53.551479),
IGS Zentrum Internationale Gartenschau Hamburg 2013,,,['POI'],POINT(9.999802 53.496819),
Literaturhaus,,,['POI'],POINT(10.016636 53.568012),
Nicolaifleet und Cremon,,,['POI'],POINT(9.98848 53.545776),
Ringelnatztreppe,,,['POI'],POINT(9.890016 53.545283),
Spielbank Hamburg,,,['POI'],POINT(9.990283 53.558386),
Trostbrücke,,,['POI'],POINT(9.992154 53.548046),
Agentur für Arbeit Wandsbek,,,['POI'],POINT(10.060656 53.567567),
team.arbeit.hamburg - Job-Center Altona,,,['POI'],POINT(9.907828 53.555644),
team.arbeit.hamburg - Job-Center Barmbek,,,['POI'],POINT(10.030778 53.571647),
team.arbeit.hamburg - Job-Center Bergedorf,,,['POI'],POINT(10.208387 53.491935),
team.arbeit.hamburg - Job-Center Billstedt,,,['POI'],POINT(10.101053 53.539886),
team.arbeit.hamburg - Job-Center Bramfeld,,,['POI'],POINT(10.053515 53.589977),
Altenpflegeschule & Schule für Gesundheits-und Pflegeassistenz der Fortbildungsakademie (FAW) der Wirtschaft gGmbH,,,['POI'],POINT(10.02396 53.581248),
Altenpflegeschule Hamburg-Alstertal,,,['POI'],POINT(10.076198 53.650525),
H6 - Staatl. Handelsschule,,,['POI'],POINT(9.934273 53.546428),
Am Lämmermarkt H2 - Staatl. Handelsschule mit Wirtschaftsgymnasium,,,['POI'],POINT(10.023696 53.557817),
Anckelmannstraße H1 - Staatl. Handelsschule,,,['POI'],POINT(10.032278 53.553295),
Ausschläger Weg H12 - Staatl. Handelsschule,,,['POI'],POINT(10.034046 53.553424),
Bautechnik G19 - Staatl. Gewerbeschule,,,['POI'],POINT(10.182832 53.495156),
Bergedorf H17 - Staatl. Handelsschule,,,['POI'],POINT(10.217659 53.486881),
Berliner Tor H18 - Staatl. Handelsschule,,,['POI'],POINT(10.02366 53.555103),
Berufliche Medienschule Hamburg-Wandsbek - H8,,,['POI'],POINT(10.048023 53.572513),
Berufliche Schule Bramfelder See - H20,,,['POI'],POINT(10.057561 53.613474),
Berufliche Schule Burgstraße - W8,,,['POI'],POINT(10.039418 53.557717),
Berufliche Schule Farmsen - G16,,,['POI'],POINT(10.120312 53.614484),
Berufliche Schule Recycling- und Umwelttechnik - G8,,,['POI'],POINT(9.992354 53.583653),
Berufliche Schule Steinhauerdamm - G5,,,['POI'],POINT(10.025587 53.558034),
Berufliche Schule für Sozialpädagogik - Anna-Warburg-Schule - W3,,,['POI'],POINT(9.950652 53.61748),
Berufsförderungswerk Hamburg GmbH,,,['POI'],POINT(10.115837 53.612127),
Caritas Berufsschule für Pflege,,,['POI'],POINT(9.937827 53.572017),
"Chemie, Pharmazie, Agrarwirtschaft G13 - Staatl. Gewerbeschule",,,['POI'],POINT(10.182365 53.495718),
City Nord H7 - Staatl. Handelsschule mit Wirtschaftsgymnasium,,,['POI'],POINT(10.027809 53.608558),
Eidelstedt Berufsbildungswerk G12 - Staatl.Berufsschule,,,['POI'],POINT(9.906098 53.60035),
Energietechnik G10 - Staatl. Gewerbeschule,,,['POI'],POINT(9.934273 53.546428),
Erika Klütz Schule für Theatertanz und Tanzpädagogik,,,['POI'],POINT(9.919548 53.5617),
Ernährung und Hauswirtschaft G3 - Staatl. Gewerbeschule,,,['POI'],POINT(10.035212 53.554213),
Evangelische Berufsfachschule für Sozialpädagogische Assistenz Alsterdorf,,,['POI'],POINT(10.020137 53.613089),
Evangelische Berufsschule für Altenpflege des Rauhen Hauses,,,['POI'],POINT(10.072326 53.553356),
Evangelische Fachschule für Sozialpädagogik - Alten Eichen,,,['POI'],POINT(9.931202 53.598216),
Fachschule für Heilerziehung der Evangelischen Stiftung Alsterdorf,,,['POI'],POINT(10.020137 53.613089),
Fertigungs- und Flugzeugtechnik Ernst Mittelbach G15 - Staatl. Gewerbeschule,,,['POI'],POINT(10.035524 53.554004),
Gastronomie und Ernährung G11 - Staatl. Gewerbeschule,,,['POI'],POINT(10.027759 53.558591),
Gesundheitspflege W1 - Staatl. Schule,,,['POI'],POINT(10.000233 53.499781),
Gesundheitspflege W4 - Staatl. Schule,,,['POI'],POINT(10.003194 53.498803),
Grone Altenpflegeschule Hamburg,,,['POI'],POINT(10.022629 53.546765),
Hamburger Berufsfachschule für Kosmetik GmbH Lore Krüger,,,['POI'],POINT(9.969885 53.584314),
Handelsschule Weber,,,['POI'],POINT(9.985989 53.463939),
Handelsschule und höhere Handelsschule Brecht,,,['POI'],POINT(10.005852 53.555641),
Harburg H10 - Staatl. Handelsschule mit Wirtschaftsgymnasium,,,['POI'],POINT(9.965779 53.454508),
Haus- und Krankenhausunterricht Hamburg,,,['POI'],POINT(10.045626 53.57629),
Holstenwall H14 - Staatl. Handelsschule,,,['POI'],POINT(9.975163 53.551241),
Holzdamm H11 - Staatl. Handelsschule,,,['POI'],POINT(10.004613 53.556846),
"Holztechnik, Farbtechnik, Raumgestaltung, Textil u. Bekleidung G6 - Staatl. Gewerbeschule",,,['POI'],POINT(10.034515 53.573232),
"Informations- u. Elektrotechnik, Chemie- u. Automatisierungst. G 18 - Staatl. Gewerbeschule",,,['POI'],POINT(10.000464 53.499985),
Installationstechnik G2 - Staatl. Gewerbeschule,,,['POI'],POINT(9.974729 53.569089),
Kellinghusenstraße H13 - Staatl. Handelsschule,,,['POI'],POINT(9.991707 53.590191),
Kieler Straße H19 - Staatl. Handelsschule mit Wirtschaftsgymnasium,,,['POI'],POINT(9.945253 53.565211),
Kraftfahrzeugtechnik G9 - Staatl. Gewerbeschule,,,['POI'],POINT(10.046929 53.554507),
Lola Rogge Schule,,,['POI'],POINT(10.036127 53.563236),
Metalltechnik G17 - Staatl. Gewerbeschule mit Techn. Gymnasium,,,['POI'],POINT(10.00071 53.50019),
Schlankreye H3 - Staatl. Handelsschule mit Wirtschaftsgymnasium,,,['POI'],POINT(9.970753 53.572788),
School of Life Science (Berufsfachschule für biologisch technische Assistenz),,,['POI'],POINT(9.932284 53.598639),
Schule für Gesundheitsberufe (SfG) im HSB e.V.,,,['POI'],POINT(10.021945 53.614745),
Schulungszentrum für Altenpflege,,,['POI'],POINT(10.073062 53.574654),
Sozialpädagogik Harburg W5 - Staatl. Schule,,,['POI'],POINT(9.963918 53.465404),
Sozialpädagogik-Altona FSP II - Staatl. Fachschule,,,['POI'],POINT(9.944908 53.556489),
Sozialpädagogik-Wagnerstraße FSP I - Staatl. Fachschule,,,['POI'],POINT(10.038982 53.571334),
St. Pauli - Staatliche Handelsschule mit Wirtschaftsgymnasium,,,['POI'],POINT(9.964591 53.555406),
Staatl. anerkannte Berufsfachschule f. med. Kosmetik Pieper,,,['POI'],POINT(9.817277 53.56442),
Staatliche Fremdsprachenschule H15,,,['POI'],POINT(9.993361 53.573806),
Stahl- und Maschinenbau G1 - Staatl. Gewerbeschule,,,['POI'],POINT(10.032512 53.557957),
Stahl- und Metallbau (Berufsschule),,,['POI'],POINT(10.032512 53.557957),
Technische Fachschule Heinze für technisches Zeichnen und Bauzeichnen,,,['POI'],POINT(10.023577 53.602852),
Uferstraße - W2 - Berufliche Schule,,,['POI'],POINT(10.039169 53.570973),
"Verkehrstechnik, Arbeitstechnik, Ernährung G20 - Staal. Gewerbeschule",,,['POI'],POINT(10.182715 53.495301),
Weidenstieg H5 - Staatl. Handelsschule mit Wirtschaftsgymnasium,,,['POI'],POINT(9.962795 53.570013),
Wendenstraße H9 - Staatl. Handelsschule mit Wirtschaftsgymnasium,,,['POI'],POINT(10.033714 53.549078),
Werft und Hafen G7 - Staatl. Gewerbeschule,,,['POI'],POINT(9.964056 53.552481),
Werft- und Hafen (Berufsschule),,,['POI'],POINT(9.964056 53.552481),
team.arbeit.hamburg - Job-Center Eimsbüttel,,,['POI'],POINT(9.964897 53.584759),
team.arbeit.hamburg - Job-Center Harburg,,,['POI'],POINT(9.98064 53.465735),
team.arbeit.hamburg - Job-Center Lokstedt,,,['POI'],POINT(9.947542 53.595338),
team.arbeit.hamburg - Job-Center Mitte,,,['POI'],POINT(10.016046 53.550325),
team.arbeit.hamburg - Job-Center Mümmelmannsberg,,,['POI'],POINT(10.148596 53.528602),
team.arbeit.hamburg - Job-Center Nord,,,['POI'],POINT(10.011653 53.648797),
team.arbeit.hamburg - Job-Center Osdorf,,,['POI'],POINT(9.8502 53.587211),
team.arbeit.hamburg - Job-Center Rahlstedt,,,['POI'],POINT(10.182973 53.634826),
team.arbeit.hamburg - Job-Center St.Pauli,,,['POI'],POINT(9.961241 53.551417),
team.arbeit.hamburg - Job-Center Süderelbe,,,['POI'],POINT(9.85293 53.469349),
Anglo-English School,,,['POI'],POINT(9.992811 53.549047),
UNESCO-Institut für Lebenslanges Lernen,,,['POI'],POINT(9.99088 53.568435),
team.arbeit.hamburg - Job-Center Wandsbek,,,['POI'],POINT(10.099698 53.588806),
team.arbeit.hamburg - Job-Center Wilhelmsburg,,,['POI'],POINT(9.99687 53.499036),
team.arbeit.hamburg - Job-Center für Personen ohne festen Wohnsitz und Haftentlassene,,,['POI'],POINT(9.998605 53.548442),
team.arbeit.hamburg - Job-Center für schwerbehinderte Menschen,,,['POI'],POINT(9.949523 53.562445),
team.arbeit.hamburg - Zentrale,,,['POI'],POINT(10.000995 53.553822),
FH Hamburg,,,['POI'],POINT(10.022935 53.573835),
FHS für Architektur,,,['POI'],POINT(10.025633 53.605441),
FHS für Bauingenieurwesen,,,['POI'],POINT(10.025633 53.605441),
FHS für Bibliotekswesen,,,['POI'],POINT(9.984018 53.569355),
FHS für Bio-Ingenieurswesen,,,['POI'],POINT(10.198885 53.496425),
FHS für Chemie-Ingenieurswesen,,,['POI'],POINT(10.022302 53.555726),
FHS für Elektrotechnik,,,['POI'],POINT(10.020896 53.556843),
FHS für Ernährung,,,['POI'],POINT(10.198734 53.496381),
FHS für Fahrzeugtechnik,,,['POI'],POINT(10.021192 53.556625),
FHS für Gestaltung,,,['POI'],POINT(10.020421 53.565321),
FHS für Hauswirtschaft,,,['POI'],POINT(10.198688 53.496364),
FHS für Maschinenbau,,,['POI'],POINT(10.022302 53.555726),
FHS für Produktionstechnik,,,['POI'],POINT(10.198489 53.496258),
FHS für Schiffsbetriebstechnik,,,['POI'],POINT(10.017638 53.556287),
FHS für Seefahrt,,,['POI'],POINT(9.931215 53.54594),
FHS für Sozialpädagogik,,,['POI'],POINT(10.032665 53.592711),
FHS für Verfahrenstechnik,,,['POI'],POINT(10.198764 53.496408),
FHS für Vermessungswesen,,,['POI'],POINT(10.025633 53.605441),
Hochschule für Angewandte Wissenschaften Hamburg (HAW),,,['POI'],POINT(10.023088 53.557031),
Präsidialverwaltung,,,['POI'],POINT(10.022935 53.573835),
Studentensekretariat,,,['POI'],POINT(10.022997 53.57388),
Akademie JAK Modedesign,,,['POI'],POINT(10.029866 53.563964),
Der Behindertenbeauftragte der Universität Hamburg,,,['POI'],POINT(9.977139 53.569519),
Evangelische Hochschule für Soziale Arbeit & Diakonie,,,['POI'],POINT(10.06707 53.554966),
Führungsakademie,,,['POI'],POINT(9.830515 53.560654),
HFH Hamburger Fern-Hochschule,,,['POI'],POINT(10.054746 53.582418),
HafenCity Universität,,,['POI'],POINT(10.004921 53.540571),
Helmut-Schmidt-Universität - Universität der Bundeswehr,,,['POI'],POINT(10.106213 53.569392),
Hochschule für Bildende Künste,,,['POI'],POINT(10.029941 53.567674),
Hochschule für Musik,,,['POI'],POINT(9.999872 53.572098),
Hochschule für Musik und Theater,,,['POI'],POINT(9.998779 53.570544),
Hochschule für Politik,,,['POI'],POINT(9.984845 53.565295),
Hochschule für Wirtschaft,,,['POI'],POINT(9.98462 53.56536),
Hochschule für darstellende Kunst,,,['POI'],POINT(9.999872 53.572098),
Kunst- und Mediencampus Hamburg,,,['POI'],POINT(10.03296 53.568888),
Missionsakademie an der Universität Hamburg,,,['POI'],POINT(9.838284 53.556646),
Staats- und Universitätsbibliothek Hamburg -Bibliotheksauskunft-,,,['POI'],POINT(9.985641 53.566448),
Sternwarte Bergedorf der Uni Hamburg,,,['POI'],POINT(10.239206 53.479713),
Studentenwerk Hamburg / Amt für Ausbildungsförderung,,,['POI'],POINT(9.985641 53.566448),
Technische Universität Hamburg,,,['POI'],POINT(9.970099 53.463737),
Technische Universität Hamburg-Harburg,,,['POI'],POINT(9.969672 53.459526),
Uni Hamburg - Absolventenservice,,,['POI'],POINT(9.989541 53.565391),
Uni Hamburg - Akademisches Auslandsamt,,,['POI'],POINT(9.989089 53.573186),
Uni Hamburg - Behindertenbeauftragter,,,['POI'],POINT(9.99325 53.560068),
Uni Hamburg - Bibliotheken,,,['POI'],POINT(9.985613 53.565226),
Uni Hamburg - Career Center,,,['POI'],POINT(9.97665 53.569927),
Uni Hamburg - Druckerei,,,['POI'],POINT(9.982449 53.567427),
Uni Hamburg - Eingang Edmund-Siemers-Allee,,,['POI'],POINT(9.985715 53.56377),
Uni Hamburg - Eingang Martinistr.,,,['POI'],POINT(9.976203 53.589178),
Uni Hamburg - Hochschulsport,,,['POI'],POINT(9.990784 53.57079),
Uni Hamburg - Marketing GmbH,,,['POI'],POINT(9.990705 53.564807),
Uni Hamburg - Pressestelle,,,['POI'],POINT(9.988047 53.562798),
Uni Hamburg - Uni-Shop,,,['POI'],POINT(9.983576 53.565261),
Öffentliche Verwaltung der Uni,,,['POI'],POINT(9.951189 53.580187),
Abendschule St.Georg,,,['POI'],POINT(10.017123 53.558115),
Abendschule Vor dem Holstentor,,,['POI'],POINT(9.977055 53.558027),
Privates Abendgymnasium Brecht,,,['POI'],POINT(10.005704 53.555768),
Akademie für Gestaltung,,,['POI'],POINT(10.001053 53.551791),
Brecht-Realschule - Grund-/Haupt- und Realschule,,,['POI'],POINT(10.00563 53.555841),
Bugenhagen-Schule - Sonderschule,,,['POI'],POINT(10.02667 53.617023),
Christophorus-Schule,,,['POI'],POINT(10.136 53.674763),
Domschule St. Marien - Grund- und Stadtteilschule mit Vorschulklasse,,,['POI'],POINT(10.014208 53.558005),
Friedrich-Robbe-Institut e.V.,,,['POI'],POINT(10.063694 53.569553),
Griechisches Lyzeum,,,['POI'],POINT(10.048702 53.599319),
Hermanneum Studienschule,,,['POI'],POINT(9.852776 53.562204),
Höhere Handelschule St. Georg,,,['POI'],POINT(10.016977 53.557667),
Jenisch-Gymnasium,,,['POI'],POINT(9.854379 53.562328),
Skandinavische Schule in Hamburg,,,['POI'],POINT(9.98153 53.579214),
Stadtteilschule St.Georg,,,['POI'],POINT(10.017007 53.557676),
"Wichern-Schule - Grund- und Stadtteilschule, Gymnasium",,,['POI'],POINT(10.069458 53.555089),
Deutsch als Fremdsprache,,,['POI'],POINT(10.013408 53.559881),
"Hamburger Volkshochschule, Deutsch als Fremdsprache",,,['POI'],POINT(10.013515 53.559952),
"Hamburger Volkshochschule, Projekt Schulabschlüsse in Bahrenfeld",,,['POI'],POINT(9.872798 53.564863),
"Hamburger Volkshochschule, Stadtbereich Bergedorf/Billstedt",,,['POI'],POINT(10.208106 53.497949),
"Hamburger Volkshochschule, Stadtbereich Harburg/Finkenwerder",,,['POI'],POINT(9.985409 53.457744),
"Hamburger Volkshochschule, Stadtbereich Mitte",,,['POI'],POINT(9.965363 53.562804),
"Hamburger Volkshochschule, Stadtbereich Nord",,,['POI'],POINT(10.038072 53.587803),
"Hamburger Volkshochschule, Stadtbereich Ost",,,['POI'],POINT(10.120172 53.606929),
"Hamburger Volkshochschule, Stadtbereich West",,,['POI'],POINT(9.881591 53.559479),
VHS Bereich Ost,,,['POI'],POINT(10.120172 53.606929),
VHS Bereich West,,,['POI'],POINT(9.881591 53.559479),
VHS Bergedorf,,,['POI'],POINT(10.207551 53.497514),
VHS Billstedt,,,['POI'],POINT(10.105812 53.53844),
VHS Harburg/Finkenwerder,,,['POI'],POINT(9.983997 53.45657),
VHS Mitte,,,['POI'],POINT(9.965345 53.562696),
VHS Nord,,,['POI'],POINT(10.039245 53.587568),
Volkshochschule - Zentrale,,,['POI'],POINT(9.965363 53.562804),
Bernhard-Nocht-Institut - Tropenmedizin,,,['POI'],POINT(9.965147 53.546704),
Biozentrum Klein Flottbek - Pflanzenkrankheiten,,,['POI'],POINT(9.859803 53.559665),
Biozentrum Klein Flottbek - Pilzberatung,,,['POI'],POINT(9.859803 53.559665),
Biozentrum Klein Flottbek - allgemeine Pflanzenberatung,,,['POI'],POINT(9.859803 53.559665),
Biozentrum Klein Flottbek - gärtnerische Beratung,,,['POI'],POINT(9.859803 53.559665),
DESY,,,['POI'],POINT(9.880298 53.574953),
Hamburger Institut für Sozialforschung,,,['POI'],POINT(9.994827 53.5694),
"Heinrich-Pette-Institut, Leibniz-Institut für Experimentelle Virologie",,,['POI'],POINT(9.973401 53.593415),
Institut für Bildungsmonitoring und Qualitätsentwicklung,,,['POI'],POINT(10.043264 53.553343),
Institut für Hormon- und Fortpflanzungsforschung - IHF -,,,['POI'],POINT(9.96138 53.592146),
Institut für Kontaktstudien,,,['POI'],POINT(10.020749 53.557015),
Landeszentrale für politische Bildung,,,['POI'],POINT(9.988608 53.557088),
Observ. Geophysik Institut,,,['POI'],POINT(9.923289 53.464575),
UNESCO-Institut für Pädagogik,,,['POI'],POINT(9.991068 53.570015),
ZBW - Deutsche Zentralbibliothek für Wirtschaftswissenschaften Leibniz-Informationszentrum Wirtschaft,,,['POI'],POINT(9.992743 53.557098),
Adolph-Diesterweg-Schule,,,['POI'],POINT(10.148213 53.48658),
Adolph-Schönfelder-Schule - Grundschule mit Vorschulklasse,,,['POI'],POINT(10.047214 53.577624),
Ahrensburger Weg - Grundschule mit Vorschulklasse,,,['POI'],POINT(10.174167 53.653629),
Albert-Schweitzer-Gymnasium,,,['POI'],POINT(10.031287 53.627244),
Albert-Schweitzer-Schule - Gesamtschule mit Vorschulklasse,,,['POI'],POINT(10.047335 53.632577),
Albrecht-Thaer-Gymnasium,,,['POI'],POINT(9.92597 53.600009),
Alexander-von-Humboldt-Gymnasium,,,['POI'],POINT(9.993337 53.438782),
Allee - Gymnasium,,,['POI'],POINT(9.940237 53.554091),
Allermöhe - Gymnasium,,,['POI'],POINT(10.155617 53.485188),
Allermöhe - Haupt- und Realschule,,,['POI'],POINT(10.15267 53.485378),
Alsterdorfer Straße - Grundschule mit Vorschulklasse,,,['POI'],POINT(9.997298 53.596767),
Alsterredder - Grundschule mit Vorschulklasse,,,['POI'],POINT(10.099568 53.658768),
Alsterring Gymnasium,,,['POI'],POINT(10.0489 53.596945),
Alstertal - Gymnasium,,,['POI'],POINT(10.019108 53.632443),
Altengamme-Deich - Grundschule mit Vorschulklasse,,,['POI'],POINT(10.269425 53.428842),
- Gymnasium,,,['POI'],POINT(9.916465 53.551705),
Am See - kooperative Gesamtschule mit Vorschulklasse,,,['POI'],POINT(10.06344 53.617124),
Am Sooren - Grundschule mit Vorschulklasse,,,['POI'],POINT(10.181899 53.59318),
Am Walde - Grund-/Haupt- und Realschule mit Vorschulklasse,,,['POI'],POINT(10.136329 53.698211),
An den Teichwiesen - Grundschule mit Vorschulklasse,,,['POI'],POINT(10.148899 53.6494),
An der Burgweide - Grundschule mit Vorschulklasse,,,['POI'],POINT(10.024358 53.487167),
An der Gartenstadt - Grund-/Haupt- und Realschule mit Vorschulklasse,,,['POI'],POINT(10.084312 53.588947),
An der Glinder Au - Grund-/Haupt- und Realschule mit Vorschulklasse,,,['POI'],POINT(10.133347 53.534166),
An der Isebek - Grundschule mit Vorschulklasse,,,['POI'],POINT(9.968517 53.575331),
An der Osterkirche - Evangelische Grundschule - Ottensen,,,['POI'],POINT(9.932386 53.555257),
An der Seebek - Grund-/Haupt- und Realschule mit Vorschulklasse,,,['POI'],POINT(10.066442 53.605524),
An der Twiete - Förderschule,,,['POI'],POINT(10.203266 53.502653),
Anna-Siemsen-Schule,,,['POI'],POINT(9.974106 53.549237),
Anna-Susanna-Stieg - Grundschule mit Vorschulklasse,,,['POI'],POINT(9.918438 53.642711),
Anne-Frank-Schule - Förderschule,,,['POI'],POINT(10.090583 53.623061),
Anton-Rée-Schule Allermöhe - Grundschule mit Vorschulklasse,,,['POI'],POINT(10.173767 53.481758),
Appelhoff - Grundschule mit Vorschulklasse,,,['POI'],POINT(10.058584 53.607876),
Arbeitsgruppe für Haus- und Krankenhausunterricht,,,['POI'],POINT(10.018073 53.58571),
Arp-Schnitger-Stieg - Grundschule mit Vorschulklasse,,,['POI'],POINT(9.809964 53.515042),
Astrid-Lindgren-Schule - Förderschule,,,['POI'],POINT(9.96779 53.571931),
Aueschule Finkenwerder - Grundschule mit Vorschulklasse,,,['POI'],POINT(9.878609 53.532824),
August-Hermann-Francke-Schule - kooperative Gesamtschule,,,['POI'],POINT(10.118142 53.651857),
Bildungszentrum für Blinde und Sehbehinderte,,,['POI'],POINT(10.01572 53.590843),
Billwerder Straße - Sonderschule,,,['POI'],POINT(10.193758 53.492522),
Bindfeldweg - Förderschule,,,['POI'],POINT(9.946666 53.623694),
Bindfeldweg - Grundschule mit Vorschulklasse,,,['POI'],POINT(9.946312 53.622726),
Blankenese - Gymnasium,,,['POI'],POINT(9.807116 53.562656),
Blankenese - Stadtteilschule mit Vorschulklasse,,,['POI'],POINT(9.822849 53.563789),
Bondenwald - Gymnasium,,,['POI'],POINT(9.94006 53.621617),
Bonhoefferstraße - Grundschule mit Vorschulklasse,,,['POI'],POINT(10.137335 53.545072),
Bornbrook - Gymnasium,,,['POI'],POINT(10.19443 53.507863),
Bovestraße - Grundschule mit Vorschulklasse,,,['POI'],POINT(10.081276 53.571776),
Bramfelder Dorfplatz - Stadtteilschule mit Vorschulklasse,,,['POI'],POINT(10.076941 53.613813),
Brüder-Grimm-Schule,,,['POI'],POINT(10.10659 53.551453),
Buckhorn - Grundschule mit Vorschulklasse,,,['POI'],POINT(10.148648 53.664641),
Buckhorn - Gymnasium,,,['POI'],POINT(10.153091 53.665003),
Bugenhagen-Schule - Grund- und Gesamtschule mit Vorschulklasse,,,['POI'],POINT(10.02667 53.617023),
Böttcherkamp - Sonderschule,,,['POI'],POINT(9.865823 53.59134),
Carl-Cohn-Straße - Grundschule mit Vorschulklasse,,,['POI'],POINT(10.01254 53.600601),
Carl-Götze-Schule - Grundschule mit Vorschulklasse,,,['POI'],POINT(9.977913 53.606963),
Carl-von-Ossietzky-Gymnasium,,,['POI'],POINT(10.067739 53.655102),
Charlotte-Paulsen-Gymnasium,,,['POI'],POINT(10.079829 53.573047),
Christian-Morgenstern-Schule,,,['POI'],POINT(9.957636 53.566146),
Christianeum,,,['POI'],POINT(9.87446 53.558364),
Christophorus-Schule - Sonderschule,,,['POI'],POINT(10.136 53.674763),
Clara-Grunwald-Schule - Grundschule mit Vorschulklasse,,,['POI'],POINT(10.160813 53.486764),
Corveystraße - Gymnasium,,,['POI'],POINT(9.969013 53.597673),
Dempwolffstraße - Grundschule mit Vorschulklasse,,,['POI'],POINT(9.965369 53.45833),
Duvenstedter Markt - Grundschule mit Vorschulklasse,,,['POI'],POINT(10.108195 53.703318),
Döhrnstraße - Grundschule mit Vorschulklasse,,,['POI'],POINT(9.954918 53.596915),
Dörpsweg - Gymnasium,,,['POI'],POINT(9.911365 53.607822),
Eduardstraße - Grundschule mit Vorschulklasse,,,['POI'],POINT(9.947653 53.571967),
Eenstock - Grundschule mit Vorschulklasse,,,['POI'],POINT(10.094507 53.605324),
Ehestorfer Weg - Stadtteilschule mit Vorschulklasse,,,['POI'],POINT(9.952836 53.455358),
Eidelstedt - Stadtteilschule mit Vorschulklasse,,,['POI'],POINT(9.888951 53.613211),
"Eimsbüttler Modell, Oberstufenhaus",,,['POI'],POINT(9.970766 53.575339),
Elbinselschule - Grundschule mit Vorschulklasse,,,['POI'],POINT(10.010078 53.501216),
Elbkinder Grundschule,,,['POI'],POINT(9.829301 53.56644),
Elbschule - Bildungszentrum Hören und Kommunikation,,,['POI'],POINT(9.898804 53.55281),
Elfenwiese - Sonderschule,,,['POI'],POINT(9.970489 53.43994),
Emil-Krause-Gymnasium,,,['POI'],POINT(10.057886 53.579363),
Emilie-Wüstenfeld-Gymnasium,,,['POI'],POINT(9.9715 53.57111),
Eppendorf - Gymnasium,,,['POI'],POINT(9.98468 53.58484),
Erich-Kästner-Grund- und Stadtteilschule mit Vorschulklasse,,,['POI'],POINT(10.120012 53.614011),
Eschenweg - Sprachheilschule,,,['POI'],POINT(10.01629 53.625917),
Eulenkrugstraße - Grundschule mit Vorschulklasse,,,['POI'],POINT(10.184201 53.64574),
Fahrenkrön - Grundschule mit Vorschulklasse,,,['POI'],POINT(10.097014 53.616344),
Farmsen - Gymnasium,,,['POI'],POINT(10.108845 53.611132),
Finkenwerder - Gymnasium,,,['POI'],POINT(9.876529 53.532174),
Finkenwerder - Stadtteilschule,,,['POI'],POINT(9.876529 53.532174),
- Stadtteilschule,,,['POI'],POINT(9.835611 53.473865),
Forsmannstraße - Primarschule mit Vorschulklasse,,,['POI'],POINT(10.014219 53.583686),
Fraenkelstraße - Stadtteilschule mit Vorschulklasse,,,['POI'],POINT(10.03752 53.599165),
Franz-von-Assisi-Schule - Haupt- und Realschule,,,['POI'],POINT(10.055298 53.585765),
Franzosenkoppel - Grundschule mit Vorschulklasse,,,['POI'],POINT(9.871653 53.607471),
Freie Schule Hamburg e.V. - Hauptschule,,,['POI'],POINT(9.985553 53.511386),
Fridtjof-Nansen-Schule - Grundschule mit Vorschulklasse,,,['POI'],POINT(9.869609 53.59992),
Frieda-Stoppenbrink-Schule - Sonderschule,,,['POI'],POINT(9.863485 53.47665),
Friedrich-Ebert-Gymnasium,,,['POI'],POINT(9.963019 53.465618),
Friedrich-Frank-Bogen - Grundschule mit Vorschulklasse,,,['POI'],POINT(10.17824 53.492056),
Friedrich-Robbe-Institut - Sonderschule,,,['POI'],POINT(10.063937 53.569596),
Fritz-Köhne-Schule - Grundschule mit Vorschulklasse,,,['POI'],POINT(10.039115 53.536128),
Fritz-Schumacher-Schule - Stadtteilschule,,,['POI'],POINT(10.022929 53.657902),
Frohmestraße - Grundschule mit Vorschulklasse,,,['POI'],POINT(9.920858 53.633051),
Fuchsbergredder - Grundschule mit Vorschulklasse,,,['POI'],POINT(10.121721 53.562176),
Furtweg - Grundschule mit Vorschulklasse,,,['POI'],POINT(9.900411 53.604966),
Fünfhausen-Warwisch,,,['POI'],POINT(10.134347 53.44855),
"GBS ""Global Kids"" Schule Potsdamer Straße",,,['POI'],POINT(10.150763 53.584004),
"GBS ""Radau"" Schule ""Am Soren""",,,['POI'],POINT(10.181099 53.592649),
"GBS ""Schülernest"" Schuel Hasenweg",,,['POI'],POINT(10.119565 53.638222),
"GBS Schule ""Nydamer Weg""",,,['POI'],POINT(10.155125 53.617684),
"GBS Schule ""Ochsenwerder""",,,['POI'],POINT(10.073629 53.471926),
"GBS Schule ""Sachsenweg""",,,['POI'],POINT(9.959821 53.641263),
"GBS Schule ""Tonndorf""",,,['POI'],POINT(10.130729 53.586989),
"GBS Schule ""Wesperloh""",,,['POI'],POINT(9.862486 53.575792),
"GBS Schule ""Windmühlenweg""",,,['POI'],POINT(9.871776 53.567288),
Ganztagsgrundschule Am Eichtalpark,,,['POI'],POINT(10.095326 53.582674),
Ganztagsgrundschule Arnkielstraße mit Vorschulklasse,,,['POI'],POINT(9.952686 53.564181),
Ganztagsschule Bernstorffstraße - Sprachheilschule,,,['POI'],POINT(9.959208 53.558954),
Ganztagsschule Carsten-Rehder-Straße - Sonderschule,,,['POI'],POINT(9.94911 53.545368),
Ganztagsschule Ernst-Henning-Straße - Grundschule mit Vorschulklasse,,,['POI'],POINT(10.226938 53.484189),
Ganztagsschule Fährstraße - Grundschule mit Vorschulklasse,,,['POI'],POINT(9.981681 53.516693),
Gelehrtenschule des Johanneums,,,['POI'],POINT(10.005444 53.589951),
Genslerstraße - Grundschule mit Vorschulklasse,,,['POI'],POINT(10.039452 53.592939),
Gesamtschule Alter Teichweg - Grund- und Stadtteilschule,,,['POI'],POINT(10.06999 53.587521),
Geschwister-Scholl-Stadtteilschule,,,['POI'],POINT(9.856422 53.592459),
Goethe-Gymnasium,,,['POI'],POINT(9.891749 53.598274),
Goosacker - Stadtteilschule mit Vorschulklasse,,,['POI'],POINT(9.84858 53.571956),
Gorch-Fock-Schule - Grundschule mit Vorschulklasse,,,['POI'],POINT(9.802397 53.564476),
Gretel-Bergmann-Schule - Stadtteilschule Allermöhe,,,['POI'],POINT(10.166002 53.487019),
Griesstraße - Stadtteilschule mit Vorschulklasse,,,['POI'],POINT(10.061227 53.564462),
Grootmoor - Gymnasium,,,['POI'],POINT(10.097444 53.630025),
Groß Flottbek - Grundschule mit Vorschulklasse,,,['POI'],POINT(9.893901 53.566441),
Großlohering - Grundschule mit Vorschulklasse,,,['POI'],POINT(10.178937 53.600721),
Grumbrechtstraße - Grundschule mit Vorschulklasse,,,['POI'],POINT(9.956588 53.46824),
Grund- und Stadtteilschule Eppendorf - mit Vorschulklasse,,,['POI'],POINT(9.974337 53.586821),
Grund- und Stadtteilschule Maretstraße - mit Vorschulklasse,,,['POI'],POINT(9.982597 53.455934),
Grundschule Archenholzstraße,,,['POI'],POINT(10.119258 53.543787),
Grundschule Brehmweg mit Vorschulklasse,,,['POI'],POINT(9.941104 53.584301),
Grundschule Curslack-Neuengamme,,,['POI'],POINT(10.219514 53.448609),
Grundschule Edwin-Scharff-Ring - mit Vorschulklasse,,,['POI'],POINT(10.047757 53.61542),
Grundschule Hegholt - mit Vorschulklasse,,,['POI'],POINT(10.081152 53.605329),
Grundschule Rotenhäuser Damm,,,['POI'],POINT(9.990788 53.511541),
Grundschule am Kiefernberg,,,['POI'],POINT(9.95675 53.460709),
Grundschule beim Pachthof - Grundschule mit Vorschulklasse,,,['POI'],POINT(10.08327 53.551146),
Grützmühlenweg - Grundschule mit Vorschulklasse,,,['POI'],POINT(10.040541 53.645827),
Gymnasium Langenhorn,,,['POI'],POINT(9.996735 53.652364),
Gymnasium Oberalster,,,['POI'],POINT(10.10082 53.658639),
Gyula Trebitsch Stadtteilschule Tonndorf,,,['POI'],POINT(10.122673 53.594685),
Hamm - Gymnasium,,,['POI'],POINT(10.046991 53.554569),
Hanhoopsfeld - Stadtteilschule,,,['POI'],POINT(9.98993 53.438531),
Hansa-Gymnasium Bergedorf,,,['POI'],POINT(10.22107 53.49336),
Hansa-Kolleg Gymnasium,,,['POI'],POINT(10.045475 53.576291),
Harburg - Stadtteilschule mit Vorschulklasse,,,['POI'],POINT(9.973369 53.459909),
Hasselbrook - Grundschule mit Vorschulklasse,,,['POI'],POINT(10.045059 53.564964),
Haus des Lernens - Stadtteilschule,,,['POI'],POINT(10.125538 53.629153),
Hausbruch - Grundschule mit Vorschulklasse,,,['POI'],POINT(9.894057 53.474376),
Hauskoppelstieg - Sonderschule,,,['POI'],POINT(10.103752 53.541577),
Heidacker - Grundschule mit Vorschulklasse,,,['POI'],POINT(9.89063 53.619021),
Heidberg - Gymnasium,,,['POI'],POINT(10.030831 53.67053),
Heidhorst - Grundschule mit Vorschulklasse,,,['POI'],POINT(10.169524 53.516421),
Heidstücken - Sonderschule,,,['POI'],POINT(10.091662 53.615701),
Heilwig-Gymnasium,,,['POI'],POINT(9.998458 53.604952),
Heinrich-Heine-Gymnasium,,,['POI'],POINT(10.073679 53.665041),
Heinrich-Hertz-Schule - Stadtteilschule,,,['POI'],POINT(10.011085 53.593443),
Heinrich-Wolgast-Schule - Grundschule mit Vorschulklasse,,,['POI'],POINT(10.012048 53.556002),
Heisenberg-Gymnasium,,,['POI'],POINT(9.946751 53.456592),
Helene-Lange-Gymnasium,,,['POI'],POINT(9.973826 53.573796),
Helmut-Schmidt-Gymnasium,,,['POI'],POINT(10.013348 53.499949),
Hermannstal - Haupt-und Realschule mit Vorschulklasse,,,['POI'],POINT(10.095336 53.550973),
Hinsbleek - Grundschule mit Vorschulklasse,,,['POI'],POINT(10.0735 53.650262),
Hinter der Lieth - Grundschule mit Vorschulklasse,,,['POI'],POINT(9.944842 53.603599),
Hirtenweg - Sonderschule,,,['POI'],POINT(9.899152 53.552124),
Hochallee - Katholische Grundschule,,,['POI'],POINT(9.985776 53.573509),
Hochrad - Gymnasium,,,['POI'],POINT(9.876581 53.553658),
Hohe Landwehr - Grundschule mit Vorschulklasse,,,['POI'],POINT(10.041119 53.557558),
- Grundschule mit Vorschulklasse,,,['POI'],POINT(9.96799 53.581337),
Horn - Stadtteilschule mit Vorschulklasse,,,['POI'],POINT(10.07265 53.556624),
Humboldtstraße - Grundschule mit Vorschulklasse,,,['POI'],POINT(10.026598 53.572977),
Hummelsbüttel - Gymnasium,,,['POI'],POINT(10.041424 53.647266),
Ida-Ehre-Stadtteilschule,,,['POI'],POINT(9.974645 53.574616),
Immanuel-Kant-Gymnasium,,,['POI'],POINT(9.966542 53.432451),
In der Alten Forst - Grundschule mit Vorschulklasse,,,['POI'],POINT(9.935325 53.449063),
Inselschule Neuwerk - Grund-/Haupt- und Realschule mit Vorschulklasse,,,['POI'],POINT(8.490128 53.919344),
Internationale Schule - Gesamtschule mit Vorschulklasse,,,['POI'],POINT(9.860504 53.565195),
Irena-Sendler-Stadtteilschule,,,['POI'],POINT(10.103507 53.639925),
Iserbarg - Grundschule mit Vorschulklasse,,,['POI'],POINT(9.76068 53.57457),
Iserbrook - Grundschule mit Vorschulklasse,,,['POI'],POINT(9.812332 53.580439),
Jenfelder Straße - Grundschule mit Vorschulklasse,,,['POI'],POINT(10.133525 53.575246),
Johannes-Brahms-Gymnasium,,,['POI'],POINT(10.082853 53.612771),
Joseph-Carlebach-Schule - Grundschule mit Vorschulklasse,,,['POI'],POINT(9.983907 53.568439),
Jugendmusikschule,,,['POI'],POINT(9.993695 53.571943),
Julius-Leber-Schule - Stadtteilschule,,,['POI'],POINT(9.903623 53.625914),
Kaiser-Friedrich-Ufer - Gymnasium,,,['POI'],POINT(9.966545 53.573604),
Kamminer Straße - Grundschule mit Vorschulklasse,,,['POI'],POINT(10.140842 53.618199),
Kapellenweg - Grundschule mit Vorschulklasse,,,['POI'],POINT(9.987655 53.444894),
Karl-Arnold-Ring - Sonderschule,,,['POI'],POINT(10.024499 53.486789),
- Grundschule mit Vorschulklasse,,,['POI'],POINT(10.117176 53.627345),
Katharina-von-Siena-Schule - Grundschule mit Vorschulklasse,,,['POI'],POINT(10.015734 53.651844),
Katharinenschule in der Hafencity - Grundschule mit Vorschulklasse,,,['POI'],POINT(9.994725 53.541915),
Katholische Bonifatiusschule - Grund- und Stadtteilschule mit Vorschulklasse,,,['POI'],POINT(9.987145 53.505299),
Katholische Schule Altona - Grundschule mit Vorschule und Stadtteilschule,,,['POI'],POINT(9.956234 53.559571),
Katholische Schule Am Weiher - St. Bonifatius Grundschule mit Vorschulklasse,,,['POI'],POINT(9.957585 53.577953),
Katholische Schule Bergedorf - Grundschule mit Vorschulklasse,,,['POI'],POINT(10.215352 53.491523),
Katholische Schule Blankenese - Grundschule mit Vorschulklasse,,,['POI'],POINT(9.822 53.562797),
Katholische Schule Farmsen - Grundschule mit Vorschulklasse,,,['POI'],POINT(10.121813 53.606716),
Katholische Schule Hammer Kirche - Grundschule mit Vorschulklasse und Stadtteilschule,,,['POI'],POINT(10.054868 53.556378),
Katholische Schule Harburg - Grundschule mit Vorschulklasse und Stadtteilschule,,,['POI'],POINT(9.970014 53.458032),
Katholische Schule Neugraben - Grundschule mit Vorschulklasse und Stadtteilschule,,,['POI'],POINT(9.845544 53.472016),
Katholische Schule St. Antonius - Grundschule mit Vorschulklasse,,,['POI'],POINT(9.996556 53.598588),
Katholische Schule St. Joseph - Wandsbek - Grundschule mit Vorschulklasse,,,['POI'],POINT(10.076244 53.573951),
Katholische Schule St. Marien - Eulenstraße - Grundschule mit Vorschulklasse,,,['POI'],POINT(9.924202 53.550891),
Katholische Schule St. Paulus - Grundschule mit Vorschulklasse und Stadtteilschule,,,['POI'],POINT(10.107739 53.54057),
Katholische Sophienschule - Grundschule mit Vorschulklasse,,,['POI'],POINT(10.034681 53.578173),
Kerschensteinerstraße - Grundschule mit Vorschulklasse,,,['POI'],POINT(9.973288 53.461617),
Kielkamp - Sonderschule,,,['POI'],POINT(9.90021 53.572828),
Kielkoppelstraße - Stadtteilschule,,,['POI'],POINT(10.167971 53.589255),
Kielortallee - Grundschule mit Vorschulklasse,,,['POI'],POINT(9.973935 53.571998),
Kirchdorf - Stadtteilschule,,,['POI'],POINT(10.014935 53.492549),
Kirchwerder - Grund- und Stadtteilschule,,,['POI'],POINT(10.202455 53.420208),
Klein Flottbeker Weg - Grundschule mit Vorschulklasse,,,['POI'],POINT(9.881699 53.553045),
Klosterschule - Gymnasium,,,['POI'],POINT(10.023506 53.555581),
Knauerstraße - Grundschule mit Vorschulklasse,,,['POI'],POINT(9.99002 53.590403),
Kroonhorst - Grundschule mit Vorschulklasse,,,['POI'],POINT(9.847343 53.588606),
Kurt-Juster-Schule - Sonderschule,,,['POI'],POINT(10.021198 53.613826),
Kurt-Körber-Gymnasium,,,['POI'],POINT(10.12011 53.540625),
Kurt-Tucholsky-Gymnasium,,,['POI'],POINT(9.949074 53.565989),
Königstraße - Grund-/Haupt-und Realschule mit Vorschulklasse,,,['POI'],POINT(9.946401 53.547671),
Landesbetrieb Hamburger Volkshochschule Zentrale,,,['POI'],POINT(9.965363 53.562804),
Landespolizeischule,,,['POI'],POINT(10.006284 53.605587),
Langbargheide - Grundschule mit Vorschulklasse,,,['POI'],POINT(9.889266 53.596568),
Lange Striepen - Grundschule mit Vorschulklasse,,,['POI'],POINT(9.886387 53.477066),
Lehmkuhlenweg - Grundschule mit Vorschulklasse,,,['POI'],POINT(9.791206 53.585127),
Lemsahl-Mellingstedt - Grundschule mit Vorschulklasse,,,['POI'],POINT(10.104543 53.681841),
Lerchenfeld - Gymnasium,,,['POI'],POINT(10.029603 53.568054),
Lessing-Gymnasium,,,['POI'],POINT(9.977574 53.462723),
Leuschnerstraße - Grundschule mit Vorschulklasse,,,['POI'],POINT(10.207891 53.497295),
Lise-Meitner-Gymnasium,,,['POI'],POINT(9.856617 53.57375),
Lohbrügge - Gymnasium,,,['POI'],POINT(10.206169 53.504564),
Lohbrügge - Stadtteilschule,,,['POI'],POINT(10.206379 53.505047),
Lohmühlen-Gymnasium,,,['POI'],POINT(10.017123 53.558115),
Loki-Schmidt-Schule - Grundschule mit Vorschulklasse,,,['POI'],POINT(9.90314 53.552337),
Lokstedter Damm - Sonderschule,,,['POI'],POINT(9.971754 53.607202),
Ludwigstraße - Grundschule mit Vorschulklasse,,,['POI'],POINT(9.965583 53.559882),
Luisen-Gymnasium Bergedorf,,,['POI'],POINT(10.227844 53.491575),
Lutterothstraße - Grundschule mit Vorschulklasse,,,['POI'],POINT(9.952101 53.580449),
Lycée Francais de Hambourg Antoine de St. Exupéry,,,['POI'],POINT(9.957511 53.604047),
Lämmersieth - Grundschule mit Vorschulklasse,,,['POI'],POINT(10.060146 53.588229),
Marckmannstraße - Sonderschule,,,['POI'],POINT(10.041523 53.535909),
Margaretha-Rothe-Gymnasium,,,['POI'],POINT(10.042944 53.598588),
Marie-Beschütz-Schule - Grundschule mit Vorschulklasse,,,['POI'],POINT(9.985715 53.591651),
- Gymnasium,,,['POI'],POINT(10.106596 53.566719),
Marion Dönhoff Gymnasium,,,['POI'],POINT(9.807329 53.571433),
Marmstorf - Grundschule mit Vorschulklasse,,,['POI'],POINT(9.964556 53.439099),
Marschweg - Grundschule mit Vorschulklasse,,,['POI'],POINT(9.761941 53.585083),
Matthias-Claudius-Gymnasium,,,['POI'],POINT(10.072853 53.572984),
Max-Brauer-Schule - Stadtteilschule mit Vorschulklasse,,,['POI'],POINT(9.920871 53.559372),
Max-Eichholz-Ring - Grundschule mit Vorschulklasse,,,['POI'],POINT(10.216823 53.506604),
Max-Schmeling Stadtteilschule,,,['POI'],POINT(10.103784 53.567123),
Max-Schmeling-Stadtteilschule - Standort Denksteinweg,,,['POI'],POINT(10.131245 53.571844),
Max-Traeger-Schule - Grundschule mit Vorschulklasse,,,['POI'],POINT(9.897295 53.616167),
Meiendorf - Gymnasium,,,['POI'],POINT(10.152562 53.624574),
Mendelssohnstraße - Grundschule mit Vorschulklasse,,,['POI'],POINT(9.905979 53.563718),
Michael Schule - Sonderschule,,,['POI'],POINT(9.959448 53.465521),
Mittlerer Landweg - Offene Ganztagsgrundschule (GBS) mit Vorschulklasse,,,['POI'],POINT(10.134174 53.498512),
Molkenbuhrstraße - Grundschule mit Vorschulklasse,,,['POI'],POINT(9.924975 53.590438),
Montessorischule Hamburg-Bergedorf - Grundschule,,,['POI'],POINT(10.24133 53.481281),
Moorflagen - Grundschule mit Vorschulklasse,,,['POI'],POINT(9.945333 53.641145),
Mümmelmannsberg - Grundschule mit Vorschulklasse,,,['POI'],POINT(10.14131 53.52966),
Mümmelmannsberg - Stadtteilschule,,,['POI'],POINT(10.148616 53.529887),
Müssenredder - Grundschule mit Vorschulklasse,,,['POI'],POINT(10.066679 53.655058),
Nettelnburg - Grundschule mit Vorschulklasse,,,['POI'],POINT(10.196321 53.480267),
Neubergerweg - Grundschule mit Vorschulklasse,,,['POI'],POINT(10.002356 53.66867),
Neue Schule Hamburg - Gesamtschule,,,['POI'],POINT(10.181182 53.59183),
Neugraben - Grundschule mit Vorschulklasse,,,['POI'],POINT(9.863644 53.474861),
- Grundschule mit Vorschulklasse,,,['POI'],POINT(10.037371 53.46788),
Neurahlstedt - Primarschule mit Vorschulklasse,,,['POI'],POINT(10.166105 53.604854),
Niels-Stensen-Gymnasium,,,['POI'],POINT(9.971016 53.457745),
- Stadtteilschule,,,['POI'],POINT(9.951191 53.634045),
Nydamer Weg - Grundschule mit Vorschulklasse,,,['POI'],POINT(10.154525 53.617304),
Nymphenweg - Sonderschule,,,['POI'],POINT(9.971073 53.44113),
Ochsenwerder - Grundschule mit Vorschulklasse,,,['POI'],POINT(10.074519 53.471352),
Ohkamp - Grundschule mit Vorschulklasse,,,['POI'],POINT(10.021343 53.637339),
Ohlstedt - Gymnasium,,,['POI'],POINT(10.142558 53.692267),
Ohmoor - Gymnasium,,,['POI'],POINT(9.959461 53.640718),
Ohrnsweg - Grundschule mit Vorschulklasse,,,['POI'],POINT(9.816686 53.472657),
Oldenfelde - Gymnasium,,,['POI'],POINT(10.160076 53.61087),
Oldenfelde - Stadtteilschule mit Vorschulklasse,,,['POI'],POINT(10.158053 53.612579),
Oppelner Straße - Grundschule mit Vorschulklasse,,,['POI'],POINT(10.144008 53.573214),
Osterbek - Gymnasium,,,['POI'],POINT(10.095142 53.600107),
Osterbrook - Grundschule mit Vorschulklasse,,,['POI'],POINT(10.056042 53.549008),
Othmarschen - Gymnasium,,,['POI'],POINT(9.884014 53.554834),
Otto-Hahn-Schule - Stadtteilschule,,,['POI'],POINT(10.126143 53.580365),
Paracelsusstraße - Sonderschule,,,['POI'],POINT(10.136422 53.597655),
Phorms Campus Hamburg - Bilinguale Grundschule und Gymnasium,,,['POI'],POINT(10.027034 53.547994),
Poppenbüttel - Stadtteilschule mit Vorschulklasse,,,['POI'],POINT(10.080839 53.659289),
Potsdamer Straße - Grundschule mit Vorschulklasse,,,['POI'],POINT(10.150321 53.584403),
Privates Gymnasium Brecht,,,['POI'],POINT(10.005704 53.555768),
Privatschule Weber,,,['POI'],POINT(9.985767 53.456941),
Pröbenweg - Sonderschule,,,['POI'],POINT(10.05064 53.553863),
Quellmoor - Grundschule mit Vorschulklasse,,,['POI'],POINT(9.870961 53.478393),
Rahewinkel - Grundschule mit Vorschulklasse,,,['POI'],POINT(10.154785 53.526619),
Rahlstedt - Gymnasium,,,['POI'],POINT(10.145226 53.600384),
Rahlstedter Höhe - Grundschule mit Vorschulklasse,,,['POI'],POINT(10.131249 53.600247),
Raphael-Schule - Sonderschule,,,['POI'],POINT(9.860476 53.551942),
Ratsmühlendamm - Grundschule mit Vorschulklasse,,,['POI'],POINT(10.021817 53.626948),
Reinbeker Redder - Sprachheilschule,,,['POI'],POINT(10.206045 53.511889),
Rellinger Straße - Grundschule mit Vorschulklasse,,,['POI'],POINT(9.942463 53.57411),
Richardstraße - Grundschule mit Vorschulklasse,,,['POI'],POINT(10.039374 53.567601),
Rissen - Gymnasium,,,['POI'],POINT(9.752587 53.580407),
Robert-Koch-Schule - Sonderschule,,,['POI'],POINT(10.020137 53.613089),
Rothestraße - Grundschule mit Vorschulklasse,,,['POI'],POINT(9.928113 53.548264),
Rudolf-Roß-Grundschule mit Vorschulklasse,,,['POI'],POINT(9.978763 53.552919),
Rudolf-Steiner-Schule Bergedorf,,,['POI'],POINT(10.217084 53.485745),
Rudolf-Steiner-Schule Hamburg-Altona,,,['POI'],POINT(9.922363 53.550959),
Rudolf-Steiner-Schule Hamburg-Bergstedt,,,['POI'],POINT(10.135831 53.676328),
Rudolf-Steiner-Schule Harburg,,,['POI'],POINT(9.892144 53.461416),
Rudolf-Steiner-Schule Nienstedten,,,['POI'],POINT(9.855262 53.549257),
Rudolf-Steiner-Schule Wandsbek,,,['POI'],POINT(10.128107 53.60308),
Rungwisch - Grundschule mit Vorschulklasse,,,['POI'],POINT(9.909746 53.610539),
Rönneburg - Grundschule mit Vorschulklasse,,,['POI'],POINT(10.007324 53.438458),
Rönnkamp - Grundschule mit Vorschulklasse,,,['POI'],POINT(9.919626 53.646584),
Röthmoorweg - Grundschule mit Vorschulklasse,,,['POI'],POINT(9.923271 53.625863),
Sachsenweg - Stadtteilschule mit Vorschulklasse,,,['POI'],POINT(9.959472 53.64052),
Sander Straße - Grundschule mit Vorschulklasse,,,['POI'],POINT(10.216342 53.495062),
Sankt-Ansgar-Schule,,,['POI'],POINT(10.031746 53.557469),
Scheeßeler Kehre - Grundschule mit Vorschulklasse,,,['POI'],POINT(9.987127 53.426703),
Schenefelder Landstraße - Grundschule mit Vorschulklasse,,,['POI'],POINT(9.825858 53.577237),
Schimmelmannstraße - Grundschule mit Vorschulklasse,,,['POI'],POINT(10.100904 53.571328),
Schnuckendrift - Grundschule mit Vorschulklasse,,,['POI'],POINT(9.838713 53.466987),
Schule An der Twiete,,,['POI'],POINT(10.204314 53.502939),
Schule Ballerstaedtweg,,,['POI'],POINT(10.034473 53.611672),
Schule Bandwirkerstraße - Grundschule mit Vorschulklasse,,,['POI'],POINT(10.067225 53.576674),
Schule Barlsheide - Ganztagsgrundschule mit Vorschulklasse,,,['POI'],POINT(9.856805 53.583021),
Schule Bekassinenau - Grundschule mit Vorschulklasse,,,['POI'],POINT(10.13711 53.610893),
Schule Bekkamp - Sonderschule,,,['POI'],POINT(10.142567 53.575169),
Schule Bergstedt - Grundschule mit Vorschulklasse,,,['POI'],POINT(10.131126 53.672464),
Schule Brockdorffstraße - Ganztagsgrundschule mit Vorschulklasse,,,['POI'],POINT(10.163036 53.595413),
Schule Brucknerstraße - Sonderschule,,,['POI'],POINT(10.037348 53.583496),
Schule Burgunderweg - Grundschule mit Vorschulklasse,,,['POI'],POINT(9.965049 53.628516),
Schule Charlottenburger Straße - Grundschule mit Vorschulklasse,,,['POI'],POINT(10.140393 53.585819),
Schule Cranz - Grundschule mit Vorschulklasse,,,['POI'],POINT(9.773175 53.529653),
Schule Eberhofweg,,,['POI'],POINT(10.013924 53.650781),
Schule am Schleemer Park - Standort Billbrookdeich,,,['POI'],POINT(10.11116 53.531822),
Schule am Schleemer Park - Standort Möllner Landstraße,,,['POI'],POINT(10.118914 53.537033),
Schule auf der Uhlenhorst - Grundschule mit Vorschulklasse,,,['POI'],POINT(10.01767 53.577717),
Schule bei der Katharinenkirche,,,['POI'],POINT(9.994484 53.54578),
Schule der Islamischen Republik Iran,,,['POI'],POINT(10.055807 53.551077),
Schulkamp - Grundschule mit Vorschulklasse,,,['POI'],POINT(9.845961 53.552675),
Schwarzenbergstraße - Sonderschule,,,['POI'],POINT(9.973592 53.4644),
Sethweg - Grundschule mit Vorschulklasse,,,['POI'],POINT(9.941727 53.631981),
Landstraße - Sonderschule,,,['POI'],POINT(10.170181 53.606378),
Sinstorf - Stadtteilschule,,,['POI'],POINT(9.971592 53.430883),
Skandinaviska skolan Hamburg,,,['POI'],POINT(9.98149 53.578792),
Slomanstieg - Grund- und Stadtteilschule mit Vorschulklasse,,,['POI'],POINT(10.019244 53.527053),
Sophie-Barat-Schule,,,['POI'],POINT(9.995687 53.562294),
Speckenreye - Grundschule mit Vorschulklasse,,,['POI'],POINT(10.094615 53.554618),
Sportplatzring - Stadtteilschule,,,['POI'],POINT(9.931241 53.593777),
Sprachheilschule Baererstraße,,,['POI'],POINT(9.975107 53.454279),
St. Pauli - Ganztagsschule mit Vorschulklasse,,,['POI'],POINT(9.959505 53.548043),
Staatl. Jugend-Musikschule,,,['POI'],POINT(9.993117 53.572442),
Staatl. Schule Ernährung u. Hauswirtschaft Harburg,,,['POI'],POINT(9.963019 53.465618),
Stadtteil- und Ganztagsschule Langenhorn,,,['POI'],POINT(9.996855 53.652309),
Stadtteilschule Altrahlstedt,,,['POI'],POINT(10.152727 53.594588),
Stadtteilschule Bahrenfeld,,,['POI'],POINT(9.909569 53.56786),
Stadtteilschule Bergedorf,,,['POI'],POINT(10.188338 53.493753),
Stadtteilschule Bergstedt,,,['POI'],POINT(10.136888 53.671771),
Stadtteilschule Fischbek-Falkenberg,,,['POI'],POINT(9.861435 53.464678),
Stadtteilschule Helmuth Hübener,,,['POI'],POINT(10.047085 53.601121),
Stadtteilschule Lurup - Standort Luruper Hauptstraße,,,['POI'],POINT(9.873038 53.590389),
Stadtteilschule Lurup - Standort Veermoor,,,['POI'],POINT(9.874081 53.606563),
Stadtteilschule Lurup - Standort Vorhornweg,,,['POI'],POINT(9.882377 53.589952),
Stadtteilschule Meiendorf mit Vorschulklasse,,,['POI'],POINT(10.164416 53.629095),
Stadtteilschule Poppenbüttel,,,['POI'],POINT(10.049901 53.64517),
Stadtteilschule Richard-Linde-Weg,,,['POI'],POINT(10.189828 53.501224),
Stadtteilschule Wilhelmsburg mit Grundschule und Vorschulklasse,,,['POI'],POINT(9.989762 53.505709),
Stadtteilschule am Heidberg,,,['POI'],POINT(10.030829 53.670441),
Steilshoop - Stadtteilschule,,,['POI'],POINT(10.057561 53.613474),
Steinbeker Marktstraße - Sonderschule,,,['POI'],POINT(10.126998 53.53135),
Stellingen - Stadtteilschule,,,['POI'],POINT(9.941316 53.584354),
Stengelestraße - Grundschule mit Vorschulklasse,,,['POI'],POINT(10.09206 53.549745),
Sterntalerstraße - Grundschule mit Vorschulklasse,,,['POI'],POINT(10.112875 53.559832),
Stockflethweg - Grundschule mit Vorschulklasse,,,['POI'],POINT(10.019662 53.679216),
Strenge - Grundschule mit Vorschulklasse,,,['POI'],POINT(10.078578 53.637098),
Studienkolleg für ausländische Studierende,,,['POI'],POINT(9.977055 53.558027),
Stübenhofer Weg - Grund- und Stadtteilschule mit Vorschulklasse,,,['POI'],POINT(10.014618 53.483072),
Surenland - Grundschule mit Vorschulklasse,,,['POI'],POINT(10.106613 53.614162),
Süderelbe - Gymnasium,,,['POI'],POINT(9.864055 53.470635),
Süderelbe - Stadtteilschule,,,['POI'],POINT(9.868109 53.478899),
Tegelweg - Sonderschule,,,['POI'],POINT(10.108251 53.600552),
Thadenstraße - Grundschule mit Vorschulklasse,,,['POI'],POINT(9.955975 53.556769),
Theodor-Haubach-Schule - Stadttteilschule mit Vorschulklasse,,,['POI'],POINT(9.942376 53.559348),
Tieloh - Stadtteilschule mit Vorschulklasse,,,['POI'],POINT(10.051563 53.592878),
Tonndorf - Grundschule mit Vorschulklasse,,,['POI'],POINT(10.128374 53.58588),
Tornquiststraße - Grundschule mit Vorschulklasse,,,['POI'],POINT(9.953558 53.573411),
Traberweg - Grundschule mit Vorschulklasse,,,['POI'],POINT(10.11647 53.598894),
Trenknerweg - Grundschule mit Vorschulklasse,,,['POI'],POINT(9.909498 53.548398),
Turmweg - Grundschule mit Vorschulklasse,,,['POI'],POINT(9.990804 53.570988),
Vizelinstraße - Grundschule mit Vorschulklasse,,,['POI'],POINT(9.949153 53.589036),
Vor- und Grundschule Redder,,,['POI'],POINT(10.109953 53.651025),
Walddörfer - Stadtteilschule,,,['POI'],POINT(10.173724 53.653454),
Walddörfer-Gymnasium,,,['POI'],POINT(10.175591 53.652061),
Wegenkamp - Grundschule mit Vorschulklasse,,,['POI'],POINT(9.925438 53.601235),
Weidemoor - Sonderschule,,,['POI'],POINT(10.160042 53.512587),
Wesperloh - Grundschule mit Vorschulklasse,,,['POI'],POINT(9.863861 53.575872),
Westerschule Finkenwerder - Grundschule mit Vorschulklasse,,,['POI'],POINT(9.863288 53.527769),
Wielandstraße - Grund-/Haupt-und Realschule mit Vorschulklasse,,,['POI'],POINT(10.054313 53.569852),
Wildschwanbrook - Grundschule mit Vorschulklasse,,,['POI'],POINT(10.169962 53.627397),
Wilhelm-Gymnasium,,,['POI'],POINT(9.995338 53.573772),
- Sprachheilschule,,,['POI'],POINT(9.991429 53.496422),
Willi-Kraft-Schule - Sonderschule,,,['POI'],POINT(9.994241 53.510937),
Windmühlenweg - Grundschule mit Vorschulklasse,,,['POI'],POINT(9.872189 53.566791),
Winterhude - Stadtteilschule mit Vorschulklasse,,,['POI'],POINT(10.027387 53.587428),
Zitzewitzstraße - Sonderschule,,,['POI'],POINT(10.073988 53.56238),
Zollenspieker - Grundschule mit Vorschulklasse,,,['POI'],POINT(10.18288 53.403241),
Zukunftsschule Alsterpalais - Grundschule,,,['POI'],POINT(10.025285 53.61663),
monaddrei-Schule Hamburg - Grundschule,,,['POI'],POINT(9.967733 53.568122),
Öjendorf - Stadtteilschule,,,['POI'],POINT(10.129508 53.542334),
Öjendorfer Damm - Grundschule mit Vorschulklasse,,,['POI'],POINT(10.133465 53.567896),
Behörde für Kultur und Medien,,,['POI'],POINT(9.987375 53.55407),
Bundespolizei - Deutsche Bahn,,,['POI'],POINT(10.007332 53.553787),
Bundespolizeiamt Hamburg,,,['POI'],POINT(10.136223 53.582364),
Bundespolizeiinspektion Hamburg,,,['POI'],POINT(10.005666 53.549074),
Bundespolizeiinspektion Hamburg - Einsatzabschnitt Altona,,,['POI'],POINT(9.933989 53.552711),
Bundespolizeiinspektion Hamburg - Einsatzabschnitt Flughafen,,,['POI'],POINT(10.005884 53.631953),
Bundespolizeiinspektion Hamburg - Einsatzabschnitt Harburg,,,['POI'],POINT(9.99055 53.456102),
Feuerwehr Hamburg (Admiralitätsstr.),,,['POI'],POINT(9.982543 53.546113),
Feuerwehr Hamburg (Großmoorbogen),,,['POI'],POINT(10.008757 53.459526),
Freiwillige Feuerwehr Altona,,,['POI'],POINT(9.971158 53.551606),
Freiwillige Feuerwehr Osdorf,,,['POI'],POINT(9.849088 53.576194),
Landesfeuerwehrschule,,,['POI'],POINT(10.079032 53.525746),
Kriminalpolizei Beratung,,,['POI'],POINT(9.987245 53.553649),
Landespolizeidirektion,,,['POI'],POINT(9.966894 53.569045),
Polizeikommissariat 11 (Altstadt),,,['POI'],POINT(10.016488 53.554913),
Polizeikommissariat 14 (Neustadt),,,['POI'],POINT(9.985045 53.55444),
"Polizeikommissariat 14, Außenstelle Klingberg",,,['POI'],POINT(10.001011 53.548089),
"Polizeikommissariat 14, Außenstelle Strafjustizgebäude",,,['POI'],POINT(9.978071 53.55695),
Polizeikommissariat 15 (Davidswache-St.Pauli),,,['POI'],POINT(9.9628 53.548969),
Polizeikommissariat 16 (Schanzenviertel),,,['POI'],POINT(9.961905 53.558752),
Polizeikommissariat 17 (Eimsbüttel),,,['POI'],POINT(9.976144 53.568916),
Polizeikommissariat 21 (Altona),,,['POI'],POINT(9.945444 53.549431),
Polizeikommissariat 22 (Eimsbüttel),,,['POI'],POINT(9.943875 53.577208),
Polizeikommissariat 23 (Eppendorf),,,['POI'],POINT(9.966492 53.585159),
Polizeikommissariat 24 (Niendorf),,,['POI'],POINT(9.956187 53.624337),
Polizeikommissariat 25 (Bahrenfeld),,,['POI'],POINT(9.880289 53.572338),
Polizeikommissariat 26 (Osdorf),,,['POI'],POINT(9.849966 53.576331),
"Polizeikommissariat 26, Außenstelle Rissen",,,['POI'],POINT(9.756824 53.580965),
Polizeikommissariat 27 (Stellingen),,,['POI'],POINT(9.935433 53.592136),
Polizeikommissariat 31 (Barmbek-Nord),,,['POI'],POINT(10.028172 53.570043),
Polizeikommissariat 33 (Barmbek),,,['POI'],POINT(10.019285 53.589025),
Polizeikommissariat 34 (Langenhorn),,,['POI'],POINT(10.018683 53.654326),
"Polizeikommissariat 34, Außenstelle Flughafen",,,['POI'],POINT(10.005805 53.633724),
Polizeikommissariat 35 (Poppenbüttel),,,['POI'],POINT(10.092668 53.651104),
"Polizeikommissariat 35, Außenstelle Volksdorf",,,['POI'],POINT(10.16706 53.65094),
"Polizeikommissariat 35, Polizeiposten Duvenstedt",,,['POI'],POINT(10.104227 53.700992),
Polizeikommissariat 36 (Bramfeld),,,['POI'],POINT(10.07992 53.610938),
Polizeikommissariat 37 (Wandsbek),,,['POI'],POINT(10.070585 53.571037),
Polizeikommissariat 38 (Rahlstedt),,,['POI'],POINT(10.15118 53.599904),
Polizeikommissariat 41 (Hamm),,,['POI'],POINT(10.046041 53.55765),
Polizeikommissariat 42 (Billstedt),,,['POI'],POINT(10.109526 53.538532),
Polizeikommissariat 43 (Bergedorf),,,['POI'],POINT(10.20433 53.491284),
"Polizeikommissariat 43, Außenstelle Neuallermöhe",,,['POI'],POINT(10.160045 53.489539),
"Polizeikommissariat 43, Polizeiposten Allermöhe",,,['POI'],POINT(10.126978 53.482882),
"Polizeikommissariat 43, Polizeiposten Curslack-Neuengamme",,,['POI'],POINT(10.233948 53.447527),
"Polizeikommissariat 43, Polizeiposten Kirchwerder-Warwisch",,,['POI'],POINT(10.137747 53.453011),
"Polizeikommissariat 43, Polizeiposten Moorfleet",,,['POI'],POINT(10.078847 53.504218),
"Polizeikommissariat 43, Polizeiposten Ochsenwerder",,,['POI'],POINT(10.07338 53.471587),
"Polizeikommissariat 43, Polizeiposten Zollenspieker",,,['POI'],POINT(10.175264 53.40133),
Polizeikommissariat 44 (Wilhelmsburg),,,['POI'],POINT(9.99183 53.507111),
Polizeikommissariat 45 (Wilstorf),,,['POI'],POINT(9.994476 53.45146),
Polizeikommissariat 46 (Harburg),,,['POI'],POINT(9.978 53.458991),
Polizeikommissariat 47 (Neugraben),,,['POI'],POINT(9.851342 53.469737),
"Polizeikommissariat 47, Außenstelle Finkenwerder",,,['POI'],POINT(9.877812 53.535876),
"Polizeikommissariat 47, Polizeiposten Cranz",,,['POI'],POINT(9.779905 53.535603),
Polizeipräsidium,,,['POI'],POINT(10.011244 53.604512),
Wasserschutzpolizeikommissariat 1,,,['POI'],POINT(9.927358 53.524108),
Wasserschutzpolizeikommissariat 2,,,['POI'],POINT(9.972587 53.525096),
Wasserschutzpolizeikommissariat 3,,,['POI'],POINT(9.988342 53.472528),
Verkehrsstaffel Mitte,,,['POI'],POINT(9.976035 53.568773),
Verkehrsstaffel Ost,,,['POI'],POINT(10.077098 53.564203),
Verkehrsstaffel Süd,,,['POI'],POINT(10.005775 53.456325),
Verkehrsstaffel West,,,['POI'],POINT(9.924765 53.564212),
HZA Hamburg-Stadt - ZA Post - Abfertigung - See,,,['POI'],POINT(9.940927 53.564095),
Zollfahndungsamt,,,['POI'],POINT(10.16958 53.606501),
Zollzahlstelle,,,['POI'],POINT(9.989676 53.545964),
HZA Hamburg-Hafen,,,['POI'],POINT(10.005974 53.523885),
HZA Hamburg-Hafen - Zollamt Zweibrückenstraße,,,['POI'],POINT(10.025984 53.533923),
HZA Hamburg-Stadt - Abfertigung Messe,,,['POI'],POINT(9.98116 53.559988),
HZA Hamburg-Hafen - Zollamt Waltershof,,,['POI'],POINT(9.925975 53.519438),
HZA Hamburg-Jonas,,,['POI'],POINT(10.026174 53.544236),
HZA Hamburg-Stadt,,,['POI'],POINT(10.002344 53.546389),
HZA Hamburg-Stadt - Zollamt Flughafen,,,['POI'],POINT(10.006794 53.63146),
HZA Hamburg-Stadt - Zollamt Hafencity,,,['POI'],POINT(10.001383 53.543404),
HZA Hamburg-Stadt - Zollamt Oberelbe,,,['POI'],POINT(10.096373 53.52513),
Bürgerservice Altona - Bezirkamt Altona,,,['POI'],POINT(9.93368 53.547556),
Aikido Schule,,,['POI'],POINT(9.96446 53.552999),
Akkreditierungs-Zentrum,,,['POI'],POINT(9.902898 53.587696),
Barclays Arena,,,['POI'],POINT(9.899319 53.588451),
Derby Horner Galopprennbahn,,,['POI'],POINT(10.081486 53.559878),
Derby Park Klein Flottbek (Springen),,,['POI'],POINT(9.862713 53.556544),
EURO24 Hamburg,,,['POI'],POINT(9.899036 53.588606),
Eislaufbahn/Rollschuhbahn Planten un Blomen,,,['POI'],POINT(9.975832 53.553419),
Eissporthalle Farmsen,,,['POI'],POINT(10.119473 53.605048),
Towers,,,['POI'],POINT(10.002944 53.495876),
Haus des Sports,,,['POI'],POINT(9.969321 53.567579),
Inselpark Arena,,,['POI'],POINT(10.002279 53.495783),
Kixx,,,['POI'],POINT(9.953601 53.550534),
Kunsteisbahn Stellingen,,,['POI'],POINT(9.940886 53.590117),
Leichtathletikhalle Hamburg-Alsterdorf,,,['POI'],POINT(10.003725 53.602787),
MediaCentre,,,['POI'],POINT(9.988525 53.572948),
Millerntorstadion,,,['POI'],POINT(9.967846 53.554553),
Sporthalle Hamburg-Alsterdorf,,,['POI'],POINT(10.002643 53.60241),
Sporthalle Wandsbek,,,['POI'],POINT(10.074795 53.573955),
Sportspaß Center (Altona Jessenstraße),,,['POI'],POINT(9.945012 53.551016),
Sportspaß Center (Altona),,,['POI'],POINT(9.935734 53.551763),
Sportspaß Center (Berliner Tor),,,['POI'],POINT(10.02527 53.556761),
Sportspaß Center (Billstedt),,,['POI'],POINT(10.104887 53.539392),
Sportspaß Center (City Nord),,,['POI'],POINT(10.023527 53.60456),
Sportspaß Center (Harburg),,,['POI'],POINT(9.98443 53.459666),
Sportspaß Center (Holsteinischer Kamp),,,['POI'],POINT(10.045467 53.575365),
Tennis am Rothenbaum,,,['POI'],POINT(9.988965 53.573043),
Trabrennbahn Bahrenfeld,,,['POI'],POINT(9.892154 53.574469),
Volksparkstadion,,,['POI'],POINT(9.898946 53.587241),
Wassersportzentrum Neuländer See,,,['POI'],POINT(10.018846 53.46086),
Zugang A EURO24 Hamburg,,,['POI'],POINT(9.901065 53.588159),
Zugang B EURO24 Hamburg,,,['POI'],POINT(9.900066 53.585911),
Zugang C EURO24 Hamburg,,,['POI'],POINT(9.896039 53.58613),
Zugang D EURO24 Hamburg,,,['POI'],POINT(9.896283 53.586964),
Zugang E EURO24 Hamburg,,,['POI'],POINT(9.897434 53.588564),
Zugang F EURO24 Hamburg,,,['POI'],POINT(9.899048 53.588471),
Bürgerzentrum Bergedorf - Kundenzentrum Bergedorf,,,['POI'],POINT(10.20781 53.489137),
Bürgerzentrum Vier- und Marschlande - Bezirksamt Bergedorf,,,['POI'],POINT(10.222326 53.445903),
Kundenzentrum Alstertal - Bezirksamt Wandsbek,,,['POI'],POINT(10.091857 53.651902),
Kundenzentrum Altona - Bezirksamt Altona,,,['POI'],POINT(9.933665 53.547574),
Kundenzentrum Barmbek-Uhlenhorst - Bezirksamt Hamburg-Nord,,,['POI'],POINT(10.042788 53.585524),
Kundenzentrum Billstedt - Bezirksamt Hamburg-Mitte,,,['POI'],POINT(10.106815 53.540435),
Kundenzentrum Blankenese (Sülldorfer Kirchenweg) - Bezirksamt Altona,,,['POI'],POINT(9.812702 53.563544),
Kundenzentrum Bramfeld - Bezirksamt Wandsbek,,,['POI'],POINT(10.079211 53.611573),
Kundenzentrum Eimsbüttel - Bezirksamt Eimsbüttel,,,['POI'],POINT(9.979182 53.574983),
Kundenzentrum Finkenwerder - Bezirksamt Hamburg-Mitte,,,['POI'],POINT(9.880486 53.532442),
1. FC Hellbrook e.V. von 1967,,,['POI'],POINT(10.049547 53.61509),
A.P.H. (Associacao Portugesa em Hamburgo),,,['POI'],POINT(9.956539 53.566379),
AC Italia,,,['POI'],POINT(9.946567 53.556449),
AMTV von 1893 e.V.,,,['POI'],POINT(10.161324 53.604595),
Aero-Club Hamburg e.V.,,,['POI'],POINT(10.206655 53.555058),
Agon e.V.,,,['POI'],POINT(10.005012 53.59274),
Aikido Dojo Seishinkan e.V.,,,['POI'],POINT(10.03949 53.56619),
Aikido Dojo e.V.,,,['POI'],POINT(10.160209 53.513205),
Aikido Trainingsgemeinschaft e.V.,,,['POI'],POINT(9.930257 53.550413),
Akademische Fliegergruppe Hamburg e.V.,,,['POI'],POINT(9.852734 53.536866),
Aktiv ab 40 e.V.,,,['POI'],POINT(9.973948 53.60537),
Albanischer Klub Kosova e.V.,,,['POI'],POINT(10.008758 53.502108),
Alle fit e.V.,,,['POI'],POINT(9.996663 53.437541),
Allgemeinder Sportverein Bergedorf-Lohbrügge von 1885 e.V.,,,['POI'],POINT(10.189375 53.496367),
Allgemeiner Bowling Center Verein von 1965 e.V.,,,['POI'],POINT(10.101952 53.6023),
Alster-Canoe-Club e.V.,,,['POI'],POINT(9.990785 53.593398),
Alster-Jugend-Segel-Club e.V.,,,['POI'],POINT(10.001199 53.5733),
Alstereck Verein für Wassersport e.V.,,,['POI'],POINT(10.033012 53.632917),
Altonaer Fußballclub von 1893 e.V.,,,['POI'],POINT(9.909964 53.55534),
Altonaer Schachklub von 1873 e.V.,,,['POI'],POINT(9.942793 53.548248),
Altonaer Schlittschuhläufer-Verein von 1893 e.V.,,,['POI'],POINT(9.943267 53.579738),
Altonaer Segel-Club e.V.,,,['POI'],POINT(9.858205 53.537384),
Altonaer Spielvereinigung e.V.,,,['POI'],POINT(10.137468 53.634333),
Altonaer Turn- und Sportverein e.V.,,,['POI'],POINT(9.956926 53.555441),
An der Berner Au Sv 04 e.V.,,,['POI'],POINT(10.119037 53.620561),
Angelsport-Verein Brachsen von 1976 e.V.,,,['POI'],POINT(10.17549 53.474894),
Angelsport-Verein Overhaken in Vier-und Marschlande e.V.,,,['POI'],POINT(10.081454 53.55685),
Angler-Interessen-Gemeinschaft Hamburg von 1962 e.V.,,,['POI'],POINT(9.987422 53.585213),
Anglerverein Alster e.V.,,,['POI'],POINT(10.061686 53.653809),
Anglerverein Frühauf von 1910 Hamburg e.V.,,,['POI'],POINT(10.047004 53.603324),
Anglerverein Hecht von 1926 e.V.,,,['POI'],POINT(10.037681 53.556429),
Arbeiter Wassersport Verein für Hamburg und Umgebung gegr. 1909 e.V.,,,['POI'],POINT(10.076683 53.591783),
Associazione Basilicata e.V.,,,['POI'],POINT(9.946304 53.55619),
BC Feuersports e.V.,,,['POI'],POINT(10.060682 53.584882),
BFSV Atlantik 97,,,['POI'],POINT(10.155926 53.488231),
Bahala Na Hamburg e.V.,,,['POI'],POINT(10.011044 53.599958),
Bahrenfelder Sport-Verein von 1919 e.V.,,,['POI'],POINT(9.900296 53.560526),
Bahrenfelder Turnverein von 1898 e.V.,,,['POI'],POINT(9.899707 53.57116),
Baltika Sport-Verein e.V.,,,['POI'],POINT(9.988449 53.592995),
Barmbeker Kraftsport-Vereinigung Goliath von 1903 e.V.,,,['POI'],POINT(10.138384 53.620046),
Barmbeker Schachclub von 1926 e.V.,,,['POI'],POINT(10.175192 53.648039),
Behinderten-Sportgemeinschaft Süderelbe e.V.,,,['POI'],POINT(9.869668 53.475572),
Bergedorfer Anglerverein von 1954 e.V.,,,['POI'],POINT(10.201437 53.466234),
Bergedorfer Kanu-Club e.V.,,,['POI'],POINT(10.185027 53.467458),
Bergedorfer Schachverein von 1909 e.V.,,,['POI'],POINT(10.25235 53.495355),
Bergedorfer Skiclub e.V.,,,['POI'],POINT(10.170078 53.51248),
Billard Club Harburg Wandsbek e.V.,,,['POI'],POINT(10.014764 53.584984),
Billard Gemeinschaft Hamburg e.V.,,,['POI'],POINT(10.032305 53.584124),
Billard-Club Bergedorf e.V.,,,['POI'],POINT(10.193633 53.489172),
Bille Schach Club von 1924 e.V. Bergedorf-Reinbek-Wentorf,,,['POI'],POINT(10.17524 53.491439),
Bille Wander Segler Verein e.V. von 1921,,,['POI'],POINT(10.121144 53.627074),
Biller Ruder Club von 1883,,,['POI'],POINT(10.057258 53.543921),
"Biller Wassersport ""Schwalbe"" Hamburg von 1928",,,['POI'],POINT(10.056632 53.544825),
Billwärder Turnverein von 1923 e.V.,,,['POI'],POINT(10.108531 53.52473),
Black Mountains Squaredancers Hamburg-Harburg,,,['POI'],POINT(9.822325 53.570999),
Blankeneser Männer-Turnverein von 1883 e.V.,,,['POI'],POINT(9.822325 53.570999),
Boberger Sportclub e.V.,,,['POI'],POINT(10.157158 53.514088),
Bojutsu-Bushido e.V.,,,['POI'],POINT(9.996663 53.437541),
Boots-Club-Biber-Hamburg e.V.,,,['POI'],POINT(10.085632 53.492548),
Borstelbeker Sportverein von 1922/45 e.V.,,,['POI'],POINT(9.937378 53.471879),
Bowling-Verein Alster e.V.,,,['POI'],POINT(10.132726 53.616479),
Bowling-Verein Elbe 69 e.V.,,,['POI'],POINT(9.849707 53.576198),
Bowling-Verein Harksheide e.V.,,,['POI'],POINT(9.869611 53.605158),
Box-Club Sportmann von 1914 e.V.,,,['POI'],POINT(10.098843 53.576226),
Bramfelder Kraftsportverein von 1959 e.V.,,,['POI'],POINT(10.175894 53.611327),
Bramfelder Sportverein von 1945 e.V.,,,['POI'],POINT(10.080155 53.610082),
Bramfelder Tischtennisvereinigung von 1928 e.V.,,,['POI'],POINT(10.084947 53.617829),
Budo-Club Goshin e.V.,,,['POI'],POINT(10.03949 53.56619),
Budoclub Juka Shotokan Dojo e.V.,,,['POI'],POINT(10.01186 53.660566),
Buff-Club Reinbek e.V. 1995,,,['POI'],POINT(9.95384 53.547073),
Challengers Hamburg e.V.,,,['POI'],POINT(9.816313 53.572334),
Club Castello 1974 e.V.,,,['POI'],POINT(9.993527 53.515211),
Club Eti Kultur-und Sportverein Hamburg e.V.,,,['POI'],POINT(10.033653 53.549069),
Club der Toten Steller e.V.,,,['POI'],POINT(10.022045 53.561317),
Club ma belle e.V.,,,['POI'],POINT(10.090232 53.594796),
Crazy Bumble Bees Square-Dance-Club e.V.,,,['POI'],POINT(9.925358 53.630716),
DJK Hamburg e.V.,,,['POI'],POINT(10.021474 53.563937),
Dartverein Eimsbüttel e.V.,,,['POI'],POINT(9.971457 53.6107),
Der Hamburger und Germania Ruder Club,,,['POI'],POINT(9.996802 53.561584),
Dockenhudener Turnerschaft von 1896 e.V.,,,['POI'],POINT(9.826391 53.568167),
Dojo-hamburg e.V.,,,['POI'],POINT(9.945829 53.582889),
Drachen-Club Flattermann e.V.,,,['POI'],POINT(9.893111 53.569053),
Dulsberger Sport-Club Hanseat von 1899 e.V.,,,['POI'],POINT(10.038307 53.575805),
Duvenstedter Sportverein von 1969 e.V.,,,['POI'],POINT(10.101097 53.710419),
E.S.V. Grün-Weiss Hamburg von 1901 e.V.,,,['POI'],POINT(9.950708 53.583659),
ESV Einigkeit von 1908 e.V.,,,['POI'],POINT(10.001261 53.500527),
Eimsbüttler Turnverband e.V. seit 1889,,,['POI'],POINT(9.968275 53.572035),
Eintracht Fuhlsbüttel,,,['POI'],POINT(10.024261 53.623019),
Kundenzentrum Fuhlsbüttel - Bezirksamt Hamburg-Nord,,,['POI'],POINT(10.026166 53.630514),
Eintracht Lokstedt,,,['POI'],POINT(9.954956 53.596564),
Eis- und Rollsportverein Bergedorf e.V.,,,['POI'],POINT(10.127224 53.449552),
Eisenbahner Turn- und Sportverein von 1924 e.V.,,,['POI'],POINT(10.133854 53.498371),
Eisenbahnsportverein e.V. Allgemeiner Sportklub Hamburg von 1947,,,['POI'],POINT(9.823612 53.561888),
Eißendorfer Schützenverein von 1878 e.V.,,,['POI'],POINT(9.940263 53.449096),
Elb-Segler Vereinigung e.V.,,,['POI'],POINT(9.893564 53.531096),
Motor Club e.V.,,,['POI'],POINT(10.04504 53.546436),
FC Alsterbrüder e.V. von 1848 e.V.,,,['POI'],POINT(9.973554 53.573142),
FC Bingöl Sportverein e.V.,,,['POI'],POINT(9.968468 53.566606),
FC Cabo Verde 2000 e.V.,,,['POI'],POINT(9.95182 53.555203),
FC Camlica Genclik e.V. 2002,,,['POI'],POINT(9.945905 53.572789),
FC Ellas von 1981 e.V.,,,['POI'],POINT(9.984847 53.454927),
FC Kickers Hamburg von 2005 e.V.,,,['POI'],POINT(10.12914 53.620278),
FC Musa 97 e.V,,,['POI'],POINT(9.944624 53.440103),
FC Oliveirense e.V.,,,['POI'],POINT(10.092218 53.533012),
FC Persia Harburg e.V. 2004,,,['POI'],POINT(9.985699 53.574103),
FC Porto,,,['POI'],POINT(9.994816 53.516215),
FC Portugal 82 von 1990 e.V.,,,['POI'],POINT(9.98575 53.451667),
FC Ronahi,,,['POI'],POINT(9.982652 53.519569),
FC St. Georg-Horn im Horner TV,,,['POI'],POINT(10.088748 53.549433),
FC St. Pauli von 1910 e.V.,,,['POI'],POINT(9.96872 53.553863),
FC Süderelbe von 1948 e.V.,,,['POI'],POINT(9.866925 53.471809),
FC Teutonia von 1905 e.V.,,,['POI'],POINT(9.920161 53.552378),
FC Türkiye e.V.,,,['POI'],POINT(10.001743 53.501188),
FC Viktoria Harburg von 1910 e.V.,,,['POI'],POINT(9.987565 53.442954),
FC Welat Spor e.V.,,,['POI'],POINT(9.944175 53.562883),
FC Winterhude e.V.,,,['POI'],POINT(10.001395 53.589239),
FC Örnek-Türkspor e.V.,,,['POI'],POINT(9.95318 53.579453),
FK Nikola Tesla,,,['POI'],POINT(9.928516 53.56872),
FKK Sportgemeinschaft Hamburg e.V.,,,['POI'],POINT(10.01743 53.572768),
FTSV Altenwerder von 1918 e.V.,,,['POI'],POINT(9.87499 53.482425),
FTSV Komet Blankenese von 1907 e.V.,,,['POI'],POINT(9.826583 53.56795),
FTSV Lorbeer-Rothenburgsort von 1896 e.V,,,['POI'],POINT(10.044426 53.534967),
Farmsen Turnierverein von 1926 e.V.,,,['POI'],POINT(10.122615 53.607903),
Fecht-Club Rothenbaum e.V.,,,['POI'],POINT(10.0028 53.589919),
Fluggruppe Eppendorf e.V.,,,['POI'],POINT(10.044219 53.647789),
Freie Sportvereinigung Harburg von 1893 e.V.,,,['POI'],POINT(9.983953 53.448833),
Freier Wassersportverein Vorwärts Hamburg e.V.,,,['POI'],POINT(10.149194 53.418109),
Freizeitsportgemeinschaft Langenhorn 09/76 e.V.,,,['POI'],POINT(10.042553 53.610299),
Friskis & Svettis e.V.,,,['POI'],POINT(9.971516 53.569843),
Fun Kickers Hamburg von 1991 e.V.,,,['POI'],POINT(9.938302 53.449614),
Funny Squirrels Square Dance Club e.V. Hamburg-Bergedorf,,,['POI'],POINT(10.176959 53.497469),
Gehörlosen-Sportclub Wikinger Hamburg von 1984 e.V.,,,['POI'],POINT(10.07776 53.560558),
"Groß Flottbeker Tennis-, Hockey- und Golfclub e.V.",,,['POI'],POINT(9.875638 53.558409),
Groß-Flottbek Spielvereinigung von 1912 e.V.,,,['POI'],POINT(9.880045 53.57225),
Grün-Weiss Fechten Hamburg,,,['POI'],POINT(9.951856 53.581),
GsK Bergedorf 2000 e.V.,,,['POI'],POINT(10.214153 53.48334),
Gym Sandokan e.V.,,,['POI'],POINT(10.022954 53.548954),
Gymnastik- und Freizeitgemeinschaft Steilshoop e.V.,,,['POI'],POINT(10.030332 53.633336),
HIRA - Kurdischer SV e.V.,,,['POI'],POINT(9.983388 53.518772),
HSV Barmbek-Uhlenhorst von 1923 e.V.,,,['POI'],POINT(10.050494 53.598468),
HSV Handball Sport Verein Hamburg,,,['POI'],POINT(9.894714 53.591334),
Blue Devils e.V.,,,['POI'],POINT(9.942279 53.567229),
Eimsbütteler Ballspielclub 1911,,,['POI'],POINT(9.951034 53.57398),
Exiles Rugby-Football-Club e.V.,,,['POI'],POINT(10.033396 53.627603),
Targets e.V.,,,['POI'],POINT(9.980838 53.637984),
Hamburg-Harvestehuder Turnverein von 1872 e.V.,,,['POI'],POINT(9.995237 53.579119),
Hamburg-Wentorfer Reiterverein e.V.,,,['POI'],POINT(10.274475 53.503514),
Hamburger Aero-Club Boberg e.V.,,,['POI'],POINT(10.154027 53.514802),
Hamburger Angler Club e.V.,,,['POI'],POINT(10.135264 53.576478),
Hamburger Box-Club Heros von 1922 e.V.,,,['POI'],POINT(9.97547 53.573729),
Hamburger Eislauf-Verein von 1922 e.V.,,,['POI'],POINT(10.107938 53.543578),
Hamburger Fatihspor e.V.,,,['POI'],POINT(10.017525 53.552865),
Hamburger Fecht-Club e.V.,,,['POI'],POINT(9.865101 53.573725),
Hamburger Gehörlosen Sport-Verein von 1904 e.V.,,,['POI'],POINT(9.898458 53.549263),
Hamburger Kanu Club e.V.,,,['POI'],POINT(10.017358 53.56222),
Hamburger Lehrer-Turnverein von 1881 e.V.,,,['POI'],POINT(9.916264 53.624766),
Hamburger Radtouristen von 1894 e.V.,,,['POI'],POINT(10.076679 53.5857),
Hamburger Ruderinnen-Club von 1925 e.V.,,,['POI'],POINT(10.016166 53.608783),
Hamburger Schwerhörigen-Sportverein von 1977 e.V.,,,['POI'],POINT(10.037784 53.572961),
Hamburger Schützengesellschaft e.V.,,,['POI'],POINT(10.158449 53.619871),
Hamburger Segel-Club e.V.,,,['POI'],POINT(10.007852 53.558508),
Hamburger Sport-Verein e.V.,,,['POI'],POINT(9.900142 53.588094),
Hamburger Sport-Verein e.V. Nachwuchszentrum,,,['POI'],POINT(9.995831 53.690307),
Hamburger Sportclub e.V.,,,['POI'],POINT(10.011081 53.615421),
Hamburger Taekwondo Verein Sosan e.V.,,,['POI'],POINT(9.977289 53.573426),
Hamburger Turnerbund von 1862 e.V.,,,['POI'],POINT(10.03978 53.557705),
Hamburger Turnergesellschaft Barmbek-Uhlenhorst e.V.,,,['POI'],POINT(10.036188 53.57311),
Hamburger Turnerschaft von 1816 e.V.,,,['POI'],POINT(10.043766 53.557203),
Hamburger Verein für Luftfahrt e.V.,,,['POI'],POINT(10.153418 53.515167),
Hamburger Verein für Skilauf e.V.,,,['POI'],POINT(9.955009 53.464991),
Hamburger Wanderverein e.V.,,,['POI'],POINT(10.023532 53.551061),
Hamburger Yacht-Club im ADAC e.V.,,,['POI'],POINT(10.083915 53.493749),
Hamburgers Squarre Dance Club,,,['POI'],POINT(10.234412 53.519506),
Hamburgische Taekwondo Union e.V.,,,['POI'],POINT(9.842665 53.556912),
Hammer Arbeitersportverein e.V.,,,['POI'],POINT(10.151597 53.526929),
Hanseat Verein für Wassersport e.V.,,,['POI'],POINT(10.032206 53.58505),
Kundenzentrum Hamburg-Mitte - Altstadt - Bezirksamt Hamburg-Mitte,,,['POI'],POINT(9.98462 53.554326),
Harburger Radsport-Gemeinschaft von 1951 e.V.,,,['POI'],POINT(9.996771 53.433128),
Harburger Schwerhörigen SV,,,['POI'],POINT(10.037776 53.57262),
Harburger Schützengilde von 1528 e.V.,,,['POI'],POINT(9.879952 53.46307),
Harburger Sportclub Borussia Rasensport von 1904/1907 e.V.,,,['POI'],POINT(9.971087 53.443071),
Harburger Turnerbund von 1865 e.V,,,['POI'],POINT(9.935356 53.456637),
Harburger Türksport von 1979 e.V.,,,['POI'],POINT(9.985877 53.454559),
Harvestehuder Tennis und Hockey Club,,,['POI'],POINT(10.008777 53.591046),
Hausbruch-Neugrabener Turnerschaft von 1911 e.V.,,,['POI'],POINT(9.872266 53.471545),
Haymana e.V.,,,['POI'],POINT(10.108154 53.581836),
Heimfelder Schützenverein von 1890 e.V.,,,['POI'],POINT(9.940109 53.460526),
Hummelsbütteler SV von 1929 e.V.,,,['POI'],POINT(10.04165 53.645422),
ITA Profi 21 e.V.,,,['POI'],POINT(9.92487 53.63125),
Imperial Club Hamburg e.V. Tansportclub,,,['POI'],POINT(9.845794 53.573063),
Inter Osdorf 96 e.V.,,,['POI'],POINT(9.853158 53.590874),
Inter Wilhelmsburg e.V.,,,['POI'],POINT(10.021511 53.485314),
Interaktion e.V.,,,['POI'],POINT(10.013294 53.553242),
Iranischer Sportverein e.V.,,,['POI'],POINT(10.008507 53.573356),
Islandpferde Zucht- und Sportverein Nord e.V.,,,['POI'],POINT(10.086149 53.571067),
Jacht-Klub Nordwest e.V.,,,['POI'],POINT(9.884049 53.550692),
Jung-Do Hamburg e.V.,,,['POI'],POINT(9.889228 53.593306),
Juventude do Minho 1987 e.V.,,,['POI'],POINT(10.00556 53.51724),
Kaengado Sport e.V.,,,['POI'],POINT(10.023561 53.573461),
Kaifu Tri Team e.V.,,,['POI'],POINT(10.000539 53.601601),
Karate Hochschulsport Hamburg e.V.,,,['POI'],POINT(10.057635 53.571125),
Kegelsportgemeinschaft Altona von 1988 e.V.,,,['POI'],POINT(9.868274 53.607028),
Kilimanschanzo e.V.,,,['POI'],POINT(9.979239 53.570257),
Klipper Tennis- und Hockey-Club auf der Uhlenhorst e.V.,,,['POI'],POINT(10.018444 53.572265),
Kroatische Kulturgemeinschaft e.V.,,,['POI'],POINT(10.054498 53.553029),
Langenhorner Schachfreunde von 1928 e.V.,,,['POI'],POINT(9.99846 53.671569),
Lebensfitness e.V.,,,['POI'],POINT(9.95526 53.579939),
Leichtathletik-Gemeinschaft Hausbruch-Neugraben-Fischbek,,,['POI'],POINT(9.872266 53.471545),
Lemsahler Sport-Verein von 1967 e.V.,,,['POI'],POINT(10.100516 53.682957),
MSV Hamburg von 1974 e.V.,,,['POI'],POINT(10.149119 53.532892),
Marienthaler Tennis- und Hockey-Club e.V.,,,['POI'],POINT(10.088911 53.560475),
Meiendorfer Sportverein von 1949 e.V.,,,['POI'],POINT(10.16477 53.629883),
Midnight Move e.V.,,,['POI'],POINT(10.085707 53.477793),
Moorburger Turn-und Sportverein von 1897 e.V.,,,['POI'],POINT(9.92733 53.495229),
Motor-Yacht-Club Dove-Elbe-Wilhelmsburg von 1928 e.V.,,,['POI'],POINT(10.009454 53.511726),
Nady e.V.,,,['POI'],POINT(10.01445 53.55237),
Niendorfer Flugsportclub e.V.,,,['POI'],POINT(9.932045 53.639218),
Niendorfer Minigolf-Club e.V.,,,['POI'],POINT(9.971207 53.629436),
Niendorfer TSV von 1919 e.V.,,,['POI'],POINT(9.959234 53.641349),
Nienstedtener Turnverein von 1894 e.V.,,,['POI'],POINT(9.85441 53.594558),
Norddeutscher Regatta Verein,,,['POI'],POINT(10.007254 53.574615),
Norddeutscher und Flottbeker Reiterverein e.V.,,,['POI'],POINT(9.869949 53.56501),
Oberalster Verein für Wassersport e.V,,,['POI'],POINT(10.033429 53.627684),
Ochsenwerder Schützengemeinschaft von 1930 e.V.,,,['POI'],POINT(10.083329 53.483197),
Ochsenwerder Segelclub e.V.,,,['POI'],POINT(10.114062 53.548149),
Ornek-Türkspor e.V.,,,['POI'],POINT(9.952693 53.579277),
Ostsee Segler Gemeinschaft e.V.,,,['POI'],POINT(9.980614 53.583337),
Othmarscher Tennis-Club e.V.,,,['POI'],POINT(9.907449 53.551325),
Play Clean e.V.,,,['POI'],POINT(10.045386 53.562301),
Pluspunkte e.V.,,,['POI'],POINT(10.059229 53.588983),
Po-Eun e.V. Hamburg,,,['POI'],POINT(9.912163 53.548126),
Portugiesischer Kulturverein in Harburg,,,['POI'],POINT(9.966065 53.450534),
Post Sportverein Bergedorf e.V.,,,['POI'],POINT(10.188356 53.50627),
Post Sportverein Hamburg e.V.,,,['POI'],POINT(10.108848 53.615265),
Pöseldorfer Club e.V.,,,['POI'],POINT(9.995181 53.568373),
R.B.S. Elbgemeinden e.V.,,,['POI'],POINT(9.872435 53.579485),
Radfahrverein Hansa von 1904 Kirchwerder e.V.,,,['POI'],POINT(10.198206 53.439202),
Radsport Gemeinschaft Hamburg von 1893 e.V.,,,['POI'],POINT(10.015331 53.615547),
Radsport-Club Bergedorf von 1988 e.V.,,,['POI'],POINT(10.179607 53.476183),
Radsportclub Hamburg-City e.V.,,,['POI'],POINT(9.942971 53.582696),
Radsportverein Germania Hamburg von 1923 e.V.,,,['POI'],POINT(9.968871 53.557151),
Rahlstedter SC von 1905 e.V,,,['POI'],POINT(10.149068 53.600553),
Rathauskicker Hamburg e.V.,,,['POI'],POINT(9.991577 53.550495),
Rissener Sportverein von 1949 e.V.,,,['POI'],POINT(9.77463 53.584517),
S.V. Uhlenhorster-Adler von 1911/25 e.V.,,,['POI'],POINT(10.026696 53.577622),
SC Bosna 1992 e.V.,,,['POI'],POINT(9.953737 53.561262),
SC Condor von 1956 e.V.,,,['POI'],POINT(10.122312 53.609002),
SC Elbgau,,,['POI'],POINT(9.884692 53.60388),
SC Europa von 1992 e.V.,,,['POI'],POINT(10.155355 53.52762),
SC Hansa von 1910/11 e.V.,,,['POI'],POINT(9.972823 53.560389),
SC Osterbek von 1973 e.V,,,['POI'],POINT(10.078644 53.60058),
SC Sperber von 1838 e.V.,,,['POI'],POINT(10.010284 53.607323),
SC Sternschanze von 1911 e.V.,,,['POI'],POINT(9.96474 53.559322),
SC Union von 1903 e.V.,,,['POI'],POINT(9.94087 53.569001),
SC Urania von 1931 e.V.,,,['POI'],POINT(10.061086 53.58956),
Kundenzentrum Hamburg-Nord - Bezirksamt Hamburg-Nord,,,['POI'],POINT(9.982074 53.588348),
SC Vier-und Marschlande von 1899 e.V.,,,['POI'],POINT(10.13789 53.453279),
SSC Italia Amburgo e.V.,,,['POI'],POINT(9.959397 53.588622),
SV Altengamme von 1928 e.V.,,,['POI'],POINT(10.269144 53.428485),
SV Barmbek von 1939 e.V.,,,['POI'],POINT(10.052977 53.604781),
SV Blau Weiß Ellas von 1981 e.V.,,,['POI'],POINT(9.888909 53.600416),
SV Deutsche Jugendkraft Hamburg e.V.,,,['POI'],POINT(10.021315 53.563597),
SV Grün-Weiss Harburg von 1920 e.V.,,,['POI'],POINT(9.965683 53.436358),
SV Kurpunder/ Lohkamp e.V,,,['POI'],POINT(9.899756 53.604738),
SV Lurup-Hamburg von 1923 e.V.,,,['POI'],POINT(9.87004 53.592235),
SV Nettelnburg-Allermöhe von 1930 e.V.,,,['POI'],POINT(10.192615 53.47866),
SV Vahdet-Hamburg e.V.,,,['POI'],POINT(10.036214 53.563073),
SV Wilhelmsburg von 1888 e.V.,,,['POI'],POINT(10.019235 53.492162),
Sarajevo Sport-Verein von 1994 e.V.,,,['POI'],POINT(10.024872 53.628261),
Spielverein Curslack-Neuengamme,,,['POI'],POINT(10.221184 53.44649),
Spielvereinigung Blankenese von 1903 e.V.,,,['POI'],POINT(9.804262 53.570502),
Spielvereinigung Este 06/70 e.V.,,,['POI'],POINT(9.811103 53.516256),
Sport Hamburg Benfica,,,['POI'],POINT(9.946905 53.558099),
Sport-Club Concordia von 1907 e.V,,,['POI'],POINT(10.10026 53.567425),
Sport-Club Eilbek von 1913 e.V.,,,['POI'],POINT(10.050213 53.570103),
Sport-Club Finkenwerder von 1927 e.V.,,,['POI'],POINT(9.878832 53.526883),
Sport-Club Hamm von 1902 e.V.,,,['POI'],POINT(10.056883 53.549432),
Sport-Club Nienstedten von 1907 e.V,,,['POI'],POINT(9.858335 53.55273),
Sport-Club Poppenbüttel von 1930 e.V.,,,['POI'],POINT(10.074139 53.663518),
Sport-Club Teutonia 1910 e.V.,,,['POI'],POINT(9.943515 53.556293),
Sport-Club Victoria Hamburg von 1895 e.V.,,,['POI'],POINT(9.968514 53.588404),
Sport-Club Wentorf von 1906 e.V.,,,['POI'],POINT(10.251634 53.48794),
Sport-Verein Rönneburg von 1923 e.V.,,,['POI'],POINT(10.004029 53.432753),
Sport-Verein West-Eimsbüttel von 1923 e.V.,,,['POI'],POINT(9.947584 53.600577),
Sportclub Alstertal / Langenhorn e.V.,,,['POI'],POINT(10.01322 53.626473),
Sportclub Vorwärts-Wacker von 1904 e.V.,,,['POI'],POINT(10.116686 53.546965),
Sporting Clube de Hamburg von 1983 e.V.,,,['POI'],POINT(10.022218 53.549716),
Sportverein Bergedorf-West e.V.,,,['POI'],POINT(10.178385 53.493466),
Sportverein Bergstedt 1948 e.V.,,,['POI'],POINT(10.134185 53.670853),
Sportverein Eidelstedt von 1880 e.V.,,,['POI'],POINT(9.892767 53.605725),
Sportverein Fortuna 72 Hamburg e.V.,,,['POI'],POINT(10.036825 53.554729),
Sportverein K.S. Polonia von 1988 e.V.,,,['POI'],POINT(10.032334 53.568606),
Sportverein Mesopotamien,,,['POI'],POINT(9.986965 53.443049),
Sportverein Osdorfer Born e.V.,,,['POI'],POINT(9.850368 53.588836),
Sportverein Rot Weiss Wilhelmsburg e.V,,,['POI'],POINT(9.990833 53.507012),
Sportverein Rot-Gelb Harburg von 1950 e.V.,,,['POI'],POINT(9.945499 53.454437),
Sportverein Tonndorf-Lohe e.V. von 1921,,,['POI'],POINT(10.129215 53.589097),
Sportverein Vorwärts 93-Ost e.V,,,['POI'],POINT(10.021149 53.514124),
Sportvereinigung Billstedt-Horn von 1891 e.V.,,,['POI'],POINT(10.135984 53.540817),
Startschuß,,,['POI'],POINT(10.017728 53.627873),
TSC Wellingsbüttel von 1937 e.V.,,,['POI'],POINT(10.101399 53.635596),
TSG Bergedorf von 1860 e.V.,,,['POI'],POINT(10.21638 53.487963),
TSV Eppendorf/ Groß-Borstel von 1908 e.V.,,,['POI'],POINT(9.920965 53.635162),
TSV Hohlenhorst von 1963 e.V.,,,['POI'],POINT(10.165468 53.590493),
TSV Neuland von 1924 e.V.,,,['POI'],POINT(10.037264 53.467836),
TSV Wandsbek-Jenfeld von 1881 e.V.,,,['POI'],POINT(10.138838 53.575186),
TuS Germania Schnelsen von 1921 e.V.,,,['POI'],POINT(9.919016 53.63453),
TuS Osdorf von 1907 e.V.,,,['POI'],POINT(9.849668 53.578041),
Turn-und Sportgemeinsch. Dassendorf e.V. 1948,,,['POI'],POINT(10.225491 53.490458),
Turn-und Sportverein Berne von 1924 e.V.,,,['POI'],POINT(10.125986 53.627819),
Turn-und Sportverein Duwo 08,,,['POI'],POINT(10.138475 53.691874),
Turn-und Sportverein Hamburg von 1880 e.V.,,,['POI'],POINT(10.037229 53.553971),
Turn-und Sportverein Stellingen von 1888 e.V.,,,['POI'],POINT(9.929795 53.592611),
Turn-und Sportverein Wandsetal Hamburg von 1890 e.V.,,,['POI'],POINT(10.088251 53.581768),
UHC Hamburg (Uhlenhorster Hockey-Club),,,['POI'],POINT(10.05747 53.639442),
Uhlenhorster Sport-Club Paloma von 1909 e.V.,,,['POI'],POINT(10.035685 53.583421),
VSG Stapelfeld von 1968 e.V.,,,['POI'],POINT(10.18238 53.599043),
Vatan Gücü SC (Spor Klübü) e.V.,,,['POI'],POINT(10.020904 53.526508),
Verein für Leibesübungen Hamburg von 1893 e.V.,,,['POI'],POINT(10.016249 53.588979),
Vereinigung Tunesien Hamburg-Harburg,,,['POI'],POINT(9.97852 53.454081),
VfL Hammonia von 1922 e.V.,,,['POI'],POINT(10.008496 53.650198),
VfL Lohbrügge von 1892 e.V.,,,['POI'],POINT(10.207129 53.503854),
Voll in Bewegung e.V.,,,['POI'],POINT(10.132122 53.600697),
Kundenzentrum Harburg - Bezirksamt Harburg,,,['POI'],POINT(9.979517 53.458835),
Walddörfer Sport-Verein von 1924 e.V.,,,['POI'],POINT(10.161051 53.652984),
Weiss-Blau Gr. Borstel 1963,,,['POI'],POINT(9.98303 53.61393),
Wilhelmsburger Fußball-Altherren-Auswahl,,,['POI'],POINT(10.001139 53.500474),
Kundenzentrum Lokstedt - Bezirksamt Eimsbüttel,,,['POI'],POINT(9.953884 53.620743),
Kundenzentrum Rahlstedt - Bezirksamt Wandsbek,,,['POI'],POINT(10.156867 53.601817),
Kundenzentrum Stellingen - Bezirksamt Eimsbüttel,,,['POI'],POINT(9.933382 53.589537),
Kundenzentrum Süderelbe - Bezirksamt Harburg,,,['POI'],POINT(9.851644 53.46978),
Kundenzentrum Walddörfer - Bezirksamt Wandsbek,,,['POI'],POINT(10.161363 53.650016),
Kundenzentrum Wandsbek - Bezirksamt Wandsbek,,,['POI'],POINT(10.071163 53.571795),
Aikido-Verband Hamburg e.V.,,,['POI'],POINT(10.110019 53.632802),
Aikikai Hamburg,,,['POI'],POINT(10.216206 53.497166),
Altonaer Boule Club Hamburg e.V.,,,['POI'],POINT(9.930198 53.546352),
Altonaer Turnerverband von 1845 e.V.,,,['POI'],POINT(9.950079 53.548208),
American-Football Verband Hamburg e.V.,,,['POI'],POINT(9.924603 53.592068),
Angelsport-Verband Hamburg e.V.,,,['POI'],POINT(9.991702 53.574512),
Deutscher Alpenverein Sektion Hamburg und Niederelbe e.V.,,,['POI'],POINT(9.953529 53.597591),
Deutscher Giri-Sport-Verband e.V.,,,['POI'],POINT(10.09771 53.619896),
Deutscher Krocket Bund,,,['POI'],POINT(9.880768 53.554004),
Deutscher Sportlehrer-Verband e.V.,,,['POI'],POINT(10.185473 53.658208),
Deutscher Tennis Bund e.V.,,,['POI'],POINT(9.992516 53.573175),
Hamburger Bahnengolf-Verband e.V.,,,['POI'],POINT(10.084364 53.66109),
Hamburger Baseball und Softball Verband e.V.,,,['POI'],POINT(9.968275 53.572035),
Hamburger Cricket Sport Verband e.V.,,,['POI'],POINT(10.164106 53.647501),
Hamburger Eis- und Rollschuhsportverband e.V.,,,['POI'],POINT(9.972862 53.578512),
Hamburger Fußball-Verband,,,['POI'],POINT(10.127266 53.581721),
Hamburger Gewichtheber-Verband e.V.,,,['POI'],POINT(10.175894 53.611327),
Hamburger Leichtathletik-Verband e.V.,,,['POI'],POINT(10.006798 53.607532),
Hamburger Motorboot Verband e.V.,,,['POI'],POINT(10.176459 53.575155),
Hamburger Polo Club e.V.,,,['POI'],POINT(9.85346 53.561678),
Hamburger Rock'n Roll Verband e.V.,,,['POI'],POINT(10.126621 53.650492),
Hamburger Rugby-Verband e.V.,,,['POI'],POINT(10.029792 53.579545),
Hamburger Seglerverband e.V.,,,['POI'],POINT(9.918849 53.544085),
Hamburger Triathlon-Verband e.V.,,,['POI'],POINT(9.831312 53.577424),
Hamburgischer Ju-Jutsu-Verband e.V.,,,['POI'],POINT(9.916355 53.593389),
Landes Dart Verband Hamburg e.V.,,,['POI'],POINT(9.860137 53.472756),
Landes-Motorsport-Fachverband Hamburg e.V.,,,['POI'],POINT(10.015078 53.54709),
Landesfachverband Hamburg für Kegeln und Bowling e.V.,,,['POI'],POINT(10.066121 53.605383),
Landesverband der Reit-Fahrvereine Hamburg e.V.,,,['POI'],POINT(9.928358 53.569108),
Luftsportverband Hamburg e.V.,,,['POI'],POINT(10.155067 53.525907),
NaturFreunde Deutschland Landesverband Hamburg e.V.,,,['POI'],POINT(10.014723 53.55243),
Norddeutscher Ruder Bund,,,['POI'],POINT(10.117864 53.48233),
Racquetball Landesverband Hamburg e.V.,,,['POI'],POINT(10.142566 53.570658),
Rad- und Kraftfahrerverband Solidarität e.V.,,,['POI'],POINT(10.216492 53.506095),
Radsport-Verband Hamburg e.V.,,,['POI'],POINT(9.978091 53.570868),
Schützenkreis Sachsenwald e.V.,,,['POI'],POINT(10.083329 53.483197),
Schützenverband Hamburg und Umgebung e.V.,,,['POI'],POINT(9.887514 53.469735),
Wanderverband Norddeutschland e.V.,,,['POI'],POINT(10.023532 53.551061),
Kundenzentrum Wilhelmsburg - Bezirksamt Hamburg-Mitte,,,['POI'],POINT(9.997095 53.498971),
Kundenzentrum zentrales Schülerregister Hamburg,,,['POI'],POINT(10.045626 53.57629),
Liegenschaftsamt Bergedorf,,,['POI'],POINT(10.210225 53.490344),
"AKN-Burgwedel, Öffentliche Toilette,",,,['POI'],POINT(9.908847 53.64743),
"Alte Holstenstraße, Öffentliche Toilette",,,['POI'],POINT(10.208439 53.490569),
"Alte Rabenstraße, Öffentliche Toilette",,,['POI'],POINT(10.001613 53.567196),
"Altenwallbrücke, Automatiktoilette",,,['POI'],POINT(9.986997 53.548843),
"Alter Elbtunnel, Automatiktoilette",,,['POI'],POINT(9.966969 53.54588),
"Altonaer Fischmarkt, Öffentliche Toilette",,,['POI'],POINT(9.952382 53.545279),
"Audimax / Universität Hamburg, Öffentliche Toilette",,,['POI'],POINT(9.985731 53.566411),
"August-Kirch-Straße, Öffentliche Toilette",,,['POI'],POINT(9.898164 53.571693),
"Außenmühlendamm, Automatiktoilette",,,['POI'],POINT(9.983462 53.448424),
"Bismarckstraße, Öffentliche Toilette",,,['POI'],POINT(9.974732 53.578407),
"Blankeneser Landstraße, Öffentliche Toilette",,,['POI'],POINT(9.801987 53.565171),
"Blankeneser Markt, Öffentliche Toilette",,,['POI'],POINT(9.812297 53.562055),
"Botanischer Garten, Öffentliche Toilette",,,['POI'],POINT(9.862434 53.559188),
"Bremer Straße, Automatiktoilette",,,['POI'],POINT(9.982387 53.458596),
"Eduard-Rhein-Ufer, Öffentliche Toilette",,,['POI'],POINT(10.015455 53.567861),
"Eidelstedter Platz, Busbahnhof, Öffentliche Toilette",,,['POI'],POINT(9.904861 53.608212),
"Elbuferweg 12, Öffentliche Toilette",,,['POI'],POINT(9.854098 53.548394),
"Elbuferweg 136, Öffentliche Toilette",,,['POI'],POINT(9.823975 53.554131),
"Elbuferweg 85, Öffentliche Toilette",,,['POI'],POINT(9.851612 53.549319),
"Elsässer Straße, Öffentliche Toilette",,,['POI'],POINT(10.062795 53.581826),
"Eppendorfer Landstraße, Automatiktoilette",,,['POI'],POINT(9.986846 53.589018),
"Eppendorfer Marktplatz, Businsel, Öffentliche Toilette",,,['POI'],POINT(9.989185 53.592809),
"Falkensteiner Ufer, Öffentliche Toilette",,,['POI'],POINT(9.761126 53.56577),
"Finkenwerder Marktplatz, Öffentliche Toilette",,,['POI'],POINT(9.878754 53.533308),
"Fleetplatz, Urinalanlage",,,['POI'],POINT(10.158513 53.489733),
"Flottbeker Wochenmarkt, Markttoilette",,,['POI'],POINT(9.878878 53.568368),
"Friedhof Niendorf, Öffentliche Toilette",,,['POI'],POINT(9.954173 53.618791),
"Friedhof Ohlsdorf, Öffentliche Toilette",,,['POI'],POINT(10.081628 53.623951),
"Fuhlsbütteler Marktplatz, Markttoilette",,,['POI'],POINT(10.022023 53.626731),
"Gerhard-Hauptmann-Platz, Öffentliche Toilette",,,['POI'],POINT(9.999676 53.550993),
"Goldbekufer, Markttoilette",,,['POI'],POINT(10.009635 53.583949),
"Grindelberg, Automatiktoilette",,,['POI'],POINT(9.978796 53.575247),
"Große Bergstraße, Automatiktoilette",,,['POI'],POINT(9.943326 53.551883),
"Großneumarkt, Öffentliche Toilette",,,['POI'],POINT(9.980073 53.550176),
"Grundstraße, Markttoilette",,,['POI'],POINT(9.9436 53.577067),
"Hansaplatz, Urinalanlage",,,['POI'],POINT(10.011683 53.554657),
"Hardorffsweg, Öffentliche Toilette",,,['POI'],POINT(10.039797 53.591607),
"Hartzloh, Öffentliche Markttoilette",,,['POI'],POINT(10.038949 53.60077),
"Hauptbahnhof, Ausgang Mönckebergstr. Öffentliche Toilette",,,['POI'],POINT(10.005488 53.551753),
"Hauptbahnhof, Wandelhalle, Öffentliche Toilette",,,['POI'],POINT(10.008053 53.553646),
"Hellgrundweg, Picknick-Imbiss, Öffentliche Toilette",,,['POI'],POINT(9.895288 53.584213),
"Hohenzollernring, Siggis Kiosk, Öffentliche Toilette",,,['POI'],POINT(9.917114 53.546147),
"Jenischpark, Öffentliche Toilette",,,['POI'],POINT(9.866287 53.552772),
"Jungfernstieg, Automatiktoilette",,,['POI'],POINT(9.991382 53.554423),
"Krugkoppel, Öffentliche Toilette",,,['POI'],POINT(9.997472 53.578516),
"Landungsbrücken, Brücke 2, Öffentliche Toilette",,,['POI'],POINT(9.969032 53.545702),
"Landungsbrücken, Brücke 4, Öffentliche Toilette",,,['POI'],POINT(9.968519 53.545697),
"Neugraben Markt, Öffentliche Toilette",,,['POI'],POINT(9.85399 53.469629),
"Markt-Busbahnhof, Öffentliche Toilette",,,['POI'],POINT(9.950876 53.617335),
"Niendorfer Markt, Markttoilette",,,['POI'],POINT(9.952365 53.622382),
"Planten un Blomen-Kinderspielplatz, Öffentliche Toilette",,,['POI'],POINT(9.981711 53.560325),
"Rahlstedter Bahnhof, ZOB, Öffentliche Toilette",,,['POI'],POINT(10.154467 53.604114),
"Rathausmarkt bei den Arkaden, Öffentliche Toilette",,,['POI'],POINT(9.994009 53.550609),
"Rathauspassage, Öffentliche Toilette",,,['POI'],POINT(9.992091 53.551164),
"Reeperbahn, Urinalanlage",,,['POI'],POINT(9.962443 53.549214),
"Rissener Ufer, Öffentliche Toilette",,,['POI'],POINT(9.756037 53.56476),
"Rothenburgsorter Marktplatz, Öffentliche Toilette",,,['POI'],POINT(10.039749 53.533678),
"S-Altona, WC-Center",,,['POI'],POINT(9.93507 53.551759),
"S-Dammtor, Automatiktoilette",,,['POI'],POINT(9.990112 53.56075),
"S-Dammtor, Öffentliche Toilette",,,['POI'],POINT(9.989829 53.560932),
"S-Elbgaustraße, Öffentliche Toilette",,,['POI'],POINT(9.893078 53.603269),
"S-Harburg, Öffentliche Toilette",,,['POI'],POINT(9.991664 53.456138),
"S-Heimfeld, Automatiktoilette",,,['POI'],POINT(9.963482 53.465435),
"S-Neugraben, Öffentliche Toilette",,,['POI'],POINT(9.850748 53.473938),
"S-Neuwiedenthal, Öffentliche Toilette",,,['POI'],POINT(9.875322 53.472934),
"S-Othmarschen, Öffentliche Toilette",,,['POI'],POINT(9.886997 53.558936),
"S-Poppenbüttel, Automatiktoilette",,,['POI'],POINT(10.09421 53.651674),
"S-Rissen, Öffentliche Toilette",,,['POI'],POINT(9.756311 53.582657),
"S-Stellingen, Bus-Shuttle, Urinalanlage",,,['POI'],POINT(9.915587 53.589316),
"S-Stellingen, Öffentliche Toilette",,,['POI'],POINT(9.918384 53.590148),
"S-Veddel, Busbahnhof, Öffentliche Toilette",,,['POI'],POINT(10.013296 53.520499),
"S-Wilhelmsburg, Öffentliche Toilette",,,['POI'],POINT(10.007265 53.497601),
"Sand-Blumenmarkt, Öffentliche Toilette",,,['POI'],POINT(9.980755 53.461574),
"Schmilinskystraße/An der Alster, Öffentliche Toilette",,,['POI'],POINT(10.011171 53.559729),
"Schöne Aussicht/Uhlenhorst, Öffentliche Toilette",,,['POI'],POINT(10.016691 53.568416),
"St.Michaelis/Krayenkamp, Öffentliche Toilette",,,['POI'],POINT(9.979146 53.547929),
"Stadtpark-Rosengartenweg, Öffentliche Toilette",,,['POI'],POINT(10.024894 53.597989),
"Stadtpark-Trinkhalle, Öffentliche Toilette",,,['POI'],POINT(10.014455 53.592885),
"Strandweg-Mühlenberger Weg, Öffentliche Toilette",,,['POI'],POINT(9.816519 53.554829),
"Strandweg-Opn Buulln, Öffentliche Toilette",,,['POI'],POINT(9.810823 53.556009),
"Straßburger Platz, Öffentliche Toilette",,,['POI'],POINT(10.062809 53.581808),
"Stübenplatz, Öffentliche Toilette",,,['POI'],POINT(9.987206 53.517006),
"Teufelsbrück-Anleger, Öffentliche Toilette",,,['POI'],POINT(9.863335 53.54635),
"Turmweg, Automatiktoilette",,,['POI'],POINT(9.989006 53.570913),
"U-Alsterdorf, Öffentliche Toilette",,,['POI'],POINT(10.011689 53.606709),
"U-Baumwall, Öffentliche Toilette",,,['POI'],POINT(9.982076 53.544149),
"U-Berne, Öffentliche Toilette",,,['POI'],POINT(10.138889 53.626466),
"U-Billstedt, Öffentliche Toilette",,,['POI'],POINT(10.106626 53.542431),
"U-Borgweg, Öffentliche Toilette",,,['POI'],POINT(10.015403 53.590846),
"U-Buchenkamp, Öffentliche Toilette",,,['POI'],POINT(10.185009 53.652965),
"U-Burgstraße, Öffentliche Toilette",,,['POI'],POINT(10.042088 53.555852),
"U-Farmsen, Öffentliche Toilette",,,['POI'],POINT(10.118077 53.607092),
"U-Fuhlsbüttel, Öffentliche Toilette",,,['POI'],POINT(10.02643 53.632668),
"U-Hagenbecks Tierpark, Öffentliche Toilette",,,['POI'],POINT(9.944007 53.593291),
"U-Hamburger Straße, Öffentliche Toilette",,,['POI'],POINT(10.03746 53.574528),
"U-Hoisbüttel, Öffentliche Toilette",,,['POI'],POINT(10.147522 53.67831),
Liegenschaftsamt Eimsbüttel,,,['POI'],POINT(9.979242 53.574974),
"U-Horner Rennbahn, Öffentliche Toilette",,,['POI'],POINT(10.083793 53.55389),
"U-Kellinghusenstraße, Öffentliche Toilette",,,['POI'],POINT(9.991303 53.589062),
"U-Langenhorner Markt, Öffentliche Toilette",,,['POI'],POINT(10.017227 53.649154),
"U-Lattenkamp, Öffentliche Toilette",,,['POI'],POINT(9.994901 53.599527),
"U-Mundsburg, Öffentliche Toilette",,,['POI'],POINT(10.027399 53.569286),
"U-Mümmelmannsberg, Öffentliche Toilette",,,['POI'],POINT(10.150152 53.528165),
"U-Niendorf-Nord, Automatiktoilette",,,['POI'],POINT(9.950432 53.640592),
"U-Ochsenzoll, Öffentliche Toilette",,,['POI'],POINT(10.001214 53.677934),
"U-Ohlstedt, Öffentliche Toilette",,,['POI'],POINT(10.137149 53.694924),
"U-Saarlandstraße, Öffentliche Toilette",,,['POI'],POINT(10.032797 53.588828),
"U-Schlump, Öffentliche Toilette",,,['POI'],POINT(9.969936 53.568077),
"U-St. Pauli, Öffentliche Automatiktoilette",,,['POI'],POINT(9.970327 53.550867),
"U-Steinfurther Allee, Öffentliche Toilette",,,['POI'],POINT(10.139439 53.540829),
"U-Volksdorf, Öffentliche Toilette",,,['POI'],POINT(10.163245 53.650268),
"U-Wandsbek Markt ZOB, Öffentliche Toilette",,,['POI'],POINT(10.069162 53.572083),
"U-Wandsbek Markt, Öffentliche Toilette",,,['POI'],POINT(10.067568 53.571738),
"U-Wandsbek-Gartenstadt, Öffentliche Toilette",,,['POI'],POINT(10.074993 53.592454),
"U/S Berliner Tor, Automatiktoilette",,,['POI'],POINT(10.024175 53.553284),
"U/S Jungfernstieg, Öffentliche Toilette",,,['POI'],POINT(9.993681 53.552706),
"U/S Wandsbeker Chaussee, Automatiktoilette",,,['POI'],POINT(10.059189 53.569898),
"Winterhuder Marktplatz, Öffentliche Toilette",,,['POI'],POINT(9.999805 53.594841),
"Övelgönner Schulberg, Öffentliche Toilette",,,['POI'],POINT(9.905428 53.544332),
"Überseebrücke/Vorsetzen, Öffentliche Toilette",,,['POI'],POINT(9.978446 53.543783),
Liegenschaftsamt Hamburg-Nord,,,['POI'],POINT(9.985066 53.590381),
Liegenschaftsamt Harburg,,,['POI'],POINT(9.977516 53.459561),
Liegenschaftsamt Wandsbek,,,['POI'],POINT(10.070594 53.571414),
Altonaer Rathaus,,,['POI'],POINT(9.935379 53.547318),
A&O Hamburg Hammer Kirche,,,['POI'],POINT(10.061378 53.554226),
A&O Hamburg Hauptbahnhof,,,['POI'],POINT(10.010623 53.547523),
A&O Hamburg Reeperbahn,,,['POI'],POINT(9.958518 53.549794),
ARCADIA (Quality) Hotel Hamburg City,,,['POI'],POINT(10.014394 53.54874),
Acarde Hostel Hamburg,,,['POI'],POINT(9.930511 53.590827),
Adria Hof,,,['POI'],POINT(10.010094 53.554464),
All Seasons Hamburg,,,['POI'],POINT(10.042618 53.574914),
Alpha Pension,,,['POI'],POINT(10.0083 53.55642),
Ambiente by Next Inn,,,['POI'],POINT(9.961289 53.549529),
Aparthotel York,,,['POI'],POINT(10.014733 53.575531),
Apartment-Hotel Hamburg-Mitte,,,['POI'],POINT(10.063048 53.554014),
Appartementhaus Ambiente,,,['POI'],POINT(9.976502 53.594279),
Appartementhaus Bridi,,,['POI'],POINT(10.128955 53.571434),
Appartementhotel Hamburg,,,['POI'],POINT(10.043327 53.550989),
Arcotel Rubin,,,['POI'],POINT(10.016049 53.555474),
Arian Hotel,,,['POI'],POINT(10.011868 53.553524),
Astron Suite-Hotel Hamburg,,,['POI'],POINT(9.973196 53.556882),
Aussen Alster Hotel,,,['POI'],POINT(10.011245 53.559693),
Auszeit Hotel Hamburg,,,['POI'],POINT(9.850631 53.47109),
Auto Hotel am Hafen,,,['POI'],POINT(9.965194 53.549444),
Auto-Parkhotel Hamburg,,,['POI'],POINT(9.957414 53.549012),
B&B Hamburg Altona,,,['POI'],POINT(9.929088 53.563154),
Backpackers St. Pauli,,,['POI'],POINT(9.958564 53.557171),
Baseler Hof,,,['POI'],POINT(9.991548 53.557647),
Basic Hotel Wandsbek,,,['POI'],POINT(10.105116 53.590401),
Bed & Breakfast Thaden 88,,,['POI'],POINT(9.958168 53.557003),
Bed Park,,,['POI'],POINT(9.955683 53.561228),
Bei der Esplanade,,,['POI'],POINT(9.990541 53.555859),
Bengel und Engel Kinderhotel,,,['POI'],POINT(9.943982 53.577944),
Berghotel Hamburg Blick,,,['POI'],POINT(9.887394 53.458917),
Best Western Hotel Hamburg International,,,['POI'],POINT(10.06358 53.55418),
Best Western Hotel St.Raphael,,,['POI'],POINT(10.017315 53.552893),
Best Western Plaza Hotel Hamburg,,,['POI'],POINT(10.032279 53.620236),
Best Western Premier Alsterkrug Hotel,,,['POI'],POINT(9.994957 53.609617),
Best Western Queens Hotel Hamburg,,,['POI'],POINT(10.02378 53.601287),
Best Western Raphael Hotel Altona,,,['POI'],POINT(9.935952 53.554142),
Boulevard Hotel,,,['POI'],POINT(10.015222 53.575132),
Boutique 020,,,['POI'],POINT(10.009927 53.554394),
Bundts Gartenrestauarnt Hotel,,,['POI'],POINT(9.813681 53.520956),
CCH City Club,,,['POI'],POINT(10.14502 53.546419),
Cabo Hotel,,,['POI'],POINT(9.954615 53.552),
Café Keese,,,['POI'],POINT(9.966055 53.550147),
Central Hotel belle etage,,,['POI'],POINT(10.011113 53.557313),
Centro Hotel,,,['POI'],POINT(10.008896 53.552929),
Centro Hotel Brenner Hof,,,['POI'],POINT(10.017074 53.556696),
City Apartment Hotel,,,['POI'],POINT(10.024075 53.56041),
City Center,,,['POI'],POINT(10.017315 53.552893),
City Hotel,,,['POI'],POINT(10.010745 53.554548),
City Hotel Monopol,,,['POI'],POINT(9.96427 53.549946),
City Inter,,,['POI'],POINT(10.088045 53.512024),
City Partner Hotel,,,['POI'],POINT(10.089132 53.574949),
City Partner Hotel Fürst Bismarck,,,['POI'],POINT(10.008425 53.553427),
City-House,,,['POI'],POINT(10.014911 53.553965),
Clipper Elb Lodge,,,['POI'],POINT(9.946527 53.544525),
Commundo Tagungshotel,,,['POI'],POINT(10.186231 53.487916),
Continental Garni,,,['POI'],POINT(10.008187 53.554202),
Courtyard Hamburg Airport,,,['POI'],POINT(10.015866 53.640324),
Crowne Plaza Hamburg,,,['POI'],POINT(10.018766 53.563061),
Daily Fresh Hotel und Konferenzcenter,,,['POI'],POINT(9.932704 53.473694),
Das weiße Hotel an der Elbchaussee,,,['POI'],POINT(9.872098 53.546979),
Deutscher Hof,,,['POI'],POINT(10.009562 53.553004),
Deutsches Haus Francop,,,['POI'],POINT(9.863559 53.507739),
Deutsches Haus Neugraben,,,['POI'],POINT(9.854278 53.467479),
Dorfhotel - Galerie,,,['POI'],POINT(10.162799 53.647235),
Dorint Sofitel Am Alten Wall Hamburg,,,['POI'],POINT(9.989816 53.550015),
EGON Hotel Hamburg City,,,['POI'],POINT(9.953567 53.549699),
East Hotel,,,['POI'],POINT(9.963342 53.550941),
Elb Lounge Gästehaus,,,['POI'],POINT(9.826703 53.56095),
Emde Haus,,,['POI'],POINT(9.878458 53.564112),
Empire Riverside Hotel,,,['POI'],POINT(9.964479 53.547176),
Euro Inn,,,['POI'],POINT(9.955951 53.549671),
Europäischer Hof,,,['POI'],POINT(10.008404 53.553813),
Fairmont Hotel Vier Jahreszeiten,,,['POI'],POINT(9.991352 53.555061),
Forsthaus Bergedorf,,,['POI'],POINT(10.226496 53.492388),
Frauenhotel Hanseatin,,,['POI'],POINT(9.981491 53.555376),
Fresena- im Dammtorpalais Garni,,,['POI'],POINT(9.986185 53.563883),
Frisia Garni,,,['POI'],POINT(10.012972 53.554287),
Fritzhotel,,,['POI'],POINT(9.965645 53.56459),
GASTWERK HOTEL Hamburg,,,['POI'],POINT(9.918965 53.562657),
GHOTEL hotel & living Hamburg,,,['POI'],POINT(9.94156 53.564764),
Garden Hotels,,,['POI'],POINT(9.997963 53.569221),
Gartenrestaurant,,,['POI'],POINT(9.817207 53.520878),
Gasthof Sohre,,,['POI'],POINT(10.016402 53.4871),
Grand City Hamburg Mitte,,,['POI'],POINT(10.026981 53.553898),
Grand Elysée Hotel Hamburg,,,['POI'],POINT(9.990724 53.56371),
Gästehaus Kirchwerder,,,['POI'],POINT(10.139122 53.422824),
Gästehaus Picklapp,,,['POI'],POINT(9.895521 53.60308),
Gästehaus Universität Hamburg,,,['POI'],POINT(9.989783 53.565389),
H4 Hotel Hamburg Bergedorf,,,['POI'],POINT(10.20897 53.487014),
Hadleys Bed & Breakfast,,,['POI'],POINT(9.977595 53.570315),
Marriott Hotel,,,['POI'],POINT(9.987552 53.554527),
Rathaus Hamburg,,,['POI'],POINT(9.992419 53.550371),
Quartier 1a Apartment,,,['POI'],POINT(10.015145 53.584504),
Hansehof,,,['POI'],POINT(9.963857 53.550991),
Haralds Hotel,,,['POI'],POINT(9.963923 53.549912),
Haus Fransiska,,,['POI'],POINT(10.019094 53.552851),
Heikotel Hotel Am Stadtpark Hamburg,,,['POI'],POINT(10.032014 53.585852),
Hela Garni,,,['POI'],POINT(10.016252 53.567719),
Holiday Inn Express Hamburg City Centre,,,['POI'],POINT(10.032471 53.561857),
Holiday Inn HafenCity,,,['POI'],POINT(10.003487 53.541167),
Holiday Inn Hamburg,,,['POI'],POINT(10.031076 53.536152),
Holsteiner Haus,,,['POI'],POINT(10.069469 53.600977),
Hostel Buch ein Bett,,,['POI'],POINT(9.964935 53.549976),
Hotel & Gästehaus der Deutschen Post (Letzer Heller),,,['POI'],POINT(10.087773 53.544357),
Hotel & Landhaus Kastanie,,,['POI'],POINT(10.107452 53.701537),
Hotel Aachenerhof,,,['POI'],POINT(10.006727 53.556281),
Hotel Aarhus,,,['POI'],POINT(9.853252 53.47109),
Hotel Abtei,,,['POI'],POINT(9.989682 53.579803),
Hotel Accord Novum Hamburg Centrum,,,['POI'],POINT(10.016705 53.555783),
Hotel Adina,,,['POI'],POINT(9.987072 53.564379),
Hotel Adler,,,['POI'],POINT(10.000775 53.55279),
Hotel Adria (Bergstedter Ch.),,,['POI'],POINT(10.1258 53.669621),
Hotel Agaria City Appartments,,,['POI'],POINT(10.009325 53.553204),
Hotel Alameda,,,['POI'],POINT(9.990541 53.555859),
Hotel Albertus Paris,,,['POI'],POINT(10.065739 53.577622),
Hotel Alpenhotels,,,['POI'],POINT(9.961827 53.464837),
Hotel Alster,,,['POI'],POINT(9.93527 53.592946),
Hotel Alster-Au,,,['POI'],POINT(10.117455 53.706458),
Hotel Alster-Hof,,,['POI'],POINT(9.99113 53.557831),
Hotel Alster-Sierich,,,['POI'],POINT(10.007819 53.579966),
Hotel Alsterblick,,,['POI'],POINT(10.016832 53.565468),
Hotel Alsterkrone,,,['POI'],POINT(10.016832 53.565468),
Hotel Alsterpark,,,['POI'],POINT(10.030184 53.63597),
Hotel Alt Hamburg,,,['POI'],POINT(9.960324 53.548899),
Hotel Alt Lohbrügger Hof,,,['POI'],POINT(10.20594 53.502347),
Hotel Alt- Nürnberg,,,['POI'],POINT(10.009539 53.553319),
Hotel Altan,,,['POI'],POINT(9.963047 53.557207),
Hotel Alte Wache,,,['POI'],POINT(10.014611 53.552764),
Hotel Altenwerder Hof,,,['POI'],POINT(9.857966 53.47261),
Hotel Am Baurs Park,,,['POI'],POINT(9.815167 53.559843),
Hotel Am Dammtor,,,['POI'],POINT(9.987038 53.564864),
Hotel Am Deich,,,['POI'],POINT(10.173543 53.473107),
Hotel Am Elbufer,,,['POI'],POINT(9.872937 53.538652),
Hotel Am Holstenwall,,,['POI'],POINT(9.976912 53.553778),
Hotel Am Museum garni,,,['POI'],POINT(9.98804 53.570912),
Hotel Am Rothenbaum,,,['POI'],POINT(9.988396 53.571304),
Hotel Ambassador,,,['POI'],POINT(10.026153 53.550239),
Hotel Amsterdam,,,['POI'],POINT(9.986185 53.563883),
Hotel Annenhof,,,['POI'],POINT(10.010038 53.556522),
Hotel Aquasport,,,['POI'],POINT(10.071751 53.58729),
Hotel Armgart-Burg,,,['POI'],POINT(10.020449 53.565257),
Hotel Asgard,,,['POI'],POINT(10.017014 53.56676),
Hotel Astoria,,,['POI'],POINT(10.015056 53.555617),
Hotel Atlantic Hamburg,,,['POI'],POINT(10.004395 53.557208),
Hotel August Giele,,,['POI'],POINT(10.017177 53.640151),
Hotel Ausspann,,,['POI'],POINT(9.906382 53.64885),
Hotel Austria Hamburg,,,['POI'],POINT(9.960309 53.550247),
Hotel Baumann,,,['POI'],POINT(10.008497 53.5533),
Hotel Bee Fang,,,['POI'],POINT(10.008037 53.554868),
Hotel Behn,,,['POI'],POINT(10.113148 53.538031),
Hotel Behrmann,,,['POI'],POINT(9.825085 53.559245),
Hotel Beim Funk,,,['POI'],POINT(9.989161 53.575611),
Hotel Bellmoor im Dammtorpalais,,,['POI'],POINT(9.986185 53.563883),
Hotel Belmont,,,['POI'],POINT(10.016982 53.566689),
Hotel Bergedorfer Höhe,,,['POI'],POINT(10.223186 53.490967),
Hotel Blanco,,,['POI'],POINT(10.028604 53.570417),
Hotel Blankenese,,,['POI'],POINT(9.824914 53.571385),
Hotel Boberger Höhe,,,['POI'],POINT(10.184146 53.506636),
Hotel Boritzka,,,['POI'],POINT(9.968579 53.568169),
Hotel Boston,,,['POI'],POINT(9.952746 53.56215),
Hotel Bremer Hof,,,['POI'],POINT(10.011432 53.554237),
Hotel Bridge Inn,,,['POI'],POINT(10.030639 53.536174),
Hotel Budapester Hof,,,['POI'],POINT(9.964268 53.555139),
Hotel Böttcherhof,,,['POI'],POINT(10.083395 53.538349),
Hotel Central,,,['POI'],POINT(9.936124 53.553727),
Hotel City Nord,,,['POI'],POINT(10.037371 53.600478),
Hotel Clausen,,,['POI'],POINT(10.022882 53.56538),
Hotel Cockpit,,,['POI'],POINT(10.012659 53.645967),
Hotel Columbia,,,['POI'],POINT(9.873766 53.548862),
Hotel Commerz,,,['POI'],POINT(9.935352 53.550193),
Hotel Commodore,,,['POI'],POINT(9.964489 53.555578),
Hotel Condi,,,['POI'],POINT(10.048497 53.644661),
Hotel Condor,,,['POI'],POINT(10.009629 53.553282),
Hotel Cristobal,,,['POI'],POINT(10.00856 53.582547),
Hotel Domicil Hamburg by Golden Tulip,,,['POI'],POINT(9.959099 53.560123),
Hotel Eilenau,,,['POI'],POINT(10.029962 53.566047),
Hotel Elbbrücken,,,['POI'],POINT(10.032676 53.535581),
Hotel Elbinsel,,,['POI'],POINT(9.878848 53.532705),
Hotel Eleazar- Novum,,,['POI'],POINT(10.0102 53.553834),
Hotel Engel,,,['POI'],POINT(9.95593 53.60627),
Hotel Entrée residenz,,,['POI'],POINT(9.976057 53.609009),
Hotel Fernkraft,,,['POI'],POINT(10.040283 53.553019),
Hotel Figaro Hamburg,,,['POI'],POINT(9.96608 53.557182),
Hotel Fuchsbau,,,['POI'],POINT(9.8811 53.623665),
Hotel Garni Bodo Schaub,,,['POI'],POINT(9.987222 53.592798),
Hotel Golden Ring,,,['POI'],POINT(9.978048 53.5651),
Hotel Grenzkrug,,,['POI'],POINT(10.071974 53.608035),
Hotel Haack,,,['POI'],POINT(10.005161 53.584391),
Hotel Hacker,,,['POI'],POINT(9.967165 53.588865),
Hotel Hadenfeldt,,,['POI'],POINT(10.058054 53.629571),
Hotel Hafen Hamburg,,,['POI'],POINT(9.970233 53.547426),
Hotel Hafentor,,,['POI'],POINT(9.972749 53.545968),
Hotel Hagemann,,,['POI'],POINT(9.992897 53.516654),
Hotel Hamburg Nord,,,['POI'],POINT(10.129686 53.597135),
Hotel Hamburg Novum,,,['POI'],POINT(10.012689 53.553786),
Hotel Hamburger Perle,,,['POI'],POINT(9.965404 53.548696),
Hotel Hamburger Wald,,,['POI'],POINT(10.260407 53.652446),
Hotel Hansa 7,,,['POI'],POINT(10.011836 53.554737),
Hotel Hanse Clipper Haus,,,['POI'],POINT(9.977393 53.546514),
Hotel Hanseat,,,['POI'],POINT(10.197706 53.493615),
Hotel Hanseat (Reeperbahn),,,['POI'],POINT(9.966977 53.550193),
Hotel Hansen,,,['POI'],POINT(10.129813 53.587744),
Hotel Hanseport Hamburg,,,['POI'],POINT(9.961213 53.547508),
Hotel Harburger Hof,,,['POI'],POINT(9.981997 53.462543),
Hotel Heckkaten,,,['POI'],POINT(10.187917 53.490568),
Hotel Heimfeld,,,['POI'],POINT(9.94905 53.462423),
Hotel Helgoland Hamburg,,,['POI'],POINT(9.938623 53.575255),
Hotel Him,,,['POI'],POINT(9.910667 53.556431),
Hotel Hong-Kong,,,['POI'],POINT(9.961289 53.55023),
Hotel Ibis Hamburg Airport,,,['POI'],POINT(10.010401 53.622364),
Hotel Ibis Hamburg Alster Centrum,,,['POI'],POINT(10.004553 53.556865),
Hotel Ibis Hamburg St. Pauli Messe,,,['POI'],POINT(9.966479 53.550844),
Hotel Ibis Hamburg Wandsbek,,,['POI'],POINT(10.061246 53.56882),
Hotel Imperial,,,['POI'],POINT(9.969957 53.550537),
Hotel In de döns,,,['POI'],POINT(10.031033 53.62181),
Hotel InterContinental Hamburg,,,['POI'],POINT(9.995852 53.564845),
Hotel Jasmin,,,['POI'],POINT(10.030112 53.636096),
Hotel Jeanette,,,['POI'],POINT(10.016252 53.567719),
Hotel Jungclaus,,,['POI'],POINT(10.243655 53.489192),
Hotel Jutta Bundt,,,['POI'],POINT(9.954253 53.483633),
Hotel Kiek In,,,['POI'],POINT(9.859365 53.529136),
Hotel Kieler Hof,,,['POI'],POINT(10.011233 53.554113),
Hotel Kogge,,,['POI'],POINT(9.960988 53.546926),
Hotel Kopenhagen,,,['POI'],POINT(10.01089 53.55302),
Hotel Kronprinz Novum,,,['POI'],POINT(10.008271 53.553922),
Hotel Königshof Novum,,,['POI'],POINT(10.014568 53.553492),
Hotel Lafayette,,,['POI'],POINT(9.955375 53.550889),
Hotel Landhaus Flottbek,,,['POI'],POINT(9.873734 53.564874),
Hotel Lauenburger Hof,,,['POI'],POINT(10.216919 53.486816),
Hotel Lausen,,,['POI'],POINT(9.959947 53.549585),
Hotel Leuchtmann,,,['POI'],POINT(10.116369 53.643157),
Hotel Lilienhof,,,['POI'],POINT(10.004777 53.554221),
Hotel Lindtner,,,['POI'],POINT(9.940056 53.460859),
Hotel Louis C. Jacob,,,['POI'],POINT(9.844973 53.55004),
Hotel Lumen,,,['POI'],POINT(10.010775 53.553245),
Hotel Maack,,,['POI'],POINT(10.035217 53.391152),
Hotel Maassen,,,['POI'],POINT(9.990209 53.517125),
Hotel Majestätische Aussicht,,,['POI'],POINT(9.924421 53.45293),
Hotel Marco Polo,,,['POI'],POINT(10.058145 53.571004),
Hotel Mare,,,['POI'],POINT(10.020205 53.565152),
Hotel Marienthal,,,['POI'],POINT(10.075069 53.564509),
Hotel Meiendorfer Park,,,['POI'],POINT(10.15899 53.638502),
Hotel Mellingburger Schleuse,,,['POI'],POINT(10.100086 53.668198),
Hotel Mercedes,,,['POI'],POINT(10.011789 53.553407),
Hotel Mirag,,,['POI'],POINT(10.012124 53.553512),
Hotel Miramar,,,['POI'],POINT(10.021905 53.565533),
Hotel Möwe,,,['POI'],POINT(10.016252 53.567719),
Hotel Münsch,,,['POI'],POINT(9.935613 53.576366),
Hotel Nevada,,,['POI'],POINT(10.041249 53.551169),
Hotel Nord,,,['POI'],POINT(10.012176 53.554419),
Hotel Novotel Hamburg Alster,,,['POI'],POINT(10.024953 53.558633),
Hotel Novotel Hamburg Arena,,,['POI'],POINT(9.889667 53.574668),
Hotel Oase,,,['POI'],POINT(10.01753 53.55556),
Hotel Oldenburg,,,['POI'],POINT(10.010213 53.553753),
Hotel Pacific Hamburg,,,['POI'],POINT(9.963324 53.556764),
Hotel Panorama Billstedt,,,['POI'],POINT(10.101053 53.539886),
Hotel Panorama Hamburg Harburg,,,['POI'],POINT(9.984577 53.458901),
Hotel Pension Fink,,,['POI'],POINT(9.988192 53.569671),
Hotel Pension Fritsche,,,['POI'],POINT(9.822651 53.567573),
Hotel Pension Miegel Ingeborg,,,['POI'],POINT(9.986743 53.570339),
Hotel Pension von Blumfeld,,,['POI'],POINT(10.010511 53.557363),
Hotel Piza,,,['POI'],POINT(10.022519 53.565321),
Hotel Polo,,,['POI'],POINT(10.014005 53.552679),
Hotel Poppenbüttler Hof,,,['POI'],POINT(10.083283 53.656095),
Hotel Prem,,,['POI'],POINT(10.014111 53.56152),
Hotel Preuß,,,['POI'],POINT(9.986185 53.563883),
Hotel Residence,,,['POI'],POINT(10.011044 53.553153),
Hotel Restaurant Bei Musa,,,['POI'],POINT(9.863295 53.471754),
Hotel Rosengarten,,,['POI'],POINT(10.087855 53.655065),
Hotel Rowin,,,['POI'],POINT(9.879965 53.582889),
Hotel Sachsentor,,,['POI'],POINT(10.212669 53.488872),
Hotel Savoy Novum,,,['POI'],POINT(10.012583 53.553778),
Hotel Schanzenstern Altona,,,['POI'],POINT(9.93046 53.553466),
Hotel Schanzenstern St. Pauli,,,['POI'],POINT(9.964649 53.560635),
Hotel Scheideholzer Hof,,,['POI'],POINT(9.850458 53.469977),
Hotel Schmidt,,,['POI'],POINT(9.888878 53.557961),
Hotel Schwanenwik,,,['POI'],POINT(10.016319 53.56735),
Hotel Senator,,,['POI'],POINT(10.009239 53.555945),
Hotel St.Annen,,,['POI'],POINT(9.964963 53.552528),
Hotel St.Pauli,,,['POI'],POINT(9.960044 53.549854),
Hotel Stadt Altona,,,['POI'],POINT(9.953954 53.551457),
Hotel Stadt Norderstedt,,,['POI'],POINT(10.032965 53.683532),
Hotel Stephan,,,['POI'],POINT(9.93729 53.5491),
Hotel Süderelbe,,,['POI'],POINT(9.984254 53.461186),
Hotel Terminus am Hauptbahnhof,,,['POI'],POINT(10.010266 53.552809),
Hotel Teutonia,,,['POI'],POINT(10.076132 53.579649),
Hotel Tiefenthal,,,['POI'],POINT(10.069314 53.572737),
Hotel Tomfort,,,['POI'],POINT(10.001601 53.664309),
Hotel Universum,,,['POI'],POINT(10.011836 53.554737),
Hotel Vierlandentor,,,['POI'],POINT(10.202261 53.464483),
Hotel Village,,,['POI'],POINT(10.010343 53.552863),
Hotel Vorbach,,,['POI'],POINT(9.990258 53.566365),
Hotel Wagner,,,['POI'],POINT(9.986185 53.563883),
Hotel Waltraut,,,['POI'],POINT(10.0168 53.566672),
Hotel Waltrud,,,['POI'],POINT(10.016252 53.567719),
Hotel Wattkorn,,,['POI'],POINT(10.023687 53.66485),
Hotel Wedina,,,['POI'],POINT(10.008937 53.558472),
Hotel Zollhof,,,['POI'],POINT(10.078684 53.576095),
Hotel Zum Studio,,,['POI'],POINT(10.124253 53.588794),
Hotel Zum Zeppelin Hamburg,,,['POI'],POINT(9.935241 53.627153),
Hotel Zur Linde Hamburg,,,['POI'],POINT(9.992016 53.483469),
Hotel du Nord,,,['POI'],POINT(10.167798 53.649208),
Hotel zum Tower,,,['POI'],POINT(10.010701 53.553965),
Hotel zur Altstadt,,,['POI'],POINT(9.980155 53.463628),
Hotel Ökotel Hamburg,,,['POI'],POINT(9.906957 53.641792),
Hotel-Garni Mittelweg,,,['POI'],POINT(9.993361 53.578335),
INNSIDE Hamburg Hafen,,,['POI'],POINT(10.014938 53.545653),
Ibis Budget Hamburg Altona,,,['POI'],POINT(9.935404 53.573034),
Ibis Budget Hamburg City Ost,,,['POI'],POINT(10.074769 53.575312),
Ibis Budget Hamburg Quickborn,,,['POI'],POINT(9.944746 53.744649),
Ibis Budget Hamburg St. Pauli Messe,,,['POI'],POINT(9.966196 53.551008),
Impala Hotel,,,['POI'],POINT(10.023954 53.560393),
IntercityHotel Hamburg Dammtor-Messe,,,['POI'],POINT(9.981416 53.559959),
IntercityHotel Hamburg Hauptbahnhof,,,['POI'],POINT(10.002948 53.554093),
IntercityHotel Hamburg-Altona,,,['POI'],POINT(9.935917 53.552516),
JUFA Hotel Hamburg HafenCity,,,['POI'],POINT(10.009122 53.540248),
Junges Hotel Hamburg,,,['POI'],POINT(10.016232 53.551788),
KIKU Kinderkulturhaus,,,['POI'],POINT(10.206558 53.495458),
an der Mühlenau,,,['POI'],POINT(9.908961 53.602134),
Kock's Hotel,,,['POI'],POINT(10.012023 53.640878),
Landhaus Ohlstedt,,,['POI'],POINT(10.140434 53.696025),
Le Méridien Hamburg,,,['POI'],POINT(10.008125 53.558569),
Leonardo Airport Hotel,,,['POI'],POINT(10.007209 53.634278),
Leonardo Hotel Hamburg,,,['POI'],POINT(10.020943 53.528116),
Leonardo Hotel Hamburg Airport,,,['POI'],POINT(10.011097 53.647023),
Leonardo Hotel Hamburg Stillhorn,,,['POI'],POINT(10.025821 53.480389),
Lindner Hotel Am Michel,,,['POI'],POINT(9.977814 53.551031),
Lindner Park-Hotel Hagenbeck,,,['POI'],POINT(9.939873 53.593458),
Lübecker Hof,,,['POI'],POINT(10.011233 53.554113),
Madison Hotel Hamburg,,,['POI'],POINT(9.980976 53.54617),
Mein Hotel in Hamburg,,,['POI'],POINT(10.012082 53.641452),
Meininger Hotel Hamburg City Center,,,['POI'],POINT(9.937903 53.554989),
Mercure Hotel Hamburg City,,,['POI'],POINT(10.015733 53.545449),
Mercure Hotel Hamburg an der Messe,,,['POI'],POINT(9.972428 53.566826),
Michaelis Hof in der katholischen Akademie,,,['POI'],POINT(9.983407 53.548882),
Minihotel an der Messe,,,['POI'],POINT(9.983085 53.564277),
Motel 21,,,['POI'],POINT(10.062491 53.552896),
Motel Hamburg,,,['POI'],POINT(9.968734 53.585464),
Motel One Hamburg Airport,,,['POI'],POINT(10.011436 53.624539),
Motel One Hamburg Alster,,,['POI'],POINT(10.019284 53.556965),
Motel One Hamburg Altona,,,['POI'],POINT(9.938977 53.574866),
Motel One Hamburg Am Michel,,,['POI'],POINT(9.975092 53.549435),
My Place Hotel,,,['POI'],POINT(9.961902 53.559938),
Mövenpick Hotel,,,['POI'],POINT(9.97055 53.564586),
NH Hamburg Altona,,,['POI'],POINT(9.922198 53.564187),
NH Hamburg City,,,['POI'],POINT(9.973503 53.557113),
NH Hamburg Horn,,,['POI'],POINT(10.081451 53.559123),
NH Hamburg Norge,,,['POI'],POINT(9.967164 53.568989),
Nippon Hotel Hamburg,,,['POI'],POINT(10.015076 53.575331),
Novum Hotel Eleazar,,,['POI'],POINT(10.010184 53.553771),
Novum Hotel Graf Moltke Hamburg,,,['POI'],POINT(10.009915 53.552615),
Novum Hotel Norddeutscher Hof,,,['POI'],POINT(10.007953 53.555147),
Oberhouse Apartments Ferienwohnungen,,,['POI'],POINT(9.993087 53.577582),
PLAZA Inn,,,['POI'],POINT(10.088679 53.512665),
Panorama Inn Hotel und Boardinghaus Hamburg,,,['POI'],POINT(10.100009 53.540327),
Park Hotel Hamburg Arena,,,['POI'],POINT(9.932399 53.585358),
Park Hyatt Hamburg,,,['POI'],POINT(10.003245 53.550694),
Park Inn Hamburg Nord,,,['POI'],POINT(9.925223 53.640448),
Parkhotel Alster-Ruh,,,['POI'],POINT(10.011877 53.57729),
Pension Am Rathaus,,,['POI'],POINT(9.995503 53.549968),
Pension Deichnest,,,['POI'],POINT(10.085707 53.477793),
Pension Hager,,,['POI'],POINT(10.012527 53.554596),
Pension Helga Schmidt,,,['POI'],POINT(10.005042 53.556474),
Pension Villa Bergmann,,,['POI'],POINT(9.981194 53.609039),
Phönix City Hotel Hamburg,,,['POI'],POINT(10.008425 53.553427),
Privathotel Eggers,,,['POI'],POINT(10.152423 53.59619),
Pyjama Park Reeperbahn,,,['POI'],POINT(9.96649 53.550017),
Quartier Hotel Pension,,,['POI'],POINT(9.960055 53.57167),
Racket Inn Sporthotel,,,['POI'],POINT(9.918752 53.651604),
Radisson Blu Hotel Hamburg,,,['POI'],POINT(9.987236 53.561691),
Radisson Blu Hotel Hamburg Airport,,,['POI'],POINT(10.005718 53.631982),
Hamburg,,,['POI'],POINT(10.008175 53.554354),
Relaxa Hotel Bellevue Hamburg,,,['POI'],POINT(10.012531 53.560464),
Renaissance Hotel Hamburg,,,['POI'],POINT(9.987 53.552204),
SIDE Hamburg,,,['POI'],POINT(9.986924 53.556697),
Sachsenwald Hotel Reinbek,,,['POI'],POINT(10.25051 53.510668),
Sankt Pauli Lodge Thaden,,,['POI'],POINT(9.957897 53.557032),
Schlaflounge,,,['POI'],POINT(9.961143 53.567744),
St. Joseph,,,['POI'],POINT(9.95807 53.551325),
Stadthaus- Hotel,,,['POI'],POINT(9.948844 53.558407),
Steen's Hotel,,,['POI'],POINT(10.006234 53.555215),
Steigenberger Hotel Hamburg,,,['POI'],POINT(9.98433 53.550285),
Steigenberger Hotel Treudelberg Hamburg,,,['POI'],POINT(10.090583 53.673442),
Stella Maris,,,['POI'],POINT(9.975353 53.545722),
Stilwerk Hotel Heimhude,,,['POI'],POINT(9.9927 53.565599),
Strandhotel Blankenese,,,['POI'],POINT(9.808312 53.556511),
Suite Novotel Hamburg City,,,['POI'],POINT(10.020828 53.557185),
Superbude Hotel & Hostel Altona,,,['POI'],POINT(9.916465 53.563593),
Superbude Hotel & Hostel St. Georg,,,['POI'],POINT(10.021844 53.5505),
Superbude Hotel & Hostel St. Pauli,,,['POI'],POINT(9.960028 53.560511),
Sylvia Sonntag Wandsbeker Hof,,,['POI'],POINT(10.070011 53.574618),
Süllberg Hotel,,,['POI'],POINT(9.800731 53.560165),
The George Hotel,,,['POI'],POINT(10.015675 53.561264),
The Rilano Hotel,,,['POI'],POINT(9.862422 53.540795),
Tortue Hamburg,,,['POI'],POINT(9.98605 53.551592),
Underdog Hotels,,,['POI'],POINT(10.102589 53.580387),
Villa Wandsbek,,,['POI'],POINT(10.062295 53.569116),
Vogels Nest Boardinghouse,,,['POI'],POINT(9.954592 53.640712),
Von Deska Townhouses,,,['POI'],POINT(9.980105 53.579621),
Wikinger Hof,,,['POI'],POINT(10.012414 53.553663),
Yoho- the young Hotel,,,['POI'],POINT(9.966461 53.569929),
Zagreb Hotel,,,['POI'],POINT(10.07362 53.611543),
Zum Eichbaum,,,['POI'],POINT(10.105704 53.487394),
Zur Alten Eiche,,,['POI'],POINT(9.822671 53.512601),
das Smolka,,,['POI'],POINT(9.984013 53.582779),
prizeotel Hamburg-City,,,['POI'],POINT(10.014011 53.545985),
"Jugendherberge ""Auf dem Stintfang""",,,['POI'],POINT(9.972038 53.547187),
Jugendherberge Horner Rennbahn,,,['POI'],POINT(10.079671 53.561493),
Airbus-Werksführungen,,,['POI'],POINT(9.84684 53.536998),
Axel-Springer-Verlag AG,,,['POI'],POINT(9.984814 53.552923),
Briefzentrum Nord,,,['POI'],POINT(9.940477 53.564251),
Briefzentrum Süd,,,['POI'],POINT(9.903731 53.482363),
Bäderland GmbH,,,['POI'],POINT(9.96269 53.570059),
DIAS GmbH,,,['POI'],POINT(9.963717 53.556815),
Deutsche Post AG,,,['POI'],POINT(10.017259 53.604632),
Deutscher Ring,,,['POI'],POINT(9.97785 53.549961),
EADS (ehemals DASA),,,['POI'],POINT(9.839703 53.541469),
Film Förderung GmbH,,,['POI'],POINT(9.927811 53.554466),
HAW Hamburger Außenwerbung GmbH,,,['POI'],POINT(10.007026 53.662754),
HSH Nordbank,,,['POI'],POINT(9.999619 53.551758),
Port Authority,,,['POI'],POINT(9.99688 53.545652),
Hamburg-Mannheimer Versicherung,,,['POI'],POINT(10.017647 53.601897),
HanseCom,,,['POI'],POINT(10.030288 53.583162),
IGS-Internationale Gartenschau Hamburg 2013 GmbH,,,['POI'],POINT(9.985837 53.510638),
IKEA Altona,,,['POI'],POINT(9.941494 53.55161),
IKEA Moorfleet,,,['POI'],POINT(10.091925 53.51109),
IKEA Schnelsen,,,['POI'],POINT(9.927782 53.646826),
Karstadt Aktiengesellschaft,,,['POI'],POINT(9.998608 53.551128),
Lufthansa Technik AG,,,['POI'],POINT(9.996287 53.620541),
Möbel Höffner Hamburg-Barsbüttel,,,['POI'],POINT(10.19623 53.577061),
Möbel Höffner Hamburg-Eidelstedt,,,['POI'],POINT(9.91081 53.619246),
Möbelhaus Roller Halstenbek,,,['POI'],POINT(9.863417 53.630335),
Möbelhaus Roller Harburg,,,['POI'],POINT(10.011125 53.45973),
Möbelhaus Roller Hummelsbüttel,,,['POI'],POINT(10.036251 53.64971),
Otto (GmbH & Co KG),,,['POI'],POINT(10.069679 53.600319),
Phi Mobile Media Services GmbH,,,['POI'],POINT(9.850178 53.580104),
SAP AG,,,['POI'],POINT(9.993513 53.56419),
Steinkohlekraftwerk Moorburg,,,['POI'],POINT(9.949878 53.489418),
AKRA GmbH,,,['POI'],POINT(9.994996 53.548301),
HBT - Hamburger Berater Team GmbH,,,['POI'],POINT(9.985711 53.549986),
procult - Projekt- und Organisationsberatung für kulturelle Arbeit,,,['POI'],POINT(9.96608 53.557182),
Jugendinformationszentrum (Info-Laden),,,['POI'],POINT(9.988558 53.557555),
Struensee Gymnasium,,,['POI'],POINT(9.962528 53.555602),
Schulzahnärztlicher Dienst Altona (Bahrenfelder Str) - Bezirksamt Altona,,,['POI'],POINT(9.928828 53.557459),
Schulzahnärztlicher Dienst Altona (Jessenstraße) - Bezirksamt Altona,,,['POI'],POINT(9.943136 53.550114),
Schulzahnärztlicher Dienst Eimsbüttel (Grindelberg) - Bezirksamt Eimsbüttel,,,['POI'],POINT(9.979242 53.574974),
Schulzahnärztlicher Dienst Hamburg-Mitte (Besenbinderhof) - Bezirksamt Hamburg-Mitte,,,['POI'],POINT(10.014638 53.551397),
Schulzahnärztlicher Dienst Hamburg-Nord (Alter Teichweg) - Bezirksamt Hamburg-Nord,,,['POI'],POINT(10.06999 53.587521),
Schulzahnärztlicher Dienst Hamburg-Nord (Dieckmoorweg) - Bezirksamt Hamburg-Nord,,,['POI'],POINT(10.015444 53.65988),
Schulzahnärztlicher Dienst Hamburg-Nord (Eckermannsweg/Herbstsweg) - Bezirksamt Hamburg-Nord,,,['POI'],POINT(10.048348 53.596007),
Schulzahnärztlicher Dienst Hamburg-Nord (Eppendorfer Landstr) - Bezirksamt Hamburg-Nord,,,['POI'],POINT(9.986846 53.589018),
Schulzahnärztlicher Dienst Hamburg-Nord (Fuhlsbütteler Damm) - Bezirksamt Hamburg-Nord,,,['POI'],POINT(10.022937 53.625744),
Schulzahnärztlicher Dienst Hamburg-Nord (Hans-Henny-Jahnn-Weg) - Bezirksamt Hamburg-Nord,,,['POI'],POINT(10.018372 53.581179),
Schulzahnärztlicher Dienst Hamburg-Nord (Holitzberg) - Bezirksamt Hamburg-Nord,,,['POI'],POINT(10.026115 53.675099),
Bach - cambio CarSharing Station,,,['POI'],POINT(10.020717 53.580737),
Barmbek Bhf - cambio CarSharing Station,,,['POI'],POINT(10.047177 53.584686),
Behring - cambio CarSharing Station,,,['POI'],POINT(9.923175 53.554295),
Bergedorf Bhf - cambio CarSharing Station,,,['POI'],POINT(10.206063 53.488625),
Berliner Tor - cambio CarSharing Station,,,['POI'],POINT(10.021252 53.556616),
Besenbinder - cambio CarSharing Station,,,['POI'],POINT(10.011747 53.55038),
Cambio Altona-Ottenser Hauptstraße,,,['POI'],POINT(9.926481 53.551592),
Cambio Eimsbüttel-Bogenallee,,,['POI'],POINT(9.976408 53.573155),
Car2go Black - City-Parkhaus A (Q-Park),,,['POI'],POINT(10.000474 53.55282),
Car2go Black - Hamburg Airport,,,['POI'],POINT(10.007701 53.632091),
Car2go Black - Hamburger Meile (Contipark),,,['POI'],POINT(10.028066 53.571877),
Carl - cambio CarSharing Station,,,['POI'],POINT(10.012018 53.556658),
- cambio CarSharing Station,,,['POI'],POINT(9.943357 53.555315),
Drossel - cambio CarSharing Station,,,['POI'],POINT(10.048104 53.587967),
Encke - cambio CarSharing Station,,,['POI'],POINT(9.97727 53.55232),
Falkenried - cambio CarSharing Station,,,['POI'],POINT(9.977068 53.579538),
Finkenau - cambio CarSharing Station,,,['POI'],POINT(10.030844 53.570658),
Friedensallee - cambio CarSharing Station,,,['POI'],POINT(9.90879 53.560408),
Fuhle - cambio CarSharing Station,,,['POI'],POINT(10.040292 53.604388),
Greenwheels (ehemals Stattauto) Station Altona-Mercado,,,['POI'],POINT(9.935286 53.552656),
Greenwheels (ehemals Stattauto) Station Altona-Neue Flora,,,['POI'],POINT(9.950424 53.562905),
Greenwheels (ehemals Stattauto) Station Altona-Winterstraße,,,['POI'],POINT(9.934657 53.550145),
Greenwheels (ehemals Stattauto) Station Bahrenfeld,,,['POI'],POINT(9.91055 53.560143),
Greenwheels (ehemals Stattauto) Station Barmbek,,,['POI'],POINT(10.045593 53.585958),
Greenwheels (ehemals Stattauto) Station Bergedorf,,,['POI'],POINT(10.206589 53.489123),
Greenwheels (ehemals Stattauto) Station Blankenese,,,['POI'],POINT(9.814588 53.564286),
Greenwheels (ehemals Stattauto) Station Bramfeld,,,['POI'],POINT(10.112517 53.628376),
Greenwheels (ehemals Stattauto) Station Eilbek,,,['POI'],POINT(10.044383 53.568735),
Greenwheels (ehemals Stattauto) Station Eimsbüttel-Christuskirche,,,['POI'],POINT(9.960944 53.570261),
Greenwheels (ehemals Stattauto) Station Eimsbüttel-Doormannsweg,,,['POI'],POINT(9.955924 53.569888),
Greenwheels (ehemals Stattauto) Station Eimsbüttel-Hellkamp,,,['POI'],POINT(9.947423 53.578546),
Greenwheels (ehemals Stattauto) Station Eimsbüttel-Kaiser-Friedrich-Ufer,,,['POI'],POINT(9.970846 53.575519),
Greenwheels (ehemals Stattauto) Station Eimsbüttel-Troplowitzstraße,,,['POI'],POINT(9.953936 53.575457),
Greenwheels (ehemals Stattauto) Station Hammerbrook,,,['POI'],POINT(10.0124 53.549296),
Greenwheels (ehemals Stattauto) Station Harburg,,,['POI'],POINT(9.980323 53.460499),
Greenwheels (ehemals Stattauto) Station Hoheluft-Bezirksamt Nord,,,['POI'],POINT(9.985299 53.590675),
Greenwheels (ehemals Stattauto) Station Hoheluft-St.Markuskirche,,,['POI'],POINT(9.973342 53.581662),
Greenwheels (ehemals Stattauto) Station Ohlsdorf,,,['POI'],POINT(10.031323 53.620083),
Greenwheels (ehemals Stattauto) Station Rotherbaum,,,['POI'],POINT(9.985923 53.566877),
Greenwheels (ehemals Stattauto) Station St.Georg,,,['POI'],POINT(10.011159 53.556728),
Greenwheels (ehemals Stattauto) Station St.Pauli,,,['POI'],POINT(9.967266 53.561548),
Greenwheels (ehemals Stattauto) Station Winterhude-Kampnagel,,,['POI'],POINT(10.020398 53.584415),
Greenwheels (ehemals Stattauto) Station Winterhude-U-Lattenkamp,,,['POI'],POINT(9.994711 53.600427),
Grindelhof - cambio CarSharing Station,,,['POI'],POINT(9.984953 53.570605),
Grund - cambio CarSharing Station,,,['POI'],POINT(9.943673 53.57694),
Gärtner - cambio CarSharing Station,,,['POI'],POINT(9.965877 53.581399),
Hahnenkamp - cambio CarSharing Station,,,['POI'],POINT(9.933303 53.553067),
Hebbel - cambio CarSharing Station,,,['POI'],POINT(10.017205 53.577847),
Hertz Station Altona,,,['POI'],POINT(9.923676 53.56414),
Hertz Station Bergedorf,,,['POI'],POINT(10.204407 53.490798),
Hertz Station Eidelstedt,,,['POI'],POINT(9.908005 53.606167),
Hertz Station Fuhlsbüttel Flughafen,,,['POI'],POINT(10.006895 53.637614),
Hertz Station Innenstadt-Kirchenallee,,,['POI'],POINT(10.008055 53.554382),
Hertz Station Lokstedt,,,['POI'],POINT(9.965453 53.6025),
Hertz Station Wandsbek-Am Stadtrand,,,['POI'],POINT(10.09976 53.585382),
Hertz Station Wandsbek-Walddörferstraße,,,['POI'],POINT(10.105987 53.589081),
Karo - cambio CarSharing Station,,,['POI'],POINT(9.974316 53.560979),
- cambio CarSharing Station,,,['POI'],POINT(10.037021 53.563354),
Kunze - cambio CarSharing Station,,,['POI'],POINT(9.944107 53.559838),
- cambio CarSharing Station,,,['POI'],POINT(9.961463 53.558531),
Lobusch - cambio CarSharing Station,,,['POI'],POINT(9.931648 53.549854),
Max - cambio CarSharing Station,,,['POI'],POINT(9.959918 53.563611),
Oster - cambio CarSharing Station,,,['POI'],POINT(9.951898 53.576794),
Phoenixhof - cambio CarSharing Station,,,['POI'],POINT(9.9303 53.560584),
Rübe - cambio CarSharing Station,,,['POI'],POINT(10.03857 53.590836),
Schottmüller - cambio CarSharing Station,,,['POI'],POINT(9.984475 53.590943),
Schäfer - cambio CarSharing Station,,,['POI'],POINT(9.967756 53.566468),
Shell Drive Station Altona Mercado,,,['POI'],POINT(9.933477 53.552724),
Shell Drive Station Dammtor,,,['POI'],POINT(9.983072 53.563711),
Shell Drive Station Dorotheenstraße,,,['POI'],POINT(10.008116 53.582955),
Shell Drive Station Feldstraße,,,['POI'],POINT(9.969219 53.557202),
Shell Drive Station Fruchtallee,,,['POI'],POINT(9.953369 53.571715),
Shell Drive Station Gärtnerstraße,,,['POI'],POINT(9.966227 53.581522),
Shell Drive Station Hallerstraße,,,['POI'],POINT(9.988152 53.57313),
Shell Drive Station Hauptbahnhof,,,['POI'],POINT(10.009242 53.555433),
Shell Drive Station Hegestraße,,,['POI'],POINT(9.981357 53.582819),
Shell Drive Station KAIFU Lodge,,,['POI'],POINT(9.963626 53.572702),
Shell Drive Station Kohlentwiete,,,['POI'],POINT(9.930018 53.560802),
Shell Drive Station Osterstraße,,,['POI'],POINT(9.951596 53.576132),
Shell Drive Station Schlump,,,['POI'],POINT(9.973196 53.570036),
Shell Drive Station Winterhuder Markt,,,['POI'],POINT(9.999587 53.594555),
Shell Drive Station Winterhuder Weg,,,['POI'],POINT(10.022885 53.574231),
Tal - cambio CarSharing Station,,,['POI'],POINT(9.960313 53.55243),
Teich - cambio CarSharing Station,,,['POI'],POINT(10.048845 53.582515),
Winter - cambio CarSharing Station,,,['POI'],POINT(10.000302 53.594109),
Schulzahnärztlicher Dienst Hamburg-Nord (Kümmellstr.) - Bezirksamt Hamburg-Nord,,,['POI'],POINT(9.985021 53.59039),
Schulzahnärztlicher Dienst Hamburg-Nord (Zeisigstr.) - Bezirksamt Hamburg-Nord,,,['POI'],POINT(10.047214 53.577624),
Schulzahnärztlicher Dienst Wandsbek (Herthastr) - Bezirksamt Wandsbek,,,['POI'],POINT(10.079331 53.611527),
Schulzahnärztlicher Dienst Wandsbek (Wentzelplatz ) - Bezirksamt Wandsbek,,,['POI'],POINT(10.09223 53.652303),
Schulärztlicher Dienst (Rhiemsweg) - Bezirksamt Hamburg-Mitte,,,['POI'],POINT(10.076695 53.559013),
Schulärztlicher Dienst Altona (Bahrenfelder Str) - Bezirksamt Altona,,,['POI'],POINT(9.928723 53.557487),
Schulärztlicher Dienst Altona (Glückstädter Weg) - Bezirksamt Altona,,,['POI'],POINT(9.855854 53.589776),
Schulärztlicher Dienst Altona (Jessenstraße) - Bezirksamt Altona,,,['POI'],POINT(9.943136 53.550123),
Schulärztlicher Dienst Altona (Norburger Stieg) - Bezirksamt Altona,,,['POI'],POINT(9.910355 53.566515),
Schulärztlicher Dienst Altona (Oesterley Str.) - Bezirksamt Altona,,,['POI'],POINT(9.807802 53.562193),
"Barmbeker Straße 158, - Am Winterhuder Marktplatz - (Europcar)",,,['POI'],POINT(10.000361 53.594082),
"Beim Strohhause 38, U+S Berliner Tor (Europcar)",,,['POI'],POINT(10.023662 53.553288),
Bornkampsweg 60 (Europcar),,,['POI'],POINT(9.918557 53.566776),
Brauhausstraße 24-28 (Europcar),,,['POI'],POINT(10.060045 53.572128),
"Flughafenstraße 1, Arrival Hall Terminal 2 (Europcar)",,,['POI'],POINT(10.006347 53.631105),
"Hachmannplatz 10,Carreturn:Borgesch 1, Parkhaus 2.UG (Europcar)",,,['POI'],POINT(10.007702 53.554134),
Rödingsmarkt 14 (Europcar),,,['POI'],POINT(9.985068 53.546963),
Weidenbaumsweg 87 (Europcar),,,['POI'],POINT(10.202049 53.485197),
Winsener Straße 210 (Europcar),,,['POI'],POINT(9.981218 53.424864),
Schulärztlicher Dienst Altona (Sülldorfer Kirchenweg) - Bezirksamt Altona,,,['POI'],POINT(9.812675 53.563697),
Schulärztlicher Dienst Eimsbüttel (Garstedter Weg) - Bezirksamt Eimsbüttel,,,['POI'],POINT(9.953798 53.621598),
Schulärztlicher Dienst Eimsbüttel (Grindelberg) - Bezirksamt Eimsbüttel,,,['POI'],POINT(9.979213 53.575001),
Schulärztlicher Dienst Eimsbüttel (Lohkampstr) - Bezirksamt Eimsbüttel,,,['POI'],POINT(9.901422 53.609155),
Schulärztlicher Dienst Hamburg-Mitte (Besenbinderhof) - Bezirksamt Hamburg-Mitte,,,['POI'],POINT(10.014638 53.551397),
Schulärztlicher Dienst Hamburg-Mitte (Mümmelmannsberg) -Bezirksamt Hamburg-Mitte,,,['POI'],POINT(10.148616 53.529887),
Schulärztlicher Dienst Hamburg-Mitte (Vogelhüttendeich) - Bezirksamt Hamburg-Mitte,,,['POI'],POINT(9.991284 53.516676),
Schulärztlicher Dienst Hamburg-Mitte (Wilhelmsburger Str.) - Bezirksamt Hamburg-Mitte,,,['POI'],POINT(10.020045 53.527145),
Schulärztlicher Dienst Hamburg-Nord (Alter Teichweg) - Bezirksamt Hamburg-Nord,,,['POI'],POINT(10.06999 53.587521),
Schulärztlicher Dienst Hamburg-Nord (Eppendorfer Landstr) - Bezirksamt Hamburg-Nord,,,['POI'],POINT(9.986846 53.589018),
Airport,,,['POI'],POINT(10.006591 53.631202),
Schulärztlicher Dienst Hamburg-Nord (Fuhlsbütteler Damm) - Bezirksamt Hamburg-Nord,,,['POI'],POINT(10.022937 53.625744),
Schulärztlicher Dienst Hamburg-Nord (Hans-Henny-Jahnn-Weg) - Bezirksamt Hamburg-Nord,,,['POI'],POINT(10.017861 53.581291),
Schulärztlicher Dienst Hamburg-Nord (Herbstsweg) - Bezirksamt Hamburg-Nord,,,['POI'],POINT(10.048974 53.595669),
Schulärztlicher Dienst Hamburg-Nord (Holitzberg) - Bezirksamt Hamburg-Nord,,,['POI'],POINT(10.025051 53.674884),
Schulärztlicher Dienst Wandsbek (August-Krogmann-Str) - Bezirksamt Wandsbek,,,['POI'],POINT(10.116645 53.607815),
Schulärztlicher Dienst Wandsbek (Berner Heerweg) - Bezirksamt Wandsbek,,,['POI'],POINT(10.121592 53.60749),
Schulärztlicher Dienst Wandsbek (Dahlemer Ring) - Bezirksamt Wandsbek,,,['POI'],POINT(10.141901 53.585742),
Schulärztlicher Dienst Wandsbek (Gropiusring) - Bezirksamt Wandsbek,,,['POI'],POINT(10.057318 53.613449),
Schulärztlicher Dienst Wandsbek (Hermann-Balk-Str) - Bezirksamt Wandsbek,,,['POI'],POINT(10.143773 53.619267),
Schulärztlicher Dienst Wandsbek (Herthastr) - Bezirksamt Wandsbek,,,['POI'],POINT(10.079345 53.611509),
Bei der Katharinenkirche,,,['POI'],POINT(9.995034 53.546719),
Blumenmarkt,,,['POI'],POINT(10.003444 53.547637),
Ferdinandstraße,,,['POI'],POINT(9.999208 53.553513),
Große Reichenstraße,,,['POI'],POINT(9.995678 53.54843),
Kunsthalle Parkhaus,,,['POI'],POINT(10.001008 53.555637),
Parkhaus Bleichenhof,,,['POI'],POINT(9.987224 53.552103),
Parkhaus Dammtor,,,['POI'],POINT(9.984641 53.556518),
Raboisen,,,['POI'],POINT(9.999915 53.552806),
Rosenstraße,,,['POI'],POINT(10.000067 53.552868),
Rödingsmarkt,,,['POI'],POINT(9.985965 53.547298),
Spaldingstraße,,,['POI'],POINT(10.017884 53.549591),
Tiefgarage City Hof,,,['POI'],POINT(10.006052 53.549439),
Schulärztlicher Dienst Wandsbek (Hoffmannstieg) - Bezirksamt Wandsbek,,,['POI'],POINT(10.180691 53.60401),
Schulärztlicher Dienst Wandsbek (Mehlandsredder) - Bezirksamt Wandsbek,,,['POI'],POINT(10.177292 53.605661),
Schulärztlicher Dienst Wandsbek (Robert-Schuman-Brücke) - Bezirksamt Wandsbek,,,['POI'],POINT(10.071358 53.571165),
Schulärztlicher Dienst Wandsbek (Wentzelplatz) - Bezirksamt Wandsbek,,,['POI'],POINT(10.09223 53.652303),
ADAC Prüfzentrum Hamburg,,,['POI'],POINT(10.013911 53.546839),
Autobahnmeisterei Othmarschen,,,['POI'],POINT(9.899752 53.557646),
Autobahnmeisterei Stillhorn,,,['POI'],POINT(10.022089 53.483026),
Führerscheinstelle Bergedorf,,,['POI'],POINT(10.217564 53.483018),
Führerscheinstelle HH-Mitte,,,['POI'],POINT(10.038834 53.546841),
Führerscheinstelle HH-Nord,,,['POI'],POINT(10.002337 53.667268),
Führerscheinstelle Harburg,,,['POI'],POINT(10.000958 53.455063),
"Landesbetrieb Verkehr, KFZ-Zulassung, Fahrerlaubnis, HH-Mitte (Haus A)",,,['POI'],POINT(10.038834 53.546841),
"Landesbetrieb Verkehr, KFZ-Zulassung, Fahrerlaubnis, HH-Mitte (Haus D)",,,['POI'],POINT(10.038621 53.546753),
"Landesbetrieb Verkehr, Zulassungsst. f. KFZ Bergedorf",,,['POI'],POINT(10.217564 53.483018),
"Landesbetrieb Verkehr, Zulassungsstelle für KFZ, HH-Nord",,,['POI'],POINT(10.002337 53.667268),
"Landesbetrieb Verkehr, Zulassungsstelle für KFZ, Harburg",,,['POI'],POINT(10.000958 53.455063),
Technische Prüfstelle Bergedorf,,,['POI'],POINT(10.217564 53.483018),
Technische Prüfstelle HH-Mitte,,,['POI'],POINT(10.038834 53.546841),
Technische Prüfstelle Harburg,,,['POI'],POINT(10.000958 53.455063),
Technische Prüfstelle Nord,,,['POI'],POINT(10.002337 53.667268),
Flughafen Hamburg-Fuhlsbüttel,,,['POI'],POINT(10.006591 53.631202),
HADAG-Seetouristik und Fährdienst AG,,,['POI'],POINT(9.957499 53.5461),
HHA - Hamburger Hochbahn AG,,,['POI'],POINT(10.001672 53.549898),
VHH - Verkehrsbetriebe Hamburg-Holstein AG,,,['POI'],POINT(10.210373 53.480728),
hvv GmbH (nur Verwaltung),,,['POI'],POINT(10.000079 53.544395),
hvv Schulprojekte,,,['POI'],POINT(9.933843 53.550843),
hvv Servicestelle Johanniswall,,,['POI'],POINT(10.005032 53.549709),
hvv Bornkampsweg,,,['POI'],POINT(9.918667 53.56558),
hvv Holstentwiete,,,['POI'],POINT(9.921955 53.552328),
hvv Juliusstraße,,,['POI'],POINT(9.960045 53.560573),
hvv Schützenstraße,,,['POI'],POINT(9.928307 53.560554),
hvv switch Adolf-Köster-Damm,,,['POI'],POINT(10.147695 53.485273),
hvv switch Alpenrosenweg,,,['POI'],POINT(9.89024 53.608385),
hvv switch Alsterdorfer Straße,,,['POI'],POINT(9.999979 53.60475),
hvv switch Alter Güterbahnhof,,,['POI'],POINT(10.035027 53.593553),
hvv switch Alter Postweg,,,['POI'],POINT(9.963732 53.465172),
hvv switch Alter Teichweg,,,['POI'],POINT(10.058577 53.584029),
hvv switch Altona,,,['POI'],POINT(9.936514 53.552224),
hvv switch Am Centrumshaus,,,['POI'],POINT(9.978726 53.460432),
hvv switch Am Neumarkt (Eickhoffweg),,,['POI'],POINT(10.094472 53.575349),
hvv switch Amundsenstraße,,,['POI'],POINT(9.950105 53.547363),
hvv switch Apostelweg,,,['POI'],POINT(10.152079 53.602977),
hvv switch Averhoffstraße,,,['POI'],POINT(10.022261 53.570912),
hvv switch Bahrenfelder Chaussee,,,['POI'],POINT(9.910316 53.566093),
hvv switch Barmbek,,,['POI'],POINT(10.045487 53.586579),
hvv switch Barmbeker Straße,,,['POI'],POINT(10.042088 53.5804),
hvv switch Bartelstraße,,,['POI'],POINT(9.963632 53.563024),
hvv switch Bartholomäusstraße,,,['POI'],POINT(10.029068 53.575822),
hvv switch Basselweg,,,['POI'],POINT(9.935298 53.590807),
hvv switch Behnstraße,,,['POI'],POINT(9.942169 53.547336),
hvv switch Bei St. Johannis,,,['POI'],POINT(9.994599 53.570597),
hvv switch Bei dem neuen Krahn,,,['POI'],POINT(9.989229 53.544916),
hvv switch Bei der Reitbahn,,,['POI'],POINT(9.925553 53.551258),
hvv switch Bergedorf,,,['POI'],POINT(10.205854 53.490298),
hvv switch Berliner Tor,,,['POI'],POINT(10.023415 53.553066),
hvv switch Bernhard-Nocht-Straße,,,['POI'],POINT(9.965806 53.547175),
hvv switch Beselerplatz,,,['POI'],POINT(9.88881 53.559749),
hvv switch Beselerstraße,,,['POI'],POINT(9.880455 53.565104),
hvv switch Bielfeldtstraße,,,['POI'],POINT(9.911474 53.551878),
hvv switch Birkenau,,,['POI'],POINT(10.028721 53.568385),
hvv switch Bismarckstraße,,,['POI'],POINT(9.962577 53.573025),
hvv switch Bismarckstraße/Mansteinpark,,,['POI'],POINT(9.975077 53.578961),
hvv switch Blumenau,,,['POI'],POINT(10.032539 53.565854),
hvv switch Boberger Höhe,,,['POI'],POINT(10.165854 53.517284),
hvv switch Bornheide,,,['POI'],POINT(9.851684 53.586688),
hvv switch Bornkamp,,,['POI'],POINT(10.095016 53.571885),
hvv switch Borsteler Bogen,,,['POI'],POINT(9.97282 53.610195),
hvv switch Breitenfelder Straße,,,['POI'],POINT(9.973043 53.586355),
hvv switch Bremer Straße,,,['POI'],POINT(9.973784 53.45305),
hvv switch Brombergstieg,,,['POI'],POINT(9.931569 53.593586),
hvv switch Bundesstraße,,,['POI'],POINT(9.980044 53.565236),
hvv switch Caspar-Voght-Straße,,,['POI'],POINT(10.060793 53.561591),
hvv switch Christoph-Probst-Weg,,,['POI'],POINT(9.976399 53.597649),
hvv switch Christuskirche,,,['POI'],POINT(9.96281 53.570022),
hvv switch Dammtor,,,['POI'],POINT(9.990564 53.561358),
hvv switch Dammtorwall,,,['POI'],POINT(9.982433 53.556321),
hvv switch Dieselstraße,,,['POI'],POINT(10.054103 53.597816),
hvv switch Dorotheenstraße,,,['POI'],POINT(10.007551 53.58332),
hvv switch Dorotheenstraße/Cäcilienstraße,,,['POI'],POINT(10.005638 53.58666),
hvv switch Düppelstraße,,,['POI'],POINT(9.948107 53.563238),
hvv switch Eichenstraße/Bismarckstraße,,,['POI'],POINT(9.964315 53.574457),
hvv switch Eimsbütteler Chaussee,,,['POI'],POINT(9.956619 53.567906),
hvv switch Eimsbütteler Marktplatz,,,['POI'],POINT(9.944175 53.573037),
hvv switch Eimsbütteler Straße,,,['POI'],POINT(9.950872 53.568095),
hvv switch Eißendorfer Pferdeweg,,,['POI'],POINT(9.950925 53.460782),
hvv switch Eißendorfer Straße,,,['POI'],POINT(9.958778 53.456478),
hvv switch Elbbrücken,,,['POI'],POINT(10.024218 53.535735),
hvv switch Elligersweg,,,['POI'],POINT(10.041494 53.604737),
hvv switch Elligersweg/Steilshooper Straße,,,['POI'],POINT(10.0513 53.601129),
hvv switch Elsastraße,,,['POI'],POINT(10.034036 53.579598),
hvv switch Elsässer Platz,,,['POI'],POINT(10.064149 53.579244),
hvv switch Elsässer Straße,,,['POI'],POINT(10.063094 53.581724),
hvv switch Emil-Andresen-Straße,,,['POI'],POINT(9.952232 53.592983),
hvv switch Englische Planke,,,['POI'],POINT(9.97797 53.547965),
hvv switch Erdkampsweg,,,['POI'],POINT(10.023026 53.629445),
hvv switch Erika-Mann-Bogen,,,['POI'],POINT(10.04977 53.576604),
hvv switch Ernst-Bergeest-Weg,,,['POI'],POINT(9.958769 53.441419),
hvv switch Esmarchstraße,,,['POI'],POINT(9.944092 53.55442),
hvv switch Feldstraße,,,['POI'],POINT(9.970633 53.55701),
hvv switch Flughafen,,,['POI'],POINT(10.007124 53.633875),
hvv switch Freiligrathstraße,,,['POI'],POINT(10.036271 53.561716),
hvv switch Frickestraße,,,['POI'],POINT(9.978197 53.596394),
hvv switch Friedensallee,,,['POI'],POINT(9.911764 53.559046),
hvv switch Friedrich-Ebert-Damm,,,['POI'],POINT(10.106508 53.590523),
hvv switch Fuhlsbütteler Damm,,,['POI'],POINT(10.021828 53.62551),
hvv switch Fuhlsbüttler Straße,,,['POI'],POINT(10.044551 53.592697),
hvv switch Fuhlsbüttler Straße/Drosselstraße,,,['POI'],POINT(10.045833 53.588957),
hvv switch Fuhlsbüttler Straße/Emil-Janßen-Straße,,,['POI'],POINT(10.043578 53.595509),
hvv switch Gemseneck,,,['POI'],POINT(9.929518 53.595821),
hvv switch Gerichtstraße,,,['POI'],POINT(9.94018 53.558323),
hvv switch Gert-Marcus-Straße,,,['POI'],POINT(9.968465 53.604084),
hvv switch Goldbekplatz/Semperstraße,,,['POI'],POINT(10.010113 53.583738),
hvv switch Gravensteiner Weg,,,['POI'],POINT(10.067043 53.586847),
hvv switch Grelckstraße,,,['POI'],POINT(9.954701 53.601356),
hvv switch Griesstraße,,,['POI'],POINT(10.061205 53.564175),
hvv switch Grindelberg (Bezirksamt),,,['POI'],POINT(9.978338 53.57437),
hvv switch Grindelhof,,,['POI'],POINT(9.984651 53.569925),
hvv switch Große Reichenstraße,,,['POI'],POINT(9.996401 53.548361),
hvv switch Großheidestraße,,,['POI'],POINT(10.026184 53.585776),
hvv switch Gustav-Seitz-Weg,,,['POI'],POINT(10.06236 53.609622),
hvv switch Habermannstraße,,,['POI'],POINT(10.210529 53.503127),
hvv switch Habichtstraße,,,['POI'],POINT(10.050595 53.594037),
hvv switch Hamburger Straße,,,['POI'],POINT(10.036452 53.574671),
hvv switch Hamburger Straße/Berthastraße,,,['POI'],POINT(10.038927 53.578334),
hvv switch Harburg,,,['POI'],POINT(9.989929 53.455972),
hvv switch Hartzloh,,,['POI'],POINT(10.042886 53.60176),
hvv switch Hasselbrookstraße,,,['POI'],POINT(10.054295 53.564892),
hvv switch Hegestieg,,,['POI'],POINT(9.983471 53.585434),
hvv switch Heidi-Kabel-Platz,,,['POI'],POINT(10.007615 53.554269),
hvv switch Heimhuder Straße,,,['POI'],POINT(9.992833 53.566766),
hvv switch Henriettenweg,,,['POI'],POINT(9.958632 53.572841),
hvv switch Heubergredder,,,['POI'],POINT(10.011588 53.606926),
hvv switch Heußweg/Eichenstraße,,,['POI'],POINT(9.953306 53.577636),
hvv switch Heußweg/Eidelstedter Weg,,,['POI'],POINT(9.9572 53.580265),
hvv switch Heußweg/Tornquiststraße,,,['POI'],POINT(9.95076 53.57453),
hvv switch Himmelstraße,,,['POI'],POINT(10.002545 53.59701),
hvv switch Hofweg,,,['POI'],POINT(10.01738 53.570055),
hvv switch Hohenfelder Straße,,,['POI'],POINT(10.030818 53.562751),
hvv switch Holländische Reihe,,,['POI'],POINT(9.928392 53.547893),
hvv switch Holstenstraße,,,['POI'],POINT(9.948842 53.559),
hvv switch Horner Rennbahn,,,['POI'],POINT(10.086185 53.553608),
hvv switch Husumer Straße,,,['POI'],POINT(9.979021 53.586926),
hvv switch Högenstraße,,,['POI'],POINT(9.938876 53.581192),
hvv switch Ilenkruut,,,['POI'],POINT(10.061708 53.593885),
hvv switch Im Fischbeker Heidbrook,,,['POI'],POINT(9.810853 53.466084),
hvv switch Isekai,,,['POI'],POINT(9.988967 53.585398),
hvv switch Jarrestraße,,,['POI'],POINT(10.021158 53.584022),
hvv switch Johnsallee,,,['POI'],POINT(9.988162 53.566436),
hvv switch Jürgen-Töpfer-Straße,,,['POI'],POINT(9.902891 53.556921),
hvv switch Kaltenkircher Platz,,,['POI'],POINT(9.941116 53.563797),
hvv switch Kapstadtring,,,['POI'],POINT(10.028 53.603372),
hvv switch Kellinghusenstraße,,,['POI'],POINT(9.990115 53.589306),
hvv switch Kiebitzhof,,,['POI'],POINT(10.038911 53.563526),
hvv switch Klosterallee,,,['POI'],POINT(9.979944 53.57787),
hvv switch Knutzenweg,,,['POI'],POINT(10.062372 53.56978),
hvv switch Kranichweg,,,['POI'],POINT(10.056166 53.584868),
hvv switch Kurze Straße,,,['POI'],POINT(9.979042 53.553258),
hvv switch Lange Reihe,,,['POI'],POINT(10.014539 53.559845),
hvv switch Lange Straße,,,['POI'],POINT(9.955954 53.547155),
hvv switch Langenfelder Damm,,,['POI'],POINT(9.935752 53.582645),
hvv switch Lassallestraße,,,['POI'],POINT(9.986809 53.451901),
hvv switch Lattenkamp,,,['POI'],POINT(9.994874 53.600291),
hvv switch Lesserstraße,,,['POI'],POINT(10.072468 53.58041),
hvv switch Liebermannstraße,,,['POI'],POINT(9.898167 53.549769),
hvv switch Lohbrügger Landstraße,,,['POI'],POINT(10.205406 53.49573),
hvv switch Lohmannsweg,,,['POI'],POINT(9.956606 53.463693),
hvv switch Lokstedter Steindamm,,,['POI'],POINT(9.964751 53.598885),
hvv switch Lutterothstraße,,,['POI'],POINT(9.947571 53.581815),
hvv switch Löwenstraße,,,['POI'],POINT(9.97889 53.583234),
hvv switch Lüttkamp,,,['POI'],POINT(9.87438 53.591044),
hvv switch Mansteinstraße,,,['POI'],POINT(9.966417 53.578565),
hvv switch Martha-Muchow-Weg,,,['POI'],POINT(10.031626 53.571164),
hvv switch Max-Halbe-Straße,,,['POI'],POINT(9.98688 53.445215),
hvv switch Mendelssohnstraße,,,['POI'],POINT(9.907898 53.563838),
hvv switch Morewoodstraße,,,['POI'],POINT(10.079703 53.573408),
hvv switch Mozartstraße,,,['POI'],POINT(10.023706 53.578842),
hvv switch Möllner Landstraße,,,['POI'],POINT(10.125413 53.53868),
hvv switch Nernstweg,,,['POI'],POINT(9.932545 53.556334),
hvv switch Neuer Steinweg,,,['POI'],POINT(9.978317 53.550586),
hvv switch Neuer Weg,,,['POI'],POINT(10.212697 53.485107),
hvv switch Niekampsweg,,,['POI'],POINT(9.89665 53.609308),
hvv switch Niendorfer Marktplatz,,,['POI'],POINT(9.951252 53.617925),
hvv switch Oderfelder Straße,,,['POI'],POINT(9.988624 53.583019),
hvv switch Oelkersallee,,,['POI'],POINT(9.956907 53.563977),
hvv switch Otto-Speckter-Straße,,,['POI'],POINT(10.046831 53.599389),
hvv switch Paul-Roosen-Straße,,,['POI'],POINT(9.955173 53.553343),
hvv switch Paul-Sorge-Straße,,,['POI'],POINT(9.95301 53.634255),
hvv switch Paulinenplatz,,,['POI'],POINT(9.962944 53.553991),
hvv switch Pfenningsbusch,,,['POI'],POINT(10.047602 53.582328),
hvv switch Pferdemarkt,,,['POI'],POINT(9.963543 53.55643),
hvv switch Philosophenweg,,,['POI'],POINT(9.916448 53.546728),
hvv switch Planckstraße,,,['POI'],POINT(9.92358 53.556952),
hvv switch Poßmoorweg,,,['POI'],POINT(10.012343 53.587332),
hvv switch Probsteier Straße,,,['POI'],POINT(10.057789 53.579687),
hvv switch Radickestraße,,,['POI'],POINT(10.003873 53.440176),
hvv switch Rahel-Varnhagen-Weg,,,['POI'],POINT(10.178793 53.48701),
hvv switch Reesestraße,,,['POI'],POINT(10.040959 53.582377),
hvv switch Riekbornweg,,,['POI'],POINT(9.916292 53.634398),
hvv switch Robert-Koch-Straße,,,['POI'],POINT(9.985976 53.589906),
hvv switch Rostocker Straße,,,['POI'],POINT(10.013923 53.556166),
hvv switch Roßberg,,,['POI'],POINT(10.049454 53.567513),
hvv switch Rödingsmarkt,,,['POI'],POINT(9.986906 53.548152),
hvv switch Saarlandstraße,,,['POI'],POINT(10.033079 53.588619),
hvv switch Schellerdamm,,,['POI'],POINT(9.986328 53.464278),
hvv switch Schinkelstraße,,,['POI'],POINT(10.013572 53.581894),
hvv switch Schlump,,,['POI'],POINT(9.970392 53.568891),
hvv switch Schottweg,,,['POI'],POINT(10.020331 53.56285),
hvv switch Schubackstraße,,,['POI'],POINT(9.987427 53.596408),
hvv switch Seilerstraße,,,['POI'],POINT(9.964415 53.550349),
hvv switch Semperstraße,,,['POI'],POINT(10.02209 53.588848),
hvv switch Semperstraße Mitte,,,['POI'],POINT(10.016391 53.586093),
hvv switch Seumestraße,,,['POI'],POINT(10.05348 53.572806),
hvv switch Sillemstraße,,,['POI'],POINT(9.943927 53.578169),
hvv switch Stadtdeich/Hammerbrooklyn,,,['POI'],POINT(10.007967 53.545595),
hvv switch Starstraße,,,['POI'],POINT(10.04918 53.591174),
hvv switch Steenkoppel,,,['POI'],POINT(10.034699 53.607968),
hvv switch Stieglitzstraße,,,['POI'],POINT(10.043971 53.574067),
hvv switch Stolbergstraße,,,['POI'],POINT(10.016338 53.580756),
hvv switch Straßenbahnring,,,['POI'],POINT(9.975841 53.58068),
hvv switch Strucksbarg,,,['POI'],POINT(9.937404 53.449837),
hvv switch Tempowerkring,,,['POI'],POINT(9.93158 53.47187),
hvv switch Thadenstraße,,,['POI'],POINT(9.956961 53.556986),
hvv switch UKE,,,['POI'],POINT(9.975737 53.589891),
hvv switch Ueckerstraße,,,['POI'],POINT(9.88024 53.604856),
hvv switch Upn Hornack,,,['POI'],POINT(9.902508 53.611195),
hvv switch Veilchenweg,,,['POI'],POINT(9.963574 53.58901),
hvv switch Virchowstraße,,,['POI'],POINT(9.947274 53.550962),
hvv switch Von-Essen-Straße,,,['POI'],POINT(10.044486 53.570468),
hvv switch Vorsetzen,,,['POI'],POINT(9.977624 53.544113),
hvv switch Walter-Rudolphi-Weg,,,['POI'],POINT(10.159568 53.489732),
hvv switch Wandsbek Markt,,,['POI'],POINT(10.068041 53.57132),
hvv switch Weidenallee,,,['POI'],POINT(9.965207 53.566552),
hvv switch Weidplan,,,['POI'],POINT(9.893799 53.603057),
hvv switch Wendloher Weg,,,['POI'],POINT(9.981081 53.596317),
hvv switch Werderstraße,,,['POI'],POINT(9.988346 53.575627),
hvv switch Winsbergring,,,['POI'],POINT(9.917833 53.574473),
hvv switch Winterlindenweg (Pergolenviertel),,,['POI'],POINT(10.030375 53.604726),
hvv switch Wrangelstraße,,,['POI'],POINT(9.967253 53.582143),
hvv switch Wählingsallee,,,['POI'],POINT(9.918799 53.631495),
hvv switch Zimmerstraße,,,['POI'],POINT(10.018475 53.574817),
Der Hamburgische Datenschutzbeauftragte,,,['POI'],POINT(9.981407 53.544603),
Bramfelder Laterne Weltladen,,,['POI'],POINT(10.090535 53.618282),
Bugenhaben-Konvikt e.V.,,,['POI'],POINT(9.881171 53.565404),
Bürgersaal Wandsbek,,,['POI'],POINT(10.070932 53.571043),
Café Sommerterrassen,,,['POI'],POINT(10.030657 53.591506),
Forum Alstertal Betreuungsservice und Veranstaltungszentrum GmbH,,,['POI'],POINT(10.088164 53.653562),
Freizeitzentrum Schnelsen,,,['POI'],POINT(9.918481 53.632171),
Max-Kramp-Haus,,,['POI'],POINT(10.107878 53.703923),
Rotary International Convention,,,['POI'],POINT(9.972599 53.562431),
Sasel-Haus e.V.,,,['POI'],POINT(10.110336 53.654652),
Sierichsches Forsthaus,,,['POI'],POINT(10.013886 53.598146),
U-Store Hoheluftbrücke,,,['POI'],POINT(9.976267 53.577523),
U-Store Kellinghusenstraße,,,['POI'],POINT(9.991332 53.589035),
U-Store Lübecker Straße,,,['POI'],POINT(10.028901 53.559641),
U-Store Straßburger Straße,,,['POI'],POINT(10.068037 53.581923),
Weltladen Sasel,,,['POI'],POINT(10.113198 53.654194),
Wälderhaus Wilhelmsburg,,,['POI'],POINT(10.003295 53.496062),
Zentrales Fundbüro Hamburg,,,['POI'],POINT(9.893121 53.572387),
hvv Servicestelle HBF Süd,,,['POI'],POINT(10.008862 53.552138),
hvv Servicestelle Jungfernstieg,,,['POI'],POINT(9.993466 53.552537),
Europäisches Beratungs- und Koordinationsbüro,,,['POI'],POINT(9.967175 53.557578),
Hamburgische Bürgerschaft,,,['POI'],POINT(9.99262 53.550549),
Rechnungshof,,,['POI'],POINT(9.987811 53.555288),
Senat Personalamt,,,['POI'],POINT(9.993662 53.545473),
"Senate government office, state office, arrangement office",,,['POI'],POINT(9.992708 53.550449),
Senatskanzlei,,,['POI'],POINT(9.992708 53.550449),
Senatskanzlei - Pressestelle,,,['POI'],POINT(9.992723 53.550449),
Senatskoordinator für die Gleichstellung behinderter Menschen,,,['POI'],POINT(10.032927 53.584244),
Sportamt,,,['POI'],POINT(10.032595 53.573734),
Staatsarchiv,,,['POI'],POINT(10.069079 53.574779),
Statistisches Amt Nord,,,['POI'],POINT(9.99332 53.545682),
"Servicezentrum f.Wirtschaftsförderung, Bauen u.Umwelt Alstertal - Bezirksamt Wandsbek",,,['POI'],POINT(10.092184 53.652258),
"Servicezentrum f.Wirtschaftsförderung, Bauen u.Umwelt Altona - Bezirksamt Altona",,,['POI'],POINT(9.946822 53.551019),
"Servicezentrum f.Wirtschaftsförderung, Bauen u.Umwelt Bergedorf - Bezirksamt Bergedorf",,,['POI'],POINT(10.220819 53.487244),
"Servicezentrum f.Wirtschaftsförderung, Bauen u.Umwelt Hamburg-Nord - Bezirksamt Hamburg-Nord",,,['POI'],POINT(9.984455 53.590071),
"Servicezentrum f.Wirtschaftsförderung, Bauen u.Umwelt Harburg - Bezirksamt Harburg",,,['POI'],POINT(9.980436 53.459519),
"Servicezentrum f.Wirtschaftsförderung, Bauen u.Umwelt Wandsbek - Bezirksamt Wandsbek",,,['POI'],POINT(10.07116 53.568111),
BUND-Landesverband Hamburg e.V.,,,['POI'],POINT(10.010179 53.556737),
"Behörde für Arbeit, Gesundheit, Soziales, Familie und Integration (Sozialbehörde)",,,['POI'],POINT(10.033714 53.574452),
Behörde für Verkehr und Mobilitätswende,,,['POI'],POINT(9.984247 53.550627),
Welcome Center Airport,,,['POI'],POINT(10.005884 53.631953),
"Welcome Center, Süderstraße",,,['POI'],POINT(10.029868 53.544178),
Hamburgische Wohnungsbaukreditanstalt,,,['POI'],POINT(10.015363 53.5514),
Landesbetrieb Geoinformation und Vermessung,,,['POI'],POINT(10.004157 53.497457),
Landesbetrieb Verkehr (LBV) – Bergedorf,,,['POI'],POINT(10.202719 53.490258),
Landesbetrieb Verkehr (LBV) – Harburg,,,['POI'],POINT(9.986865 53.465343),
Landesbetrieb Verkehr (LBV) – Mitte,,,['POI'],POINT(10.038834 53.546841),
Landesbetrieb Verkehr (LBV) – Nord,,,['POI'],POINT(10.001778 53.6673),
Landesbetrieb Verkehr (LBV) – West,,,['POI'],POINT(9.917848 53.578642),
Naturschutzbund Landesverband Hamburg e.V,,,['POI'],POINT(10.030033 53.555282),
PMC Immobilienmanagement GmbH,,,['POI'],POINT(9.997096 53.550988),
Stadtreinigung Hamburg,,,['POI'],POINT(10.036821 53.54472),
Techn. Prüfstelle Bergedorf,,,['POI'],POINT(10.217564 53.483018),
Techn. Prüfstelle Großmoordamm,,,['POI'],POINT(10.000958 53.455063),
Versorgungsamt Hamburg,,,['POI'],POINT(10.034337 53.57522),
Zentrale Ausländerbehörde,,,['POI'],POINT(10.061993 53.568517),
"Behörde für Umwelt, Klima Energie und Agrarwirtschaft",,,['POI'],POINT(10.004217 53.497465),
Bezirksamt Altona,,,['POI'],POINT(9.935586 53.547118),
Soziales Dienstleistungszentrum Allermöhe - Bezirksamt Bergedorf,,,['POI'],POINT(10.158783 53.489659),
Alster,,,['POI'],POINT(9.991141 53.554434),
Astor Film Lounge,,,['POI'],POINT(9.996755 53.543551),
Blankenese,,,['POI'],POINT(9.80636 53.557782),
Bootshaus Marienhof,,,['POI'],POINT(10.086934 53.656915),
Cranz,,,['POI'],POINT(9.778474 53.534866),
Elbstrand,,,['POI'],POINT(9.905292 53.544315),
Finkenwerder,,,['POI'],POINT(9.867816 53.524978),
Gut Karlshöhe,,,['POI'],POINT(10.108358 53.629439),
Soziales Dienstleistungszentrum Alstertal - Bezirksamt Wandsbek,,,['POI'],POINT(10.092199 53.652258),
Hafengeburtstag (9.-12. Mai 2024),,,['POI'],POINT(9.968914 53.54582),
Hagenbecks Tierpark (Haupteingang),,,['POI'],POINT(9.941535 53.594856),
Dungeon,,,['POI'],POINT(9.989473 53.543746),
IBA-Infopoint,,,['POI'],POINT(10.001743 53.497342),
MINTarium,,,['POI'],POINT(10.148357 53.529799),
Miniatur Wunderland,,,['POI'],POINT(9.988734 53.543725),
Soziales Dienstleistungszentrum Altona (Achtern Born) - Bezirksamt Altona,,,['POI'],POINT(9.849347 53.587612),
Planetarium,,,['POI'],POINT(10.009033 53.597315),
Wasserkunst Elbinsel Kaltehofe,,,['POI'],POINT(10.052576 53.524257),
Soziales Dienstleistungszentrum Altona (Alte Königstr) - Bezirksamt Altona,,,['POI'],POINT(9.937669 53.547156),
Soziales Dienstleistungszentrum Barmbek-Uhlenhorst - Bezirksamt Hamburg-Nord,,,['POI'],POINT(10.044314 53.586167),
Soziales Dienstleistungszentrum Bergedorf - Kundenzentrum Bergedorf,,,['POI'],POINT(10.20781 53.489137),
Soziales Dienstleistungszentrum Billstedt - Bezirksamt Hamburg-Mitte,,,['POI'],POINT(10.110597 53.542592),
Soziales Dienstleistungszentrum Bramfeld - Bezirksamt Wandsbek,,,['POI'],POINT(10.079345 53.611509),
Soziales Dienstleistungszentrum Eimsbüttel - Bezirksamt Eimsbüttel,,,['POI'],POINT(9.979227 53.574974),
Soziales Dienstleistungszentrum Fuhlsbüttel - Bezirksamt Hamburg-Nord,,,['POI'],POINT(10.026166 53.630514),
Bezirksamt Bergedorf,,,['POI'],POINT(10.220398 53.487293),
Soziales Dienstleistungszentrum Hamburg-Mitte - Bezirksamt Hamburg-Mitte,,,['POI'],POINT(10.018551 53.552218),
Soziales Dienstleistungszentrum Hamburg-Nord - Bezirksamt Hamburg-Nord,,,['POI'],POINT(9.984334 53.590072),
Soziales Dienstleistungszentrum Harburg - Bezirksamt Harburg,,,['POI'],POINT(9.979664 53.460631),
Soziales Dienstleistungszentrum Lokstedt - Bezirksamt Eimsbüttel,,,['POI'],POINT(9.953891 53.621705),
Soziales Dienstleistungszentrum Rahlstedt - Bezirksamt Wandsbek,,,['POI'],POINT(10.156797 53.602024),
Soziales Dienstleistungszentrum Stellingen - Bezirksamt Eimsbüttel,,,['POI'],POINT(9.933472 53.593616),
Soziales Dienstleistungszentrum Süderelbe - Bezirksamt Harburg,,,['POI'],POINT(9.85293 53.469349),
Soziales Dienstleistungszentrum Wandsbek - Bezirksamt Wandsbek,,,['POI'],POINT(10.070321 53.574319),
Soziales Dienstleistungszentrum Wilhelmsburg - Bezirksamt Harburg,,,['POI'],POINT(9.997094 53.498944),
Soziales Dienstleistungszentrum für Wohnungslose ohne bezirklichen Bezug,,,['POI'],POINT(9.981349 53.554488),
Bezirksamt Eimsbüttel,,,['POI'],POINT(9.979144 53.575298),
Bezirksamt Hamburg-Mitte,,,['POI'],POINT(9.984663 53.554245),
Bezirksamt Hamburg-Nord Kundenzentrum,,,['POI'],POINT(9.983471 53.589352),
Bezirksamt Harburg (Harburger Rathausplatz),,,['POI'],POINT(9.979792 53.459632),
Bezirksamt Wandsbek,,,['POI'],POINT(10.070949 53.571699),
Alster-Einkaufszentrum Poppenbüttel,,,['POI'],POINT(10.090549 53.654564),
Alsterhaus,,,['POI'],POINT(9.992154 53.553231),
Billstedt-Center,,,['POI'],POINT(10.105488 53.541031),
Einkaufspassage Hamburger Hof,,,['POI'],POINT(9.99113 53.553958),
Einkaufstreffpunkt Farmsen,,,['POI'],POINT(10.117161 53.606166),
Einkaufszentrum Jenfeld,,,['POI'],POINT(10.135675 53.571514),
Elbe-Einkaufszentrum,,,['POI'],POINT(9.862398 53.570761),
Europa Passage,,,['POI'],POINT(9.995709 53.551665),
Fischmarkt Altona (So.morgens),,,['POI'],POINT(9.953101 53.545749),
Gänsemarkt-Passage,,,['POI'],POINT(9.989396 53.555302),
Hamburger Meile,,,['POI'],POINT(10.030541 53.572458),
Hanse-Viertel,,,['POI'],POINT(9.98927 53.553156),
Levantehaus (Mö),,,['POI'],POINT(10.002881 53.551245),
Nedderfeld Center,,,['POI'],POINT(9.979779 53.601404),
Phoenix-Center Hamburg-Harburg,,,['POI'],POINT(9.988491 53.45691),
Quarree Wandsbek,,,['POI'],POINT(10.067037 53.572237),
U-Bahn Mönckebergstraße (Station gesperrt),,,['POI'],POINT(10.001446 53.551176),
Westfield Hamburg-Überseequartier,,,['POI'],POINT(9.999007 53.54116),
Freibad Aschberg,,,['POI'],POINT(10.061925 53.547734),
Freibad Duvenstedt,,,['POI'],POINT(10.103434 53.709445),
Freibad Marienhöhe,,,['POI'],POINT(9.791888 53.575553),
Freibad Neugraben,,,['POI'],POINT(9.864545 53.476948),
Freibad Osdorfer Born,,,['POI'],POINT(9.840296 53.58428),
Freibad Ostende,,,['POI'],POINT(10.118422 53.591032),
Freibad Rahlstedt,,,['POI'],POINT(10.176461 53.595336),
"Hohendeicher See, Badestelle Süd",,,['POI'],POINT(10.113811 53.43168),
Naturbad Kiwittsmoor,,,['POI'],POINT(10.020473 53.671419),
Naturbad Stadtparksee,,,['POI'],POINT(10.029177 53.592139),
Sommerbad Volksdorf,,,['POI'],POINT(10.182589 53.661633),
Strandbad Farmsen,,,['POI'],POINT(10.108222 53.61616),
"Allermöher See, Nordspitze",,,['POI'],POINT(10.165279 53.481509),
Alster-Schwimmhalle,,,['POI'],POINT(10.022459 53.560981),
Bartholomäus-Therme,,,['POI'],POINT(10.027512 53.57704),
Bille-Bad,,,['POI'],POINT(10.211221 53.491466),
"Boberger See, Sandstrand",,,['POI'],POINT(10.137103 53.515027),
"Eichbaumsee, Badestelle Nord",,,['POI'],POINT(10.101698 53.486874),
"Eichbaumsee, Badestelle Ost",,,['POI'],POINT(10.110683 53.484814),
Festland Altona,,,['POI'],POINT(9.951889 53.55425),
Freizeitbad Bondenwald,,,['POI'],POINT(9.937644 53.625104),
Hallen- und Freibad Finkenwerder,,,['POI'],POINT(9.871912 53.538696),
Hallen- und Freibad Ohlsdorf,,,['POI'],POINT(10.030785 53.621543),
"Hohendeicher See, Badestelle West",,,['POI'],POINT(10.102836 53.443643),
Holthusenbad,,,['POI'],POINT(9.990452 53.589519),
Kaifu-Bad,,,['POI'],POINT(9.964057 53.571081),
MidSommerland,,,['POI'],POINT(9.980295 53.446878),
Parkbad Volksdorf,,,['POI'],POINT(10.164914 53.650449),
Schwimmbad Billstedt,,,['POI'],POINT(10.11768 53.540603),
Schwimmhalle Inselpark,,,['POI'],POINT(10.001809 53.495041),
See Hinterm Horn,,,['POI'],POINT(10.154627 53.474253),
Sommerbad Altengamme,,,['POI'],POINT(10.296417 53.449605),
"Öjendorfer See, Badestelle Nord",,,['POI'],POINT(10.144318 53.558987),
"Öjendorfer See, Badestelle Süd",,,['POI'],POINT(10.138163 53.554553),
Alsterschwimmhalle,,,['POI'],POINT(10.021843 53.560465),
Hallenbad Blankenese,,,['POI'],POINT(9.822093 53.566804),
Hallenbad Bramfeld,,,['POI'],POINT(10.068479 53.610807),
Hallenbad Elbgaustraße,,,['POI'],POINT(9.88889 53.602375),
Hallenbad Rahlstedt,,,['POI'],POINT(10.153417 53.599388),
Hallenbad St. Pauli,,,['POI'],POINT(9.965745 53.553752),
Hallenbad Süderelbe,,,['POI'],POINT(9.851641 53.46961),
Hallenbad Wandsbek,,,['POI'],POINT(10.073147 53.575659),
Botanischer Garten Alt,,,['POI'],POINT(9.985986 53.559203),
Botanischer Garten Klein Flottbek,,,['POI'],POINT(9.862296 53.559045),
Botanischer Sondergarten Wandsbek,,,['POI'],POINT(10.099122 53.582908),
Dahliengarten Hamburg,,,['POI'],POINT(9.887399 53.581702),
Eichtal Park,,,['POI'],POINT(10.088737 53.578385),
Fischbeker Heide,,,['POI'],POINT(9.849493 53.454844),
Goetheplatz,,,['POI'],POINT(9.940441 53.551753),
Goßlers Park,,,['POI'],POINT(9.811899 53.563361),
Große Wallanlagen,,,['POI'],POINT(9.977486 53.555786),
Hammerpark,,,['POI'],POINT(10.058327 53.558342),
Hessepark,,,['POI'],POINT(9.810003 53.560507),
Hirschpark,,,['POI'],POINT(9.825494 53.556241),
Jenischpark (Punkt),,,['POI'],POINT(9.87267 53.554271),
Kleine Wallanlagen,,,['POI'],POINT(9.980428 53.557721),
Loki-Schmidt-Platz,,,['POI'],POINT(10.030116 53.604009),
Maskottchen Leopold,,,['POI'],POINT(10.051658 53.604595),
Moorweide,,,['POI'],POINT(9.991518 53.562167),
Planten un Blomen,,,['POI'],POINT(9.981223 53.562073),
Stadtpark (Bereich) Hamburg,,,['POI'],POINT(10.025768 53.596059),
Stadtpark (Punkt) Hamburg,,,['POI'],POINT(10.030401 53.598984),
Stadtpark Harburg,,,['POI'],POINT(9.972563 53.450319),
Wohlers Park,,,['POI'],POINT(9.953289 53.558129),
Zeppelin-Park,,,['POI'],POINT(9.935937 53.628576),
Bornsteinplatz,,,['POI'],POINT(9.967369 53.542256),
Gebrüder-Wolf-Platz,,,['POI'],POINT(9.965562 53.547698),
Mairannenruh-Platz,,,['POI'],POINT(9.939272 53.56161),
Platz der Arbeiterinnen,,,['POI'],POINT(9.938307 53.558275),
A MODO MIO Restaurant,,,['POI'],POINT(10.019503 53.574853),
AMARANTO Tapas Vino,,,['POI'],POINT(10.016087 53.577829),
Abaton Bistro,,,['POI'],POINT(9.981995 53.568015),
Akropolis Restaurant Eimsbüttel,,,['POI'],POINT(9.961519 53.568316),
Alsterperle,,,['POI'],POINT(10.015455 53.567861),
Alsterschiff Galatea,,,['POI'],POINT(9.996239 53.553044),
Alt Deutsche Küche Elbbrücken,,,['POI'],POINT(10.033715 53.536732),
Alt Hamburger Aalspeicher,,,['POI'],POINT(9.987024 53.545474),
Alt Helgoländer Fischerstube,,,['POI'],POINT(9.952653 53.545914),
Altes Moskau Restaurant,,,['POI'],POINT(10.019357 53.581333),
American Restaurant Doris` Diner,,,['POI'],POINT(9.984212 53.569245),
Anno 1905,,,['POI'],POINT(9.947967 53.561029),
Apples Restaurant und Bar,,,['POI'],POINT(10.003534 53.550781),
Aqui Restaurant,,,['POI'],POINT(9.965425 53.560916),
Arcada Restaurante,,,['POI'],POINT(10.013151 53.581313),
Arkadasch Restaurant,,,['POI'],POINT(9.982133 53.568103),
Artisan,,,['POI'],POINT(9.968052 53.560958),
Ashoka Indisches Restaurant,,,['POI'],POINT(9.965133 53.55338),
Asia Imbiss Bok Bahrenfelder Straße,,,['POI'],POINT(9.928398 53.555082),
Asia Imbiss Bok Ottenser Hauptstraße,,,['POI'],POINT(9.9331 53.552062),
Asia Wok Eimsbüttel,,,['POI'],POINT(9.937697 53.581156),
Asia Wok Fuhlsbüttel,,,['POI'],POINT(10.014649 53.630567),
Asia Wok Winterhude,,,['POI'],POINT(10.008541 53.579861),
Atlas Restaurant Kochsalon,,,['POI'],POINT(9.928056 53.560826),
Au Quai Restaurant,,,['POI'],POINT(9.935122 53.544561),
Auswärts Espresso Bar,,,['POI'],POINT(9.971726 53.55728),
Azeitona,,,['POI'],POINT(9.965135 53.558771),
BEN Restaurant,,,['POI'],POINT(9.9952 53.567896),
BOGART´S,,,['POI'],POINT(9.926903 53.563315),
Bacco's Grill,,,['POI'],POINT(9.982715 53.555474),
Backatelle Restaurant,,,['POI'],POINT(9.952293 53.576935),
Badisches Weinhaus Michael,,,['POI'],POINT(10.035442 53.555577),
Bagel Brothers Eimsbuettel,,,['POI'],POINT(9.96152 53.573716),
Bagel Brothers Gänsemarkt,,,['POI'],POINT(9.989396 53.555302),
Bagel Brothers Ottensen,,,['POI'],POINT(9.932316 53.552095),
Bahrenfelder Forsthaus,,,['POI'],POINT(9.91068 53.571796),
Bahrenfelder Hof,,,['POI'],POINT(9.915684 53.571461),
Balutschi Pakistanisches Restaurant,,,['POI'],POINT(9.983233 53.565417),
Balutschistan Eppendorf,,,['POI'],POINT(9.988124 53.593294),
Balutschistan Grindel,,,['POI'],POINT(9.980045 53.567887),
Balutschistan Schanzenviertel,,,['POI'],POINT(9.961645 53.562582),
Baradona Bar und Café,,,['POI'],POINT(9.969596 53.576292),
Beira Rio Portugiesische und Spanische Küche,,,['POI'],POINT(9.975296 53.545211),
Bella Roma Ristorante Pizzeria,,,['POI'],POINT(10.014815 53.552456),
Bierlokal Don Antonio,,,['POI'],POINT(10.006711 53.582266),
Bio Dito Bistro,,,['POI'],POINT(9.916031 53.563731),
Bistro Kaiserperle,,,['POI'],POINT(9.987976 53.540982),
Bistro Kneipe Kleine Pause,,,['POI'],POINT(9.962358 53.554777),
Bistro Mademoiselle,,,['POI'],POINT(9.989091 53.590734),
Bistro Vegetario,,,['POI'],POINT(10.021218 53.553318),
Bistrot Vienna,,,['POI'],POINT(9.963726 53.566492),
Bistrot le Souterrain - Café Restaurant Français,,,['POI'],POINT(10.019924 53.554084),
House Alstertal,,,['POI'],POINT(10.091653 53.654545),
House Bergedorf,,,['POI'],POINT(10.211333 53.488499),
House Eidelst.,,,['POI'],POINT(9.903033 53.606807),
House Eppendorf,,,['POI'],POINT(9.975614 53.579352),
House Gänsemarkt,,,['POI'],POINT(9.98947 53.555257),
House Harburg,,,['POI'],POINT(9.980718 53.461934),
House Jungfernstieg,,,['POI'],POINT(9.994439 53.551549),
House Kirchenallee,,,['POI'],POINT(10.008742 53.553442),
House Othmarschen,,,['POI'],POINT(9.886588 53.559541),
House Pöseldorf,,,['POI'],POINT(9.994701 53.571728),
House Volksdorf,,,['POI'],POINT(10.164154 53.647563),
House Wandsbek,,,['POI'],POINT(10.071563 53.572106),
House Winterhude,,,['POI'],POINT(10.007932 53.582813),
Bok Restaurant Schanzenstraße,,,['POI'],POINT(9.965237 53.560594),
Bok Restaurant Schulterblatt,,,['POI'],POINT(9.96376 53.559348),
Bolero Restaurant und Bar Harburg,,,['POI'],POINT(9.979285 53.461829),
Bolero Restaurant und Bar Ottensen,,,['POI'],POINT(9.930398 53.549935),
Bolero Restaurant und Bar Rotherbaum,,,['POI'],POINT(9.989151 53.571954),
Bolero Restaurant und Bar Wandsbek,,,['POI'],POINT(10.096606 53.588377),
Bonbao Restaurant,,,['POI'],POINT(10.011857 53.580866),
Bootshaus Hafencity,,,['POI'],POINT(9.991017 53.541388),
Bootsmann Restaurant,,,['POI'],POINT(10.00893 53.584782),
Boussi Falafel,,,['POI'],POINT(9.99532 53.551821),
Brachmanns Galeron,,,['POI'],POINT(9.963101 53.552947),
Brasserie Cassis,,,['POI'],POINT(9.983206 53.568813),
Brasserie Flum,,,['POI'],POINT(9.990183 53.563167),
Brasserie La Provence,,,['POI'],POINT(9.927043 53.550375),
Brasserie Raval,,,['POI'],POINT(9.965735 53.557266),
Broders` Culinarium,,,['POI'],POINT(9.995561 53.565306),
Broscheks Restaurant,,,['POI'],POINT(9.987907 53.552268),
Brunilandia,,,['POI'],POINT(9.995309 53.550715),
Bullerei,,,['POI'],POINT(9.966623 53.56247),
Burger King Alsterkrugchaussee,,,['POI'],POINT(10.004037 53.615948),
Burger King Borgfelde,,,['POI'],POINT(10.037277 53.552272),
Burger King Bramfeld,,,['POI'],POINT(10.081883 53.620921),
Burger King Elbe-Einkaufszentrum,,,['POI'],POINT(9.863653 53.570096),
Burger King Farmsen Einkaufstreff,,,['POI'],POINT(10.118359 53.605193),
Burger King Friedrich-Ebert-Damm,,,['POI'],POINT(10.100711 53.58886),
Burger King Hamburg Hauptbahnhof,,,['POI'],POINT(10.002679 53.553538),
Burger King Kieler Straße,,,['POI'],POINT(9.936339 53.579127),
Burger King Ottensen,,,['POI'],POINT(9.933553 53.55275),
Burger King St. Pauli Reeperbahn,,,['POI'],POINT(9.962276 53.54918),
Burger King Steilshoop,,,['POI'],POINT(10.051431 53.608838),
Burger Lounge Wandsbek,,,['POI'],POINT(10.028874 53.560414),
Butcher´s american steakhouse,,,['POI'],POINT(9.99721 53.570566),
Byzanthinum Bar und Restaurant,,,['POI'],POINT(10.024687 53.565113),
CARLS Brasserie,,,['POI'],POINT(9.985805 53.541054),
COSMOS Ristorante,,,['POI'],POINT(9.930703 53.551479),
CUNEO,,,['POI'],POINT(9.962552 53.54801),
Caberlo,,,['POI'],POINT(10.034705 53.551971),
Cafe Knuth,,,['POI'],POINT(9.93113 53.553048),
Café Altamira Tapa Bar,,,['POI'],POINT(9.927791 53.55975),
Café Bar Restaurant Elbrausch,,,['POI'],POINT(9.951936 53.545579),
Café Elbterrassen,,,['POI'],POINT(9.914625 53.544783),
Café Funk-Eck,,,['POI'],POINT(9.988292 53.573965),
Café Gnosa,,,['POI'],POINT(10.013003 53.558725),
Café Johanna,,,['POI'],POINT(9.975022 53.547082),
Café Kneipe TROTZDEM,,,['POI'],POINT(10.017914 53.5728),
Café Max B,,,['POI'],POINT(9.949084 53.558334),
Café Möller,,,['POI'],POINT(9.957044 53.549995),
Café Paris,,,['POI'],POINT(9.99449 53.549905),
Café Seeterrassen,,,['POI'],POINT(9.981613 53.560641),
Captain`s Dinner,,,['POI'],POINT(9.968519 53.545697),
Casa Franco,,,['POI'],POINT(9.9762 53.545167),
Casa Ricardo,,,['POI'],POINT(9.9762 53.545167),
Casa de Aragon Restaurant,,,['POI'],POINT(9.975243 53.582896),
Casa del Sabor Portugiesische und Spanische Spezialitäten,,,['POI'],POINT(9.975262 53.545669),
Casse-Croûte,,,['POI'],POINT(9.989511 53.555688),
Cha Cha Thai Street Kitchen,,,['POI'],POINT(9.98975 53.553008),
Chez Bernard,,,['POI'],POINT(9.982618 53.585127),
Chilli Club Asian Brasserie,,,['POI'],POINT(9.992937 53.542837),
China Restaurant Peking,,,['POI'],POINT(9.957426 53.54885),
China Restaurant Shanghai,,,['POI'],POINT(10.006997 53.554948),
China Restaurant Suzy Wong,,,['POI'],POINT(9.99558 53.569969),
China-Tempel,,,['POI'],POINT(9.956735 53.567689),
Chutney Indische Spezialitäten Europapassage,,,['POI'],POINT(9.99532 53.551821),
Cita Rasa Indonesisch-Deutsche Spezialitäten,,,['POI'],POINT(10.016736 53.5558),
Coffee Lounge Hamburg,,,['POI'],POINT(9.999049 53.551906),
Copper House,,,['POI'],POINT(9.96288 53.547872),
Cuba Mia Restaurant und Bar,,,['POI'],POINT(9.977915 53.5652),
Cucina D`Elisa Restaurant,,,['POI'],POINT(9.988987 53.573968),
Cucina Matta Restaurant,,,['POI'],POINT(9.980567 53.585233),
Curry Queen Restaurant Eppendorf,,,['POI'],POINT(9.987028 53.593563),
Curry-Pirates,,,['POI'],POINT(10.021588 53.578052),
Cölln`s Restaurant,,,['POI'],POINT(9.993877 53.548831),
D. José Portugiesisches Spezialitäten,,,['POI'],POINT(9.97572 53.545935),
DAILY Your Coffee and Food Company,,,['POI'],POINT(9.985726 53.549959),
"DIE BANK Bar, Brasserie und Restaurant",,,['POI'],POINT(9.987384 53.553809),
DILARA Restaurant,,,['POI'],POINT(9.960806 53.570828),
Da Mingo Restaurant,,,['POI'],POINT(9.919251 53.576501),
Da Remo Restaurant,,,['POI'],POINT(9.981438 53.583061),
Daniel Wischer Restaurant Spitaler Straße,,,['POI'],POINT(10.001625 53.551732),
Daniel Wischer Restaurant Steinstraße,,,['POI'],POINT(10.00276 53.549961),
Das Dorf Restaurant,,,['POI'],POINT(10.010625 53.557092),
Das Herz von St. Pauli,,,['POI'],POINT(9.965978 53.549411),
Das Seepferdchen am Hafen,,,['POI'],POINT(9.938387 53.544823),
Das Weiße Haus Restaurant,,,['POI'],POINT(9.91506 53.544672),
Deichgraf,,,['POI'],POINT(9.987448 53.546153),
Der Suppenladen,,,['POI'],POINT(10.001587 53.54821),
Die Bucht (Bar Stadtpark),,,['POI'],POINT(10.031573 53.59254),
Die Fischküche,,,['POI'],POINT(9.985033 53.545472),
Die Rösterei Caféhaus,,,['POI'],POINT(10.002881 53.551245),
"Dim Sum Haus Restaurant „China""",,,['POI'],POINT(10.008393 53.55464),
Dionysos,,,['POI'],POINT(9.958547 53.571736),
Dips 'n Stix,,,['POI'],POINT(9.963755 53.549186),
Dock 14,,,['POI'],POINT(9.951976 53.546037),
EINSTEIN Bistro Bahrenfeld,,,['POI'],POINT(9.913716 53.564899),
EINSTEIN Bistro Billstedt,,,['POI'],POINT(10.099687 53.540114),
EINSTEIN Bistro Bramfeld,,,['POI'],POINT(10.082812 53.621218),
EINSTEIN Bistro City,,,['POI'],POINT(9.997555 53.548693),
EINSTEIN Bistro Hoheluft,,,['POI'],POINT(9.976961 53.577499),
76,,,['POI'],POINT(9.966219 53.575197),
East Restaurant,,,['POI'],POINT(9.966768 53.550968),
El Tequito,,,['POI'],POINT(9.953916 53.545725),
Elbwerk,,,['POI'],POINT(9.962584 53.546769),
Engel Restaurant,,,['POI'],POINT(9.863442 53.546439),
Eppendorfer Grillkate,,,['POI'],POINT(9.981075 53.584331),
Erika`s Eck,,,['POI'],POINT(9.967653 53.561303),
Estoril,,,['POI'],POINT(9.979741 53.554124),
FUH Ein Raum zum Speisen Restaurant,,,['POI'],POINT(9.922061 53.548859),
Falafelstern,,,['POI'],POINT(9.965369 53.564412),
Fasan Kneipe,,,['POI'],POINT(9.963299 53.574933),
Filini Restaurant,,,['POI'],POINT(9.987652 53.561409),
Fischbeisl Bistro,,,['POI'],POINT(9.939479 53.544419),
Fischereihafen Restaurant,,,['POI'],POINT(9.93442 53.544845),
Fischrestaurant Hoppe,,,['POI'],POINT(9.913296 53.544676),
Flamingo Lodge-Restaurant,,,['POI'],POINT(9.937044 53.595304),
Fleetschlösschen Café Bistro Bar,,,['POI'],POINT(9.997908 53.544467),
Fleur de Piment Bistro Café,,,['POI'],POINT(9.982603 53.584471),
Fo Bar und Restaurant,,,['POI'],POINT(9.92553 53.559183),
Freischwimmer,,,['POI'],POINT(9.962899 53.569284),
Freudenhaus Restaurant,,,['POI'],POINT(9.962403 53.550086),
Friesenkeller Restaurant,,,['POI'],POINT(9.992466 53.552356),
Frischeparadies,,,['POI'],POINT(9.940406 53.544726),
GALLO NERO Enoteca e Ristorante,,,['POI'],POINT(10.00756 53.581154),
GOLDEN CUT Club Restaurant,,,['POI'],POINT(10.006456 53.555025),
Gaststätte Holli und Toddi,,,['POI'],POINT(9.92668 53.555158),
Gaststätte Zum Schellfischposten,,,['POI'],POINT(9.946105 53.544556),
Gaucho Rodizio,,,['POI'],POINT(9.969321 53.567579),
Gecko mexican kitchen,,,['POI'],POINT(9.99532 53.551821),
Geelhaus Schankwirtschaft,,,['POI'],POINT(10.011709 53.55888),
Generation Bar,,,['POI'],POINT(10.012269 53.558318),
Geo Restaurant Bar Café,,,['POI'],POINT(9.988946 53.589693),
Gobinda Indisches Restaurant,,,['POI'],POINT(10.008943 53.555543),
Goldfisch Restaurant,,,['POI'],POINT(9.988814 53.585327),
Gourmetrestaurant Seven Seas,,,['POI'],POINT(9.800731 53.560165),
Greeni,,,['POI'],POINT(9.984887 53.587866),
Gusto Fino Ristorante,,,['POI'],POINT(10.018073 53.568144),
HANS IM GLÜCK - BRANDSENDE,,,['POI'],POINT(10.002201 53.553767),
Hamborger Veermaster,,,['POI'],POINT(9.958098 53.549869),
60 Bar und Gaststätte,,,['POI'],POINT(10.01356 53.582011),
Hanoi,,,['POI'],POINT(9.962333 53.549018),
Hans im Glück - ALTES RATHAUS,,,['POI'],POINT(9.992559 53.548618),
Hardy`s Restaurantkneipe,,,['POI'],POINT(9.9635 53.574446),
Harms und Schacht Restaurant,,,['POI'],POINT(10.013145 53.579804),
Henssler und Henssler,,,['POI'],POINT(9.943016 53.544715),
Hofbräu an der Alster,,,['POI'],POINT(9.991803 53.557582),
Hoffski Müslibar,,,['POI'],POINT(9.965068 53.561809),
Hollywood Canteen Altona,,,['POI'],POINT(9.934035 53.582173),
Hollywood Canteen Bramfeld,,,['POI'],POINT(10.070751 53.606267),
Hong Kong Express,,,['POI'],POINT(9.99532 53.551821),
Hopi,,,['POI'],POINT(9.978132 53.577885),
IMARA Restaurant Bar Lounge,,,['POI'],POINT(9.970477 53.581173),
Il Vagabondo Italienische Spezialitäten,,,['POI'],POINT(9.928393 53.556933),
IndoChine Restaurant,,,['POI'],POINT(9.923632 53.544121),
Irish Rover,,,['POI'],POINT(9.980717 53.550638),
Jacobs Restaurant,,,['POI'],POINT(9.844241 53.550431),
Jahreszeiten Grill,,,['POI'],POINT(9.991513 53.555491),
Japanisches Restaurant Matsumi,,,['POI'],POINT(9.990141 53.557461),
Jim Block Restaurant Barmbek,,,['POI'],POINT(10.044475 53.592051),
Jim Block Restaurant Bergedorf,,,['POI'],POINT(10.211333 53.488499),
Jim Block Restaurant Jungfernstieg,,,['POI'],POINT(9.994107 53.55157),
Jim Block Restaurant Kirchenallee,,,['POI'],POINT(10.008393 53.55464),
Jim Block Restaurant Othmarschen,,,['POI'],POINT(9.886949 53.558775),
Jim Block Restaurant Wandsbek,,,['POI'],POINT(10.067754 53.572518),
Jolie Restaurant,,,['POI'],POINT(9.961973 53.552417),
Julius Meinl Kaffeehaus,,,['POI'],POINT(9.99778 53.56402),
KITSUNE IZAKAYA,,,['POI'],POINT(9.960065 53.572766),
Kaffee- und Weinhaus Kleinhuis,,,['POI'],POINT(9.991144 53.557148),
Kaisers,,,['POI'],POINT(9.990136 53.541108),
Kajüte Restaurant,,,['POI'],POINT(10.013579 53.560715),
Karatren Café und Restaurant Altona,,,['POI'],POINT(9.930272 53.551096),
Karatren Café und Restaurant Hamburg City,,,['POI'],POINT(10.008542 53.555169),
Karatren Café und Restaurant Harburg,,,['POI'],POINT(9.978571 53.460226),
Karlsons Skandinavische Köstlichkeiten,,,['POI'],POINT(9.981995 53.55043),
Kartoffelkeller,,,['POI'],POINT(9.987525 53.546224),
Kentucky Fried Chicken Billstedt,,,['POI'],POINT(10.098315 53.540747),
Kentucky Fried Chicken Einkaufszentrum Hamburger Meile,,,['POI'],POINT(10.030328 53.572388),
Kentucky Fried Chicken Hamburg Hauptbahnhof,,,['POI'],POINT(10.003335 53.553856),
Kentucky Fried Chicken Heimfeld,,,['POI'],POINT(9.936837 53.471227),
Kentucky Fried Chicken St. Pauli Reeperbahn,,,['POI'],POINT(9.961112 53.549728),
Kentucky Fried Chicken Wandsbek,,,['POI'],POINT(10.084755 53.577334),
Kham Restaurant,,,['POI'],POINT(10.012946 53.558879),
Khan Mongolei,,,['POI'],POINT(10.046843 53.642618),
Killer Shrimp Restaurant,,,['POI'],POINT(10.026436 53.551971),
Kleiner Speisesaal,,,['POI'],POINT(10.009268 53.581203),
Koch Kontor,,,['POI'],POINT(9.975218 53.559516),
Kölsch und Altbierhaus,,,['POI'],POINT(9.985243 53.555822),
Köpke Restaurant,,,['POI'],POINT(9.988585 53.591017),
Küchenwerkstatt,,,['POI'],POINT(10.013808 53.579107),
La Bruschetta,,,['POI'],POINT(10.009048 53.581474),
La Luna,,,['POI'],POINT(9.966059 53.557578),
La Monella italienische vegetarische Küche,,,['POI'],POINT(9.986043 53.572016),
La Pastaia,,,['POI'],POINT(10.104266 53.575187),
La Paz,,,['POI'],POINT(9.95256 53.577382),
La Sorpresa Ristorante,,,['POI'],POINT(10.020032 53.574902),
La Toscana,,,['POI'],POINT(9.954149 53.575518),
La Vela Ristorante & Weinbar,,,['POI'],POINT(9.949919 53.544454),
Landhaus Dill,,,['POI'],POINT(9.922566 53.54642),
Landhaus Scherrer,,,['POI'],POINT(9.916392 53.546252),
Landhaus Walter,,,['POI'],POINT(10.015301 53.593533),
Laufauf Das Auflaufrestaurant,,,['POI'],POINT(9.999732 53.548899),
Le Ciel Restaurant und Bar,,,['POI'],POINT(10.007745 53.558464),
Le Kaschemme,,,['POI'],POINT(9.964544 53.552028),
Le Plat du Jour,,,['POI'],POINT(9.99435 53.549043),
Lincontro Eimsbüttel,,,['POI'],POINT(9.964807 53.566879),
Lincontro Il Bistro Bahrenfeld,,,['POI'],POINT(9.892176 53.573382),
Lincontro al Teatro Ottensen,,,['POI'],POINT(9.925521 53.555311),
Lobsterhouse Hummerspezialist,,,['POI'],POINT(9.94743 53.544437),
Locanda 33 Antipasti Restaurante,,,['POI'],POINT(9.983039 53.568779),
Locores Lounge Coffee Restaurant,,,['POI'],POINT(9.961348 53.580079),
Los Martínez - Spanisches Restaurant,,,['POI'],POINT(9.944292 53.578993),
Louisiana Mundsburg,,,['POI'],POINT(10.027173 53.570546),
Louisiana Othmarschen,,,['POI'],POINT(9.90033 53.557866),
Louisiana Volksdorf,,,['POI'],POINT(10.16691 53.648803),
auf Italien Restaurant,,,['POI'],POINT(9.939012 53.54445),
Löffelchen Essbar,,,['POI'],POINT(10.007134 53.585471),
MANARA Rauchercafé,,,['POI'],POINT(9.927993 53.556549),
MAZZA,,,['POI'],POINT(9.968428 53.569482),
Madame Hu,,,['POI'],POINT(9.962032 53.558365),
Magellan - Terrassen,,,['POI'],POINT(9.994185 53.539457),
Mamma Mia,,,['POI'],POINT(9.92806 53.556171),
Manee Thai Spezialitätenrestaurant,,,['POI'],POINT(9.992639 53.549435),
Mangold Restaurant,,,['POI'],POINT(9.917659 53.562982),
Maral Bar Café Restaurant,,,['POI'],POINT(9.989292 53.552787),
Marblau,,,['POI'],POINT(9.97995 53.554679),
Marco-Polo-Terrassen,,,['POI'],POINT(9.993187 53.541927),
Maria Dolores Restaurant,,,['POI'],POINT(9.960537 53.574299),
Marinehof,,,['POI'],POINT(9.985072 53.549111),
Mario L`Arancio Ristorante Pizzeria,,,['POI'],POINT(9.986191 53.590039),
Marley`s Restaurant,,,['POI'],POINT(9.980992 53.546215),
Massimo Ristorante,,,['POI'],POINT(10.001522 53.588878),
Match Point Restaurant Sportsbar,,,['POI'],POINT(9.992749 53.574764),
Mc Donalds Altona Paul-Nevermann-Platz,,,['POI'],POINT(9.934188 53.552134),
Mc Donalds Eiffestraße,,,['POI'],POINT(10.046404 53.552166),
Mc Donalds Einkaufszentrum Hamburger Meile,,,['POI'],POINT(10.029379 53.571857),
Mc Donalds Hamburg Altstadt Europapassage,,,['POI'],POINT(9.99532 53.551821),
Mc Donalds Hamburg Altstadt Ida-Ehre-Platz,,,['POI'],POINT(9.999529 53.5505),
Mc Donalds Hamburg Hauptbahnhof,,,['POI'],POINT(10.003335 53.553856),
Mc Donalds Hammerbrook,,,['POI'],POINT(10.026541 53.542589),
Mc Donalds Harvestehude Grindelberg,,,['POI'],POINT(9.976216 53.577937),
Mc Donalds Kieler Straße,,,['POI'],POINT(9.937666 53.577032),
Mc Donalds Mundsburger Damm,,,['POI'],POINT(10.026564 53.570309),
Mc Donalds Rotherbaum,,,['POI'],POINT(9.99026 53.561297),
Mc Donalds St. Georg Real,,,['POI'],POINT(10.019918 53.552584),
Mc Donalds St. Georg ZOB,,,['POI'],POINT(10.010928 53.552094),
Mc Donalds St. Pauli Reeperbahn,,,['POI'],POINT(9.963528 53.549799),
Mc Donalds Sternschanze Schulterblatt S-Bahnhof,,,['POI'],POINT(9.965577 53.563584),
Mc Donalds Stresemannstraße,,,['POI'],POINT(9.923504 53.563134),
Meeresparadies Fischbistro,,,['POI'],POINT(9.99532 53.551821),
Meetingpoint Restaurant und Bar,,,['POI'],POINT(10.020993 53.557148),
Metroplois Restaurant Bar Music,,,['POI'],POINT(9.927978 53.556567),
Mikawa Restaurant,,,['POI'],POINT(9.96117 53.562927),
Mio Bistro Caffè Gelato,,,['POI'],POINT(9.993717 53.552966),
Mongo`s Restaurant,,,['POI'],POINT(9.975607 53.580359),
Mooi Café und Restaurant,,,['POI'],POINT(9.975172 53.557531),
Mr. Cherng,,,['POI'],POINT(9.99859 53.549727),
Mr. Wong Chinesisches Restaurant,,,['POI'],POINT(9.985567 53.592425),
- Restaurant Bodega Bierstube,,,['POI'],POINT(10.008924 53.55283),
NIDO Restaurant Hamburg,,,['POI'],POINT(9.988816 53.54598),
NORDSEE GmbH Hamburger Meile,,,['POI'],POINT(10.030781 53.57304),
NORDSEE GmbH Landungsbrücken,,,['POI'],POINT(9.971651 53.5448),
Neo Gastro,,,['POI'],POINT(9.986549 53.592453),
Notorious Café und Bar,,,['POI'],POINT(9.925525 53.557566),
O Pescador Portugisische Spezialitäten,,,['POI'],POINT(9.97533 53.546037),
ONO,,,['POI'],POINT(9.978804 53.581483),
OSHO AYU-LEELA Restaurant,,,['POI'],POINT(10.023928 53.568049),
Ohari Vegetarisches Restaurant,,,['POI'],POINT(10.03797 53.56083),
Okzident Café Restaurant,,,['POI'],POINT(9.989258 53.568781),
Old MacDonald - American Diner & Sportsbar,,,['POI'],POINT(9.949112 53.579143),
Omas Apotheke Café Kneipe Restaurant,,,['POI'],POINT(9.965295 53.563146),
Onkel Willi Hotel Restaurant,,,['POI'],POINT(10.041099 53.54382),
OstWest - Restaurant & Bar,,,['POI'],POINT(9.996687 53.547065),
Osteria Due,,,['POI'],POINT(9.996326 53.56573),
PETER PANE Goldbekplatz,,,['POI'],POINT(10.009645 53.583733),
PETER PANE Hamburg Blankenese,,,['POI'],POINT(9.81588 53.563208),
PETER PANE Hamburg Max-Brauer-Allee,,,['POI'],POINT(9.949898 53.558309),
PETER PANE Hoheluftchaussee,,,['POI'],POINT(9.971081 53.582462),
PETER PANE Schlump,,,['POI'],POINT(9.969502 53.567586),
PIUS` Weinwirtschaft Eppendorf,,,['POI'],POINT(9.981668 53.583229),
PIUS` Weinwirtschaft Pöseldorf,,,['POI'],POINT(9.996332 53.570475),
Pane e Tulipani Restaurant Café Bar,,,['POI'],POINT(10.006513 53.548537),
Pappenheimer Wirtschaft Fränkische Spezialitäten,,,['POI'],POINT(10.019033 53.566599),
Paulaners Miraculum,,,['POI'],POINT(10.008603 53.553947),
Paulaners am Großneumarkt,,,['POI'],POINT(9.981108 53.550599),
Pauli Pizza Eimsbüttel,,,['POI'],POINT(9.958727 53.574367),
Pauli Pizza St. Pauli,,,['POI'],POINT(9.960029 53.550528),
Peter Pane – Hamburg Turnhalle,,,['POI'],POINT(10.013682 53.559376),
Piazza Romana,,,['POI'],POINT(9.990071 53.563527),
Piazza Trapani,,,['POI'],POINT(9.960043 53.573144),
Pizza Hut Billstedt Center,,,['POI'],POINT(10.104496 53.53945),
Pizza Hut Einkaufszentrum Hamburger Meile,,,['POI'],POINT(10.029149 53.571724),
Pizza Hut Hamburg Hauptbahnhof,,,['POI'],POINT(10.003335 53.553856),
Pizza Hut Phoenixcenter,,,['POI'],POINT(9.988127 53.456814),
Pizza Hut Reeperbahn,,,['POI'],POINT(9.959466 53.549688),
Poletto Restaurant,,,['POI'],POINT(9.988844 53.594384),
Poletto Winebar,,,['POI'],POINT(9.980836 53.585096),
Polokantine,,,['POI'],POINT(9.964558 53.561939),
Portugisisches Spezialitäten Restaurant A Varina,,,['POI'],POINT(9.976416 53.545372),
Prima Pane,,,['POI'],POINT(9.987727 53.548415),
Q21 Gasthaus (Quartier 21),,,['POI'],POINT(10.039781 53.603243),
QRITO Restaurant,,,['POI'],POINT(9.946956 53.578621),
Bar,,,['POI'],POINT(9.927448 53.551666),
RIADs,,,['POI'],POINT(9.98002 53.555065),
RIVE Bistro Restaurant,,,['POI'],POINT(9.941844 53.543565),
Rach und Ritchy Das Grillhaus,,,['POI'],POINT(9.918277 53.570588),
Raj Mahal Indische Küche,,,['POI'],POINT(9.956221 53.567684),
Restaurant,,,['POI'],POINT(9.996436 53.567185),
Raw Like Sushi and more,,,['POI'],POINT(9.987179 53.592268),
Red Lounge,,,['POI'],POINT(9.928772 53.553569),
Restaurant Abendmahl,,,['POI'],POINT(9.956704 53.547607),
Restaurant Amadée,,,['POI'],POINT(9.940551 53.554672),
Restaurant Anleger 1870,,,['POI'],POINT(10.019552 53.566227),
Restaurant Aretea,,,['POI'],POINT(10.047986 53.642347),
Restaurant Austernbar,,,['POI'],POINT(9.999778 53.543175),
Restaurant Barcelona Tapas,,,['POI'],POINT(9.936435 53.54731),
Restaurant Bistro Café Zaunkönig,,,['POI'],POINT(10.008154 53.555999),
Restaurant Breitengrad,,,['POI'],POINT(9.950898 53.563854),
Restaurant Brodersen,,,['POI'],POINT(9.988981 53.566627),
Restaurant Brook,,,['POI'],POINT(9.993643 53.545302),
Restaurant China Garten,,,['POI'],POINT(9.980167 53.58361),
Restaurant Christos Eimsbüttel,,,['POI'],POINT(9.963196 53.57372),
Restaurant Christos Ottensen,,,['POI'],POINT(9.925149 53.552079),
Restaurant Classic,,,['POI'],POINT(10.00831 53.554919),
Restaurant Cox,,,['POI'],POINT(10.011617 53.55756),
Restaurant Cremon Insel,,,['POI'],POINT(9.98929 53.546228),
Restaurant Delhi,,,['POI'],POINT(9.948546 53.579489),
Restaurant Don Tapas,,,['POI'],POINT(10.023994 53.580772),
Restaurant Dreitageszeiten,,,['POI'],POINT(10.01149 53.581319),
Restaurant Eisenstein,,,['POI'],POINT(9.92787 53.554403),
Restaurant Feuervogel Holstenstraße,,,['POI'],POINT(9.948773 53.559298),
Restaurant Feuervogel Wandsbek,,,['POI'],POINT(10.058396 53.570166),
Restaurant Fillet of Soul,,,['POI'],POINT(10.006239 53.546527),
Restaurant Fischerhaus,,,['POI'],POINT(9.955731 53.545962),
Restaurant Fischmarkt,,,['POI'],POINT(9.977598 53.546225),
Restaurant Focus,,,['POI'],POINT(10.026234 53.550481),
Restaurant Franziskaner,,,['POI'],POINT(9.990479 53.556434),
Restaurant Galerie Tolernace,,,['POI'],POINT(9.962108 53.559703),
Restaurant HOKKAI,,,['POI'],POINT(9.959975 53.572147),
Restaurant Haerlin,,,['POI'],POINT(9.991513 53.555491),
Restaurant Hasselwander,,,['POI'],POINT(10.004942 53.591698),
Restaurant Herzblut St. Pauli,,,['POI'],POINT(9.964072 53.549857),
Restaurant Inos,,,['POI'],POINT(10.030299 53.57122),
Restaurant Jus,,,['POI'],POINT(9.977522 53.580217),
Restaurant Kleine Brunnenstraße 1,,,['POI'],POINT(9.927082 53.550797),
Restaurant Kouros,,,['POI'],POINT(10.011128 53.559847),
Restaurant Krameramtsstuben,,,['POI'],POINT(9.980025 53.548119),
Restaurant Königliches Proviantamt,,,['POI'],POINT(9.912861 53.565121),
Restaurant L`Auberge,,,['POI'],POINT(9.983423 53.570348),
Restaurant La Mirabelle,,,['POI'],POINT(9.980491 53.564981),
Restaurant LaFayette,,,['POI'],POINT(10.017657 53.574698),
Restaurant Louise,,,['POI'],POINT(9.99636 53.583863),
Restaurant Man-Nam,,,['POI'],POINT(9.974746 53.556707),
Restaurant Marseille,,,['POI'],POINT(9.940919 53.544722),
Restaurant Mess,,,['POI'],POINT(9.970924 53.557835),
Restaurant Molana,,,['POI'],POINT(10.015182 53.555832),
Restaurant Navarra,,,['POI'],POINT(9.92179 53.564127),
Restaurant Nepheli,,,['POI'],POINT(9.914395 53.557876),
Restaurant Nil,,,['POI'],POINT(9.963359 53.556306),
Restaurant Old Commercial Room,,,['POI'],POINT(9.977931 53.548244),
Restaurant Opitz,,,['POI'],POINT(10.018496 53.564987),
Restaurant Pantry,,,['POI'],POINT(9.966377 53.54575),
Restaurant Petit Delice,,,['POI'],POINT(9.989292 53.552787),
Restaurant Piment,,,['POI'],POINT(9.979563 53.582321),
Restaurant Port,,,['POI'],POINT(9.968987 53.547059),
Restaurant Rexrodt,,,['POI'],POINT(10.019008 53.567453),
Restaurant STARTERS,,,['POI'],POINT(9.980357 53.585307),
Restaurant Sagres Portugisische Spezialitäten,,,['POI'],POINT(9.976037 53.544638),
Restaurant Sai gon,,,['POI'],POINT(9.986131 53.592654),
Restaurant Salvatore,,,['POI'],POINT(9.964884 53.5789),
Restaurant Schifferbörse,,,['POI'],POINT(10.008659 53.553757),
Restaurant Season,,,['POI'],POINT(9.993031 53.549422),
Restaurant September,,,['POI'],POINT(9.974746 53.556707),
Restaurant Süßwasser,,,['POI'],POINT(9.908032 53.544725),
Restaurant Tafelhaus,,,['POI'],POINT(9.921232 53.544031),
Restaurant Teheran,,,['POI'],POINT(10.013722 53.552205),
Restaurant Thyme,,,['POI'],POINT(10.024953 53.558633),
Restaurant Trific,,,['POI'],POINT(9.967887 53.580152),
Restaurant Tschebull,,,['POI'],POINT(10.002881 53.551245),
Restaurant Vesper,,,['POI'],POINT(9.962172 53.573837),
Restaurant WANDRAHM,,,['POI'],POINT(9.991503 53.541501),
Restaurant Williamine,,,['POI'],POINT(9.969046 53.566772),
Restaurant Windows,,,['POI'],POINT(9.997597 53.565208),
Restaurant Yin-Yang,,,['POI'],POINT(9.99532 53.551821),
Restaurant Zala Barmbek,,,['POI'],POINT(10.048918 53.587906),
Restaurant Zala Rothenbaum,,,['POI'],POINT(9.988973 53.574031),
Restaurant Zala Wandsbek,,,['POI'],POINT(10.055904 53.569523),
Restaurant Zala Winterhude,,,['POI'],POINT(10.015074 53.575259),
Restaurant Zeus,,,['POI'],POINT(9.950916 53.578132),
Restaurant Zum Alten Senator,,,['POI'],POINT(9.977543 53.551689),
Restaurant und Bar Kobe,,,['POI'],POINT(10.01226 53.559199),
Restaurant Überseebrücke,,,['POI'],POINT(9.975098 53.545131),
Restaurant-Bar Luxor,,,['POI'],POINT(9.95733 53.562626),
Restaurant-Lounge Riverkasematten,,,['POI'],POINT(9.958031 53.546249),
Restaurante Meson Galicia,,,['POI'],POINT(9.975331 53.546046),
Restaurante O`Pote,,,['POI'],POINT(10.012284 53.558336),
Restaurante Picasso,,,['POI'],POINT(9.995637 53.549886),
Restaurante Porto,,,['POI'],POINT(9.975372 53.545866),
Rialto Restaurant und Bar,,,['POI'],POINT(9.984758 53.549239),
Ristorante Amarone,,,['POI'],POINT(9.980445 53.555178),
Ristorante Borsalino,,,['POI'],POINT(9.967824 53.5622),
Ristorante Ciao Ana,,,['POI'],POINT(9.976301 53.546245),
Ristorante Come Prima,,,['POI'],POINT(9.972267 53.582183),
Ristorante Cuore Mio,,,['POI'],POINT(9.92712 53.549754),
Ristorante Der Etrusker,,,['POI'],POINT(9.984258 53.569263),
Ristorante Franco,,,['POI'],POINT(9.98752 53.590037),
Ristorante La Famiglia,,,['POI'],POINT(10.016055 53.553838),
Ristorante La Pergola,,,['POI'],POINT(9.953181 53.57611),
Ristorante La Scala,,,['POI'],POINT(9.975208 53.583336),
Ristorante Little Italy,,,['POI'],POINT(9.954822 53.577274),
Ristorante Made In Italy,,,['POI'],POINT(10.008319 53.579405),
Ristorante Marilù,,,['POI'],POINT(9.929964 53.550783),
Ristorante Michelangelo,,,['POI'],POINT(9.976484 53.552883),
Ristorante Opera,,,['POI'],POINT(9.988036 53.556499),
Ristorante Palazzo,,,['POI'],POINT(9.98849 53.577279),
Ristorante Piccobello,,,['POI'],POINT(10.018962 53.576861),
Ristorante Pizzeria Casa Ferraro,,,['POI'],POINT(9.937667 53.552538),
Ristorante Pizzeria Mamma Leone,,,['POI'],POINT(9.96948 53.581127),
Ristorante Portonovo,,,['POI'],POINT(9.996386 53.559287),
Ristorante Trattoria Salento,,,['POI'],POINT(9.957223 53.575296),
Ristorante Vito,,,['POI'],POINT(9.912238 53.550938),
Ristorante da Benito,,,['POI'],POINT(9.964909 53.550174),
Roaten Caribbean Restaurant,,,['POI'],POINT(9.954082 53.54575),
Rote Sonne Chinarestaurant,,,['POI'],POINT(9.992938 53.548695),
Roxie Bar Bistro Cocktails,,,['POI'],POINT(9.977915 53.5652),
SAUSALITOS Hamburg,,,['POI'],POINT(10.001543 53.548282),
Foxy Food City,,,['POI'],POINT(10.000128 53.552859),
Foxy Food Schanze,,,['POI'],POINT(9.961248 53.562379),
Foxy Food Winterhude,,,['POI'],POINT(9.998357 53.594278),
SGROI Restaurant,,,['POI'],POINT(10.01064 53.557101),
SHIAWASE Tee Kultur Bistro,,,['POI'],POINT(9.993268 53.552458),
Sagres Plus Portugisische Küche und Meeresspezialitäten,,,['POI'],POINT(9.976577 53.544499),
Sakura Sushi,,,['POI'],POINT(9.999828 53.552969),
Sala Thai Restaurant Hafen City,,,['POI'],POINT(9.992966 53.541516),
Sala Thai Restaurant Hamburg-Altstadt,,,['POI'],POINT(10.002201 53.553767),
Schanzenstern Bio-Restaurant,,,['POI'],POINT(9.964943 53.561603),
Schatto Pauli,,,['POI'],POINT(9.963332 53.548497),
Schauermann Restaurant,,,['POI'],POINT(9.958701 53.54654),
Schifferstube Unter Deck,,,['POI'],POINT(10.012773 53.560489),
Schröders Kartoffelhaus,,,['POI'],POINT(9.965881 53.561694),
Schweinske Bahrenfeld,,,['POI'],POINT(9.902101 53.565203),
Schweinske Barmbek,,,['POI'],POINT(10.043491 53.582158),
Schweinske Bergedorfer Straße,,,['POI'],POINT(10.209947 53.487462),
Schweinske Billstedt,,,['POI'],POINT(10.104256 53.539488),
Schweinske Bramfeld,,,['POI'],POINT(10.077701 53.616358),
Schweinske Eidelstedt,,,['POI'],POINT(9.904307 53.609825),
Schweinske Eimsbuettel,,,['POI'],POINT(9.933933 53.583019),
Schweinske Eppendorf,,,['POI'],POINT(9.980565 53.584496),
Schweinske Farmsen,,,['POI'],POINT(10.116439 53.608024),
Schweinske Fuhlsbüttel,,,['POI'],POINT(10.02446 53.627483),
Schweinske Hamburg Hauptbahnhof,,,['POI'],POINT(10.003335 53.553856),
Schweinske Hamm,,,['POI'],POINT(10.066882 53.553476),
Schweinske Harburg,,,['POI'],POINT(9.967621 53.458078),
Schweinske Harvestehude,,,['POI'],POINT(9.97915 53.569017),
Schweinske Hohenfelde,,,['POI'],POINT(10.031274 53.56104),
Schweinske Jenfeld,,,['POI'],POINT(10.135129 53.570855),
Schweinske Langenhorn,,,['POI'],POINT(10.027613 53.675078),
Schweinske Lohbrügge,,,['POI'],POINT(10.206945 53.494232),
Schweinske Lurup,,,['POI'],POINT(9.871305 53.592782),
Schweinske Neugraben,,,['POI'],POINT(9.853299 53.472716),
Schweinske Ottensen Bahnhof Altona,,,['POI'],POINT(9.9331 53.552062),
Schweinske Poppenbüttel,,,['POI'],POINT(10.085161 53.659735),
Schweinske Rahlstedt,,,['POI'],POINT(10.157262 53.60521),
Schweinske St. Pauli Reeperbahn,,,['POI'],POINT(9.956534 53.549451),
Schweinske Wandsbeker Marktstraße,,,['POI'],POINT(10.07171 53.573749),
Schweinske am Stadtpark,,,['POI'],POINT(10.011513 53.59999),
Schweinske in der Neustadt,,,['POI'],POINT(9.984942 53.55064),
Scubar Café Restaurant Bar,,,['POI'],POINT(9.9616 53.573886),
Shalimar The Indian Restaurant,,,['POI'],POINT(9.986006 53.554216),
Signatures Restaurant,,,['POI'],POINT(9.997597 53.565208),
Slowman Restaurant,,,['POI'],POINT(10.002754 53.548416),
Sonnenseite Café Bar,,,['POI'],POINT(9.964806 53.56687),
Soup City Baumwall Elbhof,,,['POI'],POINT(9.982599 53.545241),
Soup City Hafencity Kesselhaus,,,['POI'],POINT(9.990382 53.543245),
Soup City Hamburg-Altstadt,,,['POI'],POINT(10.002382 53.549937),
Soup City Landungsbrücken,,,['POI'],POINT(9.971479 53.545197),
Soup City Speicherstadt Kornhausbrücke Am Zoll,,,['POI'],POINT(9.996941 53.545688),
Soup and Friends,,,['POI'],POINT(9.986201 53.555463),
Souper Salad,,,['POI'],POINT(9.985723 53.546599),
52,,,['POI'],POINT(9.987161 53.554593),
Stadthaus Restaurant und Bar,,,['POI'],POINT(9.985756 53.549303),
Stammheim Restaurant und Bar,,,['POI'],POINT(9.946733 53.5558),
Ständige Vertretung,,,['POI'],POINT(9.985726 53.549959),
Subway Sandwiches Altona Bahnhof,,,['POI'],POINT(9.93582 53.552265),
Subway Sandwiches Billstedt Center,,,['POI'],POINT(10.105624 53.54103),
Subway Sandwiches Eimsbüttel,,,['POI'],POINT(9.951255 53.577752),
Subway Sandwiches Fulsbüttler Straße,,,['POI'],POINT(10.044489 53.592042),
Subway Sandwiches Gänsemarkt,,,['POI'],POINT(9.988135 53.555564),
Subway Sandwiches Hamburg Altstadt Europapassage,,,['POI'],POINT(9.99563 53.55215),
Subway Sandwiches Hamburg Hauptbahnhof Georgsplatz,,,['POI'],POINT(10.002679 53.553538),
Subway Sandwiches Hamburg Hauptbahnhof Wandelhalle,,,['POI'],POINT(10.003335 53.553856),
Subway Sandwiches Hammerbrook,,,['POI'],POINT(10.025271 53.544334),
Subway Sandwiches Harburg Lüneburger Straße,,,['POI'],POINT(9.982567 53.45987),
Subway Sandwiches Harburg Phoenix Center,,,['POI'],POINT(9.988127 53.456814),
Subway Sandwiches Heegbarg,,,['POI'],POINT(10.093403 53.652615),
Subway Sandwiches Hoheluft,,,['POI'],POINT(9.974662 53.579953),
Subway Sandwiches Kieler Straße,,,['POI'],POINT(9.915577 53.598607),
Subway Sandwiches Mundsburger Damm,,,['POI'],POINT(10.026011 53.569909),
Subway Sandwiches St. Pauli Reeperbahn,,,['POI'],POINT(9.960961 53.54973),
Sushi 153,,,['POI'],POINT(9.979603 53.550099),
Sushi Bar Comon,,,['POI'],POINT(9.981179 53.554939),
Sushi Circle Eppendorf,,,['POI'],POINT(9.987735 53.592129),
Sushi Circle Hamburg Neustadt Colonnaden,,,['POI'],POINT(9.990738 53.555273),
Sushi Dreams Restaurant Bramfeld,,,['POI'],POINT(10.072186 53.60806),
Sushi Dreams Restaurant Eimsbüttel,,,['POI'],POINT(9.960132 53.574383),
Sushi Dreams Restaurant Norderstedt,,,['POI'],POINT(10.076196 53.662907),
Sushi Factory Bahnhof Altona,,,['POI'],POINT(9.936255 53.552136),
Sushi Factory Elbe Einkaufszentrum,,,['POI'],POINT(9.862032 53.569838),
Sushi Factory Hamburg Fabrikverkauf,,,['POI'],POINT(9.938387 53.544823),
Sushi Factory Hamburg Neustadt Colonnaden,,,['POI'],POINT(9.990108 53.556725),
Sushi Factory Hamburg Rotherbaum,,,['POI'],POINT(9.985325 53.571006),
Sushi im Lamberg Hamburg Osdorf,,,['POI'],POINT(9.843236 53.572695),
Sweet Virginia Restaurant Café,,,['POI'],POINT(9.96159 53.572125),
Sylter Milchbar,,,['POI'],POINT(9.991221 53.548809),
TASSAJARA Restaurant,,,['POI'],POINT(9.982468 53.585155),
Taberna El Paisa,,,['POI'],POINT(9.974804 53.548746),
Taberna Flamenca Tapas y Musica,,,['POI'],POINT(9.927493 53.554379),
Tagesstätte MAhL ZEIT,,,['POI'],POINT(9.947259 53.553658),
Tai Tan Restaurant,,,['POI'],POINT(9.986692 53.541577),
Tapame,,,['POI'],POINT(9.975193 53.558438),
Taparia Con Carvalho,,,['POI'],POINT(9.977407 53.545795),
Tarantella Bistro Restaurant,,,['POI'],POINT(9.989802 53.558471),
Taverna Akropolis Eppendorf,,,['POI'],POINT(9.964431 53.578904),
Taverna Kreta Griechische Spezialitäten Ottensen,,,['POI'],POINT(9.925013 53.549339),
Taverna Romana,,,['POI'],POINT(9.962355 53.561283),
Taverna Yia Mas,,,['POI'],POINT(9.946211 53.592555),
Teatro Lounge Bar Bistro Restaurant,,,['POI'],POINT(9.958939 53.54971),
Teeteria,,,['POI'],POINT(9.947518 53.576721),
Teufels Küche Restaurant,,,['POI'],POINT(9.927633 53.551853),
Ti Breizh Haus der Bretagne,,,['POI'],POINT(9.987089 53.545644),
Tibet Restaurant Altona,,,['POI'],POINT(9.93926 53.558339),
Tibet Restaurant Sülldorf,,,['POI'],POINT(9.792047 53.580817),
Tiefenthal Bar Restaurant,,,['POI'],POINT(9.986201 53.583354),
Tokio Sushi,,,['POI'],POINT(9.947034 53.578019),
Tonis Elbcafe,,,['POI'],POINT(9.756718 53.564909),
Trattoria Remo`s,,,['POI'],POINT(9.963076 53.553828),
Tropical Point Afrikanische Spezialitaeten,,,['POI'],POINT(9.936717 53.552546),
Tsao Yang,,,['POI'],POINT(10.005248 53.557515),
Turnhalle St. Georg Restaurant Bar Bistro Lounnge,,,['POI'],POINT(10.0137 53.559483),
Uhlenhorster Weinstube,,,['POI'],POINT(10.018917 53.566825),
VLET Restaurant,,,['POI'],POINT(9.99312 53.543554),
Vapiano Hamburg-Altstadt,,,['POI'],POINT(10.002759 53.553124),
Vapiano Neustadt,,,['POI'],POINT(9.987376 53.553441),
Vapiano Rothenbaum,,,['POI'],POINT(9.989109 53.571433),
Vasco da Gama,,,['POI'],POINT(10.01167 53.557874),
Veddeler Fischgaststätte,,,['POI'],POINT(10.019335 53.528957),
Viale Antico,,,['POI'],POINT(9.98683 53.545565),
Vier Rosen Französische Küche,,,['POI'],POINT(9.947715 53.580116),
Vitello Restaurant,,,['POI'],POINT(9.999434 53.551588),
Vümpf,,,['POI'],POINT(9.979739 53.584692),
Waku Waku Bio Wok Restaurant,,,['POI'],POINT(9.992805 53.549433),
Warsteiner Elbspeicher,,,['POI'],POINT(9.948847 53.54439),
Watergate Café Bar Restaurant,,,['POI'],POINT(9.966453 53.54575),
Waterkant Restaurant,,,['POI'],POINT(9.964479 53.547176),
Weinrestaurant Schoppenhauer,,,['POI'],POINT(9.991287 53.545196),
Westminster Restaurant Am Baumwall,,,['POI'],POINT(9.982667 53.544935),
White Lounge Design Restaurant,,,['POI'],POINT(10.019775 53.582407),
Wiekenberg Restaurant,,,['POI'],POINT(9.961995 53.574683),
X.O.K. Restaurant Café Bar,,,['POI'],POINT(10.009607 53.556193),
XXL HOUSE Restaurant,,,['POI'],POINT(10.051257 53.595748),
Yu Yuan Restaurant,,,['POI'],POINT(9.991059 53.568964),
ZWICK - ROCKIN` RESTAURANT,,,['POI'],POINT(9.9948 53.572096),
Zars Kneipe Café und Restaurant,,,['POI'],POINT(10.024586 53.573426),
Zimmer 34,,,['POI'],POINT(10.018817 53.5752),
Zipang Restaurant,,,['POI'],POINT(9.966068 53.579807),
Zippelhaus Restaurant,,,['POI'],POINT(9.995988 53.546226),
Zum Alten Lotsenhaus,,,['POI'],POINT(9.912003 53.544884),
Zum Anleger Biergarten,,,['POI'],POINT(9.999529 53.514676),
Zum Grindelhof Küche und Wein,,,['POI'],POINT(9.985103 53.570577),
Zum Seeteufel Seemannskneipe,,,['POI'],POINT(9.931531 53.546557),
Zum tanzenden Einhorn Mittelalter- und Rollenspieltaverne,,,['POI'],POINT(10.054879 53.560475),
Zur Fischmarkt-Apotheke Bistro-Weinkontor,,,['POI'],POINT(9.996468 53.548684),
Zur Schlachterbörse,,,['POI'],POINT(9.967944 53.560833),
[m]eatery,,,['POI'],POINT(9.987193 53.556605),
grill and green Restaurant,,,['POI'],POINT(9.987632 53.55148),
lütt’n grill - imbiss delüx,,,['POI'],POINT(9.959467 53.563705),
mama trattoria Hamburg City,,,['POI'],POINT(9.993291 53.549573),
mama trattoria Poeseldorf,,,['POI'],POINT(9.995581 53.570625),
maritimo,,,['POI'],POINT(9.939012 53.54445),
unsicht-Bar Dunkelrestaurant,,,['POI'],POINT(9.967531 53.566524),
Alsterwanderweg (Drachenschlucht),,,['POI'],POINT(10.083452 53.646776),
Alsterwanderweg (Höhe Lattenkamp),,,['POI'],POINT(9.992592 53.600247),
Alsterwanderweg (Poppenbüttler Schleuse),,,['POI'],POINT(10.087178 53.657578),
Bille Wanderweg Ost,,,['POI'],POINT(10.246844 53.505953),
Bille Wanderweg West,,,['POI'],POINT(10.210659 53.499235),
Duvenstedter Brook,,,['POI'],POINT(10.175516 53.727565),
Elbufer Mühlenberg,,,['POI'],POINT(9.820826 53.554377),
Elbufer Teufelsbrück,,,['POI'],POINT(9.864279 53.54753),
Elbufer Övelgönne,,,['POI'],POINT(9.901736 53.545195),
Harburger Berge,,,['POI'],POINT(9.869885 53.444975),
Klövensteen,,,['POI'],POINT(9.769411 53.618056),
Kollauwanderweg,,,['POI'],POINT(9.918708 53.602994),
Rodenbeker Quellental,,,['POI'],POINT(10.117411 53.685379),
Wanderweg Mellingburger Schleuse,,,['POI'],POINT(10.098473 53.670746),
Wanderweg Sachsenwald,,,['POI'],POINT(10.315412 53.530324),
Wandse-Wanderweg Ost,,,['POI'],POINT(10.113699 53.587715),
Wandse-Wanderweg West,,,['POI'],POINT(10.10117 53.580958),
Hauptstandesamt Hamburg,,,['POI'],POINT(10.027871 53.553872),
Standesamt Altona,,,['POI'],POINT(9.935558 53.547191),
Standesamt Bergedorf,,,['POI'],POINT(10.219843 53.486858),
Standesamt Eimsbüttel,,,['POI'],POINT(9.979213 53.575001),
Standesamt Hamburg-Mitte,,,['POI'],POINT(9.984634 53.55429),
Standesamt Hamburg-Nord,,,['POI'],POINT(9.984504 53.590233),
Standesamt Harburg,,,['POI'],POINT(9.978482 53.458331),
Standesamt Wandsbek,,,['POI'],POINT(10.070594 53.571414),
"Behörde für Wissenschaft, Forschung, Gleichstellung und Bezirke",,,['POI'],POINT(10.037397 53.57628),
Behörde für Wirtschaft und Innovation,,,['POI'],POINT(9.983989 53.550549),
Bundesamt für Migration und Flüchtlinge,,,['POI'],POINT(10.027129 53.545693),
Bachstraße - Mädchentreff,,,['POI'],POINT(10.02343 53.578045),
Barmbek-Süd (Bramfelder Straße) - Haus der Jugend,,,['POI'],POINT(10.046022 53.583151),
Barmbek-Süd (Wohldorfer Str.) - Haus der Jugend,,,['POI'],POINT(10.04257 53.577287),
Barmbeker Str. - Betreuungsprojekt,,,['POI'],POINT(10.015454 53.589228),
Bergedorf-Heckkaten (Oberer Landweg) - Haus der Jugend,,,['POI'],POINT(10.186152 53.490504),
Billstedt (Lorenzenweg) - Haus der Jugend,,,['POI'],POINT(10.104844 53.541217),
Bornbachstieg - Stadtteilhaus,,,['POI'],POINT(10.033119 53.678687),
Bramfeld (Herthastraße) - Haus der Jugend,,,['POI'],POINT(10.078139 53.611026),
Bramfeld (Steilshooper Allee) - Gruppenhaus,,,['POI'],POINT(10.082701 53.608595),
Böv 38 e.V. (Böverstland) - Haus der Jugend,,,['POI'],POINT(9.872717 53.596815),
Container - Jugendclub Essener Straße,,,['POI'],POINT(9.99374 53.67354),
Dulsberg (Alter Teichweg) - Haus der Jugend,,,['POI'],POINT(10.06999 53.587521),
Dulsberg Nord (Stapelholmer Str.) - Spielhaus,,,['POI'],POINT(10.058913 53.57876),
Eidelstedt (Baumacker) - Haus der Jugend,,,['POI'],POINT(9.898599 53.61499),
Eimsbüttel (Doormannsweg) - Jugendclub,,,['POI'],POINT(9.956056 53.571082),
Farmsen (Berner Heerweg) - Haus der Jugend,,,['POI'],POINT(10.120677 53.60829),
Finkenwerder (Norderschulweg) - Haus der Jugend,,,['POI'],POINT(9.876529 53.532174),
Groß Borstel (Beerboomstücken) - Jugendclub,,,['POI'],POINT(9.976481 53.611675),
Hammer Park (Caspar-Voght-Straße) - Haus der Jugend,,,['POI'],POINT(10.060806 53.55911),
Harburg (Schneverdingerweg) - Kinderzentrum,,,['POI'],POINT(9.992756 53.440323),
Harburg (Steinikestraße) - Haus der Jugend,,,['POI'],POINT(9.974093 53.455357),
Haus Eimsbüttel (Doormannsweg) - Mädchenzentrum,,,['POI'],POINT(9.957549 53.571654),
(Dahlemer Ring) - Haus der Jugend,,,['POI'],POINT(10.141959 53.58567),
Holitzberg (Holitzberg) - Jugendkeller,,,['POI'],POINT(10.026847 53.674707),
Horn (Manshardtstraße) - Haus der Jugend,,,['POI'],POINT(10.094419 53.555195),
Horn (Snitgerreihe) - Haus der Jugend,,,['POI'],POINT(10.072944 53.556891),
JUNO Jugendzentrum Notkestraße,,,['POI'],POINT(9.886034 53.572754),
Jarrestadt (Kaemmererufer) - Jugendtreff,,,['POI'],POINT(10.029682 53.584946),
Jenfeld (Jenfelder Str) - Haus der Jugend,,,['POI'],POINT(10.134563 53.575074),
Jugendclub sit.com(Tweeltenbek),,,['POI'],POINT(10.01662 53.677948),
Jugendhaus der ESA (Dorothea-Kasten-Str.),,,['POI'],POINT(10.02181 53.614153),
KG Alt-Barmbek (Wohldorfer Str.) - Jugendkeller,,,['POI'],POINT(10.04257 53.577287),
Kennedy-Haus (Kalischerstr) - Kinderzentrum,,,['POI'],POINT(9.98281 53.455375),
Kirchdorf-Süd (Krieterstr.) - Haus der Jugend,,,['POI'],POINT(10.01276 53.499289),
Kiwittsmoor (Tweeltenbek) - Haus der Jugend,,,['POI'],POINT(10.018707 53.677903),
(Eberhofstieg) - Haus der Jugend,,,['POI'],POINT(10.012621 53.652572),
Lattenkamp (Bebelallee) - Haus der Jugend,,,['POI'],POINT(9.993035 53.598518),
Lichtwarkhaus (Holzhude) - Jugendclub,,,['POI'],POINT(10.20885 53.487015),
Mümmelmannsberg (Kirchnerweg) - Haus der Jugend,,,['POI'],POINT(10.147895 53.531107),
Nettelnburg (Oberer Landweg) - Haus der Jugend,,,['POI'],POINT(10.185586 53.486422),
Neuwiedenthal (Lange Striepen) - Mädchenclub,,,['POI'],POINT(9.886877 53.474565),
Neuwiedenthal (Rehrstieg) - Haus der Jugend,,,['POI'],POINT(9.875688 53.47462),
Neuwiedenthal (Stubbenhof) - Stadtteilhaus,,,['POI'],POINT(9.877499 53.479917),
Osdorfer Born (Böttcherkamp) - Haus der Jugend,,,['POI'],POINT(9.855211 53.593105),
Poppenbüttel (In der alten Wache) - Gruppenhaus,,,['POI'],POINT(10.091894 53.652764),
Poppenbüttel (Tegelsbarg) - Haus der Jugend,,,['POI'],POINT(10.067513 53.652157),
Schreyerring - Madchentreff,,,['POI'],POINT(10.060544 53.610114),
Spiel-Werk-Stadt Schleemer Bach,,,['POI'],POINT(10.112582 53.536589),
St.Pauli (Auf dem Stintfang) - Haus der Jugend,,,['POI'],POINT(9.972077 53.546908),
Steilshoop (Gropiusring) - Haus der Jugend,,,['POI'],POINT(10.059452 53.613583),
Stellingen (Sportplatzring) - Haus der Jugend,,,['POI'],POINT(9.929995 53.594155),
Suckweg (Suckweg) - Kinder- und Jugendclub,,,['POI'],POINT(9.994428 53.658421),
Veddel (Uffelnsweg) - Haus der Jugend,,,['POI'],POINT(10.021769 53.52359),
Volksdorf (Ahrensburger Weg) - Haus der Jugend,,,['POI'],POINT(10.170922 53.653338),
Wilde Göre (Breite Straße) - Mädchentreff,,,['POI'],POINT(9.946109 53.546092),
(Rotenhäuser Damm) - Haus der Jugend,,,['POI'],POINT(9.9914 53.510026),
Öjendorf (Merkenstraße) - Haus der Jugend,,,['POI'],POINT(10.127711 53.542279),
Bundesamt für Seeschifffahrt und Hydrographie,,,['POI'],POINT(9.965579 53.547123),
Bundesanstalt für Landwirtschaft und Ernährung,,,['POI'],POINT(9.945647 53.560562),
Bundesanstalt für Wasserbau,,,['POI'],POINT(9.762132 53.581425),
Deutscher Wetterdienst,,,['POI'],POINT(9.966732 53.546745),
Eichdirektion Nord - Dienststelle Hamburg,,,['POI'],POINT(10.02364 53.550512),
"Institut für Holzforschung, Johann Heinrich von Thünen-Institut",,,['POI'],POINT(10.201642 53.504924),
"Johann Heinrich von Thünen Institut, Bundesforschungsinstitut für Ländliche Räume, Wald und Fischerei",,,['POI'],POINT(9.9433 53.545953),
Seewetteramt,,,['POI'],POINT(9.966722 53.546952),
Senatskoordinatorin fuer die Gleichstellung behinderter Menschen,,,['POI'],POINT(10.035741 53.584462),
Suse-König-Kindergarten (Waldorfkindergarten),,,['POI'],POINT(9.853155 53.559281),
Waldorfkindergarten Altona Blücherstraße,,,['POI'],POINT(9.948244 53.550487),
Waldorfkindergarten Altona Große Rainstraße,,,['POI'],POINT(9.931446 53.552991),
Waldorfkindergarten Bergedorf,,,['POI'],POINT(10.198561 53.462489),
Waldorfkindergarten Bergedorf - Brookkehre,,,['POI'],POINT(10.220202 53.481517),
Waldorfkindergarten Blankenese,,,['POI'],POINT(9.826193 53.563424),
Waldorfkindergarten Eimsbüttel/Eppendorf,,,['POI'],POINT(9.972223 53.574321),
Waldorfkindergarten Farmsen,,,['POI'],POINT(10.127272 53.602908),
Waldorfkindergarten Hamburg Bergstedt,,,['POI'],POINT(10.136816 53.675258),
Waldorfkindergarten Hamburg-Mitte,,,['POI'],POINT(9.998057 53.566821),
Waldorfkindergarten Harburg,,,['POI'],POINT(9.889408 53.460933),
Waldorfkindergarten Kanzleistraße,,,['POI'],POINT(9.857953 53.556983),
Waldorfkindergarten Neugraben,,,['POI'],POINT(9.865629 53.465097),
Waldorfkindergarten Nienstedten,,,['POI'],POINT(9.857058 53.550044),
Waldorfkindergarten Schanzenviertel,,,['POI'],POINT(9.957649 53.566083),
Waldorfkindergarten Tonndorf,,,['POI'],POINT(10.105119 53.578971),
Waldorfkindergarten Volksdorf,,,['POI'],POINT(10.159074 53.654792),
Waldorfkindergarten Wilhelmsburg,,,['POI'],POINT(9.993481 53.514537),
Alt-Barmbek 2 - ev. Kita,,,['POI'],POINT(10.041306 53.584199),
Alt-Rahlstedt - ev. Kita,,,['POI'],POINT(10.151881 53.596788),
Am Kirchberg Wohldorf-Ohlstedt - ev. Kita,,,['POI'],POINT(10.13008 53.696671),
An der Christianskirche - ev. Kita,,,['POI'],POINT(9.932371 53.547737),
An der Osterkirche - ev. Kita,,,['POI'],POINT(9.931864 53.554884),
Ansgar-Gemeinde Langenhorn - ev. Kindergarten,,,['POI'],POINT(10.009505 53.653191),
Ansgar-Kindergarten Altona - ev. Kindergarten,,,['POI'],POINT(9.908413 53.549862),
Apostelkirche Eimsbüttel - ev. Kita,,,['POI'],POINT(9.947062 53.57526),
Arche Noah Billstedt- ev. Kita,,,['POI'],POINT(10.108213 53.558734),
Barmbek-Nord - ev. Kita,,,['POI'],POINT(10.04709 53.590321),
Bergstedt - ev. Kindergarten,,,['POI'],POINT(10.127573 53.671994),
Bethlehem-Gemeinde Eimsbüttel - ev. Kindergarten,,,['POI'],POINT(9.962538 53.576655),
Billrothstraße - ev. Kita,,,['POI'],POINT(9.946958 53.553687),
Binsenort - ev. Kindertagesheim,,,['POI'],POINT(9.865457 53.592654),
Blankenese - ev. Kindergarten,,,['POI'],POINT(9.813078 53.56107),
Borgfelde - ev. Kita,,,['POI'],POINT(10.027435 53.554577),
Bugenhagen - ev. Integrations-Kita Groß Flottbek,,,['POI'],POINT(9.868848 53.572422),
Bugenhagen Nettelnburg - ev. Kita,,,['POI'],POINT(10.185822 53.48136),
Bugenhagen Rönneburg - ev. Kita,,,['POI'],POINT(9.995854 53.439596),
Christophorus Am Poppenbüttler Stieg - ev. Integrations-Kita,,,['POI'],POINT(10.052079 53.643992),
Christus-Gemeinde Othmarschen - ev. Kindertagesheim,,,['POI'],POINT(9.891653 53.552864),
Christuskirche Eimsbüttel - ev. Kita,,,['POI'],POINT(9.958749 53.566658),
Christuskirche Wandsbek - ev. Kindergarten,,,['POI'],POINT(10.072975 53.572444),
Cornelius - ev. Kita,,,['POI'],POINT(9.83018 53.474181),
Der Gute Hirte Jenfeld - ev. Kindergarten,,,['POI'],POINT(10.121401 53.571191),
Eirene Langenhorn - ev. Kindergarten,,,['POI'],POINT(10.021333 53.648185),
Emmaus-Gemeinde Lurup - ev. Kindergarten,,,['POI'],POINT(9.8708 53.592463),
Epiphanien-Gemeinde Barmbek-Nord - ev. Kindertagesheim,,,['POI'],POINT(10.047124 53.591686),
Farmsen-Berne - ev.Kita,,,['POI'],POINT(10.112137 53.607597),
Franz-von-Assisi-Gemeinde Allermöhe - ev. Kindergarten,,,['POI'],POINT(10.127541 53.482527),
Friedenskirche Altona - ev Kindergarten,,,['POI'],POINT(9.961909 53.554924),
Friedenskirche Eilbek - ev. Kindergarten,,,['POI'],POINT(10.046018 53.565288),
Friedenskirche Jenfeld - ev. Kindergarten,,,['POI'],POINT(10.139328 53.572091),
Friedrich-Frank-Bogen - ev. Kita,,,['POI'],POINT(10.181185 53.489592),
Führungsakademie Blankenese - ev. Kindergarten,,,['POI'],POINT(9.830333 53.56061),
Georg-Raloff-Ring - ev. Kita,,,['POI'],POINT(10.055843 53.603992),
Gnadenkirche-Gemeinde Lohbrügge - ev. Kita,,,['POI'],POINT(10.19676 53.506016),
Grützmühlenweg - ev. Kita,,,['POI'],POINT(10.045147 53.644358),
Immanuel-Gemeinde Veddel - ev. Kindertagesheim,,,['POI'],POINT(10.01993 53.527999),
Johannes-Gemeinde Eidelstedt - ev. Kindergarten,,,['POI'],POINT(9.897803 53.61876),
Johannes-Gemeinde Rissen - Kindergarten,,,['POI'],POINT(9.762172 53.580275),
Jubilate - ev. Kita,,,['POI'],POINT(10.127258 53.539444),
Kirchwerder 1 - ev. Kita,,,['POI'],POINT(10.129938 53.446912),
Kirchwerder 2 - ev. Kindergarten,,,['POI'],POINT(10.19989 53.418868),
Kreuzkirche Alt-Barmbek 1 - ev. Kindergarten,,,['POI'],POINT(10.042887 53.577275),
Kreuzkirche Wandsbek - Kita,,,['POI'],POINT(10.087155 53.579657),
Langenfelde - ev. Kindergarten,,,['POI'],POINT(9.932312 53.579356),
Lemsahl-Mellingstedt - ev. Kindergarten,,,['POI'],POINT(10.107084 53.687523),
Lokstedt - ev. Kindergarten,,,['POI'],POINT(9.960161 53.596972),
Lucaskirche Sasel - ev.Kindergarten,,,['POI'],POINT(10.104768 53.644182),
Luther-Gemeinde Bahrenfeld - ev. Kindertagesheim,,,['POI'],POINT(9.904731 53.571041),
Luther-Gemeinde Eißendorf - ev. Kita,,,['POI'],POINT(9.952439 53.457778),
Maria-Magdalena-Gemeinde Osdorfer Born - ev. Kita,,,['POI'],POINT(9.849281 53.587352),
Maria-Magdalenen-Gemeinde,,,['POI'],POINT(10.056345 53.633756),
Marienkapelle Stellingen - ev. Kindergarten,,,['POI'],POINT(9.893232 53.606269),
Markus-Gemeinde Hohenhorst (Hegeneck) - ev. Kindergarten,,,['POI'],POINT(10.179884 53.589686),
Markus-Gemeinde Hohenhorst (Steglitzer Str) - ev. Kita,,,['POI'],POINT(10.144192 53.582252),
Martin-Luther-Gemeinde Alsterdorf - ev. Kindergarten,,,['POI'],POINT(10.010213 53.610065),
Martin-Luther-Gemeinde Iserbrook - ev. Kindergarten,,,['POI'],POINT(9.823739 53.576955),
Martin-Luther-Kindergarten - ev. Kita Christuskirche,,,['POI'],POINT(9.890033 53.615063),
Martin-Luther-King Kirche - ev. Kita,,,['POI'],POINT(10.047085 53.613917),
Martinskirche Rahlstedt - ev. Kindergarten,,,['POI'],POINT(10.16835 53.606279),
Meiendorf-Oldenfelde (Dreieckskoppel) - ev. Kita,,,['POI'],POINT(10.145877 53.628879),
Meiendorf-Oldenfelde (Kamminer Straße) - ev. Kindergarten,,,['POI'],POINT(10.141005 53.618053),
Meiendorf-Oldenfelde (Massower Weg) - ev. Kindergarten,,,['POI'],POINT(10.146397 53.610697),
Meiendorf-Oldenfelde (Wildschwanbrook) - ev. Kita,,,['POI'],POINT(10.169919 53.626957),
Melanchthon-Gemeinde Groß-Flottbek - ev. Kindertagesheim,,,['POI'],POINT(9.888221 53.567643),
Michaelis-Gemeinde Neugraben - ev. Kindergarten,,,['POI'],POINT(9.856944 53.471989),
Michaelis-Gemeinde Sülldorf - ev. Kindergarten,,,['POI'],POINT(9.7986 53.579255),
Nathanael-Gemeinde Horn - ev. Kita,,,['POI'],POINT(10.074718 53.546523),
Neu Allermöhe - ev. Kita,,,['POI'],POINT(10.177075 53.482642),
Niendorf-Nordwest - ev. Kindergarten,,,['POI'],POINT(9.946255 53.638406),
Niendorfer Markt - ev. Kindergarten,,,['POI'],POINT(9.951662 53.615352),
Nienstedten - ev. Kindertagesheim,,,['POI'],POINT(9.840451 53.556361),
Ohlsdorf - Kindertagesheim,,,['POI'],POINT(10.035454 53.614108),
Oster-Gemeinde Altona - ev. Kita,,,['POI'],POINT(9.931864 53.554884),
Oster-Gemeinde Bramfeld - ev. Kindergarten,,,['POI'],POINT(10.07343 53.610637),
Oster-Gemeinde Eilbek - ev. Kindergarten,,,['POI'],POINT(10.046018 53.565288),
Paul-Gerhardt-Gemeinde Winterhude - ev. Kita,,,['POI'],POINT(10.002842 53.600593),
Poppenbüttel (Harksheider Straße) - ev. Kindergarten,,,['POI'],POINT(10.066579 53.668474),
Poppenbüttel (Häherweg) - ev. Kita,,,['POI'],POINT(10.066902 53.651911),
Poppenbüttel (Poppenbüttler Markt) - ev. Kita,,,['POI'],POINT(10.08622 53.659123),
Reiherstieg-Gemeinde Wilhelmsburg (Georg-Wilhelm-Straße) - ev. Kita,,,['POI'],POINT(9.991498 53.503888),
Reiherstieg-Gemeinde Wilhelmsburg (Mannesallee) - ev. Kindertagesheim,,,['POI'],POINT(9.991619 53.514202),
Saseler Markt - ev. Kita,,,['POI'],POINT(10.113093 53.653683),
Schnelsen (Anna-Susanna-Stieg) - Kindertagesheim,,,['POI'],POINT(9.919742 53.642881),
Schnelsen (Kriegerdankweg) - Kindertagesheim,,,['POI'],POINT(9.914969 53.631937),
Seestraße - ev. Kita,,,['POI'],POINT(9.875221 53.566732),
Simon-Gemeinde Bramfeld - ev. Kindertagesheim,,,['POI'],POINT(10.112765 53.625732),
Spatzennest Jenfeld - ev. Kindergarten,,,['POI'],POINT(10.137309 53.572209),
St. Bethlehem-Gemeinde - Kita,,,['POI'],POINT(9.963192 53.576838),
St. Bonifatius-Gemeinde Barmbek - ev. Kita,,,['POI'],POINT(10.059829 53.588205),
St. Gabriel-Gemeinde - ev. Kita,,,['POI'],POINT(10.045461 53.603229),
- Kindertagesheim,,,['POI'],POINT(10.016187 53.556829),
St. Gertrud - ev. Kindergarten,,,['POI'],POINT(10.029285 53.567356),
St. Johannes-Gemeinde Volksdorf - ev. Kita,,,['POI'],POINT(10.156349 53.66135),
St. Johannis-Gemeinde - ev. Kindertagesheim,,,['POI'],POINT(9.99337 53.570976),
St. Martinus-Gemeinde - Kindertagesheim,,,['POI'],POINT(9.98265 53.598838),
St. Michael - Gemeinde Bergedorf - ev. Kita,,,['POI'],POINT(10.223612 53.48381),
St. Michaelis-Gemeinde Hamburg-Neustadt - ev. Kita,,,['POI'],POINT(9.977626 53.548759),
St. Nikolai-Gemeinde Altengamme - ev. Kindergarten,,,['POI'],POINT(10.270352 53.428652),
St. Pankratiuskirche Ochsenwerder - ev. Kindergarten,,,['POI'],POINT(10.081966 53.474035),
St. Pauli-Gemeinde - ev. Kindertagesheim,,,['POI'],POINT(10.008881 53.55549),
St. Pauli-Gemeinde St.Pauli - ev. Kita,,,['POI'],POINT(9.964561 53.554112),
St. Paulus-Gemeinde - ev. Kindergarten,,,['POI'],POINT(9.963896 53.465746),
St. Peter-Gemeinde - ev. Kindergarten,,,['POI'],POINT(9.977115 53.608381),
St. Petri und Paulus-Gemeinde - ev. Kindergarten,,,['POI'],POINT(10.211581 53.488749),
St. Petri-Gemeinde Altona - ev. Kindergarten,,,['POI'],POINT(9.937961 53.549436),
St. Petri-Gemeinde Hamburg-Mitte - ev. Kita,,,['POI'],POINT(9.997438 53.550123),
St. Petrus-Gemeinde Heimfeld - ev. Kita,,,['POI'],POINT(9.952606 53.461227),
St. Simeon-Gemeinde Alt-Osdorf - ev. Kindergarten,,,['POI'],POINT(9.844977 53.570679),
St. Stephan Gemeinde Wandsbek-Gartenstadt 1 - ev. Kindergarten,,,['POI'],POINT(10.084834 53.593992),
St. Stephan Gemeinde Wandsbek-Gartenstadt 2 - ev. Kindertagesheim,,,['POI'],POINT(10.081133 53.593963),
St. Stephanus-Gemeinde Eimsbüttel - Kita,,,['POI'],POINT(9.950376 53.578262),
- ev. Kita,,,['POI'],POINT(10.127625 53.530554),
Sülldorf - Kita,,,['POI'],POINT(9.7986 53.579255),
Tabita-Gemeinde Altona 2 - ev. Kindergarten,,,['POI'],POINT(9.918639 53.55318),
Thomas-Gemeinde Bramfeld-Hellbrook - ev. Kita,,,['POI'],POINT(10.061128 53.597871),
Timotheus Billstedt - ev. Kindergarten,,,['POI'],POINT(10.091098 53.548109),
Tonndorf - ev. Kindertagesheim,,,['POI'],POINT(10.135731 53.587688),
Versöhnungskirche Eilbek - ev. Kindergarten,,,['POI'],POINT(10.048501 53.572284),
Vicelinkirche Sasel - ev. Kindergarten,,,['POI'],POINT(10.11303 53.654169),
Villa Sonnenschein - ev. Kita,,,['POI'],POINT(10.066344 53.554874),
Wackelzahn Lohbrügge - ev. Kita,,,['POI'],POINT(10.195893 53.506285),
Wellingsbüttel - ev. Kindergarten,,,['POI'],POINT(10.077009 53.637246),
Windmühlenweg - ev. Kita,,,['POI'],POINT(9.872038 53.567537),
Winterhude-Uhlenhorst - Kinderhaus,,,['POI'],POINT(10.014766 53.588228),
Wohldorf-Ohlstedt - ev. Kita,,,['POI'],POINT(10.13008 53.696671),
Zu den zwölf Aposteln - ev. Kindertagesheim,,,['POI'],POINT(9.885378 53.599849),
Edith-Stein-Gemeinde Bergedorf - kath. Kindertagesstätte,,,['POI'],POINT(10.180562 53.486705),
Heilig Geist Gemeinde Farmsen - kath. Kindergarten,,,['POI'],POINT(10.122119 53.605706),
Heilig Kreuz Gemeinde Volksdorf - kath. Kindergarten,,,['POI'],POINT(10.159243 53.649381),
Herz Jesu-Gemeinde Hamm - kath. Kindergarten,,,['POI'],POINT(10.055905 53.556216),
St. Annen-Gemeinde - kath. Kindergarten,,,['POI'],POINT(9.999627 53.680598),
St. Berhard Gemeinde Poppenbüttel - kath. Kindergarten,,,['POI'],POINT(10.097987 53.654973),
St. Bonifatius-Gemeinde Eimsbüttel - kath. Kindergarten,,,['POI'],POINT(9.957452 53.578053),
St. Elisabeth-Gemeinde Harvestehude - kath.Kindergarten,,,['POI'],POINT(9.985301 53.57779),
St. Joseph-Gemeinde - kath. Kindergarten,,,['POI'],POINT(9.956955 53.551379),
St. Marien-Gemeinde Altona - kath. Kita,,,['POI'],POINT(9.924483 53.551284),
St. Marien-Gemeinde Hamburg-Mitte - kath. Kindergarten,,,['POI'],POINT(10.012701 53.55747),
St. Paulus-Augustinius Gemeinde Blankenese - kath. Kindergarten,,,['POI'],POINT(9.88729 53.564244),
St. Paulus-Gemeinde Bergedorf - kath. Kita,,,['POI'],POINT(10.107839 53.539814),
St. Sophien-Gemeinde Barmbek - kath. Kindergarten,,,['POI'],POINT(10.033986 53.57879),
St. Theresien-Gemeinde Altona - kath.Kindertagesheim,,,['POI'],POINT(9.955162 53.559534),
Gemeinde Bramfeld - kath. Kindergarten,,,['POI'],POINT(10.089799 53.620211),
Abraxas - Kita,,,['POI'],POINT(10.021804 53.585742),
Achtern Born Osdorf - Kita,,,['POI'],POINT(9.846335 53.585783),
Agilo - Kita,,,['POI'],POINT(10.062583 53.552922),
Akademie für Kinder - Kita,,,['POI'],POINT(10.011321 53.586909),
Alsterberg - Kita,,,['POI'],POINT(10.016008 53.617338),
Alte Eichen - Kita,,,['POI'],POINT(9.930128 53.598126),
Alte Post Blankenese - Kita,,,['POI'],POINT(9.757396 53.582524),
- Kinderhaus,,,['POI'],POINT(9.906396 53.547945),
- Kinderstube,,,['POI'],POINT(9.962958 53.563254),
Am Jenischpark - Kindergarten,,,['POI'],POINT(9.870289 53.55586),
Am Pinnasberg - Kinderhaus,,,['POI'],POINT(9.955591 53.54643),
Am Stenvort - Kinderhaus,,,['POI'],POINT(9.946736 53.568766),
Am Werner-Otto-Institut - Kita,,,['POI'],POINT(10.026042 53.611062),
Am Öjendorfer Park - Kita,,,['POI'],POINT(10.145577 53.546934),
Ameisenhaufen - Waldkindergarten,,,['POI'],POINT(10.110288 53.663754),
Antje - Kita,,,['POI'],POINT(9.944216 53.594529),
Auenstraße AWO Hort - Kita,,,['POI'],POINT(10.048209 53.571478),
Auf der Uhlenhorst - Kita,,,['POI'],POINT(10.019033 53.566599),
Augustenpassage - ASB Kita,,,['POI'],POINT(9.966322 53.559211),
Außenmühle - Kindergarten u. Spielhaus,,,['POI'],POINT(9.973277 53.447995),
Babyladen Ottensen - Kita,,,['POI'],POINT(9.926766 53.557044),
Bachstraße Barmbek-Süd - Kita,,,['POI'],POINT(10.024524 53.57711),
Bahrenfeld - Kinderhaus,,,['POI'],POINT(9.892248 53.569653),
Bahrenfelder Straße - Kita,,,['POI'],POINT(9.927068 53.557033),
Bambino e.V. - Kita,,,['POI'],POINT(9.964607 53.568048),
Bandwirker Straße - AWO Hort,,,['POI'],POINT(10.067134 53.576675),
Baruhle - Kita,,,['POI'],POINT(10.045626 53.57629),
Behrmannplatz - DRK-Kita,,,['POI'],POINT(9.95931 53.599441),
Belle 66 - Kinderladen,,,['POI'],POINT(9.961263 53.568381),
Bengel und Engel - Kita,,,['POI'],POINT(9.94732 53.580038),
Bergedorfer Schloßstraße - Kita,,,['POI'],POINT(10.211533 53.489189),
Bergedorfer Straße - Kinderhütte,,,['POI'],POINT(10.213015 53.486748),
Berne - Kinderhaus,,,['POI'],POINT(10.141324 53.629336),
Bilinguale Kita,,,['POI'],POINT(10.017006 53.572727),
Billwerder Straße AWO Hort - Kita,,,['POI'],POINT(10.191021 53.49272),
Binsenort - Kindergarten,,,['POI'],POINT(9.865338 53.592718),
Blankenese - Bilinguale Kita,,,['POI'],POINT(9.823545 53.560756),
Blankenese - Kindergarten,,,['POI'],POINT(9.80704 53.561812),
Blümchen - Kinderhaus,,,['POI'],POINT(9.815635 53.581818),
Bollerwagen - Kindergruppe,,,['POI'],POINT(9.949571 53.582087),
Bornitos - Kita,,,['POI'],POINT(9.85265 53.589682),
Bornstraße - Kita,,,['POI'],POINT(9.980844 53.569803),
Brahmsallee Harvestehude - Kita,,,['POI'],POINT(9.981554 53.575701),
Bramfeld e.V. - Kita,,,['POI'],POINT(10.060371 53.594777),
AWO Hort - Kita,,,['POI'],POINT(9.856215 53.575505),
Brüder-Hornemann-Straße - DRK-Kita,,,['POI'],POINT(9.916729 53.644791),
Bunks Leben - Kita,,,['POI'],POINT(9.962908 53.551062),
Burgunderweg - Kinderstube,,,['POI'],POINT(9.963942 53.628336),
Böckelweg - Kindergarten,,,['POI'],POINT(10.034712 53.610969),
Böckelweg - Kita,,,['POI'],POINT(10.035295 53.610704),
CVJM - Kindertagesheim,,,['POI'],POINT(9.872804 53.595916),
Campus Kids - Kita,,,['POI'],POINT(9.986179 53.565572),
Chamäleon - Kinderclub,,,['POI'],POINT(9.94589 53.555214),
Chemnitzerstraße - AWO Hort,,,['POI'],POINT(9.948313 53.555581),
Chi-Kita - AWO Kita,,,['POI'],POINT(9.856034 53.575515),
Cocorí - Kita,,,['POI'],POINT(9.979836 53.565391),
Curslacker Neuer Deich - Kindergarten,,,['POI'],POINT(10.201763 53.471892),
Das Spielnetz Bergedorf - Kita,,,['POI'],POINT(10.16904 53.517486),
Deelbögenkamp - Kita,,,['POI'],POINT(9.989289 53.601766),
Die Alsterzwerge - Kita,,,['POI'],POINT(9.996884 53.571503),
Die Flottneser - Kita,,,['POI'],POINT(9.885914 53.572782),
Die Hörnchen - Kindergarten,,,['POI'],POINT(10.109427 53.582013),
Die Kindergemeinschaft - Kita,,,['POI'],POINT(9.955408 53.603219),
Die Kindsköpfe - Kita,,,['POI'],POINT(9.917286 53.636996),
Die Kobolde - Kita,,,['POI'],POINT(9.945588 53.550472),
Die Moor-Rüben - Kita,,,['POI'],POINT(9.962227 53.63667),
Die Schatztruhe - Kita,,,['POI'],POINT(9.931268 53.549731),
Die Strolche - Kindergarten,,,['POI'],POINT(9.972672 53.574192),
Die Urmels - Kita,,,['POI'],POINT(10.153418 53.617171),
Die Waldameisen - Kita,,,['POI'],POINT(10.134502 53.697276),
Die halben Meter - Kita,,,['POI'],POINT(9.958289 53.573661),
Die kleinen Borsteler - Kindergarten,,,['POI'],POINT(10.058406 53.629146),
Die wilden Kids - Kindergarten,,,['POI'],POINT(9.902451 53.553268),
Don Bosco - Kita,,,['POI'],POINT(9.88412 53.472321),
Donnerlüttchen - Kinderladen,,,['POI'],POINT(9.924701 53.5544),
Dringsheide - Kita,,,['POI'],POINT(10.119848 53.561546),
Early Learning Center - Kindergarten,,,['POI'],POINT(9.899002 53.552853),
Eilbeker Weg - Kita,,,['POI'],POINT(10.044548 53.569317),
Eimsbütteler Marktplatz - Spielhaus,,,['POI'],POINT(9.948409 53.572716),
Elbpiraten - Kita,,,['POI'],POINT(9.912791 53.561186),
Elbtunnelkids AK Altona - Kita,,,['POI'],POINT(9.898785 53.554733),
Elbvororte - Kindergarten,,,['POI'],POINT(9.826391 53.568167),
Elkes sieben Zwerge - Kita,,,['POI'],POINT(10.149216 53.419474),
Elysee - Kindergarten,,,['POI'],POINT(9.99124 53.563814),
Emilienstraße Eimsbüttel - Kita,,,['POI'],POINT(9.95305 53.572292),
Enfantine - Kinderklub (Alsterkamp),,,['POI'],POINT(9.997299 53.576927),
Enfantine - Kinderklub (Elbchaussee),,,['POI'],POINT(9.815836 53.560108),
Enfantine - Kinderklub (Hallerstraße),,,['POI'],POINT(9.987088 53.572187),
Enfantine - Kinderklub (Oberstraße),,,['POI'],POINT(9.990381 53.577443),
Eppendorf - Kindergruppe,,,['POI'],POINT(9.987465 53.595483),
Ernst-Bergeest-Weg - Kita,,,['POI'],POINT(9.956325 53.445131),
Eulennest - Kita,,,['POI'],POINT(10.032116 53.56956),
Eulenstraße - Kita,,,['POI'],POINT(9.92943 53.550509),
Fahrenort - Hort,,,['POI'],POINT(9.867918 53.599214),
Fakiha - Kita,,,['POI'],POINT(9.988084 53.513908),
Falkennest - Kindergarten,,,['POI'],POINT(10.104517 53.541409),
Feuerwache e.V. - Kita,,,['POI'],POINT(10.022182 53.579538),
Filefant - Kita,,,['POI'],POINT(9.927856 53.553046),
Finkenau - Kindergarten,,,['POI'],POINT(10.048368 53.576679),
Finkenau e.v. Kindergärten,,,['POI'],POINT(10.028402 53.579485),
Finkis - Kindergarten,,,['POI'],POINT(10.029764 53.575915),
Fischers Allee - Kita,,,['POI'],POINT(9.922156 53.546989),
Fledermaus - Kinderhaus,,,['POI'],POINT(9.947981 53.574462),
Fliegenpilz - Kita,,,['POI'],POINT(10.14595 53.594752),
Flitzepipen - Kindergarten,,,['POI'],POINT(9.986487 53.592391),
Flohkiste - Kita,,,['POI'],POINT(10.028402 53.579485),
Flohzirkus - Kita,,,['POI'],POINT(9.975383 53.566685),
Freie Kindergärten Elbvororte - Kita,,,['POI'],POINT(9.910849 53.559278),
Fruchtallee - Kindervilla,,,['POI'],POINT(9.960794 53.569633),
Früchtchen - Kita,,,['POI'],POINT(9.950543 53.572267),
Fuchsbau - Kindergruppe,,,['POI'],POINT(10.116357 53.596883),
Furtweg - Kinderhaus,,,['POI'],POINT(9.903239 53.602977),
Gartenstadtkinder Wandsbek - Kita,,,['POI'],POINT(10.083444 53.586879),
Goethestraße - Kinderhaus,,,['POI'],POINT(9.939753 53.552684),
Gosslers Park - Kita,,,['POI'],POINT(9.81184 53.563415),
Grashüpfer Osdorf - Kita,,,['POI'],POINT(9.843877 53.576105),
Grotefendweg - Kindertagesstätte,,,['POI'],POINT(9.830246 53.566937),
Hafenstraße - Kinderladen,,,['POI'],POINT(9.9611 53.546539),
Happy Little Kids - Kita,,,['POI'],POINT(10.217766 53.482701),
Hasselbrookstraße AWO Hort- Kita,,,['POI'],POINT(10.056184 53.565001),
Haynspark AWO Hort - Kindergarten,,,['POI'],POINT(9.98886 53.594393),
Heidberg - Kinderladen,,,['POI'],POINT(10.01154 53.587833),
Heidberg - Kita,,,['POI'],POINT(10.031857 53.671636),
Heinrich-Helbing-Straße - Kita,,,['POI'],POINT(10.05711 53.596666),
Heußweg - Kita,,,['POI'],POINT(9.951128 53.575452),
Hobbit - Kinderhaus,,,['POI'],POINT(10.097767 53.616266),
Hohenbuchen AWO Hort - Kita,,,['POI'],POINT(10.090123 53.666168),
AWO Hort - Kinderspielhaus,,,['POI'],POINT(10.142991 53.588661),
Hollerbusch AWO Hort - Kita,,,['POI'],POINT(10.065303 53.653884),
Holstentwiete - Kindergarten,,,['POI'],POINT(9.921092 53.552164),
Holzwurm - Kita,,,['POI'],POINT(9.867207 53.602849),
Horner Weg - Kita,,,['POI'],POINT(10.0739 53.554717),
Hort am Wald - Kindergarten,,,['POI'],POINT(10.125538 53.629153),
Höldersallee - Kita,,,['POI'],POINT(10.023102 53.586359),
Im Stadtpark - Kita,,,['POI'],POINT(10.014676 53.593943),
Im Volkspark - Kita,,,['POI'],POINT(9.89453 53.584776),
In der Chocoladenfabrik - Kinderhaus,,,['POI'],POINT(9.933729 53.549775),
In der alten Forst - Kindergarten,,,['POI'],POINT(9.935325 53.449071),
Ise Frösche - Kita,,,['POI'],POINT(9.972556 53.575028),
Iserbrook - Kindergarten,,,['POI'],POINT(9.811809 53.580694),
Iserbrook - Kinderhaus,,,['POI'],POINT(9.831142 53.584883),
Johanna-Kirchner-Haus AWO Hort - Kita,,,['POI'],POINT(10.167474 53.481343),
Jonny-Birckholtz AWO Hort - Kita,,,['POI'],POINT(10.107643 53.614836),
Junior - Kita,,,['POI'],POINT(9.985432 53.581464),
Kahlkamp - Kindergruppe,,,['POI'],POINT(9.804985 53.560883),
Kanalhaus Hamm-Süd (Barmbeker Straße) - Kita,,,['POI'],POINT(10.018234 53.584855),
Kanalhaus Hamm-Süd (Billbrookdeich) - Kita,,,['POI'],POINT(10.110612 53.533364),
Kanalhaus Hamm-Süd (Dakarweg) - Kita,,,['POI'],POINT(10.031042 53.602348),
Kanalhaus Hamm-Süd (Sportallee) - Kita,,,['POI'],POINT(10.000193 53.618253),
Karo Kids St. Pauli - Kita,,,['POI'],POINT(9.97311 53.55974),
Kegelhofstraße - Kinderladen,,,['POI'],POINT(9.978336 53.595207),
Kempa Toni - Kita,,,['POI'],POINT(10.063553 53.618012),
AWO Hort - Kinderspielhaus,,,['POI'],POINT(10.149873 53.488343),
Kielkoppelstraße AWO Hort - Kita,,,['POI'],POINT(10.170213 53.588407),
Kimbim Kindergarten in Meiendorf,,,['POI'],POINT(10.161445 53.628253),
Kind & Kegel - Kita,,,['POI'],POINT(9.973561 53.582631),
Kinder Kinder - Kindergruppe,,,['POI'],POINT(10.005104 53.586431),
Kindergruppe-Hamburg,,,['POI'],POINT(9.974744 53.567112),
Kinderhafen Hamburg - Kita,,,['POI'],POINT(9.996954 53.593068),
Anja Hülsemann,,,['POI'],POINT(9.988398 53.579167),
Korczak,,,['POI'],POINT(9.944732 53.585845),
Strollers,,,['POI'],POINT(9.814549 53.563028),
Kinderladen 100 Blumen,,,['POI'],POINT(9.962565 53.575855),
Kinderladen Karolinenviertel,,,['POI'],POINT(9.964365 53.554788),
Kinderladen Koppel e.V.,,,['POI'],POINT(9.958061 53.562251),
Kinderland Hamburg - Bramfelder Chaussee,,,['POI'],POINT(10.080574 53.619387),
Kinderland Hamburg - Geschäftsstelle,,,['POI'],POINT(9.947507 53.570845),
Kinderland Hamburg - Johannes-Büll-Weg,,,['POI'],POINT(10.059977 53.65439),
Kinderland Hamburg - Osdorfer Landstraße,,,['POI'],POINT(9.874489 53.570718),
Kinderland Hamburg - Rahewinkel,,,['POI'],POINT(10.155302 53.525671),
Kinderstube Peter-Petersen-Schule - Kita,,,['POI'],POINT(10.118784 53.639541),
"Kindertagesstätte  ""Im Stadtpark""",,,['POI'],POINT(10.013758 53.599746),
"Kindertagesstätte ""Am Öjendorfer Park""",,,['POI'],POINT(10.146284 53.548509),
"Kindertagesstätte ""Amsinck-Villa""",,,['POI'],POINT(9.943328 53.600781),
"Kindertagesstätte ""Das Spielnetz""",,,['POI'],POINT(10.169078 53.517216),
"Kindertagesstätte ""De lütten Winterhuder""",,,['POI'],POINT(10.018008 53.583617),
"Kindertagesstätte ""Die Moor-Rüben""",,,['POI'],POINT(9.961685 53.636773),
"Kindertagesstätte ""Die Urmeli's""",,,['POI'],POINT(10.153505 53.617035),
"Kindertagesstätte ""Die kleinen Schätze""",,,['POI'],POINT(10.179232 53.591777),
"Kindertagesstätte ""Im Volkspark""",,,['POI'],POINT(9.896129 53.584683),
"Kindertagesstätte ""Kelloggstraße""",,,['POI'],POINT(10.130933 53.579377),
"Kindertagesstätte ""Kerni-Kids und Co""",,,['POI'],POINT(9.97856 53.45975),
"Kindertagesstätte ""Kerni-Kids""",,,['POI'],POINT(9.976999 53.457993),
"Kindertagesstätte ""Kinderhaus MiLa""",,,['POI'],POINT(10.134538 53.494079),
"Kindertagesstätte ""Kinderhaus Mümmelmaus""",,,['POI'],POINT(10.148673 53.526454),
"Kindertagesstätte ""Kinderland - Haus am Fleet""",,,['POI'],POINT(10.166383 53.488803),
"Kindertagesstätte ""Kinderstube Sasel""",,,['POI'],POINT(10.118462 53.639373),
"Kindertagesstätte ""Kokopelli""",,,['POI'],POINT(10.108349 53.630823),
"Kindertagesstätte ""Pfiffikus""",,,['POI'],POINT(9.85662 53.572384),
"Kindertagesstätte ""Rehagen""",,,['POI'],POINT(10.05643 53.650459),
Kinderwelt Hamburg - Kita,,,['POI'],POINT(10.043838 53.584015),
Kleine Füße - Kita,,,['POI'],POINT(10.027732 53.579257),
Kleine Hexen - Kita,,,['POI'],POINT(9.947546 53.548983),
Knabeweg Osdorf - Kita,,,['POI'],POINT(9.856857 53.574431),
Knickweg - Kita,,,['POI'],POINT(10.018128 53.583589),
Kokopelli - Naturkindergarten,,,['POI'],POINT(10.108683 53.630892),
Konni & Jule - Kita,,,['POI'],POINT(10.096262 53.582683),
Koppelkinder - Kinderhaus,,,['POI'],POINT(10.017403 53.557834),
Krabbelkiste - Kita,,,['POI'],POINT(10.233573 53.483393),
Kratzbürsten - Kita,,,['POI'],POINT(9.938662 53.54704),
Kunterbunt - Kinderhaus,,,['POI'],POINT(9.927493 53.554379),
Kurz und Klein - Kita,,,['POI'],POINT(9.927117 53.552378),
Lek sä in i Norden - Kindergarten,,,['POI'],POINT(9.984451 53.589254),
- ASB Kita,,,['POI'],POINT(9.961033 53.55822),
Leuchtboje - Kita,,,['POI'],POINT(9.911976 53.626345),
Leuchtkäfer - Kita,,,['POI'],POINT(10.206454 53.491245),
Libelle - Kinderladen,,,['POI'],POINT(9.959498 53.567721),
Lollypop - Kinderladen,,,['POI'],POINT(9.958457 53.575771),
Ludolfstraße Eppendorf - Kita,,,['POI'],POINT(9.991294 53.593232),
Löwenzahn - Kita,,,['POI'],POINT(10.062046 53.653689),
Löwenzahn AWO Hort - Kita,,,['POI'],POINT(10.067513 53.652157),
Lütt Iserbrook - Kita,,,['POI'],POINT(9.817072 53.581161),
Lütte Lütt - Kinderladen,,,['POI'],POINT(9.943815 53.573848),
Mafalda - Kinderladen,,,['POI'],POINT(9.967208 53.551737),
Maimouna - Kinderladen,,,['POI'],POINT(9.954336 53.552999),
Manuelita - spanisch-deutsche Kita,,,['POI'],POINT(9.970541 53.581964),
Maria Grün - Kindergarten,,,['POI'],POINT(9.823226 53.561414),
Marienkäfer - Kindergarten,,,['POI'],POINT(9.972672 53.457723),
Martinistraße - Kita,,,['POI'],POINT(9.97509 53.588692),
Meerweinstraße - Kita,,,['POI'],POINT(10.027403 53.587491),
Menschenskinder - Kita,,,['POI'],POINT(10.08254 53.660729),
Mikuteit - Kindergarten,,,['POI'],POINT(10.038585 53.641926),
Mobiles Kinderprojekt Lohbrügge AWO Hort,,,['POI'],POINT(10.210045 53.507814),
Montessori-Kinderhaus AWO,,,['POI'],POINT(10.092184 53.686196),
Moorburg - Kinderland,,,['POI'],POINT(9.92801 53.494595),
Morgenröte AWO Hort - Kindergarten,,,['POI'],POINT(9.890204 53.595186),
Mottenkiste - Kita,,,['POI'],POINT(9.926814 53.553009),
Mottenlos - Kita,,,['POI'],POINT(9.928876 53.547971),
Mozartstraße - Kinderladen,,,['POI'],POINT(10.022884 53.578589),
Murmeltier - Kindergarten,,,['POI'],POINT(10.033849 53.583068),
Mäuseburg - Kita,,,['POI'],POINT(10.227677 53.487865),
Mügge Eimsbüttel - Kita,,,['POI'],POINT(9.940894 53.580314),
Mümmelmannsberg - Kinderland,,,['POI'],POINT(10.154746 53.524086),
Mümmelmaus - Kita,,,['POI'],POINT(10.148487 53.526797),
Noldering - Kita,,,['POI'],POINT(10.045144 53.606296),
Osterbrook Hamm-Süd - Kita,,,['POI'],POINT(10.053744 53.546989),
Osteresch - Kinderhaus,,,['POI'],POINT(9.881838 53.569874),
PAS - Kita,,,['POI'],POINT(9.954603 53.554165),
Panini - Kita,,,['POI'],POINT(9.932627 53.548409),
Papelucho - Kinderladen,,,['POI'],POINT(9.955794 53.602946),
Papilon - Kindergarten,,,['POI'],POINT(9.955255 53.56098),
Paracelsiusstraße - Kinderstube,,,['POI'],POINT(10.094818 53.605088),
Park-Kita Alt-Rahlstedt,,,['POI'],POINT(10.151945 53.599699),
Pfefferminzkamp - Kinderhaus,,,['POI'],POINT(10.089863 53.652576),
Pfiffikus - Kita,,,['POI'],POINT(9.856126 53.572594),
Pirateninsel - Kinderladen,,,['POI'],POINT(10.023594 53.575483),
Poppenbüttel Gesamtschule - AWO Hort,,,['POI'],POINT(10.08229 53.658081),
Poppenbütteler Weg Poppenbüttel - Kita,,,['POI'],POINT(10.084654 53.657646),
Prickelkids - Kita,,,['POI'],POINT(9.945169 53.576344),
Profund - Kindertheater,,,['POI'],POINT(10.04123 53.563281),
Pusteblume - Kindergarten,,,['POI'],POINT(10.159713 53.406128),
Rahlstedt - Kinderhaus,,,['POI'],POINT(10.156799 53.600452),
Rappelkiste - Kita,,,['POI'],POINT(9.8864 53.475494),
Rasselbande - Kinderkrippe,,,['POI'],POINT(10.012649 53.582441),
Rasselbande Altona - Kita,,,['POI'],POINT(9.885914 53.572782),
Rasselbande Horn - Kindergruppe,,,['POI'],POINT(9.948524 53.554888),
Ratz und Rübe - Kita,,,['POI'],POINT(10.075817 53.642675),
Raupe Nimmersatt - Kinderladen,,,['POI'],POINT(9.998991 53.600005),
Ringelsocke Ottensen - Kita,,,['POI'],POINT(9.920222 53.552422),
Rolfincken - Kindergarten,,,['POI'],POINT(10.082136 53.64083),
Rotznasen Kinderhaus,,,['POI'],POINT(9.922156 53.546989),
Räuberhöhle - Kindergruppe,,,['POI'],POINT(10.122336 53.595659),
Räuberhöhle in Bahrenfeld - ASB-Kita,,,['POI'],POINT(9.91386 53.561061),
Röthmoorweg - Schülerladen,,,['POI'],POINT(9.923195 53.627193),
Sartorius - Kita,,,['POI'],POINT(9.943275 53.580753),
Schaukelpferd - Kindergarten,,,['POI'],POINT(9.957738 53.554634),
Schedestraße Eppendorf - Kita,,,['POI'],POINT(9.982286 53.593566),
Schefflerstraße - Kindergarten,,,['POI'],POINT(10.01464 53.582963),
Schmuddelkinder - Kita,,,['POI'],POINT(9.956539 53.568392),
Schmusebacke - Kita,,,['POI'],POINT(10.179809 53.486712),
Schneewittchen - Kindergarten,,,['POI'],POINT(10.076169 53.616129),
Schrammsweg - Kindergruppe,,,['POI'],POINT(9.990192 53.590644),
- Kita,,,['POI'],POINT(10.233907 53.485564),
Seepferdchen AWO Hort - Kita,,,['POI'],POINT(10.166683 53.481073),
Sibeliusstraße - Kita,,,['POI'],POINT(9.904974 53.5605),
Sievekingplatz - Kindergarten,,,['POI'],POINT(9.97675 53.555927),
Sillem - Kita,,,['POI'],POINT(9.947005 53.576069),
Sommerweg Lurup - Kita,,,['POI'],POINT(9.885229 53.596337),
Mond und Sterne Kindergruppe,,,['POI'],POINT(9.948564 53.555346),
Sonnenblume - Kindergarten,,,['POI'],POINT(10.156168 53.608859),
Sonnenhügel AWO Hort - Kindergarten,,,['POI'],POINT(10.125519 53.62732),
Sonnenland - Spielhaus,,,['POI'],POINT(10.13821 53.536627),
Sonnenland AWO Hort - Kita,,,['POI'],POINT(10.133035 53.534915),
Sonnenschein - Kita,,,['POI'],POINT(10.048114 53.542024),
Speckenreye - Kita in der Schule Speckenreye,,,['POI'],POINT(10.094726 53.555399),
Spielnetz - Kita,,,['POI'],POINT(10.169025 53.517468),
Spokis - Kita,,,['POI'],POINT(10.016803 53.588174),
Stadtnasen - Kita,,,['POI'],POINT(9.983975 53.568807),
Stahltwiete - Kita,,,['POI'],POINT(9.92548 53.561709),
Stammannstraße - Kita,,,['POI'],POINT(10.021804 53.585742),
Sterntaler - Kindergarten,,,['POI'],POINT(9.988116 53.572879),
Stoltenstraße AWO Hort - Kita,,,['POI'],POINT(10.094905 53.559971),
Strubbelkinder - Kinderladen,,,['POI'],POINT(9.984446 53.572802),
Susettestraße - Kindergarten,,,['POI'],POINT(9.924605 53.547195),
Swattenweg Lurup - Kita,,,['POI'],POINT(9.85768 53.599395),
TDKG-Türkisch-Deutscher Kindergarten,,,['POI'],POINT(9.957168 53.564837),
Teddybär - Kindergarten,,,['POI'],POINT(9.861896 53.597981),
Telemannstraße- Kita,,,['POI'],POINT(9.95318 53.579453),
Thedestraße - Kinderladen,,,['POI'],POINT(9.94968 53.553962),
Tigerente - Kita,,,['POI'],POINT(10.127606 53.658498),
Tigerente AWO Hort - Kita,,,['POI'],POINT(9.992119 53.496263),
Tigerente Sasel - Kita,,,['POI'],POINT(10.111233 53.654248),
Tilomann Hort Hasselbrook - Kindertagesheim,,,['POI'],POINT(10.045299 53.566723),
Tobekatzen - Kindergarten,,,['POI'],POINT(9.960576 53.571342),
Tornquiststraße Eimsbüttel - Kita,,,['POI'],POINT(9.957512 53.572688),
Turmweg - Kita,,,['POI'],POINT(9.991741 53.571043),
Uhlenhoffweg - Kita,,,['POI'],POINT(9.877588 53.529417),
Unizwerge - Kindergarten,,,['POI'],POINT(9.975928 53.457274),
Villa Kunterbunt AWO Hort - Kita,,,['POI'],POINT(10.084587 53.659147),
Villa Wackelzahn - Kita,,,['POI'],POINT(9.956501 53.568697),
Vogelweide - Kindergarten,,,['POI'],POINT(10.04114 53.575619),
Wabe - Kita,,,['POI'],POINT(10.026123 53.587016),
Wackelzahn - Kita,,,['POI'],POINT(9.956119 53.567146),
Waldkindergarten - Die Schlaufüchse - Kindergarten,,,['POI'],POINT(10.032262 53.651712),
Waldkindergarten Bergedorf AWO - Kindergarten,,,['POI'],POINT(10.262784 53.47226),
Waldkindergarten Bergstedt - Kindergarten,,,['POI'],POINT(10.036057 53.634409),
Waldkindergarten Berne - Kindergarten,,,['POI'],POINT(10.129824 53.633426),
Waldkindergarten Harburg - Kindergarten,,,['POI'],POINT(9.930961 53.436059),
Waldkindergarten Ohlstedt - Kindergarten,,,['POI'],POINT(10.133762 53.697337),
Waldkindergarten Volksdorf - Kindergarten,,,['POI'],POINT(10.159657 53.655101),
Waldkindergarten Wentorf - Kindergarten,,,['POI'],POINT(10.275444 53.496126),
Wichtel K.G. - Kita,,,['POI'],POINT(9.989647 53.617703),
Wilde 13 - Kinderladen,,,['POI'],POINT(9.922226 53.561994),
Wirbelwind - Kita,,,['POI'],POINT(10.235852 53.475758),
Wrangelstraße Hoheluft-West - Kita,,,['POI'],POINT(9.967798 53.582174),
Wurzelkinder - Kinderladen,,,['POI'],POINT(9.957006 53.566995),
Wurzelzwerge - Kindergarten,,,['POI'],POINT(9.94968 53.618584),
Zappellott - Kita,,,['POI'],POINT(9.965098 53.550532),
Zauberburg - AWO Hort - Kita,,,['POI'],POINT(9.911304 53.649163),
Zaubermäuse - Kindergarten,,,['POI'],POINT(9.754101 53.581485),
von-Halem-straße AWO Hort - Kita,,,['POI'],POINT(10.1655 53.48519),
Öjendorfer Höhe - Kita,,,['POI'],POINT(10.127968 53.542313),
Ahrensburger Weg Volksdorf - Kita,,,['POI'],POINT(10.171127 53.653614),
Allermöhe - Kita,,,['POI'],POINT(10.173116 53.483292),
Alsterredder Wandsbek - Kita,,,['POI'],POINT(10.101569 53.657797),
Alter Teichweg Dulsberg - Kita,,,['POI'],POINT(10.07485 53.589212),
Am Blumenacker Fuhlsbüttel - Kita,,,['POI'],POINT(10.016921 53.628257),
Am Husarendenkmal - Marienthal - Kita,,,['POI'],POINT(10.074295 53.564345),
Am Waldesrand Rahlstedt - Kita,,,['POI'],POINT(10.178126 53.599794),
An der Falkenbek Neugraben-Fischbnek - Kita,,,['POI'],POINT(9.860292 53.470734),
Auf der Höhe Wilhelmsburg - Kita,,,['POI'],POINT(10.014833 53.50468),
Baererstraße Eißendorf - Kita,,,['POI'],POINT(9.974271 53.454583),
Bauerberg Horn - Kita,,,['POI'],POINT(10.081487 53.552231),
Baumacker Eidelstedt - Kita,,,['POI'],POINT(9.896462 53.617531),
Behringstraße Ottensen - Kita,,,['POI'],POINT(9.912015 53.553869),
Bei der Paul-Gerhardt-Kirche Bahrenfeld - Kita,,,['POI'],POINT(9.920896 53.560531),
Bekasinenau Rahlstedt - Kita,,,['POI'],POINT(10.134656 53.61912),
Bekkamp 60 Jendeld - Kita,,,['POI'],POINT(10.143613 53.577028),
Bengelsdorfstraße Bramfeld - Kita,,,['POI'],POINT(10.094144 53.598903),
Bergedorfer Kids Bergedorf - Kita,,,['POI'],POINT(10.219951 53.485375),
Bernadottestraße Othmarschen - Kita,,,['POI'],POINT(9.898352 53.549264),
Bille-Kids Billbrook - Kita,,,['POI'],POINT(10.106651 53.531271),
Bindfeldweg Niendorf - Kita,,,['POI'],POINT(9.947181 53.622405),
Bissingstraße Heimfeld - Kita,,,['POI'],POINT(9.964392 53.468366),
Blostwiete Horn - Kita,,,['POI'],POINT(10.090359 53.546948),
Boberger Füchse Lohbrügge - Kita,,,['POI'],POINT(10.160042 53.512587),
Brödermannsweg Groß Borstel - Kita,,,['POI'],POINT(9.975139 53.605252),
Charlo Jenfeld - Kita,,,['POI'],POINT(10.144604 53.582392),
City Nord Alsterdorf- Kita,,,['POI'],POINT(10.02299 53.606101),
Club Martinistraße Hoheluft-Ost - Kita,,,['POI'],POINT(9.974764 53.588956),
Curslack - Kita,,,['POI'],POINT(10.229283 53.448599),
Cuxhavener Straße 400 Neugraben-Fischbek - Kita,,,['POI'],POINT(9.839565 53.471995),
Cuxi Kids Hausbruch - Kita,,,['POI'],POINT(9.881076 53.472235),
Dahlemer Ring Jenfeld - Kita,,,['POI'],POINT(10.143101 53.585479),
Denksteinweg Jenfeld - Kita,,,['POI'],POINT(10.129973 53.570562),
Die Eule Ottensen - Kita,,,['POI'],POINT(9.927768 53.550441),
Dietzweg Billstedt - Kita,,,['POI'],POINT(10.10966 53.560383),
Dortmunder Straße Langenhorn - Kita,,,['POI'],POINT(9.996192 53.672944),
Druckerstraße Billstedt - Kita,,,['POI'],POINT(10.120482 53.535896),
Dschungelkinder Langenhorn - Kita,,,['POI'],POINT(10.023885 53.675478),
Eckermannstraße Wilhelmsburg - Kita,,,['POI'],POINT(9.989574 53.513797),
Eddelbüttelstraße Harburg - Kita,,,['POI'],POINT(9.985335 53.452596),
Elb-Kinder Wilhelmsburg - Kita,,,['POI'],POINT(10.010313 53.493343),
Elbchaussee Othmarschen - Kita,,,['POI'],POINT(9.909466 53.546179),
Elfenwiese Marmstorf - Kita,,,['POI'],POINT(9.969906 53.438795),
Elise Hohenfelde - Kita,,,['POI'],POINT(10.032771 53.561135),
Erdkampsweg Fuhlsbüttel - Kita,,,['POI'],POINT(10.011315 53.635942),
Erich-Ziegel-Ring Steilshoop - Kita,,,['POI'],POINT(10.062724 53.615091),
Ernst-Bergeest-Weg Marmstorf - Kita,,,['POI'],POINT(9.958332 53.442033),
Fabricius Bramfeld - Kita,,,['POI'],POINT(10.072672 53.616475),
Feldbrunnen Rotherbaum - Kita,,,['POI'],POINT(9.991058 53.568946),
Flughafenstraße Hummelsbüttel - Kita,,,['POI'],POINT(10.023824 53.640526),
Franz-Marc-Straße Billstedt - Kita,,,['POI'],POINT(10.146574 53.52633),
Friedrich-Frank-Bogen Bergedorf - Kita,,,['POI'],POINT(10.176564 53.493555),
Fritz-Flinte-Ring Steilshoop - Kita,,,['POI'],POINT(10.052343 53.610887),
Fö Stellingen - Kita,,,['POI'],POINT(9.933623 53.579903),
Försterweg Stellingen - Kita,,,['POI'],POINT(9.929134 53.579669),
Glückstädter Weg Osdorf - Kita,,,['POI'],POINT(9.854344 53.59127),
Grasweg Winterhude - Kita,,,['POI'],POINT(10.003879 53.592749),
Greifswalder Straße St. Georg - Kita,,,['POI'],POINT(10.011731 53.557272),
Gropiusring Steilshoop - Kita,,,['POI'],POINT(10.057309 53.614294),
Großlohering 52e Rahlstedt - Kita,,,['POI'],POINT(10.182429 53.600246),
Hammer Straße Marienthal - Kita,,,['POI'],POINT(10.069124 53.560986),
Harnackring Lohbrügge - Kita,,,['POI'],POINT(10.212459 53.508957),
Hartzloh - Barmbek-Nord - Kita,,,['POI'],POINT(10.043427 53.601621),
Haus Kinderwelt Schnelsen - Kita,,,['POI'],POINT(9.916275 53.62385),
Hegholt Bramfeld - Kita,,,['POI'],POINT(10.077278 53.603908),
Heilholtkamp Alsterdorf - Kita,,,['POI'],POINT(10.022893 53.610837),
Hermannstal Horn - Kita,,,['POI'],POINT(10.096854 53.550159),
Hinrichsenstraße Borgfelde - Kita,,,['POI'],POINT(10.033216 53.558346),
Hirtenweg Othmarschen - Kita,,,['POI'],POINT(9.899152 53.552124),
Hohnerredder Bramfeld - Kita,,,['POI'],POINT(10.09432 53.62088),
Horner Hummeln - Kita,,,['POI'],POINT(10.066792 53.555301),
Horner Strolche Horn - Kita,,,['POI'],POINT(10.073683 53.555087),
Hospitalstraße Altona- Kita,,,['POI'],POINT(9.946496 53.556009),
Hummelsbüttel - Kita,,,['POI'],POINT(10.040986 53.647296),
Höhenstieg Alsterdorf - Kita,,,['POI'],POINT(10.011269 53.618825),
Immenbusch Osdorf - Kita,,,['POI'],POINT(9.853572 53.584437),
Inselkinder Finkenwerder - Kita,,,['POI'],POINT(9.881069 53.530002),
Iserbrooker Weg Sülldorf - Kita,,,['POI'],POINT(9.812028 53.578742),
Jarrestraße Winterhude - Kita,,,['POI'],POINT(10.027913 53.585456),
Jenfelder Allee Jenfeld - Kita,,,['POI'],POINT(10.128365 53.576499),
Jenfelder Spatzen Jenfeld - Kita,,,['POI'],POINT(10.143019 53.575695),
Jordanstraße Hamm-Nord - Kita,,,['POI'],POINT(10.04101 53.558638),
JuKiCo Billstedt - Kita,,,['POI'],POINT(10.110428 53.53554),
Jugendstraße Stellingen - Kita,,,['POI'],POINT(9.932599 53.591682),
Jungborn Schnelsen - Kita,,,['POI'],POINT(9.921053 53.630184),
Justus-Strandes-Weg Ohlsdorf - Kita,,,['POI'],POINT(10.03002 53.62491),
KAP-Strolche Lohbrügge - Kita,,,['POI'],POINT(10.209487 53.507801),
Kaifu Eimsbüttel - Kita,,,['POI'],POINT(9.965796 53.573187),
Kandinskyallee Billstedt - Kita,,,['POI'],POINT(10.149156 53.532586),
Karoline St. Pauli - Kita,,,['POI'],POINT(9.975328 53.561007),
Kiddie's Oase Wilhelmsburg - Kita,,,['POI'],POINT(9.986278 53.515325),
Kirchdorfer Straße Wilhelmsburg - Kita,,,['POI'],POINT(10.01406 53.485566),
Kleiberweg Lurup - Kita,,,['POI'],POINT(9.875877 53.60283),
Kleine Horst Klein Borstel - Kita,,,['POI'],POINT(10.048175 53.630485),
Kleine Schlossgeister Farmsen-Berne - Kita,,,['POI'],POINT(10.1275 53.622234),
Kohlhöfen Neustadt - Kita,,,['POI'],POINT(9.980005 53.553124),
Koldingstraße Altona-Nord - Kita,,,['POI'],POINT(9.946166 53.563496),
Ladenbeker Furtweg Bergedorf - Kita,,,['POI'],POINT(10.181369 53.492412),
r Chaussee Langenhorn - Kita,,,['POI'],POINT(10.004838 53.656016),
Lothringer Straße Dulsberg - Kita,,,['POI'],POINT(10.057036 53.582209),
Marckmammstraße Rothenburgsort - Kita,,,['POI'],POINT(10.045471 53.534536),
Maria-Louisen-Straße Winterhude - Kita,,,['POI'],POINT(10.006692 53.592249),
Marienhöhe Blankenese - Kita,,,['POI'],POINT(9.802651 53.572301),
Markusstraße Neustadt - Kita,,,['POI'],POINT(9.979286 53.551396),
Mendelstraße Lohbügge - Kita,,,['POI'],POINT(10.186562 53.50787),
Mennonitenstraße - Kita,,,['POI'],POINT(9.948716 53.566846),
Moltkestraße Hoheluft-West - Kita,,,['POI'],POINT(9.971971 53.580469),
Mondrianweg Billstedt - Kita,,,['POI'],POINT(10.144788 53.53279),
Monetastraße - Kita,,,['POI'],POINT(9.97704 53.569798),
Neuwiedenthaler Straße Neugraben-Fischbek - Kita,,,['POI'],POINT(9.861482 53.476655),
Norderstraße Klostertor - Kita,,,['POI'],POINT(10.012304 53.549701),
Oldenburger Straße Stellingen - Kita,,,['POI'],POINT(9.925252 53.60377),
Ottenser Hauptstraße Ottensen - Kita,,,['POI'],POINT(9.926438 53.551709),
Otto-Brenner-Straße Wilhelmsburg - Kita,,,['POI'],POINT(10.017037 53.486565),
Pinelsweg Barmbek-Süd - Kita,,,['POI'],POINT(10.054386 53.58128),
Planet 266 Billstedt - Kita,,,['POI'],POINT(10.142967 53.543554),
Rabenhorst Wellingsbüttel - Kita,,,['POI'],POINT(10.085017 53.641757),
Rahlstedter Bahnhofstraße/Haus Christiansen - Kita,,,['POI'],POINT(10.152473 53.600781),
Ratz und Rübe Lohbrügge - Kita,,,['POI'],POINT(10.198357 53.496403),
Rauchstraße Marienthal - Kita,,,['POI'],POINT(10.084919 53.570207),
Reemstückenkamp Eidelstedt - Kita,,,['POI'],POINT(9.910234 53.613545),
Rehrstieg Hausbruch - Kita,,,['POI'],POINT(9.873578 53.477457),
Rellinger Straße Eimsbüttel - Kita,,,['POI'],POINT(9.942691 53.574207),
Rodenbeker Straße Bergstedt - Kita,,,['POI'],POINT(10.120159 53.675442),
Rotenhäuser Damm Wilhelmsburg - Kita,,,['POI'],POINT(9.99049 53.506538),
Rübe 1-2-3 Barmbek-Nord - Kita,,,['POI'],POINT(10.036472 53.599552),
Rübenkamp 15 Barmbek-Nord - Kita,,,['POI'],POINT(10.039812 53.590366),
Sandfoort - Langenhorn - Kita,,,['POI'],POINT(10.006794 53.651147),
Saseler Park Sasel - Kita,,,['POI'],POINT(10.109459 53.65351),
Scheplerstraße Altona-Altstadt - Kita,,,['POI'],POINT(9.954666 53.554938),
Schlicksweg Barmbek-Nord - Kita,,,['POI'],POINT(10.057333 53.594086),
Schneverdinger Weg Wilstorf - Kita,,,['POI'],POINT(9.992841 53.440098),
Schulenburgring Lohbrügge - Kita,,,['POI'],POINT(10.187598 53.508812),
Schulkinderclub Billbrookdeich Billstedt,,,['POI'],POINT(10.110936 53.532489),
Schulkinderclub Spliedtring Billstedt,,,['POI'],POINT(10.11083 53.562996),
Schulkinderclub Öjendorfer Höhe Billstedt,,,['POI'],POINT(10.12821 53.542337),
Schweidnitzer Straße Jenfeld - Kita,,,['POI'],POINT(10.139974 53.576452),
Sinstorfer Kirchweg - Kita,,,['POI'],POINT(9.980255 53.424189),
Spatzennest Lohbrügge - Kita,,,['POI'],POINT(10.210147 53.501891),
Spitzbergenweg Rahlstedt - Kita,,,['POI'],POINT(10.166681 53.627905),
Stadtoase Eidelstedt - Kita,,,['POI'],POINT(9.898577 53.60968),
Steilshooper Allee Steilshoop - Kita,,,['POI'],POINT(10.048485 53.608217),
Struenseestraße Altona-Altstadt - Kita,,,['POI'],POINT(9.94411 53.547087),
Sturmvogelweg - Kita,,,['POI'],POINT(10.108799 53.553427),
Swebengrund - Farmsen-Berne - Kita,,,['POI'],POINT(10.118513 53.609882),
Südring Winterhude - Kita,,,['POI'],POINT(10.020731 53.591376),
Tangstedter Landstraße Langenhorn - Kita,,,['POI'],POINT(10.018647 53.6566),
Tannenweg Langenhorn - Kita,,,['POI'],POINT(10.016291 53.6467),
Tegelweg Farmsen-Berne - Kita,,,['POI'],POINT(10.108373 53.602312),
Tondernstraße - Dulsberg - Kita,,,['POI'],POINT(10.063545 53.586465),
Tonndorfer Schulstraße - Kita,,,['POI'],POINT(10.128447 53.585807),
Uffelnsweg Veddel - Kita,,,['POI'],POINT(10.021769 53.52359),
Vizelinstraße - Kita,,,['POI'],POINT(9.951835 53.58879),
Wagnerstraße Barmbek-Süd - Kita,,,['POI'],POINT(10.038376 53.573091),
Wagrierweg Niendorf - Kita,,,['POI'],POINT(9.943533 53.641123),
Wedeler Landstraße Rissen - Kita,,,['POI'],POINT(9.76266 53.581386),
Wernigeroder Weg Niendorf - Kita,,,['POI'],POINT(9.948857 53.634432),
Wichmannstraße Bahrenfeld - Kita,,,['POI'],POINT(9.893694 53.569489),
Wiesnerring Bergedorf - Kita,,,['POI'],POINT(10.197377 53.483554),
Winterhuder Weg Uhlenhorst - Kita,,,['POI'],POINT(10.026076 53.571373),
Wümmeweg Neugraben-Fischbek - Kita,,,['POI'],POINT(9.869668 53.475572),
Zeiseweg Altona-Nord - Kita,,,['POI'],POINT(9.945139 53.55876),
Referat Außenwirtschaft,,,['POI'],POINT(9.983685 53.550434),
Adoptionsvermittlungsstelle Hamburg,,,['POI'],POINT(10.016422 53.591781),
"r Friedhof, Träger Kirchengemeinde Ahrensburg",,,['POI'],POINT(10.219028 53.663038),
"Alter Friedhof Curslack, Träger Kirchengemeinde St.Johannis zu Curslack",,,['POI'],POINT(10.22785 53.449009),
"Alter Friedhof Finkenwerder, Träger Bezirksamt Hamburg-Mitte",,,['POI'],POINT(9.864981 53.527937),
"Alter Friedhof Kirchwerder, Träger Ev.-Luth.Kirchengemeinde Kirchwerder",,,['POI'],POINT(10.198811 53.418483),
"Alter Friedhof Neugraben, Träger Bezirksamt Harburg",,,['POI'],POINT(9.86626 53.476863),
"Alter Friedhof Wandsbek v. 1850, Träger Kirchengemeindeverband Wandsbek",,,['POI'],POINT(10.069356 53.577374),
"Alter und Neuer Friedhof Niendorf, Träger Ev.-Luth. Kirchengemeide Niendorf-Markt",,,['POI'],POINT(9.949917 53.617046),
"Bernadottestraße, Friedhof Träger ev.-luth.Kirchengemeindeverband Altona",,,['POI'],POINT(9.920712 53.548555),
"Friedhof Allermöhe, Träger Ev.-Luth. Dreieinigkeitskirche Allermöhe-Reitbrook",,,['POI'],POINT(10.127661 53.482517),
"Friedhof Altengamme, Träger Kirchengemeinde St.Nicolai zu Altengamme",,,['POI'],POINT(10.269941 53.428989),
"Friedhof Altenwerder, Träger Bezirk Harburg",,,['POI'],POINT(9.917827 53.505888),
"Friedhof Altona, Träger Bezirk Altona",,,['POI'],POINT(9.889244 53.582551),
"Friedhof Bergedorf, Träger Bezirksamt Bergedorf",,,['POI'],POINT(10.245697 53.480724),
"Friedhof Bergstedt, Träger ev.-luth.Kirchengemeindeverband Bergstedt",,,['POI'],POINT(10.128632 53.670834),
"Friedhof Billwerder, Träger Ev.-Luth. Kirchengemeinde St. Nicolai zu Hamburg-Billwerder a. d. Bille",,,['POI'],POINT(10.126822 53.513938),
"Friedhof Blankenese, Träger Kirchengemeinde Blankenese",,,['POI'],POINT(9.801972 53.576312),
"Friedhof Bornkamp, Träger ev.-luth. Kirchengemeindeverband Altona",,,['POI'],POINT(9.921952 53.569526),
"Friedhof Bramfeld, Träger Kirchengemeindeverband Bramfeld",,,['POI'],POINT(10.088183 53.617908),
"Friedhof Diebsteich, Träger ev.-luth. Kirchengemeindeverband Altona",,,['POI'],POINT(9.932679 53.568598),
"Friedhof Eidelstedt, Träger Kirchengemeinde Eidelstedt",,,['POI'],POINT(9.909354 53.607747),
"Friedhof Finkenriek, Träger Bezirksamt Hamburg-Mitte",,,['POI'],POINT(10.004376 53.475503),
"Friedhof Fischbek, Träger Bezirksamt Harburg",,,['POI'],POINT(9.843425 53.47071),
"Friedhof Groß Flottbek, Träger Ev.-Luth. Kirchengemeinde Groß Flottbek",,,['POI'],POINT(9.87247 53.573096),
"Friedhof Hinschenfelde, Träger Kirchengemeindeverband Wandsbek",,,['POI'],POINT(10.107815 53.589091),
"Friedhof Holstenkamp, Träger ev.-luth.Kirchengemeindeverband Altona",,,['POI'],POINT(9.912669 53.571646),
"Friedhof Kirchdorf-Amtshof, Träger Bezirksamt Hamburg-Mitte",,,['POI'],POINT(10.017672 53.487952),
"Friedhof Langenbek, Träger Bezirksamt Harburg",,,['POI'],POINT(9.993164 53.42623),
"Friedhof Moorburg, Träger Ev.-Luth. Kirchengemeinde Moorburg",,,['POI'],POINT(9.939686 53.488403),
"Friedhof Moorfleet, Ev.-Luth.St. Nicolaikirchengemeinde Hamburg-Moorfleet",,,['POI'],POINT(10.08241 53.511563),
"Friedhof Neuenfelde, Träger Ev.-Luth. St.Pankratius Kirchengemeinde in Hamburg-Neuenfelde",,,['POI'],POINT(9.807414 53.520432),
"Friedhof Neuengamme, Träger Ev.-Luth.Kirchengemeinde St.Johannis zu Neuengamme",,,['POI'],POINT(10.221932 53.44526),
"Friedhof Nienstedten, Träger Ev.-Luth. Kirchengemeinde Nienstedten",,,['POI'],POINT(9.842997 53.555373),
"Friedhof Ochsenwerder, Träger Ev.-Luth. Kirchengemeinde St.Pankratius zu Ochsenwerder",,,['POI'],POINT(10.084953 53.475975),
"Friedhof Ohlsdorf, Träger Hamburger Friedhöfe -AöR-",,,['POI'],POINT(10.034745 53.61973),
"Friedhof Rahlstedt, Träger ev.-luth.Kirchengemeindeverband Rahlstedt",,,['POI'],POINT(10.153557 53.594571),
"Friedhof Schiffbek, Träger Ev.-Luth. Kirchengemeinde Schiffbek zu Hamburg-Billstedt",,,['POI'],POINT(10.112521 53.553231),
"Friedhof Sinstorf, Träger Kirchengemeinde Sinstorf",,,['POI'],POINT(9.972199 53.423851),
"Friedhof Tonndorf, Träger Kirchengemeindeverband Wandsbek",,,['POI'],POINT(10.114153 53.583191),
"Friedhof Volksdorf, Träger Hamburger Friedhöfe -AöR-",,,['POI'],POINT(10.159912 53.667112),
"Friedhof Wilstorf, Träger Ev.-Luth. Paul-Gerhardt-Kirchengemeinde in Hamburg Harburg",,,['POI'],POINT(9.981842 53.437574),
"Friedhof Öjendorf, Träger Hamburger Friedhöfe -AöR-",,,['POI'],POINT(10.128797 53.55643),
Garten- und Friedhofsabteilung Harburg,,,['POI'],POINT(9.980436 53.459519),
Hamburger Friedhöfe -AÖR (Ohlsdorf),,,['POI'],POINT(10.032981 53.623609),
"Harburger neuer Friedhof, Träger Ev.-Luth.Gesamtverband Harburg",,,['POI'],POINT(9.954783 53.445512),
"Heidefriedhof Neugraben, Träger Bezirk Harburg",,,['POI'],POINT(9.868836 53.448846),
"Jüdischer Friedhof, Träger Jüdische Gemeinde in Hamburg",,,['POI'],POINT(10.041443 53.614918),
"Lüneburger Friedhof, Träger Ev.-Luth. KirchengemeindeFinkenwerder",,,['POI'],POINT(9.866244 53.52702),
"Mennonitenfriedhof, Träger Mennonitengemeinde zu Hamburg und Altona",,,['POI'],POINT(9.916614 53.571149),
"Neuer Friedhof Curslack, Träger Ev.-Luth. Kirchengemeinde St.Johannis zu Curslack",,,['POI'],POINT(10.230223 53.454565),
"Neuer Friedhof Finkenwerder, Träger Hamburger Friedhöfe (AÖR)",,,['POI'],POINT(9.875432 53.527231),
"Neuer Friedhof Harburg, Träger Ev.-Luth. Gesamtverband Harburg",,,['POI'],POINT(9.955698 53.446736),
"Neuer Friedhof Kirchwerder, Träger Ev.-Luth. Kirchengemeinde Kirchwerder",,,['POI'],POINT(10.195714 53.415846),
"Neuer Friedhof Steinbek, Träger Ev.-Luth. Kirchengemeinde Kirche Steinbek",,,['POI'],POINT(10.125672 53.53254),
"r neuer Friedhof, Träger Ev.-Luth. Kirchengemeinde Niendorf",,,['POI'],POINT(9.953896 53.61856),
"Ottenser Friedhof, Träger Kirchengemeinde Altona",,,['POI'],POINT(9.92078 53.548923),
"Rellinger Friedhof, Träger ev.-luth.Kirchengemeinde Rellingen",,,['POI'],POINT(9.831593 53.650085),
"alter Friedhof, Träger Kirchengemeinde Kirche in Steinbek",,,['POI'],POINT(10.127565 53.530545),
"Stellinger Friedhof, Träger ev.-luth.Kirchengemeinde Stellingen",,,['POI'],POINT(9.925225 53.590131),
"Südfriedhof Kirchwerder, Träger Ev.-Luth. Kirchengemeinde Kirchwerder",,,['POI'],POINT(10.194624 53.415578),
"Waldfriedhof Wohldorf, Träger Hamburger Friedhöfe -AöR-",,,['POI'],POINT(10.15476 53.708853),
"r Friedhof, Träger ev.-luth.Kirchengemeinde Wentorf",,,['POI'],POINT(10.250937 53.496511),
Elternschule Altona - Bezirksamt Altona,,,['POI'],POINT(9.946836 53.557022),
Elternschule Barmbek (Alter Teichweg) - Bezirksamt Hamburg-Nord,,,['POI'],POINT(10.06999 53.587521),
Elternschule Bergedorf-West (Friedrich-Frank-Bogen) - Bezirksamt Bergedorf,,,['POI'],POINT(10.181553 53.488735),
Elternschule Billstedt (Lorenzenweg ) - Bezirksamt Hamburg-Mitte,,,['POI'],POINT(10.104892 53.541306),
Elternschule Eidelstedt (Alte Elbgaustraße) - Bezirksamt Eimsbüttel,,,['POI'],POINT(9.90321 53.607299),
Elternschule Eimsbüttel (Doormannsweg 12) - Bezirksamt Eimsbüttel,,,['POI'],POINT(9.957423 53.572087),
Elternschule Eimsbüttel (Oberstraße) - Bezirksamt Eimsbüttel,,,['POI'],POINT(9.98059 53.577083),
Elternschule Farmsen-Berne(Bekassinenau) - Bezirksamt Wandsbek,,,['POI'],POINT(10.134592 53.620693),
Elternschule Finkenwerder - Bezirksamt Hamburg-Mitte,,,['POI'],POINT(9.876482 53.532085),
Elternschule Harburg(Kapellenweg) - Bezirksamt Harburg,,,['POI'],POINT(9.98767 53.444903),
Baptisten-Gemeinde,,,['POI'],POINT(9.832826 53.573002),
British Sailors Soc.,,,['POI'],POINT(9.974838 53.544981),
Brüdergemeinde Predigtst.,,,['POI'],POINT(9.999847 53.553131),
Buddhistische Gesellschaft Hamburg,,,['POI'],POINT(10.040823 53.609991),
Bugenhagenhaus Groß Flottbek,,,['POI'],POINT(9.869535 53.571347),
Christengemeinde Elim,,,['POI'],POINT(10.028828 53.572796),
Eng.Mission T.Seaman,,,['POI'],POINT(10.116281 53.571113),
Ev.-Luth. Kirchengemeinde Wentorf,,,['POI'],POINT(10.249677 53.495679),
Ev.Freikirche,,,['POI'],POINT(10.146907 53.590501),
Freie Evangelische Gemeinde Holstenwall,,,['POI'],POINT(9.982498 53.549348),
Freie evangelische Gemeinde Farmsen,,,['POI'],POINT(10.116321 53.596101),
Griechisch-Orthodoxe Gemeinde,,,['POI'],POINT(9.992341 53.572808),
Heilsarmee,,,['POI'],POINT(10.034565 53.622858),
Herrnhuter Brüdergemeine Hamburg,,,['POI'],POINT(10.021006 53.565172),
Jüdische Gemeinde,,,['POI'],POINT(9.966894 53.569045),
Jüdische Synagoge,,,['POI'],POINT(9.967942 53.572631),
Mennonitengemeinde,,,['POI'],POINT(9.94831 53.567613),
Methodistische Kirche,,,['POI'],POINT(10.046836 53.570295),
Pfingstgemeinde,,,['POI'],POINT(9.956529 53.565256),
Elternschule Hohenhorst(Potsdamer Straße) - Bezirksamt Wandsbek,,,['POI'],POINT(10.150914 53.58402),
Elternschule Horner Geest(Spliedtring) - Bezirksamt Hamburg-Mitte,,,['POI'],POINT(10.111996 53.562554),
Elternschule Jenfeld (Charlottenburger Str.) - Bezirksamt Wandsbek,,,['POI'],POINT(10.141791 53.586732),
Elternschule Kirchdorf-Süd(Karl-Arnold-Ring) - Bezirksamt Harburg,,,['POI'],POINT(10.020014 53.483826),
Elternschule Langenhorn(Holitzberg) - Bezirksamt Hamburg-Nord,,,['POI'],POINT(10.024298 53.673192),
Elternschule Lohbrügge(Max-Eichholz-Ring) - Bezirksamt Bergedorf,,,['POI'],POINT(10.216823 53.506604),
Elternschule Mümmelmannsberg(Kirchnerweg) - Bezirksamt Hamburg-Mitte,,,['POI'],POINT(10.147783 53.530892),
Elternschule Niendorf (Friedrich-Ebert-Str.) - Bezirksamt Eimsbüttel,,,['POI'],POINT(9.946626 53.619875),
Elternschule Rothenburgsort /Veddel(Marckmannstr.) - Bezirksamt Hamburg-Mitte,,,['POI'],POINT(10.039564 53.535971),
Elternschule Steilshoop (Gropiusring) - Bezirksamt Wandsbek,,,['POI'],POINT(10.057561 53.613474),
Adventistenkirche Schnelsen,,,['POI'],POINT(9.914688 53.631526),
Albert-Schweitzer-Kirche,,,['POI'],POINT(10.00546 53.725286),
Allerheiligen Kirche,,,['POI'],POINT(9.870988 53.480441),
Ansgar Kirche Langenhorn,,,['POI'],POINT(10.008473 53.652418),
Apostelgemeinde Eißendorf,,,['POI'],POINT(9.940745 53.45114),
Apostelkirche Eimsbüttel,,,['POI'],POINT(9.94513 53.575922),
Auferstehungsgemeinde Marmstorf,,,['POI'],POINT(9.968081 53.439259),
Auferstehungskirche Barmbek,,,['POI'],POINT(10.052051 53.591823),
Auferstehungskirche Lohbrügge,,,['POI'],POINT(10.209402 53.508018),
Auferstehungskirche Lurup,,,['POI'],POINT(9.870639 53.592742),
Auferstehungskirche Marmstorf,,,['POI'],POINT(9.968275 53.439167),
Bergstedter Kirche,,,['POI'],POINT(10.126308 53.672231),
Blankeneser Kirche am Marktplatz,,,['POI'],POINT(9.81261 53.561864),
Bodelschwingh-Kirche,,,['POI'],POINT(10.013433 53.584285),
Broder-Hinrick-Kirche,,,['POI'],POINT(10.023382 53.662849),
Bugenhagengemeinde Groß Flottbek,,,['POI'],POINT(9.877419 53.56571),
Bugenhagengemeinde Rönneburg,,,['POI'],POINT(9.995572 53.43976),
Bugenhagenkirche Barmbek,,,['POI'],POINT(10.032151 53.581546),
Bugenhagenkirche Nettelnburg,,,['POI'],POINT(10.185606 53.481183),
Cantate Kirche Duvenstedt,,,['POI'],POINT(10.106836 53.704634),
Christ-König-Kirche,,,['POI'],POINT(9.960746 53.597488),
Christianskirche Ottensen,,,['POI'],POINT(9.933139 53.547659),
Christopheruskirche Bergedorf,,,['POI'],POINT(10.176492 53.493152),
Christophorusgemeine,,,['POI'],POINT(10.180259 53.602604),
Christophoruskirche,,,['POI'],POINT(9.946191 53.558536),
Christophoruskirche Hummelsbüttel,,,['POI'],POINT(10.051917 53.644173),
Christuskirche Eidelstedt,,,['POI'],POINT(9.891117 53.614857),
Christuskirche Eimsbüttel,,,['POI'],POINT(9.961911 53.569651),
Christuskirche Hamm,,,['POI'],POINT(10.04676 53.558668),
Christuskirche Harburg,,,['POI'],POINT(9.98194 53.455517),
Christuskirche Nord,,,['POI'],POINT(9.97172 53.674736),
Christuskirche Othmarschen,,,['POI'],POINT(9.891669 53.552872),
Christuskirche Wandsbek,,,['POI'],POINT(10.071365 53.572647),
Corneliuskirche Fischbek,,,['POI'],POINT(9.828514 53.47369),
Dankes Kirche Rahlstedt,,,['POI'],POINT(10.180065 53.589703),
Dankeskirche Hamm,,,['POI'],POINT(10.054981 53.547598),
Der Gute Hirte Jenfeld,,,['POI'],POINT(10.120875 53.571304),
Die Jugendkirche,,,['POI'],POINT(9.869205 53.572913),
Dietrich-Bonhoeffer-Kirche,,,['POI'],POINT(10.073288 53.585955),
Dietrich-Bonhoeffer-Kirche Rahlstedt,,,['POI'],POINT(10.141804 53.618001),
Domkirche St. Marien,,,['POI'],POINT(10.013444 53.557626),
Dreifaltigkeitskirche Hamm,,,['POI'],POINT(10.056637 53.555922),
Dreifaltigkeitskirche Harburg,,,['POI'],POINT(9.980599 53.462645),
Eben-Ezer Kirche Eppendorf,,,['POI'],POINT(9.976872 53.584787),
Edith-Stein Kirche Bergedorf,,,['POI'],POINT(10.180709 53.486542),
Eirenekirche,,,['POI'],POINT(10.020682 53.648154),
Elisabethkirche Eidelstedt,,,['POI'],POINT(9.909603 53.607413),
Emmaus Kirche Hinschenfelde,,,['POI'],POINT(10.108191 53.589609),
Emmaus Kirche Lurup,,,['POI'],POINT(9.873019 53.601953),
Emmausgemeinde Harburg,,,['POI'],POINT(9.989612 53.514129),
Epiphanien-Kirche Barmbek-Nord,,,['POI'],POINT(10.022993 53.588723),
Erlöserkirche Borgfelde,,,['POI'],POINT(10.027756 53.555383),
Erlöserkirche Farmsen,,,['POI'],POINT(10.11329 53.607775),
Erlöserkirche Lohbrügge,,,['POI'],POINT(10.20135 53.497775),
Erzbistum Hamburg,,,['POI'],POINT(10.012831 53.557208),
Ev. Gemeindezentrum Mümmelmannsberg,,,['POI'],POINT(10.149464 53.527255),
Evangelisch-reformierte Kirche,,,['POI'],POINT(10.000413 53.554069),
Evangelisch-reformierte Kirche in Hamburg,,,['POI'],POINT(10.00055 53.554113),
Flußschiffer Kirche,,,['POI'],POINT(9.986226 53.54486),
Freie evangelische Gemeinde Bahrenfeld,,,['POI'],POINT(9.896361 53.572821),
Freie evangelische Gemeinde Bergedorf,,,['POI'],POINT(10.21842 53.486603),
Freie evangelische Gemeinde Hamburg-Mitte,,,['POI'],POINT(9.982454 53.549411),
Freie evangelische Gemeinde Horn,,,['POI'],POINT(10.099923 53.55448),
Freie evangelische Gemeinde Jenfeld,,,['POI'],POINT(10.138808 53.568439),
Freie evangelische Gemeinde Lokstedt,,,['POI'],POINT(9.95387 53.594659),
Freie evangelische Gemeinde Neuallermöhe,,,['POI'],POINT(10.158879 53.48379),
Freie evangelische Gemeinde Niendorf,,,['POI'],POINT(9.940434 53.622117),
Freie evangelische Gemeinde Sasel,,,['POI'],POINT(10.102373 53.644536),
Friedenskirche,,,['POI'],POINT(9.959232 53.555341),
Friedenskirche Berne,,,['POI'],POINT(10.123513 53.627456),
Friedenskirche Jenfeld,,,['POI'],POINT(10.138711 53.572142),
Friedenskirche Wilhelmsburg,,,['POI'],POINT(9.988868 53.514576),
Friedhofskapelle Bergstedt,,,['POI'],POINT(10.129628 53.670187),
Friedhofskapelle Rahlstedt,,,['POI'],POINT(10.153223 53.594493),
Friedhofskapelle Tonndorf,,,['POI'],POINT(10.113054 53.583858),
Friedhofskirche Sülldorf,,,['POI'],POINT(9.797528 53.579217),
Frohbotschaftskirche,,,['POI'],POINT(10.062176 53.581256),
Gnadenkirche Karolinenstr.,,,['POI'],POINT(9.975328 53.557098),
Gnadenkirche Lohbrügge,,,['POI'],POINT(10.187198 53.50851),
Hauptkirche St. Jacobi,,,['POI'],POINT(10.000805 53.550256),
Hauptkirche St. Michaelis,,,['POI'],POINT(9.978987 53.548226),
Hauptkirche St. Nikolai,,,['POI'],POINT(9.990362 53.581118),
Heilandskirche Winterhude,,,['POI'],POINT(10.017186 53.578341),
Heilig Kreuz Kirche Neugraben,,,['POI'],POINT(9.862231 53.469794),
Heilig-Geist Kirche Farmsen,,,['POI'],POINT(10.120855 53.606464),
Heilig-Kreuz-Kirche Volksdorf,,,['POI'],POINT(10.160708 53.6504),
Heilige Dreieinigkeits-Kirche St. Georg,,,['POI'],POINT(10.008048 53.55662),
"Heilige Familie, Kirche Langenhorn",,,['POI'],POINT(10.015396 53.644695),
Herz-Jesu-Kirche,,,['POI'],POINT(10.249313 53.510959),
Herz-Jesu-Kirche Hamm,,,['POI'],POINT(10.055233 53.5565),
Immanuel Haus Niendorf,,,['POI'],POINT(9.945364 53.637793),
Elternschule Süderelbe (Rehrstieg) - Bezirksamt Harburg,,,['POI'],POINT(9.874056 53.478765),
Immanuel Kirche Veddel,,,['POI'],POINT(10.017761 53.52561),
"Iranische Moschee ""Ali Camii""",,,['POI'],POINT(10.008385 53.574579),
Jerusalem Gemeinde,,,['POI'],POINT(9.967037 53.569359),
Johannes-Gemeinde Rissen,,,['POI'],POINT(9.762909 53.580953),
Johanneskapelle Rothenburgsort,,,['POI'],POINT(10.032506 53.535394),
Johanneskirche Eidelstedt,,,['POI'],POINT(9.898027 53.618624),
Jubilate Kirche,,,['POI'],POINT(10.127716 53.539053),
Jubilatekirche Lemsahl-Mellingstedt,,,['POI'],POINT(10.106378 53.687728),
Kath. Pfarramt St. Ansgar,,,['POI'],POINT(9.983157 53.549163),
Kirche Alt-Rahlstedt,,,['POI'],POINT(10.150436 53.596425),
Kirche am Albertinen Krankenhaus,,,['POI'],POINT(9.90463 53.630605),
Kirche am Markt Niendorf,,,['POI'],POINT(9.949421 53.617158),
Kirche am Rockenhof Volksdorf,,,['POI'],POINT(10.165 53.650844),
Kreuzkirche Barmbek,,,['POI'],POINT(10.043307 53.577163),
Kreuzkirche Fuhlsbüttel,,,['POI'],POINT(10.012256 53.624064),
Kreuzkirche Harburg,,,['POI'],POINT(10.022166 53.494986),
Kreuzkirche Ottensen,,,['POI'],POINT(9.917931 53.55324),
Kreuzkirche Stellingen,,,['POI'],POINT(9.926074 53.599236),
Kreuzkirche Wandsbek,,,['POI'],POINT(10.086876 53.57939),
Kulturkirche Rahlstedt,,,['POI'],POINT(10.180492 53.589303),
Käkenflur-Kirche,,,['POI'],POINT(9.997746 53.671458),
Lukas Kirche Sasel,,,['POI'],POINT(10.105546 53.64501),
Luthergemeinde Eißendorf,,,['POI'],POINT(9.960461 53.455683),
Lutherkirche Bahrenfeld,,,['POI'],POINT(9.904797 53.571292),
Lutherkirche Wellingsbüttel,,,['POI'],POINT(10.074971 53.640922),
Mahnmal St. Nikolai,,,['POI'],POINT(9.991762 53.54742),
Maria Grün Kirche Blankenese,,,['POI'],POINT(9.823648 53.561375),
Maria-Magdalena Kirche,,,['POI'],POINT(9.847906 53.587308),
Maria-Magdalena-Kirche Ohlsdorf,,,['POI'],POINT(10.056227 53.6339),
Marienkapelle,,,['POI'],POINT(9.893404 53.605846),
Mariä Himmelfahrt Kirche Rahlstedt,,,['POI'],POINT(10.15584 53.608476),
Marktkirche Poppenbüttel,,,['POI'],POINT(10.086212 53.658809),
Martin-Luther Kirche Bergedorf,,,['POI'],POINT(10.219229 53.490657),
Martin-Luther Kirche Iserbrook,,,['POI'],POINT(9.824095 53.577402),
Martin-Luther-King Kirche Steilshoop,,,['POI'],POINT(10.063411 53.611176),
Martin-Luther-Kirche Alsterdorf,,,['POI'],POINT(10.010842 53.609826),
Martinikirche Rahlstedt,,,['POI'],POINT(10.167397 53.606774),
Martinskirche Horn,,,['POI'],POINT(10.082758 53.550027),
Matthias-Claudius-Kirche Rahlstedt,,,['POI'],POINT(10.140606 53.608865),
Matthias-Claudius-Kirche Wohldorf-Ohlstedt,,,['POI'],POINT(10.129871 53.69679),
Matthäuskirche,,,['POI'],POINT(10.009266 53.58875),
Melanchtonkirche Groß-Flottbek,,,['POI'],POINT(9.886644 53.563692),
Michaeliskirche Neugraben,,,['POI'],POINT(9.856019 53.471654),
Mutter-Eva. Kirche,,,['POI'],POINT(10.244337 53.498575),
Neuapostolische Kirche,,,['POI'],POINT(9.978995 53.585839),
Neuapostolische Kirche Hamburg-Alstertal,,,['POI'],POINT(10.111918 53.65213),
Neuapostolische Kirche Hamburg-Altona,,,['POI'],POINT(9.939635 53.552828),
Neuapostolische Kirche Hamburg-Barmbek,,,['POI'],POINT(10.047041 53.588965),
Neuapostolische Kirche Hamburg-Bergedorf,,,['POI'],POINT(10.226929 53.487028),
Neuapostolische Kirche Hamburg-Billstedt,,,['POI'],POINT(10.100148 53.543956),
Neuapostolische Kirche Hamburg-Billwerder,,,['POI'],POINT(10.136107 53.500363),
Neuapostolische Kirche Hamburg-Blankenese,,,['POI'],POINT(9.816395 53.561713),
Neuapostolische Kirche Hamburg-Borgfelde,,,['POI'],POINT(10.033171 53.555911),
Neuapostolische Kirche Hamburg-Eidelstedt,,,['POI'],POINT(9.896548 53.610908),
Neuapostolische Kirche Hamburg-Eimsbüttel,,,['POI'],POINT(9.960222 53.576377),
Neuapostolische Kirche Hamburg-Eppendorf,,,['POI'],POINT(9.978833 53.585355),
Neuapostolische Kirche Hamburg-Farmsen,,,['POI'],POINT(10.102753 53.607531),
Neuapostolische Kirche Hamburg-Finkenwerder,,,['POI'],POINT(9.864323 53.530448),
Neuapostolische Kirche Hamburg-Fuhlsbüttel,,,['POI'],POINT(10.013017 53.629341),
Neuapostolische Kirche Hamburg-Harburg,,,['POI'],POINT(9.963989 53.462573),
Neuapostolische Kirche Hamburg-Iserbrook,,,['POI'],POINT(9.818152 53.576913),
Neuapostolische Kirche Hamburg-Jenfeld,,,['POI'],POINT(10.126283 53.568575),
Neuapostolische Kirche Hamburg-Kirchdorf,,,['POI'],POINT(10.011928 53.489681),
Neuapostolische Kirche Hamburg-Langenhorn,,,['POI'],POINT(10.018114 53.654556),
Neuapostolische Kirche Hamburg-Lurup,,,['POI'],POINT(9.870137 53.585935),
Neuapostolische Kirche Hamburg-Neugraben,,,['POI'],POINT(9.855888 53.471897),
Neuapostolische Kirche Hamburg-Niendorf,,,['POI'],POINT(9.94635 53.626446),
Neuapostolische Kirche Hamburg-Rahlstedt,,,['POI'],POINT(10.154529 53.600851),
Neuapostolische Kirche Hamburg-Schnelsen,,,['POI'],POINT(9.902518 53.63081),
Neuapostolische Kirche Hamburg-Sinstorf,,,['POI'],POINT(9.97493 53.426839),
Neuapostolische Kirche Hamburg-Stellingen,,,['POI'],POINT(9.932521 53.596364),
Neuapostolische Kirche Hamburg-Volksdorf,,,['POI'],POINT(10.169603 53.648831),
Neuapostolische Kirche Hamburg-Wandsbek,,,['POI'],POINT(10.078867 53.592734),
Neuapostolische Kirche Lohbrügge,,,['POI'],POINT(10.207166 53.500933),
Neuapostolische Kirche Sasel,,,['POI'],POINT(10.111918 53.65213),
Nienstedtener Kirche,,,['POI'],POINT(9.842783 53.551448),
Nikodemus-Kirche Ohlsdorf,,,['POI'],POINT(10.036036 53.614408),
Nordelbisches Kirchenamt,,,['POI'],POINT(9.992032 53.547382),
Osterkirche,,,['POI'],POINT(9.933052 53.555342),
Elternschule Wilhelmsburg (Zeidlerstraße) - Bezirksamt Hamburg-Mitte,,,['POI'],POINT(9.994818 53.510474),
Osterkirche Bramfeld,,,['POI'],POINT(10.074072 53.609724),
Osterkirche Eilbek,,,['POI'],POINT(10.05332 53.568198),
Osterkirche Stellingen,,,['POI'],POINT(9.940625 53.584494),
Paul-Gerhard-Kirche Wilhelmsburg,,,['POI'],POINT(9.991498 53.503888),
Paul-Gerhard-Kirche Wilstorf,,,['POI'],POINT(9.987533 53.446135),
Paul-Gerhard-Kirche Winterhude,,,['POI'],POINT(10.005703 53.600237),
Paul-Gerhardt-Kirche Altona,,,['POI'],POINT(9.922356 53.561742),
Paul-Kirche Schenefeld,,,['POI'],POINT(9.855059 53.606467),
Paulskirche Hamm,,,['POI'],POINT(10.06028 53.561586),
Petruskirche Lokstedt,,,['POI'],POINT(9.953012 53.588718),
Philemon Kirche Poppenbüttel,,,['POI'],POINT(10.067948 53.651417),
Philippuskirche Billstedt,,,['POI'],POINT(10.104219 53.558933),
Rogatekirche Meiendorf,,,['POI'],POINT(10.169671 53.627274),
Simeonkirche Bramfeld,,,['POI'],POINT(10.098556 53.625127),
Simon-Petrus Kirche Poppenbüttel,,,['POI'],POINT(10.066306 53.669033),
Sinstorfgemeinde,,,['POI'],POINT(9.976135 53.425598),
St. Agnes Kirche Tonndorf,,,['POI'],POINT(10.124648 53.584917),
St. Andreas Kirche Harvestehude,,,['POI'],POINT(9.975463 53.573414),
Kirche Ochsenzoll,,,['POI'],POINT(9.999597 53.680616),
St. Anschar Eppendorf,,,['POI'],POINT(9.982426 53.598319),
St. Ansgar Kirche Altona,,,['POI'],POINT(9.908362 53.549566),
St. Ansgar Kirche Niendorf,,,['POI'],POINT(9.949765 53.620372),
St. Antonius Kirche Winterhude,,,['POI'],POINT(9.996536 53.599046),
St. Bernhard Kirche Poppenbüttel,,,['POI'],POINT(10.098691 53.65529),
St. Bonifatius Kirche Eimsbüttel,,,['POI'],POINT(9.957789 53.577619),
St. Bonifatius Kirche Wilhelmsburg,,,['POI'],POINT(9.98613 53.504436),
St. Bonifatius Kirche Winterhude-Uhlenhorst,,,['POI'],POINT(10.055213 53.585397),
St. Bruder Konrad Kirche Osdorf,,,['POI'],POINT(9.85322 53.594737),
St. Christophorus Kirche Lohbrügge,,,['POI'],POINT(10.196271 53.496711),
St. Elisabeth Kirche Harvestehude,,,['POI'],POINT(9.985547 53.577959),
St. Erich Kirche Rothenburgsort,,,['POI'],POINT(10.038055 53.535957),
St. Franz-Joseph Kirche Harburg,,,['POI'],POINT(9.989083 53.449375),
St. Franziskus Kirche Barmbek,,,['POI'],POINT(10.055255 53.585253),
St. Gabriel Kirche Barmbek,,,['POI'],POINT(10.04563 53.602761),
St. Gabriel Kirche Eidelstedt,,,['POI'],POINT(9.898188 53.608407),
St. Gabriel Kirche Volksdorf,,,['POI'],POINT(10.16884 53.660061),
St. Getrud Kirche Mundsburg,,,['POI'],POINT(10.027972 53.567376),
St. Jakobus Kirche Lurup,,,['POI'],POINT(9.873664 53.597312),
St. Johannes Kirche Volksdorf,,,['POI'],POINT(10.148356 53.663907),
St. Johannis - Kulturkirche Altona,,,['POI'],POINT(9.953475 53.559691),
St. Johannis Altona,,,['POI'],POINT(9.953537 53.559727),
St. Johannis Curslack,,,['POI'],POINT(10.227834 53.449),
St. Johannis Kirche Curslack,,,['POI'],POINT(10.227819 53.44901),
St. Johannis Kirche Eppendorf,,,['POI'],POINT(9.993498 53.592512),
St. Johannis Kirche Harburg,,,['POI'],POINT(9.980604 53.45764),
St. Johannis Kirche Harvestehude,,,['POI'],POINT(9.993596 53.570956),
St. Johannis Kirche Steilshoop,,,['POI'],POINT(10.063442 53.611184),
St. Johannis Neuengamme,,,['POI'],POINT(10.221946 53.445251),
St. Joseph Kirche Altona,,,['POI'],POINT(9.957692 53.551283),
St. Joseph Kirche Wandsbek,,,['POI'],POINT(10.074522 53.573302),
St. Jürgen Kirche Langenhorn,,,['POI'],POINT(10.016112 53.679462),
St. Katharinen Kirche Altstadt,,,['POI'],POINT(9.994459 53.545978),
St. Lukaskirche Fuhlsbüttel,,,['POI'],POINT(10.018874 53.634045),
St. Maria Kirche St. Georg,,,['POI'],POINT(10.014953 53.557595),
St. Maria-Magdalena-Kirche Moorburg,,,['POI'],POINT(9.939893 53.488877),
St. Marien - St. Joseph Kirche Harburg,,,['POI'],POINT(9.976791 53.458785),
St. Marien Kirche Altona,,,['POI'],POINT(9.924877 53.551371),
St. Marien Kirche Bergedorf,,,['POI'],POINT(10.216899 53.488227),
St. Marien Kirche Fuhlsbüttel,,,['POI'],POINT(10.02681 53.622188),
St. Markus Kirche Hoheluft,,,['POI'],POINT(9.974096 53.58224),
St. Martinuskirche Eppendorf,,,['POI'],POINT(9.983288 53.59186),
St. Michael Kirche Bergedorf,,,['POI'],POINT(10.225075 53.482294),
St. Michael Kirche Sülldorf,,,['POI'],POINT(9.797747 53.579647),
St. Nikolai Kirche Billwerder,,,['POI'],POINT(10.126836 53.513902),
St. Nikolai Kirche Finkenwerder,,,['POI'],POINT(9.865586 53.527294),
St. Nikolai Kirche Moorfleet,,,['POI'],POINT(10.082306 53.511618),
St. Olaf Kirche Horn,,,['POI'],POINT(10.098461 53.552795),
St. Pankratius Kirche Neuenfelde,,,['POI'],POINT(9.810933 53.520768),
St. Pankratius Kirche Ochsenwerder,,,['POI'],POINT(10.084953 53.475984),
St. Pauli Kirche,,,['POI'],POINT(9.956673 53.546916),
St. Paulus Kirche Heimfeld,,,['POI'],POINT(9.963834 53.465684),
St. Paulus Kirche Schiffbek,,,['POI'],POINT(10.109558 53.539205),
St. Pauluskirche Altona,,,['POI'],POINT(9.946275 53.567728),
St. Peter Kirche Großborstel,,,['POI'],POINT(9.976938 53.607906),
St. Petri Kirche Altona,,,['POI'],POINT(9.938514 53.549198),
St. Petri Kirche Altstadt,,,['POI'],POINT(9.996866 53.550208),
St. Petri und Paul Kirche Bergedorf,,,['POI'],POINT(10.211227 53.489022),
St. Petrus Kirche Finkenwerder,,,['POI'],POINT(9.864307 53.530412),
St. Petrus Kirche Heimfeld,,,['POI'],POINT(9.96399 53.4626),
St. Prokopius,,,['POI'],POINT(9.947005 53.584183),
St. Raphaelgemeinde Harburg,,,['POI'],POINT(10.010854 53.500868),
St. Severin Kirche Kirchwerder,,,['POI'],POINT(10.198501 53.418675),
St. Simeon Kirche Osdorf,,,['POI'],POINT(9.845072 53.570903),
St. Sophien Kirche Barmbek,,,['POI'],POINT(10.034854 53.57969),
St. Stephan Kirche Wandsbek,,,['POI'],POINT(10.083925 53.590334),
St. Stephanus Kirche Eimsbüttel,,,['POI'],POINT(9.943615 53.581802),
St. Theresien Kirche Altona,,,['POI'],POINT(9.956464 53.559048),
St. Thomas Morus Kirche Stellingen,,,['POI'],POINT(9.936521 53.592855),
St. Trinitatis-Kirche Altona,,,['POI'],POINT(9.950597 53.548429),
St. Trinitatis-Kirche Harburg,,,['POI'],POINT(9.981507 53.458297),
Kirche Bramfeld,,,['POI'],POINT(10.090511 53.620259),
St.-Johannes-Kirche,,,['POI'],POINT(10.202888 53.561108),
Erziehungsberatung Altona (Osdorfer Landstr) - Bezirksamt Altona,,,['POI'],POINT(9.864745 53.571831),
St.-Nicolai-Kirche Altengamme,,,['POI'],POINT(10.269974 53.4296),
Stellinger Kirche,,,['POI'],POINT(9.925674 53.59064),
Tabita-Gemeinde Ottensen/Othmarschen,,,['POI'],POINT(9.917964 53.553374),
Thomas Kirche Rothenburgsort,,,['POI'],POINT(10.039907 53.53462),
Thomaskirche Bramfeld,,,['POI'],POINT(10.061063 53.597701),
Thomaskirche Hausbruch,,,['POI'],POINT(9.886393 53.474433),
Thomaskirche Meiendorf,,,['POI'],POINT(10.162025 53.619648),
Timotheuskirche,,,['POI'],POINT(10.091824 53.548749),
Tonndorfer Kirche,,,['POI'],POINT(10.123854 53.587432),
Trinitatis Kirche Rahlstedt,,,['POI'],POINT(10.147925 53.587374),
United Methodist Church,,,['POI'],POINT(9.938499 53.549189),
Verheißungskirche Niendorf,,,['POI'],POINT(9.957886 53.635285),
Versöhnungskirche Eilbek,,,['POI'],POINT(10.047723 53.572578),
Vicelinkirche Sasel,,,['POI'],POINT(10.113063 53.653674),
Wichernkirche Hamm,,,['POI'],POINT(10.064858 53.553387),
Zionskirche,,,['POI'],POINT(10.029171 53.561418),
Zionskirche Wandsbek,,,['POI'],POINT(10.029078 53.56132),
Zu den zwölf Apostelnkirche Lurup,,,['POI'],POINT(9.887081 53.599666),
Zum Guten Hirten Langenfelde,,,['POI'],POINT(9.923548 53.585229),
ev.-meth. Erlöserkirche Eimsbüttel,,,['POI'],POINT(9.955407 53.568383),
Erziehungsberatung Altona Altstadt (Virchowstraße) - Bezirksamt Altona,,,['POI'],POINT(9.948071 53.552852),
Erziehungsberatung Barmbek-Uhlenhorst (Mühlendamm) - Bezirksamt Hamburg-Nord,,,['POI'],POINT(10.025311 53.560337),
Erziehungsberatung Dulsberg (Elsässer Str) - Bezirksamt Hamburg-Nord,,,['POI'],POINT(10.064339 53.579593),
Erziehungsberatung Eimsbüttel (Kieler Str) - Bezirksamt Eimsbüttel,,,['POI'],POINT(9.940087 53.57456),
Erziehungsberatung Fuhlsbüttel (Fuhlsbütteler Damm) - Bezirksamt Hamburg-Nord,,,['POI'],POINT(10.022664 53.625737),
Erziehungsberatung Hamburg-Nord (Lattenkamp) - Bezirksamt Hamburg-Nord,,,['POI'],POINT(9.995425 53.598678),
Erziehungsberatung Harburg (Hermann-Maul-Str) - Bezirksamt Harburg,,,['POI'],POINT(9.980857 53.462759),
Erziehungsberatung Neu-Allermöhe (Oberer Landweg) - Bezirksamt Bergedorf,,,['POI'],POINT(10.185586 53.486422),
Erziehungsberatung Niendorf (Friedrich-Ebert-Str) - Bezirksamt Eimsbüttel,,,['POI'],POINT(9.944457 53.620207),
Erziehungsberatung Rahlstedt (Amtstr) - Bezirksamt Wandsbek,,,['POI'],POINT(10.159087 53.602344),
Erziehungsberatung Schnelsen (Graf-Johann-Weg) - Bezirksamt Eimsbüttel,,,['POI'],POINT(9.917758 53.62533),
Erziehungsberatung Steilshoop (Gropiusring) - Bezirksamt Wandsbek,,,['POI'],POINT(10.057561 53.613474),
Erziehungsberatung Wandsbek (Bovestr) - Bezirksamt Wandsbek,,,['POI'],POINT(10.083807 53.569786),
Erziehungsberatung Wilhelmsburg (Vogelhüttendeich) - Bezirksamt Harburg,,,['POI'],POINT(9.985026 53.517905),
Mütterberatungsstelle Altona Altstadt (Scheplerstr) - Bezirksamt Altona,,,['POI'],POINT(9.954154 53.554996),
Mütterberatungsstelle Bahrenfeld (Norburger Stieg) - Bezirksamt Altona,,,['POI'],POINT(9.910676 53.566692),
Mütterberatungsstelle Bergedorf (Lamprechtstr) - Bezirksamt Bergedorf,,,['POI'],POINT(10.219933 53.489454),
Mütterberatungsstelle Billstedt (Dringsheide) - Bezirksamt Hamburg-Mitte,,,['POI'],POINT(10.119851 53.561663),
Mütterberatungsstelle Billstedt (Schleemer Weg) - Bezirksamt Hamburg-Mi,,,['POI'],POINT(10.112767 53.537909),
Mütterberatungsstelle Billstedt (Spliedtring) - Bezirksamt Hamburg-Mitte,,,['POI'],POINT(10.112126 53.562328),
Mütterberatungsstelle Blankenese (Sülldorfer Kirchenweg) - Bezirksamt Altona,,,['POI'],POINT(9.812675 53.563697),
Mütterberatungsstelle Bramfeld (Herthastr) - Bezirksamt Wandsbek,,,['POI'],POINT(10.074895 53.611774),
Mütterberatungsstelle Eidelstedt (Lohkampstr) - Bezirksamt Eimsbüttel,,,['POI'],POINT(9.901422 53.609155),
Mütterberatungsstelle Eimsbüttel (Grindelberg) - Bezirksamt Eimsbüttel,,,['POI'],POINT(9.978994 53.575308),
Mütterberatungsstelle Farmsen-Berne (Berner Heerweg) - Bezirksamt Wandsbek,,,['POI'],POINT(10.121592 53.60749),
Mütterberatungsstelle Finkenwerder (Norderschulweg) - Bezirksamt Hamburg-Mitte,,,['POI'],POINT(9.876529 53.532174),
Mütterberatungsstelle Harburg (Am Irrgarten) - Bezirksamt Harburg,,,['POI'],POINT(9.971149 53.459622),
Mütterberatungsstelle Harburg (Kapellenweg) - Bezirksamt Harburg,,,['POI'],POINT(9.987926 53.444928),
Mütterberatungsstelle Harburg (Lühmannstr) - Bezirksamt Harburg,,,['POI'],POINT(9.953322 53.457573),
Mütterberatungsstelle Harburg (Ohrnsweg) - Bezirksamt Harburg,,,['POI'],POINT(9.817161 53.471495),
Mütterberatungsstelle Hohenhorst (Dahlemer Ring) - Bezirksamt Wandsbek,,,['POI'],POINT(10.141901 53.585742),
Mütterberatungsstelle Lokstedt (Garstedter Weg) - Bezirksamt Eimsbüttel,,,['POI'],POINT(9.954058 53.621721),
Mütterberatungsstelle Lurup (Netzestr) - Bezirksamt Altona,,,['POI'],POINT(9.867022 53.605653),
Mütterberatungsstelle Meiendorf/Oldenfelde (Hermann-Balk-Str) - Bezirksamt Wandsbek,,,['POI'],POINT(10.144061 53.618725),
Mütterberatungsstelle Osdorf (Kroonhorst) - Bezirksamt Altona,,,['POI'],POINT(9.850422 53.58924),
Mütterberatungsstelle Poppenbüttel (Wentzelplatz) - Bezirksamt Wandsbek,,,['POI'],POINT(10.09223 53.652303),
Mütterberatungsstelle Rahlstedt (Hoffmannstieg) - Bezirksamt Wandsbek,,,['POI'],POINT(10.180691 53.60401),
Mütterberatungsstelle Rahlstedt (Mehlandsredder) - Bezirksamt Wandsbek,,,['POI'],POINT(10.177292 53.605661),
Mütterberatungsstelle Rothenburgsort/Veddel (Marckmannstr.) - Bezirksamt Hamburg-Mitte,,,['POI'],POINT(10.042105 53.53505),
Mütterberatungsstelle Steilshoop (Gropiusring) - Bezirksamt Wandsbek,,,['POI'],POINT(10.057341 53.614348),
Mütterberatungsstelle Süderelbe (Rehrstieg) - Bezirksamt Harburg,,,['POI'],POINT(9.874056 53.478765),
Mütterberatungsstelle Wandsbek (Robert-Schuman-Brücke) -Bezirksamt Wandsbek,,,['POI'],POINT(10.071358 53.571165),
Mütterzentrum Hohenfelde (Ifflandstr.) - freier Träger - Bezirksamt Hamburg-Nord,,,['POI'],POINT(10.023474 53.563012),
Anliegerbeiträge Hamburg,,,['POI'],POINT(9.987601 53.555317),
"Argentinien, Generalkonsulat der Republik",,,['POI'],POINT(9.995615 53.570157),
"Chile, Generalkonsulat der Republik",,,['POI'],POINT(10.042268 53.565006),
"Chile, Republik, Generalkonsulat, Handels- und Wirtschaftsabteilung",,,['POI'],POINT(9.998615 53.548226),
"China, Generalkonsulat der Volksrepublik",,,['POI'],POINT(9.87878 53.54693),
"Dominikanischen Republik, Generalkonsulat",,,['POI'],POINT(9.99071 53.551463),
"Dänemark, Königreich, Generalkonsulat",,,['POI'],POINT(10.004258 53.553336),
"Ecuador, Generalkonsulat der Republik",,,['POI'],POINT(9.988384 53.57985),
"Finnland, Generalkonsulat der Republik",,,['POI'],POINT(9.992809 53.557978),
"Frankreich, Republik, Generalkonsulat",,,['POI'],POINT(9.992487 53.567443),
"Griechenland, Generalkonsulat der Hellenischen Republik",,,['POI'],POINT(9.98637 53.554941),
Griechisches Generalkonsulat Arbeits- und Sozialabteilung,,,['POI'],POINT(9.9873 53.554088),
Griechisches Generalkonsulat Presse- und Informationsbüro,,,['POI'],POINT(9.984449 53.572307),
Griechisches Generalkonsulat Schifffahrtsabteilung,,,['POI'],POINT(9.987555 53.574061),
"Honduras, Generalkonsulat der Republik",,,['POI'],POINT(10.012156 53.55991),
"Indien, Generalkonsulat der Republik",,,['POI'],POINT(10.023032 53.564094),
"Indonesien, Generalkonsulat der Republik",,,['POI'],POINT(9.99519 53.595122),
"Iran, Generalkonsulat der Islamischen Republik",,,['POI'],POINT(9.994834 53.596015),
"Italien, Generalkonsulat der Republik",,,['POI'],POINT(9.991237 53.56757),
"Italien,Republik, Generalkonsulat, Kulturabteilung",,,['POI'],POINT(9.991794 53.574574),
"Japan, Generalkonsulat",,,['POI'],POINT(9.994163 53.550114),
"Korea, Generalkonsulat der Republik",,,['POI'],POINT(9.984336 53.552478),
"Kroatien, Generalkonsulat der Republik",,,['POI'],POINT(9.996178 53.551732),
"Neuseeland, Generalkonsulat",,,['POI'],POINT(9.994533 53.547873),
"Niederlande, Generalkonsulat des Königreichs",,,['POI'],POINT(9.995987 53.543602),
"Norwegen, Generalkonsulat des Königreichs",,,['POI'],POINT(9.984477 53.554669),
"Panama, Generalkonsulat der Republik",,,['POI'],POINT(9.988499 53.555642),
"Peru, Generalkonsulat der Republik",,,['POI'],POINT(10.000596 53.582938),
"Polen, Generalkonsulat der Republik",,,['POI'],POINT(10.053864 53.609454),
"Portugal, Generalkonsulat der Republik",,,['POI'],POINT(9.989991 53.556232),
"Russische Föderation, Generalkonsulat",,,['POI'],POINT(10.012666 53.573051),
"Serbien, Generalkonsulat der Republik",,,['POI'],POINT(9.99174 53.580001),
"Spanien, Generalkonsulat des Königreichs",,,['POI'],POINT(9.995022 53.569336),
"Türkei, Generalkonsulat der Republik",,,['POI'],POINT(9.992975 53.563791),
"Türkei, Generalkonsulat der Republik, Abt. Arbeit und Soziale Sicherheit",,,['POI'],POINT(9.994927 53.565913),
"Türkei, Generalkonsulat der Republik, Abt. Erziehung und Schulwesen",,,['POI'],POINT(9.994911 53.565904),
"Türkei, Generalkonsulat der Republik, Abt. Finanz- und Zollangelegenheiten",,,['POI'],POINT(9.994911 53.565913),
"Türkei, Generalkonsulat der Republik, Handelsabteilung",,,['POI'],POINT(9.994911 53.565904),
"Türkei, Generalkonsulat der Republik, Religionsabteilung",,,['POI'],POINT(9.994911 53.565913),
"USA, Vereinigten Staaten von Amerika, Generalkonsulat",,,['POI'],POINT(9.997071 53.562103),
"Ukraine, Generalkonsulat",,,['POI'],POINT(10.01756 53.564375),
"Uruguay, Generalkonsulat der Republik",,,['POI'],POINT(9.985849 53.57731),
"Venezuela, Generalkonsulat der Bolivarischen Republik",,,['POI'],POINT(9.989876 53.564859),
"Zypern, Generalkonsulat der Republik",,,['POI'],POINT(9.989123 53.564281),
"Ägypten, Arabische Republik, Generalkonsulat, Handels- und Wirtschaftsabteilung",,,['POI'],POINT(10.018327 53.563011),
"Ägypten, Generalkonsulat der Arabischen Republik",,,['POI'],POINT(9.994727 53.563219),
Finanzbehörde,,,['POI'],POINT(9.987826 53.55527),
Hamburgische Münze,,,['POI'],POINT(10.153837 53.623663),
Amerikazentrum Hamburg e.V.,,,['POI'],POINT(9.994771 53.543226),
Aussenwirtschaftsbüro der Stadt St. Petersburg,,,['POI'],POINT(10.001042 53.555178),
Czech Trade Hamburg,,,['POI'],POINT(10.022794 53.55361),
Estnische Investitions-u.Wirtschaftsförderung (Enterprise Estonia),,,['POI'],POINT(9.995004 53.550565),
Indonesian Trade Promotion Center,,,['POI'],POINT(10.002501 53.554339),
Institut Francais,,,['POI'],POINT(9.992503 53.567461),
Instituto Cervantes Hamburg - Spanisches Kulturinstitut,,,['POI'],POINT(10.001975 53.548036),
Invest in Lithuania (IL)/Enterprise Lithuania (EL),,,['POI'],POINT(9.988972 53.55394),
Istituto Italiano di Cultura,,,['POI'],POINT(9.991809 53.574574),
Konfuzius-Institut an der Universität Hamburg e.V.,,,['POI'],POINT(9.939074 53.553372),
Korea Business Center Hamburg (KOTRA),,,['POI'],POINT(9.979091 53.549484),
Litauische Wirtschaftsförderungsagentur,,,['POI'],POINT(9.993905 53.548732),
Netherlands Business Support Office,,,['POI'],POINT(9.985726 53.549959),
Taipeh Wirtschafts- und Kulturbüro,,,['POI'],POINT(9.996077 53.569273),
Vertretung der Stadt Helsingborg im Treffpunkt Schweden,,,['POI'],POINT(9.976691 53.579541),
"Bangladesch, Honorargeneralkonsulat der Voplksrepublik",,,['POI'],POINT(10.039745 53.537209),
"Bolivien, Honorargeneralkonsulat der Republik",,,['POI'],POINT(9.992267 53.565773),
"Bulgarien, Honorargeneralkonsulat der Republik",,,['POI'],POINT(9.997384 53.552324),
"Costa Rica, Honorargeneralkonsulat der Republik",,,['POI'],POINT(9.842695 53.565232),
"Madagaskar, Honorargeneralkonsulat der Republik",,,['POI'],POINT(10.055367 53.591551),
"Malaysien, Honorargeneralkonsulat",,,['POI'],POINT(9.986455 53.545002),
"Mali, Republik, Honorargeneralkonsulat",,,['POI'],POINT(10.023716 53.558643),
"Paraguay, Honorargeneralkonsulat der Republik",,,['POI'],POINT(9.837101 53.554822),
"Senegal, Honorargeneralkonsulat der Republik",,,['POI'],POINT(10.02392 53.548344),
"Seychellen, Honorargeneralkonsulat der Republik",,,['POI'],POINT(10.031909 53.535058),
"Sri Lanka, Honorargeneralkonsulat der Demokratischen Sozialistischen Republik",,,['POI'],POINT(9.994842 53.544331),
"Thailand, Honorargeneralkonsulat des Königreichs",,,['POI'],POINT(10.003491 53.556622),
"Tonga, Honorargeneralkonsulat des Königreichs",,,['POI'],POINT(10.055337 53.59156),
"Ungarn, Honorargeneralkonsulat der Republik",,,['POI'],POINT(10.000099 53.566337),
"Albanien, Honorarkonsulat der Republik",,,['POI'],POINT(10.183966 53.646524),
"Belgien, Königreich, Honorarkonsulat",,,['POI'],POINT(10.016204 53.649971),
"Belgien, Königreich, Wirtschaft u. Handel Region Wallonien",,,['POI'],POINT(10.012894 53.650089),
"Botswana, Honorarkonsulat der Republik",,,['POI'],POINT(10.094766 53.534741),
"Brasilien, Honorarkonsulat der Förderativen Republik",,,['POI'],POINT(9.995987 53.543602),
"El Salvador, Honorarkonsulat der Republik",,,['POI'],POINT(9.98683 53.545565),
"Estland, Honorarkonsulat der Republik",,,['POI'],POINT(10.000087 53.566481),
"Ghana, Honorarkonsulat der Republik",,,['POI'],POINT(10.023685 53.558634),
"Großbritannien und Nordirland, Honorarkonsulat des Vereinigtes Königreichs",,,['POI'],POINT(9.991988 53.55582),
"Guatemala, Honorarkonsulat der Republik",,,['POI'],POINT(9.991934 53.557348),
"Haiti, Honorarkonsulat der Republik",,,['POI'],POINT(9.74983 53.571368),
"Irland, Honorarkonsulat der Republik",,,['POI'],POINT(9.990545 53.567028),
"Island, Honorarkonsulat der Republik",,,['POI'],POINT(9.999828 53.552969),
"Jamaika, Honorarkonsulat",,,['POI'],POINT(10.000832 53.555198),
"Jemen, Honorarkonsulat der Republik",,,['POI'],POINT(9.996826 53.551071),
"Jordanien, Honorarkonsulat des Haschemitischen Königreichs",,,['POI'],POINT(9.988094 53.570669),
"Kap Verde, Honorarkonsulat der Republik",,,['POI'],POINT(9.988046 53.54657),
"Kasachstan, Honorarkonsulat der Republik",,,['POI'],POINT(9.989713 53.565642),
"Kenia, Honorarkonsulat der Republik",,,['POI'],POINT(9.994173 53.549862),
"Kirgisische Republik, Honorarkonsulat",,,['POI'],POINT(9.990164 53.542968),
"Kiribati, Honorarkonsulat der Republik",,,['POI'],POINT(9.922994 53.543883),
"Kolumbien, Honorarkonsulat der Republik",,,['POI'],POINT(10.026457 53.547217),
Konsulat von Kanada (ist zur Zeit geschlossen),,,['POI'],POINT(9.996058 53.552425),
"Lettland, Honorarkonsulat der Republik",,,['POI'],POINT(9.988188 53.55073),
"Litauen, Honorarkonsulat der Republik",,,['POI'],POINT(9.993861 53.548778),
"Luxemburg, Honorarkonsulat des Großherzogtums",,,['POI'],POINT(10.01433 53.561194),
"Malta, Honorarkonsulat der Republik",,,['POI'],POINT(9.938251 53.544824),
"Marokko, Honorarkonsulat des Königreichs",,,['POI'],POINT(9.77856 53.567509),
"Mazedonien, Honorarkonsulat der ehem. jugoslawische Republik",,,['POI'],POINT(10.014747 53.552798),
"Mexiko, Honorarkonsulat der Vereinigten Mexikanischen Staaten",,,['POI'],POINT(9.998615 53.548235),
"Moldau, Honorarkonsulat der Republik",,,['POI'],POINT(10.073324 53.597519),
"Monaco, Honorarkonsulat des Fürstentums",,,['POI'],POINT(9.992571 53.556857),
"Mosambik, Honorarkonsulat der Republik",,,['POI'],POINT(9.944719 53.544648),
"Namibia, Honorarkonsulat der Republik",,,['POI'],POINT(10.003843 53.556826),
"Nepal, Honorarkonsulat des Königreichs",,,['POI'],POINT(9.989699 53.554698),
"Niger, Honorarkonsulat der Republik",,,['POI'],POINT(10.001587 53.54821),
"Pakistan, Honorarkonsulat der Islamischen Republik",,,['POI'],POINT(9.936088 53.550709),
"Palau, Honorarkonsulat der Republik",,,['POI'],POINT(9.979616 53.570909),
"Papua-Neuguinea, Honorarkonsulat des Unabhängigen Staates",,,['POI'],POINT(9.98959 53.545515),
"Rumänien, Honorarkonsulat",,,['POI'],POINT(10.02863 53.570246),
"Sambia, Honorarkonsulat der Republik",,,['POI'],POINT(9.991807 53.551949),
"Samoa, Honorarkonsulat des Unabhängigen Staates",,,['POI'],POINT(9.988026 53.584552),
Honorarkonsulat des Königreichs,,,['POI'],POINT(9.973254 53.545623),
"Slowakei, Honorarkonsulat Slowakische Republik",,,['POI'],POINT(9.990468 53.554044),
"Slowenien, Honorarkonsulat der Republik",,,['POI'],POINT(9.999687 53.554659),
"St. Kitts and Nevis, Honorarkonsulat der Förderation",,,['POI'],POINT(9.941661 53.543495),
"Syrien, Honorarkonsulat der Arabischen Republik",,,['POI'],POINT(9.999567 53.541874),
"Südafrika, Honorarkonsulat der Republik",,,['POI'],POINT(9.939815 53.545962),
"Trinidad und Tobago, Honorarkonsulat der Republik",,,['POI'],POINT(10.002351 53.55435),
"Tschechien, Honorarkonsulat der Tschechischen Republik",,,['POI'],POINT(9.991322 53.569258),
"Tuvalu, Honorarkonsulat",,,['POI'],POINT(10.009036 53.558831),
"Uganda, Honorarkonsulat der Republik",,,['POI'],POINT(10.059389 53.645455),
Repräsentanz der Vereinten Nationen,,,['POI'],POINT(9.834779 53.555682),
"Tunesien, Konsulat der Republik",,,['POI'],POINT(10.023746 53.558634),
Finanzamt Altona,,,['POI'],POINT(9.947467 53.561617),
Alten- und Pflegeheim St. Maximilian Kolbe,,,['POI'],POINT(10.013061 53.499897),
Alten- und Pflegepension Else Günther,,,['POI'],POINT(10.103496 53.616321),
Altenheim St. Johannis St. Nikolai,,,['POI'],POINT(9.993087 53.574374),
Altenheimstiftung Flottbek-Nienstedten,,,['POI'],POINT(9.853972 53.566859),
Altenpension Philipps,,,['POI'],POINT(10.228178 53.488013),
Altenwohnanlage Johann August Gärtner-Stiftung,,,['POI'],POINT(9.886334 53.615953),
Chistophorus Haus,,,['POI'],POINT(10.053241 53.645707),
ELIM Seniorencentrum Niendorf,,,['POI'],POINT(9.939951 53.618724),
Elisabeth Alten- und Pflegeheim der Freimaurer,,,['POI'],POINT(9.968412 53.566796),
Else Voss Stiftung Seniorenwohnanlage,,,['POI'],POINT(9.764297 53.576712),
und Claere Jung Stiftung,,,['POI'],POINT(9.891067 53.555123),
Gast- und Krankenhaus,,,['POI'],POINT(10.076905 53.650968),
Georg-Behrmann-Stiftung Bergedorf,,,['POI'],POINT(10.234144 53.485417),
HAUS ST. JOHANNIS Alten- und Pflegeheim,,,['POI'],POINT(9.99392 53.570621),
Hanna Reemtsma Haus,,,['POI'],POINT(9.759621 53.590444),
Haus Alstertal,,,['POI'],POINT(10.05137 53.634941),
Haus Birkengrund,,,['POI'],POINT(10.147642 53.6187),
Haus Duvenstedt,,,['POI'],POINT(10.103964 53.70714),
Haus Fröhlich,,,['POI'],POINT(10.122514 53.672383),
Haus Ilse,,,['POI'],POINT(10.005657 53.682767),
Haus Johannes XXIII,,,['POI'],POINT(10.197379 53.506054),
Haus Lebensabend Alten- und Pflegeheim,,,['POI'],POINT(9.851751 53.56373),
Haus Marienthal,,,['POI'],POINT(10.074514 53.568216),
Haus Sieberling,,,['POI'],POINT(9.844432 53.55167),
Haus Weinberg,,,['POI'],POINT(10.076975 53.552209),
Haus Winterhude,,,['POI'],POINT(9.999543 53.585633),
Heinrich-Sengelmann-Haus,,,['POI'],POINT(10.017628 53.556503),
Hesse-Diederichsen-Heim,,,['POI'],POINT(10.010678 53.587139),
Hospital zum Heiligen Geist,,,['POI'],POINT(10.077312 53.650919),
J. Janssen Seniorenpflegepension,,,['POI'],POINT(9.820339 53.562764),
zum Husaren,,,['POI'],POINT(10.083325 53.568065),
Malteserstift St. Elisabeth,,,['POI'],POINT(10.121141 53.605868),
Margarethenhof,,,['POI'],POINT(10.129563 53.684717),
Marie Kroos-Stiftung,,,['POI'],POINT(9.935918 53.454827),
Martha Haus,,,['POI'],POINT(10.169016 53.597008),
Matthias-Claudius-Heim,,,['POI'],POINT(10.086731 53.579607),
Max Brauer Haus,,,['POI'],POINT(10.093443 53.620861),
Mutter Eva von Tiele-Winckler-Pflegeheim,,,['POI'],POINT(10.249783 53.495184),
Parkresidenz Alstertal,,,['POI'],POINT(10.090487 53.65275),
Pflegehaus Sonnenhof,,,['POI'],POINT(9.881546 53.567459),
Pflegeheim Adalbert,,,['POI'],POINT(10.16405 53.609762),
Pflegen & Wohnen Horn,,,['POI'],POINT(10.07919 53.550922),
Hamburg - Seniorenwohnanlage,,,['POI'],POINT(9.831106 53.570012),
Ruckteschell-Heim,,,['POI'],POINT(10.05439 53.568728),
Schilling-Stift,,,['POI'],POINT(9.828752 53.568492),
"Seefahrer Alten- und Pflegeheim ""Fallen Anker""",,,['POI'],POINT(9.901879 53.549786),
Senioren-Pflegepension Bärenallee Dieter Wurm,,,['POI'],POINT(10.064677 53.569634),
Seniorenheim Scheffler,,,['POI'],POINT(9.988289 53.514275),
Seniorenpflegepension Haus Fangdieck,,,['POI'],POINT(9.893754 53.6002),
Seniorenresidenz Eveline Maack,,,['POI'],POINT(9.88777 53.559784),
Seniorenresidenz Uhlenhorst,,,['POI'],POINT(10.011102 53.575832),
Seniorenresidenz Wellingsbüttel,,,['POI'],POINT(10.091481 53.634429),
Seniorensitz am Hegen,,,['POI'],POINT(10.169703 53.59347),
Seniorenwohnanlage der Wilhelm Carstens Gedächtnis-Stiftung,,,['POI'],POINT(9.995321 53.505581),
Seniorenwohnsitz am Sachsenwald,,,['POI'],POINT(10.239405 53.498419),
Seniorenzentrum Böttcherkamp,,,['POI'],POINT(9.858347 53.592094),
Seniorenzentrum Dr. Carl Kellinghusen,,,['POI'],POINT(10.223738 53.487133),
Seniorenzentrum Röweland,,,['POI'],POINT(10.014586 53.656311),
St. Gertrud Gemeindepflege,,,['POI'],POINT(10.024586 53.575897),
Taubstummen Altenheim,,,['POI'],POINT(10.163165 53.644608),
Theodor Fliedner Haus,,,['POI'],POINT(10.086537 53.617968),
Villa Eilersweg,,,['POI'],POINT(10.160339 53.602826),
Wilhelm Leuschner Seniorenzentrum,,,['POI'],POINT(10.19903 53.507413),
vhw - Seniorenwohnanlage Kiefhörn,,,['POI'],POINT(10.068658 53.58978),
vhw - Seniorenwohnanlage Langenhorn,,,['POI'],POINT(9.99527 53.672341),
vhw - Seniorenwohnanlage Lokstedt,,,['POI'],POINT(9.950773 53.598646),
vhw - Seniorenwohnanlage Neuwiedenthal,,,['POI'],POINT(9.875849 53.478042),
vhw - Seniorenwohnanlage Walddörfer,,,['POI'],POINT(10.139136 53.62889),
Finanzamt Am Tierpark,,,['POI'],POINT(9.944931 53.594757),
Finanzamt Barmbek-Uhlenhorst,,,['POI'],POINT(10.028985 53.57178),
Finanzamt Eimsbüttel,,,['POI'],POINT(9.947758 53.595534),
Finanzamt Hamburg-Mitte,,,['POI'],POINT(10.00333 53.550451),
Finanzamt Hamburg-Nord,,,['POI'],POINT(9.983697 53.604885),
Finanzamt Hansa,,,['POI'],POINT(10.00333 53.550451),
Finanzamt Harburg,,,['POI'],POINT(9.979685 53.460882),
Finanzamt Oberalster,,,['POI'],POINT(10.016357 53.548804),
Finanzamt Ost,,,['POI'],POINT(10.016357 53.548804),
Finanzamt für Großunternehmen,,,['POI'],POINT(10.016357 53.548804),
Corona Impfzentrum Hamburg Messe (Halle A3),,,['POI'],POINT(9.970375 53.562862),
Corona Impfzentrum Hamburg-Harburg,,,['POI'],POINT(10.208391 53.351595),
Finanzamt für Verkehrssteuern und Grundbesitz,,,['POI'],POINT(9.983554 53.557174),
Finanzamt für Verkehrssteuern und Grundbesitz - Hundesteuerstelle,,,['POI'],POINT(9.983554 53.557174),
Kinderschutzhaus Südring,,,['POI'],POINT(10.018775 53.591662),
Agaplesion Diakonieklinikum Hamburg (DKH),,,['POI'],POINT(9.966318 53.571611),
Albertinen Krankenhaus,,,['POI'],POINT(9.905253 53.631427),
Albertinen-Haus Medizinisch-Geriatrische Klinik,,,['POI'],POINT(9.927802 53.627777),
Altonaer Kinderkrankenhaus,,,['POI'],POINT(9.913181 53.551982),
Amalie Sieveking-Krankenhaus,,,['POI'],POINT(10.151634 53.640981),
Arthro-Clinic Bergedorf,,,['POI'],POINT(10.208186 53.489646),
Arthro-Clinic Rahlstedt,,,['POI'],POINT(10.155575 53.604858),
Asklepios Klinik Altona,,,['POI'],POINT(9.900703 53.554099),
Asklepios Klinik Barmbek,,,['POI'],POINT(10.035795 53.606413),
Asklepios Klinik Harburg,,,['POI'],POINT(9.949636 53.460388),
Asklepios Klinik Nord (BT Heidberg),,,['POI'],POINT(10.030407 53.674874),
Asklepios Klinik Nord (BT Ochsenzoll),,,['POI'],POINT(10.008149 53.672413),
Asklepios Klinik St. Georg,,,['POI'],POINT(10.017962 53.559744),
Asklepios Klinik Wandsbek,,,['POI'],POINT(10.088649 53.569643),
Asklepios Westklinikum Hamburg,,,['POI'],POINT(9.777128 53.582407),
Berufsgenossenschaftliches Unfallkrankenhaus Bergedorf,,,['POI'],POINT(10.177444 53.506297),
Bethesda Krankenhaus Bergedorf,,,['POI'],POINT(10.235934 53.48583),
Bundeswehrkrankenhaus Hamburg,,,['POI'],POINT(10.076975 53.594377),
Diagnostik Zentrum Fleetinsel Hamburg,,,['POI'],POINT(9.985766 53.550381),
Estetica Clinic,,,['POI'],POINT(10.003905 53.552432),
Euro Eyes Augenlaserzentrum,,,['POI'],POINT(9.986706 53.555783),
EuroEyes AugenLaserZentrum,,,['POI'],POINT(9.987636 53.55617),
Evangelisches Krankenhaus Alsterdorf,,,['POI'],POINT(10.024697 53.61358),
Facharztklinik Hamburg,,,['POI'],POINT(9.971285 53.58743),
Fachklinik Helmsweg,,,['POI'],POINT(9.974947 53.464389),
Helios Endo-Klinik Hamburg,,,['POI'],POINT(9.955422 53.550978),
Israelitisches Krankenhaus,,,['POI'],POINT(9.991335 53.60591),
Katholisches Kinderkrankenhaus Wilhelmstift,,,['POI'],POINT(10.164906 53.587093),
Kinderwunschzentrum Altonaer Straße,,,['POI'],POINT(9.963447 53.564814),
Klinik Berner Stieg,,,['POI'],POINT(10.144536 53.627364),
Klinik Dr. Guth,,,['POI'],POINT(9.851678 53.5571),
Klinik Fleetinsel Hamburg,,,['POI'],POINT(9.985193 53.548463),
Krankenhaus Jerusalem,,,['POI'],POINT(9.967551 53.569399),
Krankenhaus Mariahilf,,,['POI'],POINT(9.93847 53.469489),
Krankenhaus Reinbek - St. Adolf-Stift,,,['POI'],POINT(10.241294 53.509937),
Krankenhaus Tabea,,,['POI'],POINT(9.791529 53.56445),
Marienkrankenhaus,,,['POI'],POINT(10.032778 53.559581),
Moser Klinik,,,['POI'],POINT(9.971726 53.581639),
PET/CT Zentrum Hamburg Krebsdiagnostikzentrum,,,['POI'],POINT(9.944024 53.549352),
Praxis Klinik Pöseldorf,,,['POI'],POINT(9.978489 53.580919),
Praxis Klosterstern - Dr. Siedler & Partner,,,['POI'],POINT(9.988971 53.582352),
Praxis-Klinik Bergedorf,,,['POI'],POINT(10.206626 53.494118),
Praxis-Klinik Mümmelmannsberg,,,['POI'],POINT(10.147538 53.528522),
Praxisklinik am Rothenbaum,,,['POI'],POINT(9.993105 53.566773),
Privatklinik Medical One,,,['POI'],POINT(9.982907 53.605359),
Psychiatrische Tagesklinik Hamburg-Mitte,,,['POI'],POINT(9.964685 53.554228),
"Radiologische Allianz, Quartier 21",,,['POI'],POINT(10.036853 53.601534),
Schön Klinik Hamburg-Eilbek,,,['POI'],POINT(10.053105 53.577733),
Universitäres Herzzentrum,,,['POI'],POINT(9.975729 53.5922),
Universitätsklinikum Hamburg-Eppendorf,,,['POI'],POINT(9.973421 53.590997),
Werner Otto Institut,,,['POI'],POINT(10.026271 53.614897),
Wilhelmsburger Krankenhaus Groß-Sand,,,['POI'],POINT(9.985883 53.503521),
Zahnklinik ABC Bogen,,,['POI'],POINT(9.986281 53.55371),
Zahnklinik MEDECO,,,['POI'],POINT(9.90971 53.559682),
Pflegeheim Groß Borstel,,,['POI'],POINT(9.974061 53.617472),
Pflegen & Wohnen Alsterberg,,,['POI'],POINT(10.016008 53.617338),
Pflegen & Wohnen Farmsen,,,['POI'],POINT(10.114377 53.614063),
Pflegen & Wohnen Finkenau,,,['POI'],POINT(10.030882 53.570352),
Pflegen & Wohnen Heimfeld,,,['POI'],POINT(9.958648 53.466067),
Pflegen & Wohnen Holstenhof,,,['POI'],POINT(10.11986 53.568878),
Pflegen & Wohnen Husarendenkmal,,,['POI'],POINT(10.073477 53.564245),
Pflegen & Wohnen Lutherpark,,,['POI'],POINT(9.919412 53.570705),
Pflegen & Wohnen Moosberg,,,['POI'],POINT(10.180649 53.499023),
Pflegen & Wohnen Wilhelmsburg,,,['POI'],POINT(9.995028 53.502744),
Pflegezentrum Lokstedt,,,['POI'],POINT(9.953512 53.592838),
Amt für Soziales und Integration,,,['POI'],POINT(10.037352 53.576272),
Abendbummel Pöseldorf,,,['POI'],POINT(9.99794 53.570812),
Alsterarkaden,,,['POI'],POINT(9.992759 53.552004),
Am Jungfernstieg,,,['POI'],POINT(9.99287 53.553494),
Großneumarkt,,,['POI'],POINT(9.979481 53.550684),
Karolinenviertel,,,['POI'],POINT(9.972396 53.558847),
Reeperbahn,,,['POI'],POINT(9.963751 53.549689),
Behörde für Stadtentwicklung und Umwelt - Rufbereitschaft -,,,['POI'],POINT(10.003265 53.497985),
Beratungsstelle für Körperbehinderte - Fachamt Gesundheit - Bezirksamt Wandsbek,,,['POI'],POINT(10.0715 53.570831),
Bezirksamt Hamburg - Mitte - Zentrale Schwarzarbeitsbekämpfung (ZLS),,,['POI'],POINT(10.027324 53.546248),
Gemeinsame Servicestelle für Rehabilitation - DAK,,,['POI'],POINT(9.99439 53.549492),
Gemeinsame Servicestelle für Rehabilitation - LVA,,,['POI'],POINT(10.105911 53.590789),
Gemeinsame Servicestelle für Rehabilitation - Techniker Krankenkasse,,,['POI'],POINT(9.934652 53.549902),
Gemeinsame Servicestelle für Rehabilitation BKK Philips Medizin Systeme,,,['POI'],POINT(10.014427 53.623866),
"Gemeinsame Servicestelle für Rehabilitation der LVA, der BfA und der Seekasse",,,['POI'],POINT(10.028001 53.556144),
Hygiene Institut Hamburg (Beltgens Garten),,,['POI'],POINT(10.043315 53.554817),
Hygiene Institut Hamburg (Marckmannstraße),,,['POI'],POINT(10.047451 53.534698),
3001,,,['POI'],POINT(9.965816 53.562162),
Abaton,,,['POI'],POINT(9.982093 53.567681),
Alabama,,,['POI'],POINT(10.020859 53.582883),
Audimax,,,['POI'],POINT(9.98537 53.566441),
B-Movie,,,['POI'],POINT(9.961291 53.554291),
Blankeneser Kino,,,['POI'],POINT(9.812159 53.562766),
CinemaxX - Holi,,,['POI'],POINT(9.97683 53.57706),
CinemaxX Hamburg-Dammtor,,,['POI'],POINT(9.990491 53.559525),
CinemaxX Hamburg-Wandsbek,,,['POI'],POINT(10.06603 53.57238),
CinemaxX Harburg,,,['POI'],POINT(9.985495 53.456908),
Elbe-Filmtheater,,,['POI'],POINT(9.851604 53.572204),
Hansa Filmstudio Bergedorf,,,['POI'],POINT(10.207432 53.49331),
Koralle,,,['POI'],POINT(10.166005 53.651642),
Lichtmess-Kino,,,['POI'],POINT(9.933056 53.556222),
Magazin Filmkunsttheater,,,['POI'],POINT(10.00376 53.599813),
Metropolis Kino,,,['POI'],POINT(9.989088 53.55632),
Passage Kino,,,['POI'],POINT(9.999139 53.550621),
Savoy Filmtheater,,,['POI'],POINT(10.015448 53.554976),
UCI Kinowelt Mundsburg,,,['POI'],POINT(10.027203 53.57051),
UCI Kinowelt Othmarschen Park,,,['POI'],POINT(9.900599 53.557747),
UCI Kinowelt Wandsbek,,,['POI'],POINT(10.096573 53.58826),
V6 Kino im Studio Hamburg,,,['POI'],POINT(10.127067 53.586718),
Zeise Kino,,,['POI'],POINT(9.927837 53.554259),
Kinder- und Familienhilfezentrum (Hoffmannsstieg) - Fachamt Gesundheit - Bezirksamt Wandsbek,,,['POI'],POINT(10.180697 53.603687),
Landessozialamt,,,['POI'],POINT(9.981312 53.554821),
Bürgertreff Altona-Nord,,,['POI'],POINT(9.951032 53.563772),
Elbphilharmonie (Eingang),,,['POI'],POINT(9.984926 53.541511),
Elbphilharmonie Besucherzentrum,,,['POI'],POINT(9.985755 53.541495),
Elsa Brändström Haus,,,['POI'],POINT(9.785008 53.564376),
Freie Akademie der Künste,,,['POI'],POINT(10.006868 53.548875),
Gedenk- u. Bildungsstätte Israelitische Töchterschule,,,['POI'],POINT(9.975278 53.560153),
Gedenkstein KZ-Außenlager Neugraben,,,['POI'],POINT(9.868015 53.460982),
"Messe, Eingang Mitte",,,['POI'],POINT(9.975439 53.562578),
Hamburg-Haus,,,['POI'],POINT(9.956881 53.57148),
Hamburger Dom (Jahrmarkt),,,['POI'],POINT(9.970856 53.554205),
Komponisten-Quartier Hamburg e.V.,,,['POI'],POINT(9.976989 53.551253),
Kosta & Evi (Vereinsheim Hummelsbütteler SV),,,['POI'],POINT(10.04249 53.646349),
Kraftwerk Bille,,,['POI'],POINT(10.036115 53.544214),
Kunstverein,,,['POI'],POINT(10.006917 53.54839),
Logenhaus der Freimaurer Harburg,,,['POI'],POINT(9.974786 53.45997),
Logenhaus der Freimaurer Moorweidenstraße,,,['POI'],POINT(9.986672 53.56404),
Logenhaus der Freimaurer Welckerstraße,,,['POI'],POINT(9.987067 53.557038),
MS Stubnitz,,,['POI'],POINT(10.020061 53.53533),
Nachbarschaftsverein Quartier 21 e.V.,,,['POI'],POINT(10.03599 53.604507),
Rudolf-Steiner-Haus Hamburg,,,['POI'],POINT(9.994801 53.565725),
Teehaus Große Wallanlagen (Planten un Blomen),,,['POI'],POINT(9.974412 53.552676),
Tourist Information am Hafen,,,['POI'],POINT(9.969604 53.545661),
Tourist Information im Hauptbahnhof,,,['POI'],POINT(10.007463 53.553597),
Alsterwanderweg (Alstertal-Museum),,,['POI'],POINT(10.073338 53.643318),
Altonaer Museum für Kunst und Kulturgeschichte,,,['POI'],POINT(9.934844 53.549047),
Archäologisches Museum Hamburg,,,['POI'],POINT(9.979317 53.458648),
BallinStadt Auswandererwelt Hamburg,,,['POI'],POINT(10.017079 53.520422),
Bargheer Museum,,,['POI'],POINT(9.866176 53.554695),
Biozentrum Grindel und Zoologisches Museum,,,['POI'],POINT(9.978163 53.567471),
Bischofsturm,,,['POI'],POINT(9.997785 53.55012),
Brahmsmuseum,,,['POI'],POINT(9.97667 53.551166),
Bucerius Kunst Forum,,,['POI'],POINT(9.991908 53.551085),
Bunkermuseum,,,['POI'],POINT(10.063404 53.553184),
Cap San Diego,,,['POI'],POINT(9.97653 53.543107),
Das Klingende Museum,,,['POI'],POINT(9.981903 53.556253),
Deichtorhallen,,,['POI'],POINT(10.006764 53.547025),
Deutsches Hafenmuseum,,,['POI'],POINT(10.000157 53.525345),
Deutsches Malermuseum,,,['POI'],POINT(10.119739 53.520295),
Deutsches Zollmuseum,,,['POI'],POINT(9.998123 53.545885),
Deutsches Zusatzstoffmuseum,,,['POI'],POINT(10.021852 53.542692),
Dialog im Dunkeln,,,['POI'],POINT(10.001934 53.546311),
Barlach Haus Hamburg,,,['POI'],POINT(9.867677 53.553606),
Fliegende Bauten,,,['POI'],POINT(9.971724 53.551925),
Genuss Speicher Hamburg,,,['POI'],POINT(9.997036 53.544573),
Geologisch-Paläontologisches Museum,,,['POI'],POINT(9.974311 53.567961),
Geschichtsort Stadthaus,,,['POI'],POINT(9.986711 53.550805),
Gipsabguss-Sammlung des Archäologischen Instituts,,,['POI'],POINT(9.988047 53.562798),
HSV-Museum,,,['POI'],POINT(9.900257 53.587806),
HafenCity Infocenter Im Kesselhaus,,,['POI'],POINT(9.990382 53.543245),
Hafenmuseum Hamburg,,,['POI'],POINT(10.000368 53.526619),
Hamburger Kunsthalle,,,['POI'],POINT(10.003051 53.555251),
Hamburger Schulmuseum,,,['POI'],POINT(9.963605 53.550526),
Haus (im Heinepark),,,['POI'],POINT(9.928613 53.546274),
Internationales Maritimes Museum Hamburg,,,['POI'],POINT(9.999934 53.543363),
Jenisch Haus,,,['POI'],POINT(9.866043 53.552656),
KZ-Gedenkstätte Neuengamme,,,['POI'],POINT(10.227497 53.427393),
Kinder-Kunst-Museum,,,['POI'],POINT(10.080286 53.572001),
Klick Kindermuseum,,,['POI'],POINT(9.848547 53.587654),
Kunsthaus Hamburg,,,['POI'],POINT(10.006736 53.549038),
Loki-Schmidt-Haus,,,['POI'],POINT(9.859803 53.559665),
Mineralogisches Museum Hamburg,,,['POI'],POINT(9.982388 53.566088),
Museum Elbinsel Wilhelmsburg,,,['POI'],POINT(10.017834 53.487762),
Museum Friedhof Ohlsdorf,,,['POI'],POINT(10.034535 53.619767),
Museum am Rothenbaum,,,['POI'],POINT(9.989538 53.568482),
Museum der Arbeit,,,['POI'],POINT(10.045335 53.585933),
Museum für Bergedorf und die Vierlande,,,['POI'],POINT(10.212583 53.489556),
Museum für Hamburgische Geschichte,,,['POI'],POINT(9.973335 53.551112),
Museum für Kunst und Gewerbe,,,['POI'],POINT(10.009506 53.551279),
Museumsdorf Volksdorf,,,['POI'],POINT(10.168904 53.649799),
Museumshafen Övelgönne,,,['POI'],POINT(9.914817 53.543865),
Panoptikum Wachsfigurenkabinett,,,['POI'],POINT(9.966612 53.549423),
Prototyp Hamburg,,,['POI'],POINT(10.002662 53.543259),
Puppenmuseum Falkenstein Elke Droescher,,,['POI'],POINT(9.764282 53.565867),
Retro Spiele Club,,,['POI'],POINT(10.078963 53.550304),
Rieck-Haus,,,['POI'],POINT(10.214593 53.459182),
Sammlung Falckenberg,,,['POI'],POINT(9.987606 53.455111),
Speicherstadtmuseum,,,['POI'],POINT(9.987572 53.543061),
Spicy's Gewürzmuseum,,,['POI'],POINT(9.989292 53.54311),
St. Pauli Museum,,,['POI'],POINT(9.962486 53.54845),
Stadtmuseum Harburg,,,['POI'],POINT(9.977487 53.45895),
Telemann-Museum,,,['POI'],POINT(9.976656 53.551211),
U-434 U-Boot-Museum,,,['POI'],POINT(9.955361 53.544949),
Allee Theater Hamburger Kammeroper,,,['POI'],POINT(9.942091 53.554678),
Alma Hoppes Lustspielhaus,,,['POI'],POINT(9.992844 53.592976),
Altonaer Theater,,,['POI'],POINT(9.934437 53.548376),
Centralkomitee,,,['POI'],POINT(10.01469 53.55482),
Commedia Theater,,,['POI'],POINT(9.983246 53.558848),
Die Burg – Theater am Biedermannplatz,,,['POI'],POINT(10.032242 53.581564),
Engelsaal,,,['POI'],POINT(9.982761 53.555501),
Deutsch Theater,,,['POI'],POINT(10.026234 53.569153),
First Stage Theater,,,['POI'],POINT(9.948905 53.552369),
Fundus Theater,,,['POI'],POINT(10.043129 53.556427),
Galli Theater,,,['POI'],POINT(9.978445 53.565303),
Ballett,,,['POI'],POINT(10.06132 53.561541),
Hamburger Kammerspiele,,,['POI'],POINT(9.985601 53.56989),
Hamburger Puppentheater,,,['POI'],POINT(10.046276 53.583059),
Hamburger Sprechwerk,,,['POI'],POINT(10.029807 53.555922),
Hamburgische Staatsoper,,,['POI'],POINT(9.988974 53.556626),
Hansa Varieté Theater,,,['POI'],POINT(10.011262 53.55343),
Harburger Theater,,,['POI'],POINT(9.977215 53.45889),
Hoftheater Ottensen,,,['POI'],POINT(9.930554 53.554984),
Imperial Theater,,,['POI'],POINT(9.967641 53.550215),
Kampnagel-Fabrik,,,['POI'],POINT(10.02188 53.583252),
Kellertheater Hamburg,,,['POI'],POINT(9.979444 53.554944),
Komödie Winterhuder Fährhaus,,,['POI'],POINT(9.99437 53.593655),
LICHTHOF Theater,,,['POI'],POINT(9.91521 53.563495),
Lichtwark Theater Körber Haus,,,['POI'],POINT(10.208427 53.486992),
MUT! Theater,,,['POI'],POINT(9.961739 53.565403),
Mehr! Theater am Großmarkt,,,['POI'],POINT(10.016201 53.542938),
Neue Flora,,,['POI'],POINT(9.950067 53.562495),
Ohnsorg-Theater,,,['POI'],POINT(10.007852 53.554699),
Opernloft,,,['POI'],POINT(9.939985 53.5434),
Polittbüro,,,['POI'],POINT(10.014657 53.554704),
Pulverfass,,,['POI'],POINT(9.958659 53.549353),
Schauspielhaus,,,['POI'],POINT(10.009067 53.554428),
Schmidt Theater,,,['POI'],POINT(9.964103 53.549228),
Schmidt's Tivoli,,,['POI'],POINT(9.963481 53.549089),
St. Pauli Theater,,,['POI'],POINT(9.963073 53.549048),
TUI Operettenhaus,,,['POI'],POINT(9.96705 53.54942),
Thalia-Theater,,,['POI'],POINT(9.998721 53.552089),
The English Theatre,,,['POI'],POINT(10.028943 53.569462),
Theater Imago,,,['POI'],POINT(9.984466 53.548352),
Theater Klabauter,,,['POI'],POINT(10.027096 53.554894),
Theater Mignon,,,['POI'],POINT(10.033203 53.576389),
Theater am Neuen Weg,,,['POI'],POINT(10.211936 53.484827),
Theater an der Marschnerstraße,,,['POI'],POINT(10.040319 53.573505),
Theater das Zimmer,,,['POI'],POINT(10.089391 53.549805),
Theater für Kinder,,,['POI'],POINT(9.942065 53.554876),
Theater im Hafen Hamburg,,,['POI'],POINT(9.97341 53.539934),
Theater in der Speicherstadt,,,['POI'],POINT(9.990083 53.544011),
Theater in der Washingtonallee,,,['POI'],POINT(10.08951 53.549723),
Theaterschiff Hamburg,,,['POI'],POINT(9.990114 53.546625),
das kleine hoftheater,,,['POI'],POINT(10.082067 53.550123),
die 2te Heimat,,,['POI'],POINT(9.928366 53.561201),
monsun theater,,,['POI'],POINT(9.947228 53.553658),
Atisha (Club),,,['POI'],POINT(10.01681 53.588435),
Bramfelder Kulturladen,,,['POI'],POINT(10.076115 53.615186),
CCH,,,['POI'],POINT(9.986386 53.561473),
Centralpark Hamburg (Beach Club),,,['POI'],POINT(9.959759 53.563271),
Cotton Club,,,['POI'],POINT(9.981651 53.550577),
Das Feuerschiff,,,['POI'],POINT(9.978861 53.543438),
Delphi Showpalast,,,['POI'],POINT(9.958124 53.565737),
Docks,,,['POI'],POINT(9.964486 53.549459),
Downtown Blues Club,,,['POI'],POINT(10.015174 53.593912),
Fabrik,,,['POI'],POINT(9.929308 53.556638),
GHS-Klassentreffen,,,['POI'],POINT(10.042811 53.64649),
Goldbekhaus,,,['POI'],POINT(10.00893 53.584782),
Große Freiheit 36,,,['POI'],POINT(9.957939 53.550877),
Gruenspan,,,['POI'],POINT(9.958325 53.551934),
Grüner Jäger,,,['POI'],POINT(9.963791 53.556733),
Hamburger Biergarten,,,['POI'],POINT(10.015301 53.593533),
"Haus Am See, Hohenhorst",,,['POI'],POINT(10.145704 53.584007),
KUNSTKLINIK - Kulturzentrum Eppendorf,,,['POI'],POINT(9.981864 53.591674),
Kaiserkeller,,,['POI'],POINT(9.957939 53.550877),
Klimperkiste,,,['POI'],POINT(9.99033 53.557837),
Knust,,,['POI'],POINT(9.967416 53.557522),
Kultorhaus,,,['POI'],POINT(10.088759 53.578052),
Laeiszhalle,,,['POI'],POINT(9.98119 53.556062),
Logo,,,['POI'],POINT(9.983185 53.564671),
Markthalle,,,['POI'],POINT(10.00693 53.548947),
Mojo Club,,,['POI'],POINT(9.965664 53.549521),
Molotow,,,['POI'],POINT(9.956472 53.550062),
Sierichs Biergarten,,,['POI'],POINT(10.028455 53.591624),
Stadtpark (Freilichtbühne),,,['POI'],POINT(10.03041 53.598732),
Strand Pauli (Beach Club),,,['POI'],POINT(9.962448 53.546096),
Strandkai (Beach Club),,,['POI'],POINT(9.993929 53.53883),
Strandperle,,,['POI'],POINT(9.90557 53.544609),
Terminal Tango,,,['POI'],POINT(10.005657 53.635145),
Veritas Beach (Beach Club),,,['POI'],POINT(9.989017 53.465945),
Behörde für Inneres und Sport,,,['POI'],POINT(10.004823 53.549135),
Bahnhofsmission,,,['POI'],POINT(10.006044 53.552297),
Bahnhofsmission Hamburg Altona,,,['POI'],POINT(9.934446 53.552896),
Bahnhofsmission Hamburg Harburg,,,['POI'],POINT(9.991362 53.456077),
Bahnhofsmission Hamburg Hauptbahnhof,,,['POI'],POINT(10.006044 53.552297),
DUCKDALBEN international seamens club,,,['POI'],POINT(9.921747 53.520548),
Einwohnerzentralamt,,,['POI'],POINT(10.061814 53.568626),
Bücherhallen Hamburg - Alstertal,,,['POI'],POINT(10.093486 53.654079),
Bücherhallen Hamburg - Altona,,,['POI'],POINT(9.932169 53.552258),
Bücherhallen Hamburg - Barmbek,,,['POI'],POINT(10.044524 53.586111),
Bücherhallen Hamburg - Bergedorf,,,['POI'],POINT(10.210615 53.488147),
Bücherhallen Hamburg - Billstedt,,,['POI'],POINT(10.104885 53.539329),
Bücherhallen Hamburg - Bramfeld,,,['POI'],POINT(10.078758 53.610984),
Bücherhallen Hamburg - Bücherbusse,,,['POI'],POINT(9.984088 53.456623),
Bücherhallen Hamburg - Dehnhaide,,,['POI'],POINT(10.042909 53.576933),
Bücherhallen Hamburg - Eidelstedt,,,['POI'],POINT(9.904145 53.607221),
Bücherhallen Hamburg - Eimsbüttel,,,['POI'],POINT(9.956647 53.571823),
Bücherhallen Hamburg - Elbvororte,,,['POI'],POINT(9.812283 53.563708),
Bücherhallen Hamburg - Farmsen,,,['POI'],POINT(10.121278 53.60531),
Bücherhallen Hamburg - Finkenwerder,,,['POI'],POINT(9.879062 53.53212),
Bücherhallen Hamburg - Fuhlsbüttel,,,['POI'],POINT(10.025785 53.626007),
Bücherhallen Hamburg - Harburg,,,['POI'],POINT(9.98395 53.456525),
Bücherhallen Hamburg - Hohenhorst,,,['POI'],POINT(10.142345 53.5843),
Bücherhallen Hamburg - Holstenstraße,,,['POI'],POINT(9.952776 53.556759),
Bücherhallen Hamburg - Horn,,,['POI'],POINT(10.081924 53.55397),
Bücherhallen Hamburg - Jugendbibliothek hoeb4u,,,['POI'],POINT(9.927149 53.554543),
Bücherhallen Hamburg - Kinderbibliothek,,,['POI'],POINT(10.008044 53.549476),
Bücherhallen Hamburg - Kirchdorf,,,['POI'],POINT(10.008357 53.497259),
Bücherhallen Hamburg - Langenhorn,,,['POI'],POINT(10.013179 53.649997),
Bücherhallen Hamburg - Lokstedt,,,['POI'],POINT(9.963477 53.599991),
Bücherhallen Hamburg - Mümmelmannsberg,,,['POI'],POINT(10.149127 53.528175),
Bücherhallen Hamburg - Neuallermöhe,,,['POI'],POINT(10.158013 53.489055),
Bücherhallen Hamburg - Neugraben,,,['POI'],POINT(9.851925 53.469545),
Bücherhallen Hamburg - Niendorf,,,['POI'],POINT(9.952103 53.622833),
Bücherhallen Hamburg - Osdorfer Born,,,['POI'],POINT(9.848848 53.588344),
Bücherhallen Hamburg - Rahlstedt,,,['POI'],POINT(10.155978 53.603021),
Bücherhallen Hamburg - Schnelsen,,,['POI'],POINT(9.918009 53.631312),
Bücherhallen Hamburg - Steilshoop,,,['POI'],POINT(10.057319 53.613494),
Bücherhallen Hamburg - Volksdorf,,,['POI'],POINT(10.163664 53.6479),
Bücherhallen Hamburg - Wandsbek,,,['POI'],POINT(10.069674 53.574415),
Bücherhallen Hamburg - Wilhelmsburg,,,['POI'],POINT(9.986293 53.517912),
Bücherhallen Hamburg - Winterhude,,,['POI'],POINT(10.00029 53.594253),
Bücherhallen Hamburg - Zentralbibliothek,,,['POI'],POINT(10.008397 53.549716),
Commerzbibliothek der Handelskammer Hamburg,,,['POI'],POINT(9.991628 53.549425),
Funkhaus NDR,,,['POI'],POINT(9.989305 53.576607),
Landesmedienzentrum,,,['POI'],POINT(9.938977 53.574866),
NDR Fernsehstudio,,,['POI'],POINT(9.947461 53.595752),
RTL Plus,,,['POI'],POINT(10.125219 53.585379),
SAT1 Fernsehen,,,['POI'],POINT(10.023811 53.603165),
Studio Hamburg,,,['POI'],POINT(10.12531 53.585953),
Apothekenkammer,,,['POI'],POINT(9.997192 53.566613),
Börse,,,['POI'],POINT(9.991332 53.549697),
Hamburger Notarkammer,,,['POI'],POINT(9.990148 53.556473),
Hanseatische Rechtsanwaltskammer,,,['POI'],POINT(9.988483 53.55176),
Psychotherapeutenkammer Hamburg,,,['POI'],POINT(10.027593 53.582259),
Tierärztekammer Hamburg,,,['POI'],POINT(9.968127 53.561577),
Wirtschaftsprüfungskammer,,,['POI'],POINT(10.000849 53.554659),
Zahnärztekammer,,,['POI'],POINT(10.10654 53.539161),
Ärztekammer,,,['POI'],POINT(10.028233 53.582479),
Handelskammer Hamburg,,,['POI'],POINT(9.99109 53.549654),
Handwerkskammer Hamburg,,,['POI'],POINT(9.977016 53.553059),
CDU Landesverband Hamburg,,,['POI'],POINT(9.992723 53.550458),
DKP Hamburg,,,['POI'],POINT(9.975027 53.549247),
Die Grünen Hamburg,,,['POI'],POINT(9.962862 53.563669),
FDP Hamburg,,,['POI'],POINT(9.935547 53.551477),
SPD Hamburg,,,['POI'],POINT(10.017933 53.552232),
Anonyme Alkoholiker,,,['POI'],POINT(10.032979 53.585151),
Arbeiter-Samariter-Bund ASB,,,['POI'],POINT(10.030723 53.545824),
Arbeiterwohlfahrt,,,['POI'],POINT(9.989542 53.566092),
Beratungsstelle Charon,,,['POI'],POINT(10.021956 53.575146),
Caritasverband Hamburg,,,['POI'],POINT(10.012507 53.557544),
DLRG Deutsche Lebensrettungsgesellschaft,,,['POI'],POINT(10.11725 53.57867),
DRK Landesverband,,,['POI'],POINT(9.958488 53.599133),
Deutscher Guttempler-Orden,,,['POI'],POINT(10.01695 53.553418),
Diakonisches Werk - Betreuungsverein für den Hamburger Westen,,,['POI'],POINT(9.813239 53.560809),
Diakonisches Werk des Kirchenkreises Blankenese,,,['POI'],POINT(9.850422 53.58924),
Drogenberatungszentrum KÖ16A,,,['POI'],POINT(9.946197 53.548688),
Hamburger Kontakt- und Informationsstelle für Selbsthilfegruppen,,,['POI'],POINT(9.927432 53.558486),
Johanniter-Unfallhilfe Regionalverband Hamburg,,,['POI'],POINT(10.092024 53.585211),
Kinder- und Familienhilfezentrum Neuallermöhe-West,,,['POI'],POINT(10.152242 53.488491),
Kontakt- und Beratungsstelle Männer gegen Männer-Gewalt,,,['POI'],POINT(10.025306 53.56199),
Maltheser Hilfsdienst - Geschäftsstelle Hamburg,,,['POI'],POINT(10.082788 53.554735),
Streetlife Rahlstedt - Straßensozialarbeit,,,['POI'],POINT(10.154982 53.603614),
THW - Landesverband Geschäftsstelle Hamburg,,,['POI'],POINT(10.007552 53.604282),
THW - Ortsverband Altona,,,['POI'],POINT(9.902685 53.596117),
THW - Ortsverband Bergedorf,,,['POI'],POINT(10.261917 53.484642),
THW - Ortsverband Eimsbüttel,,,['POI'],POINT(9.95707 53.599899),
THW - Ortsverband Hamburg-Mitte,,,['POI'],POINT(10.094277 53.536821),
THW - Ortsverband Hamburg-Nord,,,['POI'],POINT(10.008021 53.603676),
THW - Ortsverband Harburg,,,['POI'],POINT(9.993042 53.451966),
THW - Ortsverband Wandsbek,,,['POI'],POINT(10.12064 53.582376),
Postbank Hamburg,,,['POI'],POINT(10.016773 53.603872),
Aktionskreis Alter in Eimsbüttel,,,['POI'],POINT(9.953455 53.578219),
Alsterspende in der Stiftung Alsterdorf,,,['POI'],POINT(10.023219 53.613674),
Alzheimer Gesellschaft Hamburg e.V.,,,['POI'],POINT(10.070284 53.574077),
Ambulante Hilfen (SPFH),,,['POI'],POINT(10.037203 53.575743),
Amputierte e.V. Nord,,,['POI'],POINT(10.11912 53.61171),
Arbeitsausschuss der Organisation ehemals Verfolgter in Hamburg,,,['POI'],POINT(9.989441 53.552714),
Arbeitsgemeinschaft Spina bifida und Hydrocephalus,,,['POI'],POINT(10.04032 53.601836),
Arbeitslosen-Telefonhilfe e.V.,,,['POI'],POINT(10.02477 53.574763),
Autonom Leben e.V.,,,['POI'],POINT(9.955731 53.564013),
Behindertenarbeitsgemeinschaft Altona e. V.,,,['POI'],POINT(9.934368 53.554802),
Behindertenarbeitsgemeinschaft Bergedorf,,,['POI'],POINT(10.207555 53.492357),
Behindertenarbeitsgemeinschaft Harburg,,,['POI'],POINT(9.986507 53.457052),
Beratungsteam Rudolf-Ballin-Stiftung,,,['POI'],POINT(10.037158 53.575734),
Beratungszentrum für Technische Hilfen und Wohnraumanpassung (Barrierefrei Leben e.V.),,,['POI'],POINT(10.035035 53.572257),
Bergedorfer Beschäftigungsträger (Alte Holstenstraße 42),,,['POI'],POINT(10.207454 53.49145),
Bergedorfer Beschäftigungsträger (Alte Holstenstraße 46),,,['POI'],POINT(10.208591 53.49169),
Bergedorfer Beschäftigungsträger (Weidenbaumsweg),,,['POI'],POINT(10.200079 53.481604),
Berufsförderungswerk Hamburg-Vermittlungskontor,,,['POI'],POINT(10.1152 53.611441),
Betreuungsverein Bergedorf e.V.,,,['POI'],POINT(10.213535 53.490697),
Betreuungsverein Hamburg-Mitte,,,['POI'],POINT(10.050925 53.57326),
Betreuungsverein Hamburg-Nord e.V.,,,['POI'],POINT(10.017227 53.586958),
Betreuungsverein Sozial-diakonischer Dienst e.V.,,,['POI'],POINT(9.813076 53.56099),
Betreuungsverein Wandsbek,,,['POI'],POINT(10.050925 53.57326),
Blinden- und Sehbehindertenverein Hamburg e.V.,,,['POI'],POINT(10.039161 53.574917),
Blutspendedienst im UKE Eppendorf,,,['POI'],POINT(9.975813 53.589298),
Blutspendedienst im Zentralinstitut für Transfusionsmedizin,,,['POI'],POINT(10.056602 53.576292),
Bund der Schwerhörigen e.V.,,,['POI'],POINT(10.037951 53.572367),
Bund der Steuerzahler Hamburg e.V.,,,['POI'],POINT(9.995446 53.549492),
Bund gegen Missbrauch der Tiere e.V.,,,['POI'],POINT(9.942618 53.597363),
Bürgerhaus Allermöhe,,,['POI'],POINT(10.179676 53.486264),
Bürgerhaus Bornheide,,,['POI'],POINT(9.854581 53.588815),
Bürgerhaus Eidelstedt,,,['POI'],POINT(9.903242 53.607362),
Bürgerhaus Lokstedt,,,['POI'],POINT(9.962924 53.596249),
Bürgerhaus Meiendorf,,,['POI'],POINT(10.16508 53.622467),
Bürgerhaus Niendorf,,,['POI'],POINT(9.948958 53.620109),
Bürgerhaus Wandsbek,,,['POI'],POINT(10.070498 53.574165),
Bürgerhaus Wilhelmsburg,,,['POI'],POINT(9.996071 53.50031),
DUCKDALBEN / Deutsche Seemannsmission Hamburg-Harburg e.V.,,,['POI'],POINT(9.920388 53.521161),
Deutsche Flugsicherung GmbH,,,['POI'],POINT(10.005884 53.631953),
Deutsche Multiple Sklerose Gesellschaft,,,['POI'],POINT(9.96617 53.578998),
Deutsche Rentenversicherung Bund,,,['POI'],POINT(9.990938 53.552198),
Deutsche Rentenversicherung Nord,,,['POI'],POINT(10.107299 53.592474),
Deutsche Rheuma-Liga - Landesverband Hamburg,,,['POI'],POINT(10.052362 53.578845),
Deutscher Diabetiker Bund,,,['POI'],POINT(10.002685 53.54998),
Deutscher Motoryachtverband e.V.,,,['POI'],POINT(10.053069 53.609704),
Deutscher Segler-Verband,,,['POI'],POINT(10.053069 53.609704),
Elbcampus Kompetenzzentrum,,,['POI'],POINT(9.994054 53.457888),
Elbe-Werkstätten GmbH,,,['POI'],POINT(9.971247 53.441506),
Franziskus Tierheim,,,['POI'],POINT(9.941535 53.594856),
FreiwilligenBörseHamburg,,,['POI'],POINT(10.015105 53.551358),
Gehörlosenverband Hamburg,,,['POI'],POINT(9.90346 53.549666),
Geschäftsstelle Rudolf-Ballin-Stiftung,,,['POI'],POINT(10.02521 53.581103),
Grundeigentümerverband Hamburg v. 1832,,,['POI'],POINT(9.996336 53.551408),
HWF Hamburgische Gesellschaft für Wirtschaftsförderung mbH,,,['POI'],POINT(10.028274 53.571121),
Hamburger Esperanto-Verein e.V.,,,['POI'],POINT(10.036297 53.555983),
Hamburger Landesarbeitsgemeinschaft für behinderte Menschen (LAG) e.V.,,,['POI'],POINT(10.036375 53.571527),
Hamburger Spendenparlament e.V.,,,['POI'],POINT(9.937126 53.547861),
Hamburger Sportbund,,,['POI'],POINT(9.969394 53.567497),
Hamburger Tafel e.V.,,,['POI'],POINT(9.976701 53.570169),
Hamburger Tierheim Süderstraße,,,['POI'],POINT(10.066818 53.546154),
Hamburger Tierschutzverein von 1841,,,['POI'],POINT(10.066818 53.546145),
Hamburger Werkstatt GmbH,,,['POI'],POINT(10.135751 53.637961),
Hamburgischer Anwaltsverein e.V.,,,['POI'],POINT(9.97675 53.555927),
Haus Rissen - Internationales Institut für Politik und Wissenschaft,,,['POI'],POINT(9.773736 53.576903),
Info-Point Europa - Europa-Union Hamburg e.V.,,,['POI'],POINT(9.991047 53.549762),
Informations- und Kontaktstelle Aktiver Ruhestand e.V. - I.K.A.R.U.S.,,,['POI'],POINT(9.998716 53.548656),
Insel e.v. Betreuungsverein für Eimsbüttel,,,['POI'],POINT(9.968151 53.580482),
Insel e.v. Betreuungsverein für Harburg,,,['POI'],POINT(9.980592 53.461683),
KISS - Kontakt- und Informationsstelle für Selbsthilfegruppen - Altona,,,['POI'],POINT(9.93323 53.555889),
KISS - Kontakt- und Informationsstelle für Selbsthilfegruppen - Barmbek,,,['POI'],POINT(10.04032 53.601836),
KISS - Kontakt- und Informationsstelle für Selbsthilfegruppen - Harburg,,,['POI'],POINT(9.979794 53.462337),
KISS - Kontakt- und Informationsstelle für Selbsthilfegruppen - Wandsbek,,,['POI'],POINT(10.061684 53.571862),
Kulturklinker,,,['POI'],POINT(10.043977 53.602487),
Landesverband Soziokultur-Hamburg e.V.,,,['POI'],POINT(9.96707 53.557605),
"Leben mit Behinderung Hamburg e.V., ehem. Hamburger Spastikerverein",,,['POI'],POINT(10.016511 53.591735),
Lebenshilfe für Menschen mit geistiger Behinderung Landesverband Hamburg,,,['POI'],POINT(10.072809 53.570029),
Medienwerkstatt Blickwinkel e.V. MultimediaCompetenceCenter (MCC),,,['POI'],POINT(9.9671 53.557596),
Mieterverein zu Hamburg,,,['POI'],POINT(10.022932 53.553043),
Notfallpraxis Berner Heerweg,,,['POI'],POINT(10.118903 53.601208),
Notfallpraxis Stresemannstr.,,,['POI'],POINT(9.960162 53.559746),
Patriotische Gesellschaft von 1765,,,['POI'],POINT(9.992406 53.54852),
"Ring Deutscher Makler, Landesverband Hamburg e.V.",,,['POI'],POINT(9.991064 53.556295),
"SOS Hilfeverbund Hamburg, Treffpunkt und Beratung Dulsberg (Elsässer Str.) - freier Träger - Fachamt Jugend- und Familie",,,['POI'],POINT(10.063498 53.580975),
SchülerInnenkammer (SKH),,,['POI'],POINT(10.060429 53.588038),
Seemannsmission des Seemannspfarramtes,,,['POI'],POINT(9.94559 53.544452),
Seniorenbüro Hamburg e.V.,,,['POI'],POINT(10.018872 53.5574),
Sozialverband Deutschland,,,['POI'],POINT(10.049317 53.586932),
Sozialverband VdK,,,['POI'],POINT(10.025492 53.544737),
Stadtteilkulturzentrum Neuallermöhe-West,,,['POI'],POINT(10.152242 53.488491),
Steuerberatungskammer Hamburg,,,['POI'],POINT(10.000109 53.553362),
"Stiftung Europaverständigung e.V. (SEV), gemeinnützig",,,['POI'],POINT(9.842173 53.471375),
Stiftung Hamburger Öffentliche Bücherhallen - HÖB-Zentralbibliothek,,,['POI'],POINT(10.008397 53.549707),
Stiftung des öffentlichen Rechts.,,,['POI'],POINT(10.212128 53.488923),
Stilbruch GmbH,,,['POI'],POINT(10.095817 53.586479),
Umweltzentrum Karlshöhe,,,['POI'],POINT(10.110363 53.630391),
Verbraucherzentrale Hamburg,,,['POI'],POINT(10.007726 53.555122),
Verein Verkehrsamateure und Museumsbahn e.V.,,,['POI'],POINT(9.953171 53.612563),
hamburger arbeit Beschäftigungsgesellschaft mbH,,,['POI'],POINT(10.079253 53.571148),
pflegen&wohnen (Vitanas GmbH),,,['POI'],POINT(10.027781 53.543324),
Wasser,,,['POI'],POINT(10.04178 53.533472),
Wasser - Stadtentwässerung,,,['POI'],POINT(10.008631 53.545608),
Lichtblick AG,,,['POI'],POINT(9.968127 53.549034),
"Beratungsstelle für Kinder, Jugendliche und Eltern (Fuhlsbütteler Damm) - Bezirksamt Hamburg-Nord",,,['POI'],POINT(10.022608 53.62589),
Amtsgericht Hamburg (Caffamacherreihe),,,['POI'],POINT(9.985398 53.556647),
Amtsgericht Hamburg (Dammtorstraße),,,['POI'],POINT(9.987976 53.556527),
Amtsgericht Hamburg (Dammtorwall),,,['POI'],POINT(9.986213 53.557278),
Amtsgericht Hamburg (Drehbahn),,,['POI'],POINT(9.985414 53.556656),
Amtsgericht Hamburg (Johannes Brahms Platz),,,['POI'],POINT(9.981091 53.555056),
Amtsgericht Hamburg (Kapstadtring),,,['POI'],POINT(10.027518 53.602163),
Amtsgericht Hamburg (Max-Brauer-Allee),,,['POI'],POINT(9.943062 53.556306),
"Amtsgericht Hamburg, Insolvenzgericht",,,['POI'],POINT(9.976819 53.555657),
"Amtsgericht Hamburg, Nachlaßabteilung 72 - 76",,,['POI'],POINT(9.985268 53.556873),
Amtsgericht Hamburg-Altona,,,['POI'],POINT(9.943063 53.556315),
Amtsgericht Hamburg-Barmbek,,,['POI'],POINT(10.029617 53.581047),
Amtsgericht Hamburg-Bergedorf,,,['POI'],POINT(10.210176 53.4902),
"Amtsgericht Hamburg-Bezirksjugendgericht, zentrale Eingangsgeschäftsstelle",,,['POI'],POINT(9.97688 53.555684),
Amtsgericht Hamburg-Blankenese,,,['POI'],POINT(9.81021 53.561836),
Amtsgericht Hamburg-Harburg,,,['POI'],POINT(9.976336 53.465196),
Amtsgericht Hamburg-Mitte (Sievekingplatz),,,['POI'],POINT(9.976546 53.555605),
Amtsgericht Hamburg-St. Georg,,,['POI'],POINT(10.022085 53.557345),
Amtsgericht Hamburg-Wandsbek (Schädlerstr),,,['POI'],POINT(10.076072 53.572506),
Amtsgericht Harburg (Bleichenweg),,,['POI'],POINT(9.976486 53.465185),
Amtsgericht Harburg (Buxtehuder Str.),,,['POI'],POINT(9.98622 53.460909),
Amtsgericht Wandsbek (Wandsbeker Zollstraße),,,['POI'],POINT(10.076041 53.572506),
"Beratungsstelle für Kinder, Jugendliche und Eltern (Mühlendamm)",,,['POI'],POINT(10.025358 53.560399),
"Beratungsstelle für Kinder, Jugendliche und Eltern(Elsässer Str) - Bezirksamt Hamburg-Nord",,,['POI'],POINT(10.063374 53.580859),
"Beratungsstelle für Kinder, Jugendliche und Eltern(Ludolfsstr) - Bezirksamt Hamburg-Nord",,,['POI'],POINT(9.991375 53.593429),
Erziehungs- und Familienberatungsstelle (Kieler Straße) - Bezirksamt Eimsbüttel,,,['POI'],POINT(9.938404 53.576245),
Jugend- und Familienhilfe-Niendorf/Schnelsen/Lokstedt - Bezirksamt Eimsbüttel,,,['POI'],POINT(9.946548 53.619786),
Jugend- und Sozialdezernat,,,['POI'],POINT(9.984503 53.590224),
Jugendamt Altona (Mörkenstr.) - Bezirksamt Altona,,,['POI'],POINT(9.942813 53.549847),
Jugendamt Altona (Osdorfer Landstraße) - Bezirksamt Altona,,,['POI'],POINT(9.871307 53.570876),
Jugendamt Altona (Platz der Republik) - Bezirksamt Altona,,,['POI'],POINT(9.935558 53.547191),
Jugendamt Bergedorf (Herzog-Carl-Friedrich-Platz) - Bezirksamt Bergedorf,,,['POI'],POINT(10.208591 53.49169),
Arbeitsgericht Hamburg,,,['POI'],POINT(10.032966 53.584001),
Landesarbeitsgericht Hamburg,,,['POI'],POINT(10.032969 53.584136),
Jugendamt Eimsbüttel (Basselweg) - Bezirksamt Eimsbüttel,,,['POI'],POINT(9.933382 53.589537),
Jugendamt Eimsbüttel - Region II (Friedrich-Ebert-Str.) - Bezirksamt Eimsbüttel,,,['POI'],POINT(9.946593 53.619759),
Jugendamt Eimsbüttel - Region II (Graf-Ernst-Weg) - Bezirksamt Eimsbüttel,,,['POI'],POINT(9.913138 53.625554),
Jugendamt Eimsbüttel - Region II (Vielohweg) - Bezirksamt Eimsbüttel,,,['POI'],POINT(9.949271 53.636702),
Jugendamt Eimsbüttel - Region II (Wagrierweg) - Bezirksamt Eimsbüttel,,,['POI'],POINT(9.940311 53.642388),
Jugendamt Hamburg-Mitte (Bei der Schilleroper) - Bezirksamt Hamburg-Mitte,,,['POI'],POINT(9.962482 53.55758),
Jugendamt Hamburg-Mitte (Billstedter Hauptstr) - Bezirksamt Hamburg-Mitte,,,['POI'],POINT(10.097087 53.541657),
Jugendamt Hamburg-Mitte (Butendeichsweg) - Bezirksamt Hamburg-Mitte,,,['POI'],POINT(9.877537 53.535689),
Jugendamt Hamburg-Mitte (Große Freiheit),,,['POI'],POINT(9.958021 53.551811),
Jugendamt Hamburg-Mitte (Klosterwall) - Bezirksamt Hamburg-Mitte,,,['POI'],POINT(10.006483 53.549157),
Finanzgericht,,,['POI'],POINT(10.02207 53.557345),
Jugendamt Hamburg-Nord (Kümmellstr.) - Bezirksamt Hamburg-Nord,,,['POI'],POINT(9.985017 53.590246),
Jugendamt Hamburg-Nord (Poppenhusenstr.) - Bezirksamt Hamburg-Nord,,,['POI'],POINT(10.04284 53.585767),
"Jugendamt Hamburg-Nord, Region Barmbek-Uhlenhorst",,,['POI'],POINT(10.06794 53.585868),
Jugendamt Harburg (Harburger Ring) - Bezirksamt Harburg,,,['POI'],POINT(9.978808 53.460737),
Jugendamt Harburg (Neugrabener Markt) - Bezirksamt Harburg,,,['POI'],POINT(9.852815 53.469619),
Jugendamt Harburg (Reinstorfweg) - Bezirksamt Harburg,,,['POI'],POINT(9.992636 53.501614),
Jugendamt Wandsbek (Am Alten Posthaus) - Bezirksamt Wandsbek,,,['POI'],POINT(10.070594 53.571414),
Jugendamt Wandsbek (Bramfelder Chaussee) - Bezirksamt Wandsbek,,,['POI'],POINT(10.080401 53.618535),
Jugendamt Wandsbek (Rahlstedter Straße) - Bezirksamt Wandsbek,,,['POI'],POINT(10.156973 53.601259),
Kinder- und Jugendarbeit / Jugendsozialarbeit (Am Alten Posthaus) - Fachamt Jugend- und Familienhilfe - Bezirksamt Wands,,,['POI'],POINT(10.070609 53.571396),
Justizvollzugsanstalt Billwerder,,,['POI'],POINT(10.111442 53.510928),
Justizvollzugsanstalt Fuhlsbüttel,,,['POI'],POINT(10.018086 53.622047),
Kinder- und Jugendarbeit / Jugendsozialarbeit (Bramfelder Chaussee)- Fachamt Jugend- und Familienhilfe - Region 2 - Bezi,,,['POI'],POINT(10.079742 53.618173),
Kinder- und Jugendarbeit / Jugendsozialarbeit 2 (Billstedter Hauptstraße) - Fachamt Jugend- und Familienhilfe - Region 2,,,['POI'],POINT(10.097087 53.541657),
Koordinator Jugendschutz (Billstedter Hauptstraße) - Fachamt Jugend- und Familienhilfe - Region 2 - Bezirksamt Hamburg-M,,,['POI'],POINT(10.097391 53.541771),
Koordinator für Kinderschutz - Fachamt Jugend- und Familienhilfe (Platz der Republik) - Region 1 - Bezirksamt Altona,,,['POI'],POINT(9.935412 53.549501),
Mobile Kinder- und Jugendarbeit Eidelstedt (Pinneberger Chaussee) - Fachamt Jugend- und Familienhilfe - Bezirksamt Eimsb,,,['POI'],POINT(9.901981 53.609879),
Offene Kinder- und Jugendarbeit / Jugendsozialarbeit (Kümmelstr. 7) - Fachamt Jugend- und Familienhilfe - Region 1 - Bez,,,['POI'],POINT(9.985416 53.590513),
Offene Kinder- und Jugendarbeit / Jugendsozialarbeit (Kümmelstr. 7) - Fachamt Jugend- und Familienhilfe - Region 2- Bezi,,,['POI'],POINT(9.985416 53.590513),
Hamburgisches Oberverwaltungsgericht,,,['POI'],POINT(10.02207 53.557354),
Hamburgisches Verfassungsgericht,,,['POI'],POINT(9.976921 53.556788),
Hanseatisches Oberlandesgericht,,,['POI'],POINT(9.97662 53.556836),
Landgericht Hamburg,,,['POI'],POINT(9.978219 53.55614),
"Gem.Prüfungsamt v.Bremen, Hamburg u.Schleswig-Holstein f.d.2. jur. Staatsexamen",,,['POI'],POINT(9.986228 53.557278),
Rechtsamt Altona,,,['POI'],POINT(9.935412 53.549501),
Rechtsamt Harburg,,,['POI'],POINT(9.977516 53.459561),
Rechtsamt Wandsbek,,,['POI'],POINT(10.070594 53.571414),
Staatsanwaltschaft - Leitender Oberstaatsanwalt,,,['POI'],POINT(9.982276 53.556718),
Staatsanwaltschaft bei dem Hanseatischen Oberlandesgericht,,,['POI'],POINT(9.982276 53.556718),
Sozialgericht Hamburg,,,['POI'],POINT(9.987873 53.556654),
Öffentliche Rechtsauskunft und Vergleichsstelle Alstertal (Wentzelplatz),,,['POI'],POINT(10.09223 53.652303),
Öffentliche Rechtsauskunft und Vergleichsstelle Altona (Alte Königstr.),,,['POI'],POINT(9.937669 53.547156),
Öffentliche Rechtsauskunft und Vergleichsstelle Barmbek (Poppenhusenstr),,,['POI'],POINT(10.043636 53.585616),
Öffentliche Rechtsauskunft und Vergleichsstelle Bergedorf (Fleetplatz),,,['POI'],POINT(10.158783 53.489659),
Öffentliche Rechtsauskunft und Vergleichsstelle Billstedt (Öjendorfer Weg),,,['POI'],POINT(10.107041 53.540415),
Öffentliche Rechtsauskunft und Vergleichsstelle Blankenese (Sülldorfer Kirchenweg),,,['POI'],POINT(9.812675 53.563697),
Öffentliche Rechtsauskunft und Vergleichsstelle Bramfeld (Herthastraße),,,['POI'],POINT(10.079345 53.611509),
Öffentliche Rechtsauskunft und Vergleichsstelle Eimsbüttel (Grindelberg),,,['POI'],POINT(9.978994 53.575308),
Öffentliche Rechtsauskunft und Vergleichsstelle Eppendorf (Kümmellstr),,,['POI'],POINT(9.984601 53.589854),
Öffentliche Rechtsauskunft und Vergleichsstelle Finkenwerder (Steendiek),,,['POI'],POINT(9.880486 53.532442),
Öffentliche Rechtsauskunft und Vergleichsstelle Fuhlsbüttel (Hummelsbüttler Landstr),,,['POI'],POINT(10.026166 53.630514),
Öffentliche Rechtsauskunft und Vergleichsstelle Hamburg-Mitte (Dammtorstr.),,,['POI'],POINT(9.988608 53.557088),
Öffentliche Rechtsauskunft und Vergleichsstelle Harburg (Harburger Ring),,,['POI'],POINT(9.979664 53.460631),
Öffentliche Rechtsauskunft und Vergleichsstelle Lokstedt (Garstedter Weg),,,['POI'],POINT(9.954722 53.62168),
Öffentliche Rechtsauskunft und Vergleichsstelle Lurup (Achtern Born),,,['POI'],POINT(9.849347 53.587612),
Öffentliche Rechtsauskunft und Vergleichsstelle Rahlstedt (Rahlstedter Str),,,['POI'],POINT(10.156867 53.601817),
Öffentliche Rechtsauskunft und Vergleichsstelle Stellingen (Basselweg),,,['POI'],POINT(9.933695 53.59206),
Öffentliche Rechtsauskunft und Vergleichsstelle Süderelbe (Neugrabener Markt),,,['POI'],POINT(9.85293 53.469349),
Öffentliche Rechtsauskunft und Vergleichsstelle Walddörfer (Farmsener Landstr),,,['POI'],POINT(10.161862 53.65002),
Öffentliche Rechtsauskunft und Vergleichsstelle Wandsbek,,,['POI'],POINT(10.070607 53.571899),
Öffentliche Rechtsauskunft und Vergleichsstelle Wilhelmsburg (Mengestr),,,['POI'],POINT(9.99687 53.499036),
