name,location,node_type
Heinrich-Hertz-Turm,POINT(9.976376 53.564601),['Station']
U S Jungfernstieg,POINT(9.992846 53.553135),['Station']
Universität/Staatsbibliothek,POINT(9.984176 53.564429),['Station']
Bf. Dammtor,POINT(9.9903 53.561045),['Station']
Fontenay,POINT(9.994508 53.564811),['Station']
Böttgerstraße,POINT(9.995527 53.568361),['Station']
Alsterchaussee,POINT(9.994015 53.572749),['Station']
Magellan-Terrassen,POINT(9.993321 53.542492),['Station']
U Hallerstraße,POINT(9.988655 53.572695),['Station']
Bezirksamt Eimsbüttel,POINT(9.978518 53.572347),['Station']
U Hoheluftbrücke,POINT(9.97621 53.578323),['Station']
U Gänsemarkt (Valentinskamp),POINT(9.985829 53.555682),['Station']
U Meßberg,POINT(10.001672 53.547356),['Station']
Kunsthalle,POINT(10.000646 53.555631),['Station']
Oberstraße,POINT(9.988952 53.577643),['Station']
Grindelhof,POINT(9.980932 53.56708),['Station']
Bundesstraße,POINT(9.974068 53.569212),['Station']
Bundesstraße/Rentzelstraße,POINT(9.979446 53.566158),['Station']
Dragonerstall,POINT(9.982055 53.555632),['Station']
Paulinenstraße,POINT(9.964641 53.554965),['Station']
Am Sandtorkai,POINT(9.991707 53.543153),['Station']
U Baumwall,POINT(9.981311 53.544344),['Station']
Marco-Polo-Terrassen,POINT(9.99371 53.540413),['Station']
Rathausmarkt (Petrikirche),POINT(9.996025 53.550359),['Station']
Auf dem Sande (Speicherstadt),POINT(9.989884 53.543878),['Station']
Am Sandtorpark (Überseequartier),POINT(9.996338 53.541838),['Station']
Bei St. Annen,POINT(9.997209 53.545533),['Station']
Hamburg Messe (Eingang Mitte),POINT(9.975894 53.562008),['Station']
Domstraße,POINT(9.994587 53.548223),['Station']
U Überseequartier,POINT(9.997006 53.540763),['Station']
U HafenCity Universität,POINT(10.004773 53.540689),['Station']
Busch (Süd),POINT(10.454082 53.650214),['Station']
Am Kaiserkai (Elbphilharmonie),POINT(9.985573 53.542727),['Station']
Koreastraße,POINT(10.002155 53.543533),['Station']
Shanghaiallee,POINT(10.003921 53.54102),['Station']
Osakaallee (Überseequartier),POINT(9.998578 53.542799),['Station']
Singapurstraße,POINT(9.996761 53.543794),['Station']
Baakenhöft,POINT(10.008563 53.538312),['Station']
U S Elbbrücken,POINT(10.024164 53.53534),['Station']
U S Elbbrücken (Baakenwerder Straße),POINT(10.02243 53.536622),['Station']
Ericusspitze,POINT(10.003196 53.546058),['Station']
Lola-Rogge-Platz,POINT(10.013298 53.537598),['Station']
Gerda-Gmelin-Platz,POINT(10.014301 53.5398),['Station']
Lademannbogen 51,POINT(10.030937 53.643295),['Station']
Gretchen-Wohlwill-Platz,POINT(10.017392 53.536611),['Station']
Rambachstraße,POINT(9.97602 53.544558),['Station']
Hohenesch,POINT(9.928601 53.554703),['Station']
Zeisehallen,POINT(9.927452 53.554577),['Station']
Lisbeth-Bruhn-Straße,POINT(10.172932 53.485342),['Station']
Victoriaallee,POINT(10.192525 53.609554),['Station']
Lily-Braun-Straße,POINT(10.173822 53.487041),['Station']
Speersort,POINT(9.996624 53.549527),['Station']
Zoologisches Museum,POINT(9.977594 53.567008),['Station']
Johnsallee,POINT(9.988789 53.566135),['Station']
Vorstadtschule,POINT(10.789872 53.700585),['Station']
Hallerstraße,POINT(9.989165 53.573221),['Station']
Stephansplatz (Oper/CCH),POINT(9.989357 53.558816),['Station']
Meßberg,POINT(10.000821 53.547722),['Station']
Mönckebergstraße,POINT(10.002023 53.551324),['Station']
Rathaus,POINT(9.994716 53.550505),['Station']
Rödingsmarkt,POINT(9.986566 53.547805),['Station']
Baumwall (Elbphilharmonie),POINT(9.981701 53.544242),['Station']
Messehallen,POINT(9.976779 53.557832),['Station']
Gänsemarkt (Oper),POINT(9.986038 53.555608),['Station']
Feldstraße (Heiligengeistfeld),POINT(9.968704 53.557116),['Station']
Überseequartier,POINT(9.999037 53.540531),['Station']
HafenCity Universität,POINT(10.008993 53.540519),['Station']
Elbbrücken,POINT(10.023618 53.535228),['Station']
Jungfernstieg,POINT(9.994904 53.552749),['Station']
Dammtor (Messe/CCH),POINT(9.989739 53.56096),['Station']
Stadthausbrücke,POINT(9.984914 53.549445),['Station']
Kuckucksredder,POINT(10.635092 53.608734),['Station']
Am Sande,POINT(10.410922 53.24772),['Station']
Göldenitz,POINT(10.631035 53.72247),['Station']
Schule Norderschulweg,POINT(9.876493 53.531878),['Station']
Ort,POINT(10.901201 53.193777),['Station']
Seehof,POINT(9.781742 53.518231),['Station']
Fehrsweg,POINT(10.020059 53.631752),['Station']
Stoppelfeld,POINT(10.14757 53.61215),['Station']
Am Kroog,POINT(10.141137 53.609516),['Station']
Arnswalder Straße,POINT(10.151465 53.613685),['Station']
Kajedeich 21,POINT(9.203315 53.787962),['Station']
Süderende,POINT(9.224688 53.787106),['Station']
Halskestraße (Ost),POINT(10.090192 53.516381),['Station']
Kötnerende,POINT(9.328174 53.574698),['Station']
Friedenstraße,POINT(10.690151 53.616982),['Station']
Hohenfelde 73,POINT(9.610513 53.550255),['Station']
Dollerner Straße,POINT(9.613557 53.543752),['Station']
Muddweg,POINT(9.623413 53.540008),['Station']
Altenschleuse,POINT(9.613958 53.532851),['Station']
Gehrden,POINT(9.658303 53.541968),['Station']
Hinterdeich 11,POINT(9.652019 53.53353),['Station']
Westerladekop 70,POINT(9.657131 53.521848),['Station']
Westerladekop 135,POINT(9.645565 53.524669),['Station']
Schule,POINT(9.668591 53.519035),['Station']
Wastenfelder Redder,POINT(10.31314 53.645392),['Station']
Volkmannsweg,POINT(9.678926 53.485569),['Station']
Kammerbusch,POINT(9.551348 53.415117),['Station']
Lüner Weg,POINT(10.426088 53.2618),['Station']
Stöteroggestraße (Nord),POINT(10.39959 53.264514),['Station']
Tennispark,POINT(10.384965 53.259994),['Station']
Planckstraße,POINT(10.40464 53.219236),['Station']
Hinrich-Wilhelm-Kopf-Straße,POINT(10.433806 53.239386),['Station']
Teilfeld,POINT(10.389747 53.27942),['Station']
Im Kamp,POINT(10.384594 53.222517),['Station']
Bachstraße,POINT(10.440288 53.247296),['Station']
Volgershall (Uni),POINT(10.383913 53.249223),['Station']
Johanna-Stegen-Straße,POINT(10.387386 53.249587),['Station']
Jüttkenmoor,POINT(10.385007 53.247844),['Station']
Hessenweg (Mitte),POINT(10.387962 53.213689),['Station']
Kefersteinstraße (Uni),POINT(10.410266 53.240979),['Station']
Kloster Lüne,POINT(10.422745 53.260879),['Station']
Klosterkamp,POINT(10.446432 53.229124),['Station']
Klosterweg,POINT(10.371969 53.211655),['Station']
Königsberger Straße,POINT(10.408678 53.262843),['Station']
Konrad-Adenauer-Straße,POINT(10.431951 53.237665),['Station']
Krähornsberg,POINT(10.386178 53.27061),['Station']
Kurt-Schumacher-Straße,POINT(10.42647 53.240408),['Station']
Lambertiplatz,POINT(10.403184 53.245663),['Station']
Landwehr,POINT(10.39565 53.283889),['Station']
Kurt-Höbold-Straße,POINT(10.478639 53.240689),['Station']
Magdeburger Straße,POINT(10.399131 53.266532),['Station']
Memeler Straße,POINT(10.467894 53.260268),['Station']
Naruto-Straße,POINT(10.385121 53.269436),['Station']
Neue Sülze,POINT(10.404244 53.247834),['Station']
Imkerstieg,POINT(10.388845 53.27474),['Station']
Oedeme Dorf,POINT(10.376519 53.228901),['Station']
Ringstraße,POINT(10.389147 53.23597),['Station']
Ovelgönner Weg,POINT(10.392047 53.229798),['Station']
Ortelsburger Straße,POINT(10.463343 53.260827),['Station']
Osterwiese,POINT(10.37475 53.214831),['Station']
Ostlandring,POINT(10.439754 53.2421),['Station']
Pulverweg (Süd),POINT(10.421208 53.248415),['Station']
Hansestraße,POINT(10.426191 53.254098),['Station']
Reichenbachplatz,POINT(10.410708 53.253033),['Station']
Am Bahnhof Rettmer,POINT(10.382028 53.219545),['Station']
Meinekenhop,POINT(10.387754 53.237361),['Station']
Röntgenstraße,POINT(10.402949 53.220612),['Station']
Röntgenstraße (Kirche),POINT(10.402474 53.223026),['Station']
Rotes Tor,POINT(10.40979 53.243815),['Station']
Salzwedeler Straße,POINT(10.403148 53.260572),['Station']
Leuphana,POINT(10.401538 53.230136),['Station']
Schäferfeld,POINT(10.428498 53.238344),['Station']
Scharnhorststraße (DJH),POINT(10.397145 53.229981),['Station']
Schildsteinweg,POINT(10.391929 53.240907),['Station']
Schlachthof,POINT(10.425039 53.272596),['Station']
Am Grasweg,POINT(10.38801 53.2462),['Station']
Schomakerstraße,POINT(10.39989 53.253987),['Station']
Am Schützenplatz,POINT(10.423555 53.248702),['Station']
Schützenstraße,POINT(10.435132 53.244537),['Station']
Zentralfriedhof,POINT(10.398941 53.237293),['Station']
Soltauer Straße (Kurzentrum),POINT(10.402205 53.24137),['Station']
St.-Stephanus-Platz,POINT(10.434883 53.238447),['Station']
Wallstraße (Theater),POINT(10.40771 53.245718),['Station']
Steinweg,POINT(10.387929 53.229793),['Station']
Sternkamp,POINT(10.405522 53.267167),['Station']
Stöteroggestraße (Süd),POINT(10.402054 53.255543),['Station']
Sültenweg,POINT(10.393082 53.244137),['Station']
Schulzentrum Oedeme,POINT(10.385674 53.233234),['Station']
Theodor-Haubach-Straße,POINT(10.442699 53.234372),['Station']
Theodor-Heuss-Straße,POINT(10.432742 53.246093),['Station']
Thorner Platz,POINT(10.399625 53.259616),['Station']
Thorner Straße (West),POINT(10.39441 53.258715),['Station']
K31,POINT(9.760324 53.401497),['Station']
Ohlenbütteler Stadtweg,POINT(9.771791 53.405404),['Station']
Am Hügel,POINT(9.781463 53.406401),['Station']
Am Kirchenwald,POINT(9.787636 53.406019),['Station']
Henningstraße,POINT(10.423412 53.252522),['Station']
Herderschule,POINT(10.39174 53.255871),['Station']
Schwinger Tannen,POINT(9.385309 53.569289),['Station']
Am Wischfeld,POINT(10.388288 53.211286),['Station']
Lahmsbeck,POINT(9.574898 53.481785),['Station']
Ortsmitte,POINT(9.418151 53.440611),['Station']
Sinnenweg,POINT(10.113602 53.42257),['Station']
Rosenweide 10,POINT(10.122448 53.420852),['Station']
Alte Eichen,POINT(9.601494 53.483469),['Station']
Denkmal,POINT(9.706663 53.28169),['Station']
Schulzentrum,POINT(9.710831 53.27179),['Station']
Am Sande,POINT(9.712894 53.281357),['Station']
GS Poststraße,POINT(9.717294 53.279084),['Station']
Krummer Weg,POINT(10.260511 53.407262),['Station']
Bf. Tostedt,POINT(9.73039 53.271618),['Station']
Schule,POINT(10.272098 53.418075),['Station']
Schwinger Baum,POINT(9.34932 53.550469),['Station']
Königsdamm,POINT(9.421304 53.479344),['Station']
Wilhelm-Weber-Straße,POINT(9.978001 53.473422),['Station']
Westbahnhof,POINT(9.699487 53.280196),['Station']
Barmstedter Straße 30,POINT(9.727475 53.835476),['Station']
Altendeich (Ost),POINT(9.627332 53.751468),['Station']
Hainholzer Damm (Nord),POINT(9.671965 53.745017),['Station']
Schlottweg,POINT(9.68161 53.799564),['Station']
Langelner Heidkaten,POINT(9.879266 53.807755),['Station']
Helmstorfer Straße,POINT(9.988168 53.375602),['Station']
Ringstraße,POINT(9.990112 53.374543),['Station']
Mühlenweg,POINT(9.975735 53.336545),['Station']
Dornbusch,POINT(9.670046 53.740643),['Station']
Heidmühlenweg,POINT(9.658158 53.735426),['Station']
Bf. Elmshorn (Holstenplatz),POINT(9.658198 53.754492),['Station']
Rutenbeck,POINT(9.55331 53.464222),['Station']
Abzweigung Egestorf,POINT(10.019333 53.257932),['Station']
Hansenbarg,POINT(10.008623 53.272733),['Station']
Hingstkamp,POINT(10.010262 53.26597),['Station']
Im Bultmoor,POINT(10.012209 53.260832),['Station']
Kirche,POINT(10.012446 53.258161),['Station']
Wildpark Lüneburger Heide,POINT(10.045195 53.23571),['Station']
Im Auetal,POINT(10.024201 53.235901),['Station']
Ollsener Weg,POINT(10.022852 53.22956),['Station']
"Ollsen, Ponyhof",POINT(10.009026 53.220503),['Station']
Abzweig Weißenfelde,POINT(9.529809 53.4234),['Station']
Kammerbuscherweg,POINT(9.53579 53.419375),['Station']
Auebrücke,POINT(9.513201 53.425827),['Station']
Abzweig Hahnenbalken,POINT(9.544983 53.462993),['Station']
Heisterstroot,POINT(9.508512 53.443845),['Station']
Grundschule Feldbusch,POINT(9.521579 53.452711),['Station']
Hoopweg,POINT(9.514607 53.44629),['Station']
Klosterstraße,POINT(9.507497 53.454649),['Station']
Weißenfelder Straße,POINT(9.509514 53.448306),['Station']
Weißenfelde,POINT(9.539562 53.44166),['Station']
Bf. Holm-Seppensen,POINT(9.871204 53.28575),['Station']
Kleiberweg,POINT(9.871374 53.284553),['Station']
Grundschule,POINT(9.873994 53.282845),['Station']
Holm-Seppensen (Süd),POINT(9.875851 53.276918),['Station']
Abzweigung Wörme,POINT(9.878318 53.269244),['Station']
Inzmühlener Straße,POINT(9.882813 53.265563),['Station']
Machangelweg,POINT(9.870392 53.291542),['Station']
Tiedemannsweg,POINT(9.872124 53.280855),['Station']
Eidigweg,POINT(9.868603 53.286137),['Station']
Höhenweg,POINT(9.546017 53.408726),['Station']
Apensener Straße 105,POINT(9.656602 53.458397),['Station']
Kindergarten,POINT(9.549483 53.412754),['Station']
Ruschwedeler Straße,POINT(9.567439 53.455628),['Station']
Apensener Straße 198,POINT(9.646604 53.45235),['Station']
Am Bahnhof Ottensen,POINT(9.646349 53.452433),['Station']
Bf. Apensen,POINT(9.610255 53.441076),['Station']
Hellwege-Allee,POINT(9.515926 53.457021),['Station']
Fischerhof,POINT(9.60887 53.49044),['Station']
Dorfplatz,POINT(10.362961 53.897838),['Station']
Neuengörser Straße,POINT(10.364616 53.898663),['Station']
Brunskamp,POINT(9.909467 53.810199),['Station']
Buschweg,POINT(9.916493 53.801016),['Station']
Ortsmitte,POINT(9.803515 53.309525),['Station']
Bürgermeister-Kröger-Straße,POINT(9.822314 53.309549),['Station']
Schule,POINT(9.812559 53.308601),['Station']
Rudolf-Steiner-Schule,POINT(9.75554 53.305481),['Station']
Kinderheim,POINT(9.754805 53.305467),['Station']
Bachstraße,POINT(9.76532 53.307081),['Station']
Denkmal,POINT(9.773532 53.31161),['Station']
Lange Straße,POINT(9.757079 53.305974),['Station']
Weddelbrooker Straße,POINT(9.883233 53.901735),['Station']
Julius-Leber-Straße,POINT(10.326815 53.928109),['Station']
Kreishaus,POINT(10.304158 53.936337),['Station']
Liliencronweg,POINT(10.291651 53.931728),['Station']
Lübecker Landstraße,POINT(10.323945 53.931708),['Station']
Mühlenberg,POINT(10.294611 53.936835),['Station']
Gustav-Böhm-Siedlung,POINT(10.290022 53.933704),['Station']
Propsteialtenheim,POINT(10.295008 53.931449),['Station']
Rathaus,POINT(10.314017 53.936535),['Station']
Schlangenredder,POINT(10.320013 53.928715),['Station']
Dr. Lindrath-Straße,POINT(10.195035 53.948991),['Station']
Schwimmhalle,POINT(10.205161 53.957839),['Station']
Neddernhof 50,POINT(9.777588 53.282992),['Station']
Ort,POINT(9.780052 53.275059),['Station']
B3 Abzweigung Neddernhof,POINT(9.793141 53.286483),['Station']
Kronsheider Straße,POINT(10.200901 53.950119),['Station']
Marinesiedlung,POINT(10.204999 53.954346),['Station']
B3 Auf der Horst,POINT(9.795799 53.296386),['Station']
Waldheim,POINT(9.793596 53.28755),['Station']
Am Stadion,POINT(10.376655 53.814145),['Station']
B 208,POINT(10.4955 53.76436),['Station']
Altfresenburg,POINT(10.36165 53.823364),['Station']
Erbstorfer Landstraße,POINT(10.477765 53.274003),['Station']
Wendeplatz,POINT(10.476545 53.273838),['Station']
Alte Schule,POINT(10.545311 53.90765),['Station']
Abzw. Krumbeck,POINT(10.54861 53.905092),['Station']
Feuerwache,POINT(10.381703 53.811571),['Station']
Finkenweg,POINT(10.365979 53.799135),['Station']
Lindenkamp,POINT(10.356816 53.801629),['Station']
Anne-Frank-Straße,POINT(10.383272 53.799296),['Station']
Klaus-Groth-Schule,POINT(10.380539 53.816337),['Station']
Krankenhaus,POINT(10.364151 53.811547),['Station']
Schule am Kurpark,POINT(10.376558 53.80144),['Station']
Ulmenkamp,POINT(10.360943 53.800172),['Station']
Schützenstraße,POINT(10.365507 53.809815),['Station']
Meisenweg,POINT(10.370394 53.800001),['Station']
Bei der Mennokate,POINT(10.374746 53.816566),['Station']
Moordamm,POINT(10.368907 53.802346),['Station']
Pahleck,POINT(10.400255 53.803826),['Station']
Poggenbreeden,POINT(10.385707 53.816979),['Station']
Sandkamp,POINT(10.342139 53.799261),['Station']
Schanzenbarg 2,POINT(10.399126 53.809095),['Station']
Schanzenbarg 20,POINT(10.40159 53.808348),['Station']
Schanzenbarg 33,POINT(10.400488 53.807624),['Station']
Ölmühle,POINT(10.384191 53.794479),['Station']
Travebad,POINT(10.368621 53.811748),['Station']
Stettiner Straße,POINT(10.3806 53.817298),['Station']
Timm-Kröger-Weg,POINT(10.360169 53.806722),['Station']
Am Tegel,POINT(10.402302 53.804664),['Station']
Heimstraße,POINT(10.360486 53.811346),['Station']
Gemeinschaftshaus,POINT(10.574027 53.868019),['Station']
Dorfstraße,POINT(10.582981 53.869609),['Station']
Mitteltor,POINT(10.574058 53.865197),['Station']
Zur Wüstenei,POINT(10.59116 53.871989),['Station']
Schulweg,POINT(10.292275 53.819334),['Station']
Kindergarten,POINT(10.376632 53.744885),['Station']
Westerauer Straße,POINT(10.500537 53.806071),['Station']
"Barnitz, Benstaben (Mitte)",POINT(10.457874 53.815979),['Station']
Blumendorf,POINT(10.328889 53.795922),['Station']
Bolande,POINT(10.465214 53.833546),['Station']
Abzweigung Ratzbek,POINT(10.556921 53.836856),['Station']
Bahnbrücke,POINT(10.546723 53.834679),['Station']
Siedlung,POINT(10.310555 53.816817),['Station']
Schulstraße,POINT(10.261203 53.762608),['Station']
Abzweigung Fliegenfelde,POINT(10.541201 53.859271),['Station']
Zur Düpenau,POINT(10.407896 53.79582),['Station']
Gut,POINT(10.530665 53.791745),['Station']
Markt,POINT(10.742112 53.186973),['Station']
Gymnasium,POINT(10.725275 53.203601),['Station']
Basedower Weg,POINT(10.580799 53.42082),['Station']
Feuerwehrhaus,POINT(10.453064 53.752438),['Station']
Schulendorf,POINT(10.561582 53.473534),['Station']
Drosselstraße 7,POINT(10.72704 53.201733),['Station']
Waldstraße,POINT(10.421108 53.495327),['Station']
Königsallee (Nord),POINT(10.412978 53.515938),['Station']
Bf. Büchen (Lauenburger Straße),POINT(10.622184 53.474946),['Station']
Möllner Straße,POINT(10.617732 53.480631),['Station']
Büchener Straße,POINT(10.616206 53.483707),['Station']
Schulzentrum,POINT(10.614708 53.479558),['Station']
Sportplatz,POINT(10.614859 53.488299),['Station']
Abzweigung,POINT(10.736681 53.733466),['Station']
Am Schmidtsteich,POINT(10.441202 53.736766),['Station']
Dorfstraße,POINT(10.60645 53.440004),['Station']
Am Riesenbett,POINT(10.365647 53.506855),['Station']
Berodtskamp,POINT(10.358324 53.503623),['Station']
Bornweg,POINT(10.363469 53.493959),['Station']
Feuerwehr,POINT(10.53103 53.569882),['Station']
Linnenkamp,POINT(10.627559 53.221511),['Station']
Robert-Koch-Straße,POINT(10.451856 53.284494),['Station']
Oldesloer Straße,POINT(10.438667 53.733526),['Station']
U Emilienstraße,POINT(9.952624 53.571514),['Station']
Ortsmitte,POINT(10.260952 53.099844),['Station']
Siedlung,POINT(10.27694 53.102792),['Station']
Diersbüttel 15,POINT(10.258014 53.100477),['Station']
Karnapp,POINT(9.983107 53.463684),['Station']
Soldbarg,POINT(10.066635 53.151672),['Station']
Neuer Fährweg,POINT(9.790892 53.53031),['Station']
Beim Avenberg,POINT(10.082554 53.471109),['Station']
Halskestraße (West),POINT(10.074302 53.52595),['Station']
Halskestraße (Mitte),POINT(10.081796 53.521767),['Station']
Andreas-Meyer-Straße (Mitte),POINT(10.078295 53.518088),['Station']
Andreas-Meyer-Straße (Ost),POINT(10.081634 53.516018),['Station']
Moorfleet,POINT(10.088042 53.511925),['Station']
Billwerder Bucht,POINT(10.067579 53.523045),['Station']
Moorfleeter Deich,POINT(10.069462 53.518167),['Station']
Sandwisch,POINT(10.074168 53.515268),['Station']
Moorfleeter Hauptdeich,POINT(10.079217 53.500998),['Station']
Tatenberger Schleuse,POINT(10.077929 53.497766),['Station']
Tatenberger Damm,POINT(10.067776 53.49252),['Station']
Spadenländer Ecke,POINT(10.065125 53.491348),['Station']
Beim Bieberhof,POINT(10.072161 53.485355),['Station']
Fasanengrund,POINT(10.076006 53.480136),['Station']
Schwersweg,POINT(10.077581 53.477516),['Station']
Hofschläger Deich,POINT(10.054586 53.486221),['Station']
Elversweg,POINT(10.079427 53.473662),['Station']
Ochsenwerder Kirche,POINT(10.084518 53.476635),['Station']
Eichholzfelder Deich,POINT(10.091169 53.479315),['Station']
Ochsenwerder Mühlenweg,POINT(10.098932 53.47839),['Station']
Reitdeich,POINT(10.101937 53.475173),['Station']
Goseburg,POINT(10.104375 53.471646),['Station']
Ochsenwerder Norderdeich 220,POINT(10.113086 53.465536),['Station']
Oortkatenweg (Nord),POINT(10.120234 53.464202),['Station']
Gauert,POINT(10.088422 53.463813),['Station']
Oortkatenweg,POINT(10.105699 53.456538),['Station']
Hohendeicher See (Nord),POINT(10.09972 53.449441),['Station']
Ochsenwerder Elbdeich,POINT(10.107836 53.44667),['Station']
Siedlung Fünfhausen,POINT(10.116343 53.450796),['Station']
Hohedeich (Feuerwehr),POINT(10.111422 53.44164),['Station']
Hohedeich,POINT(10.117164 53.440769),['Station']
Durchdeich (Süd),POINT(10.121585 53.441222),['Station']
Schule Ochsenwerder,POINT(10.074599 53.471567),['Station']
Dorferbogen,POINT(10.067193 53.468102),['Station']
Gauerter Hauptdeich 35,POINT(10.066754 53.463227),['Station']
Gauerter Hauptdeich 77,POINT(10.069978 53.460269),['Station']
Ochsenwerder Elbdeich 3,POINT(10.075342 53.45748),['Station']
Oortkaten,POINT(10.090422 53.44905),['Station']
Overhaken,POINT(10.106977 53.436785),['Station']
Overwerder,POINT(10.113407 53.430623),['Station']
Spadenländer Elbdeich,POINT(10.062963 53.477206),['Station']
Homannring,POINT(10.124056 53.447605),['Station']
Andreas-Meyer-Straße (West),POINT(10.071882 53.522063),['Station']
Nagelstegel,POINT(10.080413 53.456176),['Station']
Oortkatenufer,POINT(10.101239 53.440675),['Station']
Moorfleeter Kirchenweg,POINT(10.080181 53.513399),['Station']
Moorfleet (Feuerwehr),POINT(10.086659 53.512064),['Station']
Moorfleet (Châu-und-Lân-Straße),POINT(10.088719 53.512458),['Station']
Hein-Baxmann-Stieg,POINT(10.083667 53.512972),['Station']
Kneidenweg,POINT(10.072429 53.500754),['Station']
Moorfleeter Brückenstraße,POINT(10.081178 53.501079),['Station']
Moorfleeter Deich 344,POINT(10.091393 53.495676),['Station']
Ochsenwerder Norderdeich 194,POINT(10.109123 53.467747),['Station']
S Stellingen (Bus-Shuttle),POINT(9.915208 53.589948),['Station']
Billbrookdeich 210,POINT(10.104993 53.534764),['Station']
Billstieg,POINT(10.108459 53.534103),['Station']
Schule Billbrookdeich,POINT(10.111022 53.532902),['Station']
Rote Brücke,POINT(10.108784 53.530353),['Station']
Billwerder Billdeich (West),POINT(10.112282 53.523419),['Station']
Maler- und Lackierer-Museum,POINT(10.118775 53.52149),['Station']
Glockenhausbrücke,POINT(10.123746 53.517319),['Station']
Billwerder Kirche,POINT(10.127723 53.51437),['Station']
Billwerder Billdeich 174,POINT(10.129382 53.509844),['Station']
Billwerder (Feuerwehr),POINT(10.135662 53.504563),['Station']
Mittlerer Landweg (Nord),POINT(10.139613 53.502405),['Station']
Schule Mittlerer Landweg,POINT(10.134268 53.499212),['Station']
Rungedamm (Nord),POINT(10.105845 53.499775),['Station']
S Mittlerer Landweg,POINT(10.131943 53.497347),['Station']
Rungedamm (Ost),POINT(10.127006 53.49362),['Station']
Am Gleisdreieck,POINT(10.129182 53.495531),['Station']
Mittlerer Landweg (Süd),POINT(10.119075 53.488833),['Station']
Moorfleeter Deich (Ost),POINT(10.116109 53.484889),['Station']
Pumpwerk Allermöhe,POINT(10.11799 53.481943),['Station']
Allermöher Deich 75,POINT(10.124554 53.482932),['Station']
Allermöher Kirche,POINT(10.129309 53.482169),['Station']
Allermöher Deich 187,POINT(10.140564 53.476068),['Station']
See Hinterm Horn,POINT(10.158484 53.474826),['Station']
Hans-Duncker-Straße (Nord),POINT(10.120316 53.493611),['Station']
Fockenweide,POINT(10.179022 53.490368),['Station']
Friedrich-Frank-Bogen (Mitte),POINT(10.1779 53.492284),['Station']
Friedrich-Frank-Bogen (Nord),POINT(10.179654 53.494127),['Station']
Billwerder Billdeich (Ost),POINT(10.179817 53.49621),['Station']
Bojeweg,POINT(10.174828 53.500545),['Station']
Bojendamm,POINT(10.170712 53.502662),['Station']
Boberger Furtweg,POINT(10.164033 53.506402),['Station']
Billwerder Billdeich 356,POINT(10.153596 53.502298),['Station']
Billwerder Billdeich 318,POINT(10.147495 53.501278),['Station']
Billbrookdeich (Ost),POINT(10.111259 53.531013),['Station']
Rotenbrückenweg,POINT(10.116733 53.530405),['Station']
Allermöher Deich 355,POINT(10.162518 53.472541),['Station']
Allermöher Deich 365,POINT(10.164835 53.472464),['Station']
S Nettelnburg,POINT(10.182632 53.488535),['Station']
Hans-Duncker-Straße (Mitte),POINT(10.115892 53.490975),['Station']
Wilhelm-Iwan-Ring,POINT(10.109533 53.490962),['Station']
Rungedamm (Mitte),POINT(10.110313 53.49888),['Station']
Werner-Witt-Straße (Süd),POINT(10.106547 53.493748),['Station']
Werner-Witt-Straße (Nord),POINT(10.112577 53.496721),['Station']
Billstieg (Kehre),POINT(10.109517 53.533581),['Station']
Hermann-Wüsthof-Ring (Ost),POINT(10.111206 53.493292),['Station']
S Allermöhe (Stellbrinkweg),POINT(10.159676 53.489812),['Station']
Von-Scheliha-Straße,POINT(10.162781 53.48546),['Station']
Wilhelm-Osterhold-Stieg,POINT(10.161587 53.483665),['Station']
Curt-Bär-Weg,POINT(10.158719 53.484016),['Station']
Herbert-Pardo-Weg,POINT(10.151796 53.484829),['Station']
Adolf-Köster-Damm,POINT(10.146946 53.485406),['Station']
Otto-Grot-Straße,POINT(10.147561 53.488671),['Station']
Karl-Rüther-Stieg,POINT(10.153344 53.489684),['Station']
Sophie-Schoop-Weg,POINT(10.163627 53.489396),['Station']
Margit-Zinke-Straße (Nord),POINT(10.166036 53.488797),['Station']
Auf der Bojewiese,POINT(10.177827 53.496724),['Station']
Berufsschulzentrum Bergedorf,POINT(10.182629 53.49168),['Station']
S Allermöhe,POINT(10.15873 53.490504),['Station']
Marie-Henning-Weg,POINT(10.154289 53.484536),['Station']
Unterer Landweg (Nord),POINT(10.110592 53.526275),['Station']
Bredowstraße (Ost),POINT(10.096671 53.519179),['Station']
S Billwerder-Moorfleet,POINT(10.095927 53.516625),['Station']
IKEA Moorfleet,POINT(10.09617 53.511456),['Station']
Billwerder Ring (Ost),POINT(10.121631 53.494354),['Station']
Hermann-Wüsthof-Ring (West),POINT(10.101669 53.497397),['Station']
Rungedamm (West),POINT(10.097535 53.497192),['Station']
Gewerbegebiet Moorfleet,POINT(10.090663 53.504821),['Station']
Porgesring,POINT(10.098074 53.521511),['Station']
Pinkertweg (Ost),POINT(10.104866 53.522383),['Station']
Felix-Jud-Ring (Mitte),POINT(10.15387 53.481305),['Station']
Michael-Pritzl-Weg,POINT(10.15686 53.481015),['Station']
Moorfleeter Deich 380,POINT(10.092298 53.492208),['Station']
Moorfleeter Deich 427,POINT(10.094922 53.487611),['Station']
Eichbaumsee,POINT(10.104712 53.487511),['Station']
Berliner Straße,POINT(10.725728 53.821156),['Station']
Wurzelredder,POINT(10.736823 53.815488),['Station']
Klein Grönau,POINT(10.748395 53.80823),['Station']
Billwerder-Moorfleet,POINT(10.096645 53.515809),['Station']
Mittlerer Landweg,POINT(10.131449 53.498062),['Station']
Nettelnburg,POINT(10.181397 53.488009),['Station']
Allermöhe,POINT(10.158459 53.490489),['Station']
U Steinfurther Allee,POINT(10.139434 53.541207),['Station']
Reclamstraße,POINT(10.110206 53.538606),['Station']
Öjendorfer Steinkamp,POINT(10.13321 53.539756),['Station']
Oberschleems,POINT(10.118913 53.538148),['Station']
U Merkenstraße,POINT(10.127332 53.538814),['Station']
Rahewinkel,POINT(10.155253 53.52276),['Station']
Schlangenkoppel,POINT(10.142219 53.543247),['Station']
"Oststeinbek, Willinghusener Weg",POINT(10.152301 53.542853),['Station']
Barsbütteler Weg,POINT(10.164754 53.542014),['Station']
Kampstraße,POINT(10.177077 53.542504),['Station']
Haseneck,POINT(10.137486 53.529903),['Station']
Steinfurther Allee (Nord),POINT(10.137899 53.541338),['Station']
Boberger Straße,POINT(10.165076 53.521919),['Station']
An der Schleemer Mühle,POINT(10.115948 53.537277),['Station']
Mehrenskamp,POINT(10.121244 53.534469),['Station']
Steinbeker Marktstraße,POINT(10.127302 53.532552),['Station']
Kirchsteinbek,POINT(10.129206 53.529874),['Station']
Schule Mümmelmannsberg,POINT(10.141526 53.529847),['Station']
Max-Klinger-Straße,POINT(10.144361 53.52982),['Station']
Feiningerstraße,POINT(10.14831 53.529755),['Station']
U Mümmelmannsberg,POINT(10.149849 53.526981),['Station']
Steinbeker Grenzdamm,POINT(10.150088 53.524122),['Station']
Boberg,POINT(10.167313 53.51443),['Station']
Boberger Drift,POINT(10.17088 53.513658),['Station']
Rudorffweg,POINT(10.178414 53.512452),['Station']
Mendelstraße,POINT(10.186345 53.511439),['Station']
Haempten,POINT(10.19246 53.511765),['Station']
Langbergring,POINT(10.157843 53.515987),['Station']
Münterweg,POINT(10.144675 53.527471),['Station']
Billstedter Mühlenweg,POINT(10.115392 53.533328),['Station']
Frobeniusweg,POINT(10.10891 53.536902),['Station']
BG Klinikum Boberg,POINT(10.180179 53.507609),['Station']
Grandkoppel (West),POINT(10.186392 53.505553),['Station']
Grandkoppel,POINT(10.191064 53.503934),['Station']
Grandkoppelstieg,POINT(10.191894 53.5061),['Station']
Schulenburgring,POINT(10.186884 53.508064),['Station']
Emilie-Günther-Weg,POINT(10.194776 53.502477),['Station']
An der Bergkoppel,POINT(10.198794 53.500676),['Station']
Richard-Linde-Weg,POINT(10.187953 53.501539),['Station']
Schulstraße,POINT(10.170427 53.522918),['Station']
Krähenberg,POINT(10.168529 53.525201),['Station']
Uferstraße,POINT(10.169807 53.540365),['Station']
Havighorster Redder (West),POINT(10.135596 53.527459),['Station']
Moosberg (Pflegezentrum),POINT(10.182067 53.498012),['Station']
Lohkamp,POINT(10.122638 53.531293),['Station']
Schulredder,POINT(10.162377 53.5142),['Station']
Meessen,POINT(10.158971 53.548477),['Station']
Fritz-Lindemann-Weg,POINT(10.185451 53.51019),['Station']
Fachmarktzentrum,POINT(10.154127 53.545648),['Station']
Strietkoppel,POINT(10.153798 53.528588),['Station']
Am Mühlenbach,POINT(10.154347 53.531018),['Station']
Stormarnstraße,POINT(10.16954 53.542174),['Station']
Sonnenland,POINT(10.134699 53.536777),['Station']
Gewerbering,POINT(10.156983 53.549709),['Station']
Oststeinbeker Weg (Mitte),POINT(10.14045 53.538609),['Station']
Oststeinbeker Weg (West),POINT(10.131353 53.53573),['Station']
Am Steinbeker Hof,POINT(10.168662 53.527275),['Station']
Am Ohlendiek,POINT(10.170042 53.520442),['Station']
Hamburger Kamp,POINT(10.157007 53.542269),['Station']
Neustadt-Glewe-Weg,POINT(10.160427 53.547636),['Station']
Schleemer Weg (Nord),POINT(10.114969 53.542462),['Station']
Liebezeitstraße,POINT(10.118704 53.542813),['Station']
Kandinskyallee (Nord),POINT(10.1509 53.532947),['Station']
Helmut-Landt-Weg,POINT(10.164291 53.548775),['Station']
Am Vierth,POINT(10.751519 53.799782),['Station']
Merkenstraße,POINT(10.125457 53.538643),['Station']
Steinfurther Allee,POINT(10.139036 53.541013),['Station']
Mümmelmannsberg,POINT(10.149926 53.528158),['Station']
Fünfhausen (Durchdeich),POINT(10.127583 53.444355),['Station']
Fünfhausen,POINT(10.130859 53.444765),['Station']
Schule Fünfhausen,POINT(10.13334 53.448632),['Station']
Durchdeich 141,POINT(10.135808 53.451978),['Station']
Heinrich-Osterath-Straße 241,POINT(10.141508 53.456282),['Station']
Wulffsbrücke,POINT(10.136755 53.459229),['Station']
Reitbrooker Hinterdeich,POINT(10.139413 53.461235),['Station']
Ochsenwerder Norderdeich 320,POINT(10.130548 53.461373),['Station']
Alte Schule Reitbrook,POINT(10.148812 53.468055),['Station']
Vorderdeich 119,POINT(10.152561 53.469151),['Station']
Vorderdeich 75,POINT(10.160139 53.468718),['Station']
Reitbrooker Mühle,POINT(10.170747 53.467833),['Station']
Reitbrooker Mühlenbrücke,POINT(10.176007 53.467979),['Station']
Nettelnburger Landweg (Süd),POINT(10.174589 53.471165),['Station']
Nettelnburger Landweg 192,POINT(10.177503 53.475791),['Station']
Allermöher Werftstegel,POINT(10.17233 53.471726),['Station']
Wehrdeich,POINT(10.18947 53.486302),['Station']
Oberer Landweg (Eisenbahnbrücke),POINT(10.185715 53.487777),['Station']
Kienenhagen,POINT(10.188512 53.483841),['Station']
Heulandhagen,POINT(10.187293 53.480636),['Station']
Püttenhorst (Süd),POINT(10.186223 53.477906),['Station']
Klaus-Schaumann-Straße,POINT(10.189292 53.477255),['Station']
Katendeich,POINT(10.192081 53.476814),['Station']
Nettelnburger Straße,POINT(10.195788 53.476328),['Station']
Krapphofschleuse,POINT(10.189519 53.46815),['Station']
Schleusendamm,POINT(10.189721 53.465147),['Station']
Curslacker Brückendamm,POINT(10.199357 53.462948),['Station']
Kirchwerder Landweg 70,POINT(10.191631 53.457508),['Station']
Kirchwerder Landweg 182,POINT(10.180381 53.449263),['Station']
Neuengammer Hinterdeich,POINT(10.176727 53.446658),['Station']
Heinrich-Osterath-Straße (Ost),POINT(10.173555 53.444065),['Station']
Kirchwerder Hausdeich (West),POINT(10.18403 53.440817),['Station']
Spritzenhaus,POINT(10.187873 53.437229),['Station']
Hilda-Monte-Weg,POINT(10.170395 53.482393),['Station']
Marschbahndamm,POINT(10.154458 53.428625),['Station']
Howe,POINT(10.14833 53.420076),['Station']
Heinrich-Osterath-Straße (Mitte),POINT(10.147787 53.455188),['Station']
Seefelder Fischteiche,POINT(10.157043 53.451235),['Station']
Alte Schule Seefeld,POINT(10.164312 53.444021),['Station']
Fersenweg,POINT(10.158169 53.432866),['Station']
Siedfeld,POINT(10.129836 53.435124),['Station']
Kirchwerder Schulweg,POINT(10.134018 53.430007),['Station']
Johannssenstegel,POINT(10.139769 53.423941),['Station']
Elisabeth-von-Thadden-Kehre,POINT(10.167457 53.480193),['Station']
Lilo-Gloeden-Kehre,POINT(10.170506 53.478789),['Station']
Jeanette-Wolff-Ring,POINT(10.173314 53.477916),['Station']
Fiddigshagen,POINT(10.197508 53.479096),['Station']
Wiesnerring,POINT(10.200092 53.482584),['Station']
Kurt-A.-Körber-Chaussee (Ost),POINT(10.198358 53.488936),['Station']
Kurt-A.-Körber-Chaussee (Mitte),POINT(10.19303 53.489142),['Station']
Heckkaten,POINT(10.18932 53.490104),['Station']
Stadtteilschule Bergedorf,POINT(10.190477 53.492672),['Station']
Ruselerweg,POINT(10.195746 53.492502),['Station']
Lehfeld,POINT(10.207822 53.480529),['Station']
Kurfürstendeich,POINT(10.201805 53.466455),['Station']
Curslacker Deich 336,POINT(10.208009 53.463796),['Station']
Rieck-Museum,POINT(10.215454 53.45876),['Station']
Neuengammer Hausdeich 421,POINT(10.205687 53.457861),['Station']
Warwischer Hinterdeich,POINT(10.121455 53.425444),['Station']
Wraust,POINT(10.139375 53.423289),['Station']
Hower Hauptdeich,POINT(10.148693 53.416262),['Station']
Howe (Ost),POINT(10.152309 53.411501),['Station']
Süderquerweg 263,POINT(10.15665 53.412951),['Station']
Hower Brack,POINT(10.150693 53.418463),['Station']
Friedmannbogen,POINT(10.183785 53.478002),['Station']
Richard-Gödeke-Weg,POINT(10.184806 53.485441),['Station']
Billwerder Straße (HAW),POINT(10.198318 53.492881),['Station']
Henriette-Herz-Ring,POINT(10.172099 53.484111),['Station']
Rahel-Varnhagen-Weg,POINT(10.174407 53.488015),['Station']
S Nettelnburg (Südeingang),POINT(10.180026 53.486387),['Station']
Fanny-Lewald-Ring,POINT(10.176021 53.476677),['Station']
Anton-Rée-Schule,POINT(10.174448 53.482416),['Station']
Billwiese,POINT(10.188448 53.491236),['Station']
Gertrud-Seele-Kehre,POINT(10.173298 53.480603),['Station']
Nettelnburger Kirchenweg,POINT(10.182776 53.480186),['Station']
Siedlung Curslack (Nord),POINT(10.203761 53.47171),['Station']
Am Schilfpark,POINT(10.204637 53.47977),['Station']
Neuengammer Hausdeich 490,POINT(10.198292 53.463085),['Station']
Von-Haeften-Straße,POINT(10.165364 53.486827),['Station']
Nettelnburger Straße (Mitte),POINT(10.187384 53.477436),['Station']
Süderquerweg 399,POINT(10.14428 53.421624),['Station']
In der Hörn,POINT(10.194811 53.474253),['Station']
Freegen,POINT(10.12937 53.440834),['Station']
Am Schleusengraben,POINT(10.206347 53.477417),['Station']
Energie-Campus Bergedorf,POINT(10.203795 53.477164),['Station']
Erna-Mohr-Kehre,POINT(10.177353 53.478551),['Station']
Ameisweg,POINT(10.181578 53.47717),['Station']
Gersonweg,POINT(10.182596 53.47477),['Station']
Krapphofstraße,POINT(10.188225 53.475199),['Station']
Im Bötz,POINT(9.233247 53.55785),['Station']
Zum Schützenhof,POINT(9.248915 53.574054),['Station']
"(Lkr Stade), Timmerlade 29",POINT(9.278918 53.570556),['Station']
"(Lkr Stade), Siedlung 1a",POINT(9.27804 53.570198),['Station']
"(Lkr Stade), Waldsiedlung Sunde",POINT(9.296328 53.569292),['Station']
Neuengammer Hauptdeich,POINT(10.252748 53.417354),['Station']
Achterschlag,POINT(10.237544 53.468184),['Station']
Wasserwerk,POINT(10.235701 53.462811),['Station']
Curslacker Heerweg 118,POINT(10.234421 53.459176),['Station']
Grashofweg,POINT(10.232519 53.453787),['Station']
Rieckweg,POINT(10.23006 53.448915),['Station']
Curslacker Deich 200,POINT(10.219753 53.45274),['Station']
Curslack (Feuerwehr),POINT(10.222039 53.450057),['Station']
Schule Curslack,POINT(10.221372 53.4478),['Station']
Norderquerweg 92,POINT(10.196835 53.429511),['Station']
Neuengammer Hausdeich 351,POINT(10.213896 53.45324),['Station']
Neuengammer Hausdeich 310,POINT(10.214591 53.4491),['Station']
Odemanns Heck,POINT(10.220359 53.44657),['Station']
Neuengammer Kirche,POINT(10.222255 53.446038),['Station']
Lütte Stegel,POINT(10.224835 53.445221),['Station']
Heinrich-Stubbe-Weg,POINT(10.229394 53.445165),['Station']
Horster Damm,POINT(10.271617 53.461913),['Station']
Alte Horster Schule,POINT(10.283165 53.455895),['Station']
Lüttwetter,POINT(10.276018 53.434954),['Station']
Altengamme (Feuerwehr),POINT(10.274405 53.430334),['Station']
Schule Altengamme,POINT(10.268936 53.427589),['Station']
Borghorst,POINT(10.303151 53.439962),['Station']
Zeltplatz Altengamme,POINT(10.298494 53.432824),['Station']
Altengammer Löschplatz,POINT(10.290726 53.42873),['Station']
Altengamme (Süd),POINT(10.285863 53.427614),['Station']
Altengammer Elbwiesen,POINT(10.279337 53.426723),['Station']
Gammer Weg (Süd),POINT(10.273431 53.426948),['Station']
Neuengammer Elbdeich,POINT(10.257338 53.422545),['Station']
Achterdeich,POINT(10.246628 53.408693),['Station']
Kraueler Hauptdeich 261,POINT(10.241672 53.402706),['Station']
Kraueler Hauptdeich,POINT(10.234528 53.397973),['Station']
Ost-Kraueler Bogen,POINT(10.224988 53.397694),['Station']
West-Kraueler Bogen,POINT(10.215894 53.398811),['Station']
Riepenburg,POINT(10.204787 53.402123),['Station']
Krummer Hagen,POINT(10.207701 53.406272),['Station']
Kirchwerder Mühlendamm,POINT(10.210413 53.412301),['Station']
Zwischen den Zäunen,POINT(10.231696 53.440442),['Station']
Jean-Dolidier-Weg,POINT(10.233552 53.438024),['Station']
Bei der Blauen Brücke,POINT(10.237037 53.436784),['Station']
Windpark Neuengamme,POINT(10.241929 53.431153),['Station']
Neuengammer Hausdeich 52,POINT(10.249601 53.42649),['Station']
Neuengammer Marschbahndamm,POINT(10.253502 53.424068),['Station']
Kälbersteert,POINT(10.194537 53.44197),['Station']
Neuengammer Hinterdeich 180,POINT(10.203102 53.438865),['Station']
Neuengammer Hinterdeich 143,POINT(10.205087 53.435601),['Station']
Neuengammer Hinterdeich 123,POINT(10.203028 53.433043),['Station']
Neuengammer Hinterdeich 60,POINT(10.205466 53.428795),['Station']
Neuengammer Hinterdeich (Ost),POINT(10.215111 53.427762),['Station']
Kiebitzdeich (West),POINT(10.215079 53.425076),['Station']
In der Ohe-Nord,POINT(10.204404 53.419451),['Station']
Hitscherberg,POINT(10.197286 53.437512),['Station']
Kirchwerder Hausdeich (Mitte),POINT(10.198301 53.430799),['Station']
Achterdiekbrücke,POINT(10.203357 53.427091),['Station']
Alter Bahnhof Kirchwerder,POINT(10.200715 53.425168),['Station']
Grundschule Kirchwerder,POINT(10.202266 53.420425),['Station']
Kirchwerder Kirche,POINT(10.199508 53.418656),['Station']
Sielkuhle,POINT(10.201343 53.417586),['Station']
Kirchwerder Hausdeich 404,POINT(10.206168 53.414815),['Station']
Karkenland,POINT(10.197084 53.416955),['Station']
Teufelsort,POINT(10.191767 53.412408),['Station']
Kirchenheerweg,POINT(10.186023 53.404315),['Station']
Süderquerweg 208,POINT(10.163035 53.411586),['Station']
Neesentwiete,POINT(10.171984 53.409971),['Station']
Auf dem Sülzbrack,POINT(10.177812 53.407559),['Station']
Teufelsort (Kehre),POINT(10.191095 53.411471),['Station']
Grünerdeich,POINT(10.190595 53.40222),['Station']
Zollenspieker (Fähre),POINT(10.18273 53.398381),['Station']
Sülzbrack,POINT(10.173838 53.399232),['Station']
Lütjenburg (Kirchwerder),POINT(10.168566 53.400497),['Station']
Sande,POINT(10.158545 53.40631),['Station']
KZ-Gedenkstätte (Mahnmal),POINT(10.231689 53.434988),['Station']
KZ-Gedenkstätte (Ausstellung),POINT(10.226686 53.427977),['Station']
KZ-Gedenkstätte (Klinkerwerk),POINT(10.229838 53.43241),['Station']
Neuengammer Heerweg,POINT(10.220821 53.419653),['Station']
Kiebitzdeich (Mitte),POINT(10.226139 53.415231),['Station']
Kiebitzbrack,POINT(10.236393 53.410965),['Station']
Norderquerweg 42,POINT(10.191583 53.434308),['Station']
Horster Moor,POINT(10.286631 53.452048),['Station']
Weg zum Freibad,POINT(10.293832 53.44825),['Station']
Vossmoorbrücke,POINT(10.29728 53.445813),['Station']
Altengammer Marschbahndamm,POINT(10.301681 53.441578),['Station']
Schule Zollenspieker,POINT(10.18358 53.400834),['Station']
Riepenburger Brack,POINT(10.209165 53.400111),['Station']
Gammer Weg 146,POINT(10.278135 53.44132),['Station']
Schule Curslack (Kehre),POINT(10.221154 53.448045),['Station']
Carlsbrack,POINT(10.196663 53.403588),['Station']
Alte Twiete,POINT(10.20139 53.419239),['Station']
Kiebitzdeich 154,POINT(10.231667 53.413943),['Station']
Zweiter Fersenweg,POINT(10.209797 53.410195),['Station']
Neuengammer Hausdeich 331,POINT(10.214875 53.451146),['Station']
Am Graalwall,POINT(10.402247 53.250895),['Station']
Bf. Bergedorf,POINT(10.205824 53.48922),['Station']
Perelsstraße,POINT(10.203441 53.510963),['Station']
Röpraredder,POINT(10.210271 53.509923),['Station']
Havighorster Weg,POINT(10.209566 53.512689),['Station']
Großkoppel,POINT(10.223067 53.512479),['Station']
Am Forstplatz,POINT(10.228241 53.512588),['Station']
Eichenbusch (West),POINT(10.227951 53.516122),['Station']
Mühlenredder (West),POINT(10.228033 53.518449),['Station']
Stormarnstraße,POINT(10.232916 53.516287),['Station']
Treptower Weg,POINT(10.234632 53.514131),['Station']
Eichenbusch (Ost),POINT(10.236007 53.516291),['Station']
Holsteiner Straße,POINT(10.238473 53.518135),['Station']
Mühlenredder,POINT(10.246976 53.517633),['Station']
Auf dem Großen Ruhm,POINT(10.250365 53.518029),['Station']
Freizeitbad,POINT(10.245182 53.521219),['Station']
Sachsenwaldschule,POINT(10.248905 53.515025),['Station']
Schulstraße,POINT(10.250912 53.512533),['Station']
Landhausplatz,POINT(10.251835 53.510088),['Station']
Am Ladenzentrum,POINT(10.234838 53.510328),['Station']
S Reinbek,POINT(10.252313 53.50842),['Station']
Krankenhaus St. Adolf-Stift,POINT(10.240319 53.510639),['Station']
Sachsenwald-EKZ,POINT(10.233673 53.51122),['Station']
Schaumanns Kamp,POINT(10.231926 53.510241),['Station']
Störmerweg,POINT(10.230649 53.506228),['Station']
Schulzentrum,POINT(10.241714 53.518137),['Station']
Max-Eichholz-Ring,POINT(10.218241 53.504541),['Station']
Sterntwiete,POINT(10.214191 53.504177),['Station']
Harnackring,POINT(10.210784 53.507851),['Station']
Binnenfeldredder,POINT(10.210635 53.503665),['Station']
Goerdelerstraße,POINT(10.210918 53.501452),['Station']
Bornmühlenweg,POINT(10.210542 53.499362),['Station']
Heidkampsredder,POINT(10.199283 53.506772),['Station']
Plettenbergstraße,POINT(10.203566 53.504725),['Station']
Lohbrügger Weg,POINT(10.205723 53.501594),['Station']
Sanmannreihe,POINT(10.208135 53.497895),['Station']
Lohbrügger Kirchstraße,POINT(10.202776 53.498659),['Station']
Riehlstraße,POINT(10.196906 53.497307),['Station']
Höperfeld,POINT(10.199126 53.495874),['Station']
Ulmenliet,POINT(10.202619 53.495237),['Station']
Lohbrügger Markt,POINT(10.207627 53.494872),['Station']
Alte Holstenstraße,POINT(10.208361 53.490488),['Station']
Schillerufer,POINT(10.211627 53.490887),['Station']
Augustastraße,POINT(10.215302 53.490858),['Station']
Bille-Bad,POINT(10.214868 53.493064),['Station']
Am Güterbahnhof,POINT(10.201824 53.485244),['Station']
Korachstraße,POINT(10.198489 53.51068),['Station']
Behnsrade,POINT(10.199181 53.512236),['Station']
Kirschgarten,POINT(10.197358 53.502649),['Station']
Am Holländerberg,POINT(10.232613 53.509488),['Station']
Perelsstraße (Mitte),POINT(10.201915 53.509226),['Station']
Schneewittchenweg,POINT(10.231994 53.518813),['Station']
Lindenstraße,POINT(10.253976 53.513696),['Station']
Heringsgang,POINT(10.256269 53.518326),['Station']
Am Bergedorfer Hafen,POINT(10.206234 53.48829),['Station']
Sander Markt,POINT(10.208574 53.492697),['Station']
Am Volkspark,POINT(10.248959 53.724594),['Station']
Heinrich-Böll-Straße,POINT(10.4046 53.226686),['Station']
Carl-von-Ossietzky-Straße,POINT(10.401976 53.227516),['Station']
Rettmer (Mitte),POINT(10.369961 53.213933),['Station']
Bf. Lüneburg (ZOB),POINT(10.419075 53.248701),['Station']
Lindenstraße,POINT(10.256214 53.727061),['Station']
Stadtkoppel,POINT(10.450009 53.245893),['Station']
Rote Schleuse,POINT(10.410293 53.209455),['Station']
Spechtsweg (ASM-Halt),POINT(10.416073 53.232211),['Station']
Everser Dorfstraße,POINT(9.7554 53.398581),['Station']
Konrad-Zuse-Allee,POINT(10.416319 53.255528),['Station']
Rehrweg,POINT(10.372652 53.226465),['Station']
Schmiedestraße,POINT(10.376419 53.224867),['Station']
Rosenkamp,POINT(10.379217 53.22434),['Station']
Ilmenaucenter,POINT(10.416421 53.260873),['Station']
Rosenkamp Wendeplatz,POINT(10.380933 53.223673),['Station']
An der Roten Bleiche (Uni),POINT(10.413115 53.238788),['Station']
Feldstraße (Uni),POINT(10.414057 53.242381),['Station']
Langenhorst,POINT(10.288851 53.716668),['Station']
Kanalbrücke,POINT(10.484844 53.235606),['Station']
Universitätsallee,POINT(10.405478 53.229272),['Station']
Am Deich,POINT(10.262587 53.412856),['Station']
Drennhäuser Elbdeich,POINT(10.265918 53.41664),['Station']
Vrestorfer Weg,POINT(10.426102 53.278874),['Station']
Bismarck-Museum,POINT(10.34026 53.529661),['Station']
Ernst-Anton-Straße,POINT(10.319385 53.523271),['Station']
S Aumühle,POINT(10.315 53.529187),['Station']
Otto-Brenner-Straße (Kehre),POINT(10.483256 53.236471),['Station']
Bergedorf,POINT(10.205962 53.489857),['Station']
Reinbek,POINT(10.25302 53.508377),['Station']
Wohltorf,POINT(10.277884 53.520631),['Station']
Aumühle,POINT(10.314604 53.530054),['Station']
Mohnhof,POINT(10.213785 53.486282),['Station']
Kirchhofsweg,POINT(10.220658 53.483741),['Station']
Unterm Heilbrunnen,POINT(10.225329 53.48168),['Station']
An der Pollhofsbrücke,POINT(10.231147 53.479716),['Station']
Pollhof,POINT(10.230678 53.473421),['Station']
Holtenklinke,POINT(10.240433 53.477912),['Station']
Klgv Rothenhauschaussee,POINT(10.255382 53.473551),['Station']
Speckenweg,POINT(10.261043 53.472449),['Station']
Speckenwegbrücke,POINT(10.258872 53.467817),['Station']
Windpark Horst,POINT(10.261597 53.465254),['Station']
Dänenweg,POINT(10.286065 53.467689),['Station']
Götensberg,POINT(10.298326 53.465804),['Station']
Am Alten Bahnhof,POINT(10.315378 53.462553),['Station']
Bistal,POINT(10.32744 53.460676),['Station']
Bahnstraße,POINT(10.278226 53.469417),['Station']
Hamfelderedder,POINT(10.285037 53.475509),['Station']
Börnsener Straße,POINT(10.289721 53.484947),['Station']
Haidkamp,POINT(10.288351 53.488457),['Station']
Steinredder,POINT(10.2842 53.488691),['Station']
Friedhof Bergedorf (Kapelle 2),POINT(10.257227 53.478366),['Station']
Friedhof Bergedorf,POINT(10.249982 53.478882),['Station']
Friedhof Bergedorf (Kapelle 1),POINT(10.245068 53.480829),['Station']
Sternwarte (Universität),POINT(10.238153 53.480308),['Station']
Justus-Brinckmann-Straße,POINT(10.232084 53.481386),['Station']
Hoffmann-von-Fallersleben-Straße,POINT(10.230245 53.481881),['Station']
Reimboldweg,POINT(10.227285 53.482658),['Station']
St.-Michael-Kirche,POINT(10.225059 53.483292),['Station']
Zu den Eichen,POINT(10.220521 53.485261),['Station']
Spieringstraße,POINT(10.226682 53.484713),['Station']
Ida-Boy-Ed-Straße,POINT(10.230635 53.48389),['Station']
August-Bebel-Straße,POINT(10.233929 53.483191),['Station']
Sternwarte (Besucherzentrum),POINT(10.239578 53.482153),['Station']
Bethesda Krankenhaus Bergedorf,POINT(10.234084 53.485939),['Station']
"Wentorf, Höppnerallee",POINT(10.243847 53.489028),['Station']
"Wentorf, Am Grotensahl",POINT(10.256202 53.4911),['Station']
"Wentorf, Achtern Höben",POINT(10.256694 53.493476),['Station']
"Wentorf, Friedrichsruher Weg",POINT(10.261318 53.493895),['Station']
"Wentorf, Kirschkoppel",POINT(10.265498 53.494093),['Station']
"Wentorf, Danziger Straße",POINT(10.261631 53.495823),['Station']
"Wentorf, Wohltorfer Weg",POINT(10.25971 53.497093),['Station']
"Wentorf, Rathaus",POINT(10.253257 53.493404),['Station']
"Wentorf, Am Petersilienberg",POINT(10.253646 53.49792),['Station']
"Wentorf, Kirche",POINT(10.252506 53.501149),['Station']
"Wentorf, Hochweg",POINT(10.249554 53.502761),['Station']
Wentorfer Straße (Ost),POINT(10.23387 53.488422),['Station']
Pfingstberg,POINT(10.228285 53.488084),['Station']
Luisen-Gymnasium,POINT(10.227633 53.492098),['Station']
Hermann-Distel-Straße,POINT(10.220691 53.494874),['Station']
Hansa-Gymnasium,POINT(10.221053 53.493819),['Station']
Schlebuschweg,POINT(10.224689 53.492425),['Station']
Am Baum,POINT(10.225804 53.489277),['Station']
Rathaus Bergedorf,POINT(10.220315 53.487554),['Station']
Eschenhofweg,POINT(10.232622 53.471389),['Station']
Vierlandenstraße,POINT(10.210023 53.485907),['Station']
Bergsiedlung,POINT(10.32131 53.46158),['Station']
Dorfplatz,POINT(10.309465 53.467102),['Station']
Schule,POINT(10.31098 53.471318),['Station']
Rudolf-Donath-Weg,POINT(10.278868 53.470732),['Station']
"Wentorf, Zwischen den Toren",POINT(10.257373 53.48788),['Station']
"Wentorf, Sandweg",POINT(10.250154 53.488836),['Station']
"Wentorf, Henkenhoop",POINT(10.256966 53.489924),['Station']
Finkenweg,POINT(10.31563 53.487252),['Station']
Mühlenweg,POINT(10.290936 53.486749),['Station']
Kiehnwiese,POINT(10.316681 53.461856),['Station']
Escheburger Weg,POINT(10.311883 53.450299),['Station']
Kiefernweg,POINT(10.309357 53.444037),['Station']
Brombeerweg,POINT(10.303724 53.449328),['Station']
Am Knollgraben,POINT(10.306134 53.451333),['Station']
Rothenhauschaussee 243,POINT(10.263469 53.471974),['Station']
Zwischen den Kreiseln,POINT(10.287527 53.486103),['Station']
Buchenberg,POINT(10.28632 53.478595),['Station']
"Wentorf, Sollredder",POINT(10.26349 53.487393),['Station']
"Wentorf, Auf dem Ralande",POINT(10.267437 53.485878),['Station']
"Wentorf, Möbel Schulenburg",POINT(10.270594 53.48916),['Station']
"Wentorf, An der Lohe",POINT(10.271636 53.495268),['Station']
Curslacker Heerweg 258,POINT(10.239118 53.473595),['Station']
Worth,POINT(10.409979 53.467404),['Station']
Forstweg,POINT(10.420387 53.458457),['Station']
Kollower Weg,POINT(10.423751 53.456377),['Station']
Jetmoorweg,POINT(10.416894 53.451211),['Station']
Dreiecksplatz,POINT(10.421484 53.452971),['Station']
Mühlenstraße,POINT(10.420502 53.450152),['Station']
Oberstadt,POINT(10.402983 53.444312),['Station']
Hanseatenweg,POINT(10.39743 53.441592),['Station']
Barmbeker Ring,POINT(10.393518 53.440262),['Station']
Worther Weg,POINT(10.389192 53.438659),['Station']
Ilenweg,POINT(10.385352 53.440906),['Station']
Schulzentrum,POINT(10.382273 53.442927),['Station']
Hohenkamp,POINT(10.37514 53.446245),['Station']
Keil,POINT(10.371525 53.442431),['Station']
Jugendherberge,POINT(10.390334 53.431691),['Station']
Waldfriedhof,POINT(10.397474 53.429172),['Station']
Grüner Jäger,POINT(10.414651 53.424504),['Station']
Steinberg,POINT(10.43882 53.413171),['Station']
Krukower Weg,POINT(10.445039 53.408954),['Station']
Lärchenhain,POINT(10.494433 53.387695),['Station']
Twiete,POINT(10.50378 53.385484),['Station']
Haferkoppel,POINT(10.40599 53.415504),['Station']
Otto-Hahn-Straße,POINT(10.431983 53.410198),['Station']
Jahnstraße,POINT(10.432848 53.414034),['Station']
Hudehof,POINT(10.431246 53.404393),['Station']
Strandweg,POINT(10.427417 53.402318),['Station']
Helmholtz-Zentrum (Eingang),POINT(10.422899 53.411556),['Station']
Tesperhuder Straße,POINT(10.434511 53.408928),['Station']
Hasselkamp,POINT(10.438974 53.411938),['Station']
Heineweg,POINT(10.437267 53.412606),['Station']
Pastor-Natus-Ring,POINT(10.387332 53.443003),['Station']
Uhrbrookring,POINT(10.392687 53.442914),['Station']
Borgfelder Stieg,POINT(10.396894 53.439037),['Station']
Berner Weg,POINT(10.401123 53.441306),['Station']
Hansastraße,POINT(10.404024 53.44439),['Station']
Wandsbeker Ring,POINT(10.394958 53.439185),['Station']
Mercatorstraße (Ost),POINT(10.361322 53.457051),['Station']
Mercatorstraße (Stadtwerke),POINT(10.353137 53.459103),['Station']
Mercatorstraße (Süd),POINT(10.355572 53.456604),['Station']
Fahrendorfer Weg,POINT(10.363041 53.456178),['Station']
Helmholtz-Zentr. (Nobel-Pavillon),POINT(10.422264 53.407834),['Station']
Helmholtz-Zentr. (Bibliothek),POINT(10.424297 53.406588),['Station']
Helmholtz-Zentr. (Kehre),POINT(10.426867 53.403403),['Station']
Abzweigung,POINT(9.249894 53.47908),['Station']
Ort,POINT(9.247453 53.47116),['Station']
Höchststadt,POINT(9.301121 53.513213),['Station']
Rathaus,POINT(9.398592 53.522865),['Station']
Schützenplatz,POINT(9.393139 53.526666),['Station']
Hauptstraße,POINT(9.401369 53.523125),['Station']
Wischhofsdamm,POINT(9.415098 53.525468),['Station']
An der Bahn,POINT(9.440543 53.530552),['Station']
Deinster Mühle,POINT(9.435139 53.530078),['Station']
Erlenweg,POINT(9.443242 53.530515),['Station']
Feldkrug (L124),POINT(9.471674 53.531),['Station']
Achtern Höben,POINT(9.486087 53.524023),['Station']
Feldkrug (K44),POINT(9.472675 53.53149),['Station']
Zuckerberg,POINT(9.479965 53.528019),['Station']
Eichenhof,POINT(9.487031 53.52481),['Station']
Hagener Hauptstraße,POINT(9.457612 53.554092),['Station']
Eichenstraße,POINT(9.457483 53.550526),['Station']
Odamm,POINT(9.468971 53.546986),['Station']
Steinbeck,POINT(9.470856 53.546978),['Station']
Altmarkstraße,POINT(9.460695 53.555886),['Station']
Kornstraße,POINT(9.456989 53.550914),['Station']
Besenhorst,POINT(10.349385 53.454742),['Station']
Schäferstrift,POINT(10.358059 53.451041),['Station']
Bergstraße,POINT(10.361203 53.447195),['Station']
Düneberger Straße,POINT(10.363562 53.442846),['Station']
Waldstraße,POINT(10.365737 53.440754),['Station']
An der Post,POINT(10.368234 53.43741),['Station']
Elbuferstraße,POINT(10.418329 53.396703),['Station']
Markt,POINT(10.373391 53.430288),['Station']
Berliner Straße,POINT(10.38532 53.435748),['Station']
Fährstraße,POINT(10.379748 53.43238),['Station']
Brackweg,POINT(10.386582 53.410743),['Station']
Pumpspeicherwerk,POINT(10.393872 53.419339),['Station']
Schiffbauerweg,POINT(10.378668 53.425985),['Station']
Freibad,POINT(10.373251 53.428267),['Station']
Alte Glasfabrik,POINT(10.382471 53.426795),['Station']
Edmundsthal,POINT(10.388876 53.423441),['Station']
Am Moor,POINT(10.357827 53.440467),['Station']
Kirschenweg,POINT(10.350778 53.441688),['Station']
Charlottenburger Straße,POINT(10.342852 53.439953),['Station']
Heuweg,POINT(10.338119 53.436394),['Station']
Otto-Hahn-Gymnasium,POINT(10.362858 53.439179),['Station']
Spandauer Straße,POINT(10.351167 53.434531),['Station']
Wärderstraße,POINT(10.354674 53.433134),['Station']
Schleuse,POINT(10.339858 53.432807),['Station']
Am Schleusenkanal,POINT(10.322738 53.435838),['Station']
Brücke,POINT(10.339753 53.41897),['Station']
Drosselgasse,POINT(10.349607 53.418051),['Station']
Hagenweg,POINT(10.360085 53.418336),['Station']
Bahnhof,POINT(10.368412 53.417225),['Station']
Gutsweg,POINT(10.3763 53.414601),['Station']
Herrenweg,POINT(10.393984 53.408995),['Station']
Westerfeld,POINT(10.402942 53.406545),['Station']
Niedersachsenring,POINT(10.411422 53.402428),['Station']
Grundschule,POINT(10.365121 53.417766),['Station']
Twiete,POINT(10.410937 53.397752),['Station']
Vierlander Straße,POINT(10.326869 53.435136),['Station']
Schule,POINT(10.415236 53.394574),['Station']
Blumenstraße,POINT(10.425662 53.393902),['Station']
Avendorf (West),POINT(10.436871 53.387468),['Station']
Recht Up,POINT(10.447049 53.387983),['Station']
Avendorf (Ost),POINT(10.457215 53.385478),['Station']
Breiter Berg,POINT(10.38043 53.427888),['Station']
An Storchenneest,POINT(10.424483 53.388299),['Station']
Nobelplatz,POINT(10.40384 53.41189),['Station']
Alfred-Nobel-Schule,POINT(10.366654 53.436943),['Station']
Elbuferstraße,POINT(10.469784 53.379465),['Station']
Ernst-Reinstorf-Schule,POINT(10.355214 53.41796),['Station']
Grundschule (Kehre),POINT(10.365216 53.417936),['Station']
ZOB,POINT(10.373548 53.436082),['Station']
Avendorfer Weg,POINT(10.420906 53.38561),['Station']
Breslauer Weg,POINT(10.366727 53.440644),['Station']
Baustraße,POINT(10.362717 53.431506),['Station']
Frohnauer Straße,POINT(10.345308 53.434337),['Station']
Hermsdorfer Straße,POINT(10.342137 53.434938),['Station']
Eichweg,POINT(10.373307 53.447254),['Station']
Angerweg,POINT(10.371208 53.448446),['Station']
Birkenweg,POINT(10.369461 53.451243),['Station']
Tannenweg,POINT(10.370979 53.452556),['Station']
Zöllnersweg (Mitte),POINT(10.375506 53.452423),['Station']
Finkenweg (Nord),POINT(10.380345 53.452645),['Station']
Querweg,POINT(10.380492 53.449741),['Station']
Heinrichshofweg,POINT(10.379596 53.446732),['Station']
Finkenweg (Süd),POINT(10.378771 53.444468),['Station']
Am Ilensoll,POINT(10.383196 53.44262),['Station']
Hafenbrücke,POINT(10.369092 53.429942),['Station']
St. Petri Kirche,POINT(10.393116 53.437158),['Station']
Am Hang,POINT(10.395821 53.437037),['Station']
Vierlander Straße (Kehre),POINT(10.329338 53.436609),['Station']
Am Haferberg,POINT(10.390592 53.437763),['Station']
Am Ziegenkrug,POINT(10.386436 53.436301),['Station']
Lauenburger Straße,POINT(10.385527 53.435638),['Station']
Fredenbecker Weg,POINT(9.469971 53.575977),['Station']
"Hüll, Altendorfer Grenzweg",POINT(9.258984 53.709444),['Station']
Grüne Straße 9,POINT(9.295442 53.72104),['Station']
Hüller Sietwende,POINT(9.309695 53.724867),['Station']
Draakenstieg Nr. 15 (AST-Halt),POINT(9.28836 53.715487),['Station']
Abzweig Sietwende (AST-Halt),POINT(9.309996 53.724597),['Station']
Schanzenhof,POINT(9.474828 53.558104),['Station']
Glindweg,POINT(9.266805 53.693802),['Station']
Gehrden 18,POINT(9.276598 53.711947),['Station']
Abzweigung Niederhüll,POINT(9.278043 53.708251),['Station']
Wendeplatz,POINT(9.278331 53.70835),['Station']
Soltauer Straße,POINT(9.470637 53.570664),['Station']
Niederhüll 15,POINT(9.277429 53.697812),['Station']
Niederhüll 1,POINT(9.260866 53.697958),['Station']
Kreuzung Oberhüll,POINT(9.285346 53.702187),['Station']
Birkenweg,POINT(9.276835 53.713465),['Station']
Abzweigung Hüll,POINT(9.254925 53.701996),['Station']
Lüneburger Straße,POINT(9.469042 53.567049),['Station']
Fünfhausen,POINT(9.385969 53.750746),['Station']
Gauensiekersand,POINT(9.39317 53.726446),['Station']
Am Ruthenstrom,POINT(9.39432 53.737538),['Station']
Elbinsel Krautsand 3,POINT(9.390076 53.742413),['Station']
Elbinsel Krautsand 12,POINT(9.388047 53.745915),['Station']
Leuchtturmweg (Mitte),POINT(9.376738 53.755906),['Station']
Oberfeuer,POINT(9.374004 53.758709),['Station']
Elbstraße,POINT(9.385324 53.753129),['Station']
Leuchtturmweg,POINT(9.37971 53.75259),['Station']
Süderstraße,POINT(9.375145 53.750655),['Station']
Plüschenworth,POINT(9.368275 53.752123),['Station']
Schanzenstraße,POINT(9.364918 53.756554),['Station']
Schanzenstraße 16a,POINT(9.366493 53.754572),['Station']
"Altendorfer Moor, 3. Kanal",POINT(9.284016 53.745075),['Station']
Fasanenweg,POINT(9.302094 53.744456),['Station']
Fasanenweg 25,POINT(9.306475 53.734166),['Station']
Birkenstraße,POINT(9.301278 53.74691),['Station']
Ostener Straße 16,POINT(9.296683 53.746598),['Station']
Neuland,POINT(9.32663 53.751866),['Station']
Schule,POINT(9.316265 53.766575),['Station']
"Glüsing, Berliner Straße",POINT(10.51668 53.37629),['Station']
Elbkamp,POINT(10.524434 53.374609),['Station']
Sportplatz,POINT(10.538386 53.37355),['Station']
Albinusstraße,POINT(10.545093 53.37411),['Station']
ZOB,POINT(10.554192 53.373084),['Station']
Am Schüsselteich,POINT(10.550844 53.374422),['Station']
Triftweg,POINT(10.552367 53.377044),['Station']
Reeperbahn,POINT(10.556189 53.375934),['Station']
Famila,POINT(10.542425 53.384685),['Station']
Büchsenschinken,POINT(10.537423 53.374344),['Station']
An de Au,POINT(10.537255 53.377195),['Station']
Findorffstraße,POINT(10.536779 53.380256),['Station']
Welfenring,POINT(10.542041 53.381967),['Station']
Spitzort,POINT(10.54606 53.380478),['Station']
Oberjersdaler Straße,POINT(10.549852 53.381426),['Station']
Compestraße,POINT(10.554064 53.381137),['Station']
Am Hasenberg,POINT(10.55583 53.378455),['Station']
Bergstraße,POINT(10.560233 53.374344),['Station']
Heideweg,POINT(10.568137 53.375571),['Station']
Buchhorster Weg,POINT(10.579178 53.377069),['Station']
Schleuse,POINT(10.581144 53.374986),['Station']
Sägemühlenweg,POINT(10.575528 53.372643),['Station']
Maxgrund,POINT(10.569942 53.372761),['Station']
Birnbaumkamp,POINT(10.529237 53.373622),['Station']
Alter Schulweg,POINT(9.318914 53.773837),['Station']
Meisterweg,POINT(9.318986 53.769416),['Station']
Bf. Lauenburg,POINT(10.567034 53.370085),['Station']
Beuthener Straße,POINT(10.53965 53.37445),['Station']
Hüttenweg,POINT(9.321811 53.777917),['Station']
Moorring,POINT(10.532226 53.376495),['Station']
Großer Sandberg,POINT(10.56274 53.370978),['Station']
Fährtreppe,POINT(10.556683 53.370536),['Station']
Elbschiffahrtsmuseum,POINT(10.552816 53.370379),['Station']
Neustadt,POINT(10.550422 53.370662),['Station']
Lösch- und Ladeplatz,POINT(10.559349 53.370698),['Station']
Kleiner Sandberg,POINT(10.561902 53.372714),['Station']
Lanze,POINT(10.604568 53.386876),['Station']
Schmiedestraße 62,POINT(9.314325 53.786931),['Station']
Hollerdeich (Mitte),POINT(9.313872 53.787184),['Station']
Hamelwörden,POINT(9.32402 53.79279),['Station']
Schmiedestraße 4,POINT(9.322955 53.790565),['Station']
Holenwisch,POINT(9.320311 53.799916),['Station']
Abzweig Fähre,POINT(9.325559 53.783864),['Station']
Allwörden,POINT(9.304324 53.811772),['Station']
Bahnhofstraße,POINT(9.284673 53.82421),['Station']
Schulzentrum,POINT(9.290925 53.821338),['Station']
Landesbrücker Straße,POINT(9.287401 53.823332),['Station']
Schöneworth,POINT(9.275091 53.824116),['Station']
Schulzentrum (Kehre),POINT(9.290799 53.820629),['Station']
Eschweg,POINT(9.256201 53.824356),['Station']
Kamp 19,POINT(9.233224 53.824187),['Station']
Kamp 9,POINT(9.216772 53.82305),['Station']
Landstraße,POINT(9.210524 53.830752),['Station']
Deckenhausen,POINT(9.214856 53.822595),['Station']
Wegefährels,POINT(9.216022 53.830616),['Station']
Wechtern 37,POINT(9.176792 53.820106),['Station']
Wechterner Weg,POINT(9.185284 53.821018),['Station']
Grünstraße,POINT(10.552292 53.373325),['Station']
Kanalstraße,POINT(10.577352 53.378495),['Station']
Brunsenberg,POINT(10.570875 53.381762),['Station']
Dorfstraße,POINT(10.568252 53.384834),['Station']
Feuerwehr,POINT(10.564538 53.386015),['Station']
Gemeinschaftsschule,POINT(10.560163 53.378173),['Station']
Bf. Bargteheide,POINT(10.268648 53.728385),['Station']
Wechtern 18,POINT(9.196558 53.822429),['Station']
Hünkenbütteler Straße,POINT(9.165219 53.819476),['Station']
Baljerdorf 19,POINT(9.151603 53.820599),['Station']
Bahnhofstraße,POINT(9.133118 53.828231),['Station']
Baljerdorf 4,POINT(9.137623 53.821945),['Station']
Bei den Tannen,POINT(10.207519 53.555202),['Station']
Kupfermühlenweg,POINT(10.204617 53.551314),['Station']
Friedhof,POINT(10.204373 53.546976),['Station']
Gerhart-Hauptmann-Weg,POINT(10.204321 53.545162),['Station']
Sandweg,POINT(10.207203 53.540379),['Station']
Havighorster Weg,POINT(10.202464 53.540328),['Station']
Markt,POINT(10.211374 53.540122),['Station']
Mühlenstraße,POINT(10.213453 53.542679),['Station']
Am Sportplatz,POINT(10.217158 53.543504),['Station']
An der alten Wache,POINT(10.217829 53.543237),['Station']
Wilhelm-Bergner-Straße (Mitte),POINT(10.224062 53.530243),['Station']
Berliner Straße,POINT(10.232828 53.547001),['Station']
Heideweg,POINT(10.24071 53.549786),['Station']
Birkenweg,POINT(10.240125 53.554051),['Station']
Sandweg,POINT(10.243698 53.553403),['Station']
Tannenallee,POINT(10.249875 53.554605),['Station']
Haidkrug,POINT(10.253096 53.553323),['Station']
Querweg,POINT(10.250497 53.548605),['Station']
Kalksandsteinwerk,POINT(10.252101 53.545156),['Station']
Am Sportplatz,POINT(10.274502 53.546096),['Station']
Schönauer Weg,POINT(10.281416 53.546211),['Station']
Am Hünengrab,POINT(10.285395 53.5466),['Station']
Weißdornweg,POINT(10.227208 53.535791),['Station']
Sachsenwaldau,POINT(10.298725 53.544398),['Station']
Alter Kamp,POINT(10.257702 53.52851),['Station']
Wohltorfer Straße,POINT(10.258413 53.524027),['Station']
Schützenstraße,POINT(10.257729 53.521788),['Station']
Görlitzer Weg,POINT(10.255374 53.520187),['Station']
Kampstraße,POINT(10.252472 53.520433),['Station']
Schule,POINT(10.251429 53.530597),['Station']
Wilhelm-Bergner-Straße (Süd),POINT(10.223624 53.528154),['Station']
Oher Weg,POINT(10.246271 53.544947),['Station']
Schule,POINT(10.246781 53.548438),['Station']
Gutenbergstraße,POINT(10.227846 53.522908),['Station']
Liebigstraße,POINT(10.23164 53.523228),['Station']
Dieselstraße,POINT(10.235621 53.524786),['Station']
Siemensstraße,POINT(10.236494 53.526799),['Station']
Borsigstraße,POINT(10.240274 53.523543),['Station']
Rotdornweg,POINT(10.22512 53.533458),['Station']
Breiter Kamp,POINT(10.227681 53.539632),['Station']
Buchenweg,POINT(10.219277 53.534848),['Station']
Schulzentrum,POINT(10.221822 53.540995),['Station']
Ebereschenweg,POINT(10.247961 53.551615),['Station']
Quellental,POINT(10.19722 53.540507),['Station']
Meienhoop,POINT(10.187311 53.541657),['Station']
Krabbenkamp,POINT(10.297431 53.524778),['Station']
Humboldtstraße,POINT(10.237094 53.528752),['Station']
Hans-Geiger-Straße,POINT(10.24173 53.544429),['Station']
Bünebüttler Weg,POINT(10.231012 53.54161),['Station']
Sachsenwaldstraße,POINT(10.237647 53.530669),['Station']
Kornblumenring,POINT(10.250871 53.534674),['Station']
Olande,POINT(10.224602 53.544776),['Station']
Senefelder Ring,POINT(10.237566 53.533042),['Station']
Feuerwehr,POINT(10.259863 53.531201),['Station']
Kirche,POINT(10.275457 53.544738),['Station']
Eschenbruchweg,POINT(10.277222 53.515166),['Station']
Ziegeleiweg,POINT(10.27514 53.517147),['Station']
S Wohltorf,POINT(10.278329 53.519898),['Station']
Alter Knick,POINT(10.284966 53.518982),['Station']
Alte Wiese,POINT(10.301534 53.521382),['Station']
Flagredder,POINT(10.310908 53.516355),['Station']
Waldkamp,POINT(10.306055 53.513452),['Station']
Am Brink,POINT(10.293087 53.515336),['Station']
Bornbruch,POINT(10.289558 53.512805),['Station']
Dora-Specht-Allee,POINT(10.312156 53.525507),['Station']
Bürgerstraße,POINT(10.313004 53.521724),['Station']
Vor den Hegen,POINT(10.312525 53.518908),['Station']
Süderdeich-West,POINT(9.120298 53.811695),['Station']
Am Fährstieg,POINT(9.088663 53.820051),['Station']
Hörne-Ost,POINT(9.101474 53.818136),['Station']
Natureum,POINT(9.044994 53.820534),['Station']
Hörne-West,POINT(9.086813 53.821229),['Station']
Bf. Wahlstedt (SEV),POINT(10.229881 53.961245),['Station']
Neuenschleuser Straße,POINT(9.130275 53.812538),['Station']
Itzwörden,POINT(9.084664 53.80239),['Station']
Süderdeich (Ost),POINT(9.165641 53.810922),['Station']
Jägerweg,POINT(9.299851 53.759376),['Station']
Moorchaussee,POINT(9.297951 53.767287),['Station']
Palstek,POINT(9.851315 53.533785),['Station']
Köckweg,POINT(9.290893 53.772956),['Station']
Köckweg 10,POINT(9.301463 53.779066),['Station']
Dösemoor 94,POINT(9.278528 53.776939),['Station']
Freiburger Weg,POINT(9.259017 53.781151),['Station']
Buchenweg,POINT(10.637733 53.738086),['Station']
MVZ Hohenfelde,POINT(9.509788 53.45614),['Station']
Am Sportplatz,POINT(10.361058 53.638647),['Station']
Landesbrück,POINT(9.279246 53.805023),['Station']
Schinkelweg,POINT(9.300072 53.800992),['Station']
Hollerdeich 49,POINT(9.307472 53.795888),['Station']
Kirche,POINT(9.238137 53.804142),['Station']
Osterende 65,POINT(9.251399 53.806046),['Station']
Dorfmitte,POINT(9.237275 53.80479),['Station']
Osterende 19,POINT(9.268655 53.805604),['Station']
Hohenlucht,POINT(9.180766 53.801574),['Station']
Neue Chaussee,POINT(9.210562 53.805047),['Station']
Gehrener Sietwende,POINT(9.203558 53.803621),['Station']
Neuer Seeweg,POINT(9.185261 53.781387),['Station']
Eggerkamp,POINT(9.176662 53.810906),['Station']
Kirche,POINT(10.400988 53.587498),['Station']
Alter Bahnhof,POINT(10.40346 53.619683),['Station']
Schulzentrum,POINT(10.398553 53.615724),['Station']
Alter Markt,POINT(10.402667 53.614903),['Station']
Rathaus,POINT(10.406939 53.609794),['Station']
Gadebuscher Straße,POINT(10.404251 53.605287),['Station']
Am Ridenbusch,POINT(10.400764 53.603082),['Station']
"TrittauerheideTrittau, Trittauerheide",POINT(10.390051 53.600718),['Station']
Granderheide (Ost),POINT(10.376284 53.596402),['Station']
Granderheide (West),POINT(10.367571 53.591812),['Station']
Am Lindenhof,POINT(10.332776 53.586633),['Station']
Papendorfer Weg,POINT(10.32823 53.589514),['Station']
Corbekstraße,POINT(10.337159 53.570967),['Station']
Zollweg 21 (AST-Halt),POINT(9.20603 53.772431),['Station']
Kajedeich 82,POINT(9.240648 53.784146),['Station']
Vorburg,POINT(10.412746 53.607209),['Station']
Herrenruhmweg,POINT(10.412322 53.604015),['Station']
Billetal,POINT(10.40729 53.601702),['Station']
Feuerwerkerei,POINT(10.400742 53.595588),['Station']
Billeweg,POINT(10.394539 53.589775),['Station']
Tannenweg,POINT(10.390778 53.582396),['Station']
Möllner Landstraße,POINT(10.387739 53.580428),['Station']
Granderheider Weg,POINT(10.355837 53.573938),['Station']
Rausdorfer Weg,POINT(10.343615 53.5689),['Station']
Am Roggenhof,POINT(10.332458 53.56694),['Station']
Burgstall,POINT(10.29914 53.56285),['Station']
Büchsenschinken,POINT(10.290255 53.561023),['Station']
Kronshorster Weg,POINT(10.279099 53.558439),['Station']
Alte Möllner Straße,POINT(10.416012 53.605463),['Station']
Waldeslust,POINT(10.443276 53.60529),['Station']
Schulstraße,POINT(10.44956 53.604378),['Station']
Am Mühlenteich,POINT(10.44775 53.598281),['Station']
Mühlenrade,POINT(10.48726 53.595478),['Station']
Kirche,POINT(10.51119 53.608693),['Station']
Billenhof,POINT(10.51069 53.610361),['Station']
Kirche,POINT(10.471343 53.577775),['Station']
Feuerwehr,POINT(10.478643 53.574953),['Station']
Am Löschteich,POINT(10.468235 53.559994),['Station']
Steinkamp,POINT(10.453698 53.557242),['Station']
Achternholt,POINT(10.419832 53.563976),['Station']
Hinschkoppel,POINT(10.404792 53.599728),['Station']
Kieselstraße,POINT(10.436011 53.599105),['Station']
Ödendorf,POINT(10.412613 53.555246),['Station']
Schule,POINT(10.394978 53.581098),['Station']
Mühlenredder,POINT(10.448748 53.595654),['Station']
Waldparkplatz,POINT(10.263834 53.555645),['Station']
Kronshorst,POINT(10.291453 53.587473),['Station']
Am Brink,POINT(10.415557 53.567045),['Station']
Kirchenstraße,POINT(10.333235 53.568118),['Station']
Kamphöhe,POINT(10.338186 53.611589),['Station']
Wiesenredder,POINT(10.44448 53.588319),['Station']
Helmut-Ahrens-Straße,POINT(10.400276 53.607967),['Station']
Technologiepark,POINT(10.393065 53.61382),['Station']
Oher Weg,POINT(10.336915 53.567546),['Station']
Am Brink,POINT(10.402235 53.587304),['Station']
Gemeindezentrum,POINT(10.395111 53.581456),['Station']
Polizei,POINT(10.405719 53.606708),['Station']
Im Wiesengrund,POINT(10.524468 53.631672),['Station']
Vorburgstraße,POINT(10.413749 53.606011),['Station']
Glashütte,POINT(10.329684 53.597352),['Station']
Rosenweg,POINT(10.340379 53.572063),['Station']
Billstraße,POINT(10.445123 53.598322),['Station']
Lauenburger Straße,POINT(10.388577 53.579744),['Station']
Dorfstraße,POINT(10.473304 53.575558),['Station']
Kajedeich 2,POINT(9.192792 53.789506),['Station']
Sandkrug,POINT(9.479343 53.511687),['Station']
Bruchweg 22,POINT(9.213812 53.769695),['Station']
"Oberndorf, Zollbaum 3",POINT(9.18572 53.772186),['Station']
Schule,POINT(9.346194 53.734525),['Station']
Irenenstraße,POINT(9.343212 53.736708),['Station']
Alter Weg,POINT(9.350653 53.731286),['Station']
Mühlenweg,POINT(9.364055 53.719907),['Station']
Mühlenhafener Straße,POINT(9.372939 53.715603),['Station']
Nindorfer Straße 46,POINT(9.356174 53.726589),['Station']
Kirche,POINT(9.386523 53.70875),['Station']
Schule (L111),POINT(9.382803 53.710981),['Station']
Schule (Kehre),POINT(9.381707 53.710364),['Station']
An der Deichlücke,POINT(9.387962 53.712087),['Station']
Gauensieker Feldstraße,POINT(9.395895 53.706931),['Station']
Ritsch,POINT(9.410833 53.699747),['Station']
Stader Straße,POINT(9.474116 53.52417),['Station']
Schule,POINT(9.429276 53.692485),['Station']
Asseler Hafenstraße,POINT(9.43743 53.690533),['Station']
Asseler Feldstraße,POINT(9.42495 53.694369),['Station']
Blumenstraße,POINT(9.45112 53.686798),['Station']
Wether Straße,POINT(9.444792 53.688133),['Station']
Mühlenredder,POINT(10.390465 53.577476),['Station']
Sonnenberg,POINT(10.388234 53.57575),['Station']
Diekskamp,POINT(10.384732 53.569752),['Station']
Möhlenstieg,POINT(9.461379 53.683668),['Station']
Am Elbdeich (Ost),POINT(9.475961 53.684285),['Station']
Barnkruger Hafenstraße,POINT(9.472141 53.681092),['Station']
Barnkruger Straße 80,POINT(9.470466 53.681503),['Station']
Zur Windmühle,POINT(10.236679 53.608647),['Station']
Papendorfer Weg,POINT(10.297193 53.630865),['Station']
Fleischgaffel,POINT(10.276299 53.6248),['Station']
Meilsdorfer Damm,POINT(10.281915 53.614604),['Station']
Dorfstraße,POINT(10.293004 53.614018),['Station']
Braak,POINT(10.242848 53.609832),['Station']
Müllverbrennungsanlage,POINT(10.222885 53.618062),['Station']
Reinbeker Straße,POINT(10.219249 53.605196),['Station']
Heinrich-Ruge-Straße,POINT(10.211183 53.60526),['Station']
Am Schwartenreeten,POINT(10.19984 53.605365),['Station']
Am Ecksoll (Schule),POINT(10.212989 53.601315),['Station']
B208,POINT(10.72388 53.70398),['Station']
Am Dorfplatz,POINT(10.234685 53.589493),['Station']
Stemwarder Landstraße,POINT(10.219623 53.566806),['Station']
Römsmoorweg,POINT(10.246071 53.586894),['Station']
Lüttkoppel,POINT(10.240611 53.57013),['Station']
Poststraße,POINT(10.289825 53.608382),['Station']
Birkenweg,POINT(10.285668 53.605803),['Station']
Gutsstraße,POINT(10.269785 53.629335),['Station']
Hinter der Schule,POINT(10.220845 53.605),['Station']
Feldstraße,POINT(10.249513 53.560243),['Station']
Feuerwache,POINT(10.242248 53.570365),['Station']
Kampsredder,POINT(10.262417 53.629638),['Station']
Alte Landstraße 41,POINT(10.289826 53.628726),['Station']
Papendorfer Straße,POINT(10.270397 53.595372),['Station']
Horstredder,POINT(10.27346 53.594774),['Station']
Gewerbepark Merkur (Süd),POINT(10.188223 53.603235),['Station']
Brookstieg,POINT(10.231644 53.619949),['Station']
Braaker Grund,POINT(10.233359 53.621755),['Station']
Kindergarten,POINT(10.274573 53.600611),['Station']
Alte Landstraße 49,POINT(10.281853 53.625523),['Station']
Gewerbepark Merkur,POINT(10.188585 53.607517),['Station']
Huuskoppel,POINT(10.230631 53.591358),['Station']
Braaker Bogen,POINT(10.236596 53.618226),['Station']
Mittelweg,POINT(10.241494 53.620826),['Station']
Schmiedeberg,POINT(10.222144 53.603405),['Station']
Braaker Mühle,POINT(10.242688 53.60181),['Station']
Abbenfleth,POINT(9.478607 53.670734),['Station']
Karkenpatt,POINT(9.477386 53.65241),['Station']
Elsternstraße,POINT(9.482101 53.650791),['Station']
Kirche,POINT(9.47839 53.655568),['Station']
Friedhof,POINT(9.474361 53.655126),['Station']
In der Kolonie,POINT(9.480015 53.644196),['Station']
AOS,POINT(9.491978 53.654785),['Station']
Pappelstieg,POINT(9.470103 53.655745),['Station']
Holunderweg,POINT(9.463134 53.66163),['Station']
Kreuel,POINT(9.478505 53.663052),['Station']
Schneedeich,POINT(9.478956 53.637479),['Station']
Götzdorfer Straße 169,POINT(9.47027 53.63684),['Station']
Götzdorfer Straße 125,POINT(9.463639 53.634557),['Station']
Götzdorfer Straße 221,POINT(9.476975 53.637433),['Station']
"Stadersand, Kehre",POINT(9.525498 53.628344),['Station']
Hörne,POINT(9.493523 53.618794),['Station']
"Schnee, Kleiner Schneeweg",POINT(9.486831 53.625578),['Station']
Lilienstraße,POINT(9.472084 53.613813),['Station']
Götzdorfer Straße,POINT(9.462208 53.61714),['Station']
Schölischer Straße 63,POINT(9.470618 53.615077),['Station']
Zum Wiesenland,POINT(9.47299 53.612408),['Station']
"Hohenschölisch, Götzdorfer Straße 44",POINT(9.463889 53.622902),['Station']
"Dornbuschermoor, Abzweigung Hüll",POINT(9.321237 53.728548),['Station']
"Dornbuschermoor, Abzweigung Dornbusch",POINT(9.323235 53.726377),['Station']
"Dornbuschermoor, Dornbuschermoor 6a",POINT(9.326379 53.723502),['Station']
Buschhörne 2,POINT(9.332078 53.716146),['Station']
Buschhörne 1,POINT(9.333127 53.71475),['Station']
Buschhörne 6,POINT(9.330745 53.71809),['Station']
Böberstroot,POINT(9.479399 53.523331),['Station']
Theisbrüggermoor 10,POINT(9.338715 53.708948),['Station']
Aschhorn 6,POINT(9.34957 53.695817),['Station']
Schwarzer Weg,POINT(9.343195 53.704964),['Station']
Aschhorn 12,POINT(9.348257 53.701805),['Station']
Aschhorn 2,POINT(9.353428 53.691835),['Station']
Aschhornermoor 5,POINT(9.349374 53.684937),['Station']
Drochtersermoor 16,POINT(9.354949 53.678344),['Station']
Ritschermoor 37,POINT(9.380366 53.669218),['Station']
Gauensiekermoor 6,POINT(9.371593 53.671195),['Station']
Drochtersermoor 1,POINT(9.361433 53.675665),['Station']
Strandweg,POINT(10.373278 53.635497),['Station']
Am Schwarzen Berg,POINT(10.307304 53.658619),['Station']
Kreuzung,POINT(9.385363 53.668043),['Station']
Ritschermoor 14,POINT(9.390026 53.666725),['Station']
Alte Schmiede,POINT(10.325988 53.650992),['Station']
Ladestraße,POINT(10.33044 53.644922),['Station']
Fuhrwegen,POINT(10.334265 53.640081),['Station']
Fuhrwegen 24,POINT(10.343234 53.642065),['Station']
Hohe Leuchte,POINT(10.408524 53.656905),['Station']
Pfefferberg (oben),POINT(10.34373 53.626775),['Station']
Pfefferberg (unten),POINT(10.34376 53.623432),['Station']
Hamburger Straße,POINT(10.340973 53.615601),['Station']
Schwarzekate,POINT(10.319925 53.613292),['Station']
Schierholzkaten,POINT(10.306606 53.613097),['Station']
Up de Höh,POINT(10.362729 53.647803),['Station']
Dornredder,POINT(10.366388 53.654797),['Station']
Ziegeleiweg,POINT(10.374966 53.661797),['Station']
Zum Löps,POINT(10.391006 53.665601),['Station']
Bahnhofstraße,POINT(10.401414 53.667367),['Station']
Dorfstraße,POINT(10.407673 53.643167),['Station']
Papierholz,POINT(10.406816 53.633329),['Station']
Otto-Hahn-Straße (Ost),POINT(10.402448 53.624718),['Station']
Stettiner Straße,POINT(10.396567 53.620572),['Station']
Otto-Hahn-Straße (West),POINT(10.391201 53.622854),['Station']
Deepenstegen,POINT(10.384519 53.63526),['Station']
Drahtmühle,POINT(10.393062 53.635754),['Station']
Im Winkel,POINT(10.40166 53.640614),['Station']
Schule,POINT(10.408169 53.641723),['Station']
Grönwohlder Straße,POINT(10.378165 53.633743),['Station']
Am See,POINT(10.368536 53.641249),['Station']
Kreuzung,POINT(10.361347 53.644817),['Station']
Schule,POINT(10.362119 53.646722),['Station']
Waldstraße,POINT(10.316361 53.662366),['Station']
Gottesgabe,POINT(10.33229 53.659467),['Station']
Sprenger Weg,POINT(10.332474 53.655215),['Station']
Auf der Horst,POINT(10.330116 53.673527),['Station']
Eichenweg,POINT(10.338495 53.678618),['Station']
Fürstenhorst,POINT(10.352908 53.673127),['Station']
Fürstenkaten,POINT(10.35931 53.664689),['Station']
Lunken,POINT(10.329724 53.639449),['Station']
Sieker Berg,POINT(10.313758 53.635609),['Station']
An der Buschkoppel,POINT(10.311443 53.659904),['Station']
Wiesenweg,POINT(10.393247 53.62071),['Station']
Famila,POINT(10.393623 53.61517),['Station']
Fritz-Berodt-Straße,POINT(10.341854 53.615295),['Station']
Am Eichenhain,POINT(10.308733 53.659835),['Station']
Sieker Straße (Nord),POINT(10.311517 53.632578),['Station']
Wischhof,POINT(10.339391 53.619096),['Station']
Rudolf-Diesel-Straße,POINT(10.390782 53.617908),['Station']
"(Stormarn), Abzweigung Linau",POINT(10.483171 53.630088),['Station']
Feilberg,POINT(10.460969 53.642483),['Station']
Dröge Möhl,POINT(10.450783 53.643541),['Station']
Schule,POINT(10.48424 53.688913),['Station']
Oetjendorfer Landstraße 34,POINT(10.332068 53.674952),['Station']
Eupener Straße,POINT(10.751195 53.69909),['Station']
Asselermoor 19,POINT(9.417426 53.660729),['Station']
Asselermoor 55,POINT(9.401225 53.663885),['Station']
Asselermoor 33,POINT(9.410059 53.662237),['Station']
Rathaus,POINT(10.770395 53.699805),['Station']
Süderstraße 133,POINT(9.431427 53.640832),['Station']
Feuerwehr,POINT(9.429611 53.654028),['Station']
Abzweig Groß Sterneberg,POINT(9.432069 53.626813),['Station']
Stadermoor 322,POINT(9.43101 53.631148),['Station']
Landernweg,POINT(9.438566 53.625109),['Station']
Wendeplatz,POINT(9.430437 53.635687),['Station']
Beethovenstraße,POINT(9.447062 53.602427),['Station']
Bockhorster Weg (Schule),POINT(9.449051 53.609086),['Station']
Krankenhaus,POINT(9.44341 53.598451),['Station']
Vincent-Lübeck-Gymnasium,POINT(9.469156 53.60732),['Station']
Am Hohen Felde,POINT(9.447915 53.600186),['Station']
Bergstraße,POINT(9.45745 53.603331),['Station']
Breite-Blöcken-Ring,POINT(9.450005 53.60503),['Station']
Grüner Weg,POINT(9.455052 53.606548),['Station']
Hirschgang,POINT(9.450128 53.608022),['Station']
Hohenwedeler Weg,POINT(9.462396 53.605261),['Station']
Iltisweg (Friedhof),POINT(9.452818 53.609476),['Station']
Karlshamnweg,POINT(9.449627 53.610602),['Station']
Malmöweg,POINT(9.452474 53.611292),['Station']
Pulverweg,POINT(9.461613 53.606873),['Station']
Schützenstraße,POINT(9.453964 53.600855),['Station']
Schwarzer Berg,POINT(9.447394 53.599487),['Station']
Berufssch./Vincent-Lübeck-Gymn.,POINT(9.467047 53.606438),['Station']
Bildungscampus Riensförde,POINT(9.472985 53.56733),['Station']
TÜV,POINT(9.411999 53.580503),['Station']
Buerbuschweg,POINT(9.421 53.585315),['Station']
Schule,POINT(9.42017 53.582362),['Station']
Im Acker,POINT(9.421666 53.588493),['Station']
Erlengrund,POINT(9.419257 53.580092),['Station']
Am Steinkamp,POINT(9.423352 53.590976),['Station']
Alte Dorfstraße (B74),POINT(9.408333 53.582421),['Station']
Am Lohberg,POINT(9.42324 53.59334),['Station']
Ohle Ring,POINT(9.404663 53.579127),['Station']
Ohle Kamp,POINT(9.406498 53.57842),['Station']
Im Klamm,POINT(9.356339 53.592165),['Station']
Heinbockeler Straße,POINT(9.348389 53.591452),['Station']
Gemeindezentrum,POINT(9.349237 53.589787),['Station']
Teichstraße,POINT(9.344927 53.590941),['Station']
Hinter den Höfen,POINT(9.356883 53.588624),['Station']
Röthkampstraße,POINT(9.357363 53.588263),['Station']
Neuer Kamp,POINT(9.365794 53.588785),['Station']
Groß Sterneberger Straße 15,POINT(9.387725 53.63365),['Station']
Am Kanal 6,POINT(9.368112 53.651987),['Station']
Wendeplatz,POINT(9.373333 53.637047),['Station']
Groß Sterneberger Straße 5,POINT(9.399911 53.629072),['Station']
Am Kanal 1,POINT(9.362338 53.647108),['Station']
Am Kanal 11,POINT(9.36997 53.653527),['Station']
Am Kanal 5,POINT(9.367243 53.651235),['Station']
Moorvogtei,POINT(9.36606 53.640349),['Station']
Groß Sterneberger Straße 9a,POINT(9.393646 53.631456),['Station']
Wendeplatz,POINT(9.336718 53.642879),['Station']
Burg 14,POINT(9.329566 53.639126),['Station']
Hammahermoor,POINT(9.341705 53.648184),['Station']
Abzweigung Groß Sterneberg,POINT(9.338937 53.648102),['Station']
Dorfstraße,POINT(9.297082 53.637962),['Station']
Bf. Ahrensburg,POINT(10.236045 53.669665),['Station']
Breitenwisch 24,POINT(9.297148 53.649489),['Station']
Fritz-Reuter-Straße,POINT(10.22896 53.674204),['Station']
Hermann-Löns-Straße,POINT(10.226782 53.676329),['Station']
Selma-Lagerlöf-Schule,POINT(10.222832 53.673197),['Station']
Wulfsdorfer Weg,POINT(10.215176 53.671119),['Station']
Am Neuen Teich,POINT(10.221159 53.667652),['Station']
U Ahrensburg West,POINT(10.220393 53.66421),['Station']
Schimmelmannstraße,POINT(10.213544 53.674343),['Station']
Breitenwisch 19,POINT(9.296559 53.653884),['Station']
Reesenbüttler Redder,POINT(10.21212 53.677467),['Station']
Schulzentrum Am Heimgarten,POINT(10.220685 53.678997),['Station']
Lilienweg,POINT(10.223633 53.679416),['Station']
Berufsschule,POINT(10.231165 53.67871),['Station']
Jungborn,POINT(10.231266 53.683732),['Station']
Schneiderberg,POINT(10.216171 53.694102),['Station']
Friedhof,POINT(10.208648 53.66033),['Station']
Weißdornweg,POINT(10.208607 53.670511),['Station']
Am Haidschlag,POINT(10.206636 53.673029),['Station']
Am Golfplatz,POINT(10.206204 53.67643),['Station']
Otto-Schumann-Straße,POINT(10.226014 53.682186),['Station']
Gustav-Delle-Straße,POINT(10.224766 53.684032),['Station']
Brückenstraße,POINT(10.228008 53.667492),['Station']
Bahnhofstraße,POINT(10.233353 53.668651),['Station']
Bornkampsweg (Ost),POINT(10.213057 53.660052),['Station']
"Wulfsdorf, Allmende",POINT(10.192869 53.660291),['Station']
"Wulfsdorf, Feuerwache",POINT(10.199073 53.660894),['Station']
Ella-Hensel-Weg,POINT(10.228369 53.671065),['Station']
Steinkamp,POINT(10.228774 53.682886),['Station']
Reesenbüttler Graben,POINT(10.227733 53.674162),['Station']
"(Lkr Stade), Vorwerk 14",POINT(9.294271 53.659748),['Station']
"(Lkr Stade), Im Horn",POINT(9.289562 53.672303),['Station']
"(Lkr Stade), Hauptstraße",POINT(9.280025 53.673952),['Station']
"am Moor, Am Moor 5",POINT(9.301577 53.678778),['Station']
In der Helle,POINT(9.271526 53.676981),['Station']
"am Moor, Moorstraße 10",POINT(9.299802 53.673949),['Station']
"(Lkr Stade), Moorstraße 7",POINT(9.298091 53.671599),['Station']
"(Lkr Stade), Abzweig Moorstraße",POINT(9.297319 53.669382),['Station']
Am Dubben,POINT(9.262261 53.678889),['Station']
Am Glind,POINT(9.256244 53.679836),['Station']
Seestraße 3,POINT(9.267059 53.678878),['Station']
Ostedeich,POINT(9.215814 53.684112),['Station']
Im Strich 29,POINT(9.229453 53.6845),['Station']
Im Strich 26,POINT(9.233845 53.685066),['Station']
Im Strich 19,POINT(9.239738 53.683366),['Station']
Im Strich 11,POINT(9.244601 53.681469),['Station']
Im Strich 2,POINT(9.24956 53.680749),['Station']
Genossenschaft,POINT(9.324101 53.661738),['Station']
Feuerwehr,POINT(9.334654 53.66099),['Station']
Wasserkrug,POINT(9.341914 53.657169),['Station']
Bormannskamp,POINT(9.419157 53.594342),['Station']
Sprehenweg,POINT(9.431146 53.600014),['Station']
Bremervörder Straße,POINT(9.43949 53.596255),['Station']
Haddorfer Grenzweg,POINT(9.42274 53.597708),['Station']
Bielfeldtweg,POINT(9.433404 53.596286),['Station']
Taubenweg,POINT(9.426328 53.597075),['Station']
Am Hofacker,POINT(9.4241 53.599321),['Station']
Drosselstieg,POINT(9.423533 53.597005),['Station']
Richeyweg,POINT(9.437934 53.596153),['Station']
Haddorfer Berg,POINT(9.412891 53.59918),['Station']
Abzweig B 73,POINT(9.399143 53.594097),['Station']
Am Rugen Hollen,POINT(9.408612 53.600372),['Station']
Dorfanger,POINT(9.399854 53.59909),['Station']
Haddorfer Hauptstraße 2,POINT(9.40004 53.594812),['Station']
Hauptstraße 4,POINT(9.368324 53.596666),['Station']
Grefenmoor 1,POINT(9.381869 53.594557),['Station']
Abzweig Hammah,POINT(9.369791 53.593418),['Station']
Mühlenweg,POINT(9.381839 53.601341),['Station']
Himmelpfortener Weg,POINT(9.366597 53.603006),['Station']
Weißenmoor 12,POINT(9.374953 53.577732),['Station']
Abzweigung Düdenbüttel,POINT(9.379074 53.587693),['Station']
Heidberg,POINT(9.382619 53.602336),['Station']
Wendeplatz,POINT(9.366909 53.604137),['Station']
Mühle,POINT(9.378936 53.592509),['Station']
Grundschule,POINT(9.359818 53.619433),['Station']
Bf. Hammah,POINT(9.36721 53.612699),['Station']
Pinnbarg,POINT(9.366379 53.616179),['Station']
Bahnhofstraße 76,POINT(9.364493 53.621746),['Station']
Ahrensburg West,POINT(10.219801 53.664647),['Station']
Grundschule,POINT(9.309948 53.615215),['Station']
Schulzentrum,POINT(9.318983 53.619127),['Station']
Brink,POINT(9.30996 53.61278),['Station']
Stubbenkamp,POINT(9.303609 53.614261),['Station']
Altersheim,POINT(9.316792 53.607021),['Station']
Bf. Himmelpforten,POINT(9.310172 53.623113),['Station']
Neu Kuhla,POINT(9.295908 53.610642),['Station']
Löhe 45,POINT(9.305305 53.629289),['Station']
Seemoor,POINT(9.321562 53.632382),['Station']
Weidenkamp,POINT(9.314154 53.615959),['Station']
Rathaus,POINT(9.313286 53.613068),['Station']
Zentrum,POINT(9.306076 53.616834),['Station']
Friedhof,POINT(9.205802 53.602152),['Station']
Teichstraße,POINT(10.244219 53.645643),['Station']
Kurt-Fischer-Straße (Nord),POINT(10.261497 53.689446),['Station']
Ewige Weide,POINT(10.255905 53.688732),['Station']
Kornkamp (Springer),POINT(10.256203 53.68757),['Station']
Kornkamp (Mitte),POINT(10.256665 53.685777),['Station']
Kornkamp (Süd),POINT(10.257789 53.681362),['Station']
Beimoorweg,POINT(10.253098 53.680351),['Station']
Schloß,POINT(10.242989 53.679387),['Station']
Rosenhof,POINT(10.240812 53.683076),['Station']
Nordstrandring,POINT(10.250069 53.68643),['Station']
Am Alten Markt,POINT(10.239946 53.677289),['Station']
Pferdemarkt,POINT(9.474528 53.600003),['Station']
Manhagener Allee,POINT(10.242832 53.669936),['Station']
Am Aalfang,POINT(10.249885 53.663869),['Station']
U Ahrensburg Ost,POINT(10.243958 53.661406),['Station']
Finkenweg,POINT(10.242767 53.657977),['Station']
Starweg,POINT(10.238072 53.657774),['Station']
Burgweg,POINT(10.234856 53.654878),['Station']
Elsterweg,POINT(10.237786 53.654713),['Station']
Am Birkenhain,POINT(10.237158 53.652384),['Station']
Hinterm Vogelherd,POINT(10.23632 53.649589),['Station']
Meisenweg,POINT(10.236909 53.645961),['Station']
Spechtweg,POINT(10.226534 53.645925),['Station']
Pionierweg,POINT(10.220622 53.645419),['Station']
Schule Am Hagen,POINT(10.21774 53.642519),['Station']
Dänenweg,POINT(10.216444 53.640016),['Station']
Parkklinik Manhagen,POINT(10.257035 53.661638),['Station']
Waldreiterweg,POINT(10.275426 53.663483),['Station']
U Großhansdorf,POINT(10.287089 53.661939),['Station']
Lungenclinic,POINT(10.283425 53.661843),['Station']
Ahrensburger Kamp,POINT(10.258229 53.648902),['Station']
U Kiekut,POINT(10.28245 53.652643),['Station']
Schulzentrum,POINT(10.278386 53.647314),['Station']
Martin-Meyer-Weg,POINT(10.27893 53.646292),['Station']
Bültbek,POINT(10.285883 53.639218),['Station']
Kirche,POINT(10.298026 53.633857),['Station']
Meisenstieg,POINT(10.231912 53.645222),['Station']
Goebenstraße,POINT(9.459223 53.587133),['Station']
Graf-Heinrich-Straße,POINT(9.476816 53.584548),['Station']
An der Reitbahn,POINT(10.235749 53.671438),['Station']
Hamburger Straße,POINT(10.23603 53.67122),['Station']
U Schmalenbeck,POINT(10.262718 53.653383),['Station']
Barkholt,POINT(10.272279 53.648394),['Station']
Olandstieg,POINT(10.244181 53.687974),['Station']
Norderoogstieg,POINT(10.249475 53.689896),['Station']
Helgolandring,POINT(10.242053 53.685633),['Station']
Sachsenstraße (KVG),POINT(9.486153 53.588976),['Station']
Sachsenstraße (Mitte),POINT(9.477202 53.586613),['Station']
An der Strusbek (Mitte),POINT(10.265852 53.689292),['Station']
An der Strusbek (Süd),POINT(10.266584 53.685951),['Station']
Sanders Weg,POINT(9.468622 53.590457),['Station']
Jorker Straße,POINT(9.490584 53.601205),['Station']
Am Weinberg,POINT(10.247103 53.679785),['Station']
Husumweg,POINT(10.248943 53.684177),['Station']
Stormarner Werkstätten,POINT(10.261912 53.683574),['Station']
Wilhelm-Sietas-Straße,POINT(9.464548 53.588029),['Station']
Rathaus,POINT(10.23628 53.673032),['Station']
Rosenhof,POINT(10.290415 53.665829),['Station']
Schule Wöhrendamm,POINT(10.283175 53.6611),['Station']
Klaus-Groth-Straße,POINT(10.236883 53.675542),['Station']
Ellenbogen,POINT(10.248169 53.681544),['Station']
Brombeerweg,POINT(10.213044 53.640114),['Station']
Waldemar-Bonsels-Weg,POINT(10.220607 53.672645),['Station']
Rosenweg,POINT(10.222534 53.683785),['Station']
Theodor-Storm-Stieg,POINT(10.221824 53.669218),['Station']
Am Hopfenbach,POINT(10.254993 53.678435),['Station']
Bf. Gartenholz,POINT(10.252115 53.688053),['Station']
Weizenkoppel,POINT(10.253614 53.679896),['Station']
Bf. Gartenholz (Westseite),POINT(10.250953 53.688667),['Station']
U Großhansdorf (Schaapkamp),POINT(10.286339 53.662657),['Station']
Jochim-Klindt-Straße,POINT(10.262992 53.678198),['Station']
Doktor-Flögel-Straße,POINT(10.270764 53.679976),['Station']
Bf. Stade,POINT(9.476649 53.596508),['Station']
Athenaeum,POINT(9.472834 53.590368),['Station']
Schwedenspeicher,POINT(9.477857 53.6045),['Station']
Friedrich-Fröbel-Schule,POINT(9.476399 53.590444),['Station']
Bf. Stade (Hansebrücke),POINT(9.476219 53.594524),['Station']
Denkmal,POINT(9.256803 53.612574),['Station']
Dorfstraße,POINT(9.2741 53.626022),['Station']
Abzweigung Bossel,POINT(9.254567 53.620189),['Station']
Blaue Straße,POINT(9.265783 53.622977),['Station']
Hüslohstraße,POINT(9.270774 53.623559),['Station']
Schiffertor (Brücke),POINT(9.471072 53.60158),['Station']
Stadeum,POINT(9.467901 53.60312),['Station']
Ostestraße 49,POINT(9.230918 53.609455),['Station']
Achtern Barg,POINT(9.242722 53.61538),['Station']
Altländer Straße,POINT(9.489853 53.602016),['Station']
Tannenbergstraße,POINT(9.455573 53.584748),['Station']
Timm-Kröger-Straße,POINT(9.474472 53.589571),['Station']
Schiffertor/Wallstraße,POINT(9.472562 53.601134),['Station']
Jacobsrade,POINT(10.287425 53.642697),['Station']
Hansdorfer Weg,POINT(10.293333 53.636604),['Station']
Amtsverwaltung,POINT(10.296886 53.635622),['Station']
Ahrensburger Redder,POINT(10.254134 53.649026),['Station']
Kurt-Fischer-Straße (Mitte),POINT(10.261246 53.686627),['Station']
Grauer Esel,POINT(10.233681 53.674182),['Station']
Pellwormstieg,POINT(10.242196 53.685344),['Station']
Auestieg,POINT(10.235699 53.686786),['Station']
Am Obsthain,POINT(10.236314 53.688145),['Station']
Am Hinterdeich,POINT(9.484412 53.601796),['Station']
Am Mühlenkamp,POINT(9.453635 53.582859),['Station']
Am Schießstand,POINT(9.483491 53.585932),['Station']
Thuner Straße,POINT(9.458204 53.586472),['Station']
Berliner Platz,POINT(9.479089 53.593282),['Station']
Brauerstraße,POINT(9.472853 53.589353),['Station']
Neern in Dörp,POINT(9.187077 53.596666),['Station']
Schulstraße,POINT(9.188656 53.59528),['Station']
Berg,POINT(9.184557 53.590263),['Station']
Dorfpark,POINT(9.206545 53.605789),['Station']
Pinnbarg,POINT(9.207393 53.60621),['Station']
Grünendeicher Straße,POINT(9.488447 53.600567),['Station']
Bronzeschmiede,POINT(9.472219 53.582572),['Station']
Cheruskerweg,POINT(9.483167 53.583993),['Station']
Frankenweg,POINT(9.480803 53.587228),['Station']
Freiburger Straße,POINT(9.475213 53.609874),['Station']
In der Hörne,POINT(9.480535 53.611506),['Station']
Barger Weg,POINT(9.458154 53.586086),['Station']
Abzweigung Kuhla,POINT(9.287514 53.600482),['Station']
Kuhla,POINT(9.293371 53.59771),['Station']
Hansestraße,POINT(9.47745 53.607296),['Station']
Harburger Straße (KVG),POINT(9.48655 53.58937),['Station']
Sachsenstraße (West),POINT(9.472929 53.586702),['Station']
Hempbarg,POINT(9.45841 53.583228),['Station']
Jobelmannstraße,POINT(9.471192 53.592073),['Station']
Langobardenstraße,POINT(9.480403 53.585271),['Station']
Theodor-Hermann-Weg,POINT(9.482603 53.598137),['Station']
Am Exerzierplatz,POINT(9.475879 53.588532),['Station']
"(Lkr Stade), Schulzentrum",POINT(9.26101 53.58924),['Station']
"(Lkr Stade), Fasanenweg",POINT(9.243433 53.589376),['Station']
"(Lkr Stade), Lämmerhof",POINT(9.251701 53.590599),['Station']
"(Lkr Stade), Schulstraße",POINT(9.260573 53.591757),['Station']
Salztorscontrescarpe,POINT(9.481896 53.601015),['Station']
Salztorswall,POINT(9.47734 53.597494),['Station']
Kehdinger Straße,POINT(9.474745 53.60453),['Station']
Teichstraße,POINT(9.472498 53.592733),['Station']
Udonenstraße,POINT(9.476128 53.586492),['Station']
Schule,POINT(9.204311 53.574894),['Station']
Friedhof,POINT(9.20966 53.581974),['Station']
Ole Dörpstroot,POINT(9.197906 53.57734),['Station']
Alte Post/Landstraße,POINT(9.197132 53.576334),['Station']
"(Lkr Stade), Abzweigung Brobergen",POINT(9.224391 53.586727),['Station']
Wietstruk 11,POINT(9.208778 53.580843),['Station']
Bf. Stade (Harsefelder Straße),POINT(9.47487 53.595509),['Station']
Vorm Dorf,POINT(9.181725 53.567554),['Station']
Heideweg,POINT(9.181026 53.569981),['Station']
Dorfstraße,POINT(9.180991 53.565147),['Station']
Am Friedhof,POINT(9.175151 53.569037),['Station']
Schönau,POINT(9.171567 53.582223),['Station']
Am Bockelfeld,POINT(9.487782 53.455046),['Station']
Wochenmarkt,POINT(9.503459 53.45304),['Station']
Koppelweg,POINT(9.508092 53.460325),['Station']
Roggenkamp,POINT(9.515525 53.462432),['Station']
Grashofweg,POINT(9.504344 53.459137),['Station']
Pommernstraße,POINT(9.470739 53.585237),['Station']
Ahrensburg Ost,POINT(10.242276 53.661316),['Station']
Schmalenbeck,POINT(10.260493 53.653317),['Station']
Kiekut,POINT(10.28039 53.65307),['Station']
Großhansdorf,POINT(10.286988 53.663108),['Station']
Abzweig Hude,POINT(9.198096 53.559756),['Station']
Forst,POINT(9.207123 53.54496),['Station']
Aspelohe,POINT(9.979427 53.669695),['Station']
Plambeckhof,POINT(9.973059 53.675066),['Station']
Alte Dorfstraße,POINT(9.968533 53.677637),['Station']
Hude 10,POINT(9.175548 53.548506),['Station']
Hermann-Löns-Weg,POINT(9.97644 53.679891),['Station']
U Garstedt,POINT(9.985006 53.68443),['Station']
Kohfurth,POINT(9.984041 53.689155),['Station']
Aurikelstieg,POINT(9.989305 53.690253),['Station']
Marommer Straße (Ost),POINT(9.995884 53.691277),['Station']
Forstweg,POINT(9.994053 53.695182),['Station']
Buchenweg (Ost),POINT(9.994385 53.698998),['Station']
Alter Kirchenweg,POINT(9.997131 53.706236),['Station']
Hude 5a,POINT(9.186203 53.55273),['Station']
Langenharmer Weg,POINT(9.999165 53.709624),['Station']
Ulzburger Straße 186,POINT(9.994459 53.702754),['Station']
Uhlenkamp,POINT(10.002731 53.70485),['Station']
Markt,POINT(10.008145 53.704553),['Station']
Romintener Weg,POINT(10.014891 53.706086),['Station']
Kreuzung,POINT(9.208115 53.535003),['Station']
Theodor-Storm-Straße,POINT(10.016249 53.71028),['Station']
Falkenhorst,POINT(10.010623 53.710606),['Station']
Falkenbergstraße,POINT(10.008246 53.711273),['Station']
Grootkoppelstraße,POINT(10.009854 53.715815),['Station']
Stormarnstraße,POINT(10.01935 53.70825),['Station']
Glasmoorstraße,POINT(10.027776 53.704125),['Station']
Lindenweg,POINT(10.028083 53.697456),['Station']
ARRIBA-Bad,POINT(9.997178 53.688373),['Station']
Breslauer Straße,POINT(9.99808 53.684304),['Station']
Rugenbarg (Mitte),POINT(9.986866 53.670784),['Station']
Tarpenbekstraße,POINT(9.987768 53.674425),['Station']
Schillerstraße,POINT(9.984171 53.67981),['Station']
Gutenbergring 26,POINT(9.984086 53.660582),['Station']
Gutenbergring 15,POINT(9.978324 53.663891),['Station']
Niendorfer Straße (Mitte),POINT(9.973835 53.665383),['Station']
Siegfriedstraße,POINT(10.060014 53.703485),['Station']
"(OD), Puckaff",POINT(10.077522 53.714228),['Station']
"(OD), Ziegenkoppel",POINT(10.069888 53.720217),['Station']
"(OD), Wiesenweg",POINT(10.074817 53.724576),['Station']
"(OD), Herrendamm",POINT(10.080944 53.730721),['Station']
Arlaustieg,POINT(10.03835 53.693863),['Station']
"(OD), Schule",POINT(10.085343 53.729711),['Station']
"(OD), Rathaus",POINT(10.085352 53.733026),['Station']
Hofweg,POINT(10.050049 53.697355),['Station']
Op den Kamp,POINT(10.028488 53.69234),['Station']
Falkenbergschulen,POINT(10.010469 53.701658),['Station']
Schulzentrum Süd,POINT(10.029574 53.689716),['Station']
Stadtpark,POINT(10.017933 53.711676),['Station']
Kornhoop,POINT(9.964742 53.683903),['Station']
Harthagen,POINT(9.976652 53.698866),['Station']
Rantzauer Forstweg (Museen),POINT(9.976227 53.702086),['Station']
Helgolandstraße,POINT(9.976286 53.705284),['Station']
Schierkamp,POINT(9.952524 53.68711),['Station']
Hallig-Hooge-Stieg,POINT(9.980299 53.711802),['Station']
Fehmarnstraße,POINT(9.980547 53.708772),['Station']
Friedrichsgaber Weg (Mitte),POINT(9.984545 53.708137),['Station']
U A Norderstedt Mitte,POINT(9.992222 53.706797),['Station']
Görlitzer Weg,POINT(9.994904 53.681814),['Station']
Europaallee,POINT(9.987656 53.681272),['Station']
Heidehofweg (West),POINT(10.00725 53.683553),['Station']
Zwijndrechtring,POINT(9.986117 53.71188),['Station']
Festsaal am Falkenberg,POINT(10.007366 53.708693),['Station']
Waldschneise,POINT(10.013323 53.707663),['Station']
An'n Slagboom,POINT(9.988588 53.660311),['Station']
Bornbarch,POINT(9.98803 53.663622),['Station']
Gewerbe im Park,POINT(9.980583 53.666056),['Station']
Libellengrund,POINT(10.008869 53.687322),['Station']
Meyertwiete,POINT(9.970025 53.681318),['Station']
Heuberg,POINT(9.968483 53.672803),['Station']
OBI-Markt Norderstedt,POINT(9.971483 53.667702),['Station']
Friedhof,POINT(9.974599 53.677498),['Station']
Eiderstraße,POINT(10.029673 53.693776),['Station']
Jägerlauf,POINT(10.022746 53.691553),['Station']
Kreuzweg,POINT(10.01424 53.68973),['Station']
Nordportbogen (West),POINT(9.97129 53.660633),['Station']
Nordportbogen (Ost),POINT(9.977347 53.660269),['Station']
Fadens Tannen,POINT(10.0073 53.70341),['Station']
Nordport (Süd),POINT(9.980711 53.659208),['Station']
Südportal,POINT(9.984808 53.6539),['Station']
Gutenbergring 1,POINT(9.976033 53.662984),['Station']
Waldstraße (Friedhof),POINT(9.980482 53.717694),['Station']
Schützenwall,POINT(10.022311 53.707946),['Station']
Fabersweg,POINT(9.987627 53.6658),['Station']
Düdenbütteler Straße,POINT(9.336107 53.577632),['Station']
Buschweg,POINT(9.981052 53.693412),['Station']
Kirchweg 47,POINT(9.299206 53.566454),['Station']
Friedhof,POINT(9.321411 53.574807),['Station']
"(Lkr Stade), Sunde",POINT(9.29744 53.581446),['Station']
Eikhof,POINT(9.196743 53.538221),['Station']
"(Lkr Stade), Timmerlade 8",POINT(9.279622 53.583403),['Station']
"(Lkr Stade), Abzweig Timmerlade",POINT(9.280212 53.583572),['Station']
Schiffstelle,POINT(9.188513 53.539411),['Station']
Trift,POINT(9.32315 53.547433),['Station']
Überschuß 52,POINT(9.308723 53.546852),['Station']
Im Vieh,POINT(9.309664 53.543561),['Station']
Krügerfeld,POINT(9.320732 53.542947),['Station']
Alte Schule,POINT(9.32296 53.548243),['Station']
Kirchweg,POINT(9.301711 53.562153),['Station']
Überschuß 32a,POINT(9.31419 53.547619),['Station']
Zum Willaher Moor,POINT(9.297563 53.543169),['Station']
Willah,POINT(9.273267 53.537073),['Station']
Richtweg,POINT(9.989659 53.69565),['Station']
Garstedt,POINT(9.986044 53.685455),['Station']
Norderstedt Mitte,POINT(9.992527 53.707541),['Station']
Heidestraße,POINT(10.047836 53.730152),['Station']
Kirche,POINT(9.896823 53.731343),['Station']
A Quickborn,POINT(9.904447 53.732148),['Station']
Ärztezentrum,POINT(9.90324 53.735248),['Station']
"Ellerau, Steindamm",POINT(9.919896 53.751231),['Station']
Birkenhof,POINT(9.978213 53.778497),['Station']
Friedrichsgaber Straße (West),POINT(9.9329 53.751787),['Station']
"Quickborn-Heide, Lerchenweg",POINT(9.939213 53.753417),['Station']
A Tanneneck,POINT(9.942856 53.755644),['Station']
Hinrich-Fehrs-Straße,POINT(9.960086 53.751949),['Station']
Kiefernweg,POINT(9.951354 53.758668),['Station']
Hermann-Löns-Straße,POINT(9.958235 53.74925),['Station']
Grandweg,POINT(9.942318 53.746555),['Station']
Ulzburger Landstraße,POINT(9.95269 53.743347),['Station']
Feldweg,POINT(9.967265 53.737138),['Station']
Beim Umspannwerk,POINT(9.983353 53.738804),['Station']
A Quickborner Straße,POINT(9.99021 53.73394),['Station']
Irisgang,POINT(9.996587 53.733196),['Station']
Bahnhofstraße,POINT(9.99735 53.727672),['Station']
Harckesheyde (West),POINT(9.997968 53.722429),['Station']
Weg am Denkmal,POINT(9.999704 53.716421),['Station']
Schulweg,POINT(10.003249 53.719608),['Station']
Steindamm,POINT(10.010606 53.718738),['Station']
Stüberg,POINT(10.014024 53.721665),['Station']
Harckesheyde (Ost),POINT(10.023859 53.723028),['Station']
Mühlenweg (Ost),POINT(10.022846 53.726864),['Station']
Heideweg,POINT(9.963888 53.748495),['Station']
Mühlenweg (Mitte),POINT(10.016229 53.727648),['Station']
Werkstraße,POINT(10.022907 53.730637),['Station']
Am Stammgleis,POINT(10.022461 53.73597),['Station']
Am Stammgleis (West),POINT(10.016424 53.735751),['Station']
Zwickmöhlen,POINT(9.995717 53.738675),['Station']
Am Gehölz,POINT(9.996202 53.743172),['Station']
SOS-Kinderdorf,POINT(9.996378 53.747412),['Station']
Paracelsus-Klinik,POINT(10.009428 53.749252),['Station']
Wilstedter Straße,POINT(9.996406 53.753728),['Station']
Alter Postweg,POINT(9.996813 53.758729),['Station']
Alsterquelle,POINT(9.99756 53.763377),['Station']
Dammstücken,POINT(9.992227 53.771284),['Station']
Suhlenkamp,POINT(9.978453 53.773796),['Station']
Kirche,POINT(9.979627 53.789052),['Station']
A Henstedt-Ulzburg,POINT(9.981973 53.795304),['Station']
Sportzentrum,POINT(9.991093 53.793333),['Station']
Schäferberg,POINT(9.998812 53.791823),['Station']
Kirche,POINT(10.006134 53.790881),['Station']
Schlesienstraße,POINT(10.006122 53.793568),['Station']
Kisdorfer Mühle,POINT(10.004931 53.80595),['Station']
Schulzentrum,POINT(9.991549 53.790769),['Station']
Waldstraße,POINT(10.055953 53.728742),['Station']
Ginsterweg,POINT(10.04515 53.733033),['Station']
Loheweg,POINT(10.062097 53.748249),['Station']
Dorfplatz,POINT(10.067154 53.746802),['Station']
Gewerbegebiet,POINT(10.068436 53.743601),['Station']
"(OD), Harksheider Weg",POINT(10.076858 53.735061),['Station']
"(OD), Hauptstraße",POINT(10.086018 53.733568),['Station']
Harksheider Straße (West),POINT(10.028468 53.727535),['Station']
"(OD), Gut Rethfurt",POINT(10.121549 53.744194),['Station']
Ehlersberger Weg,POINT(10.133972 53.750151),['Station']
"(OD), Auf dem Kamp",POINT(10.129081 53.738498),['Station']
"(OD), Schule",POINT(10.125948 53.732984),['Station']
Ehlersberger Weg,POINT(10.154159 53.737244),['Station']
Hirschweg,POINT(10.153091 53.734756),['Station']
Dorfring,POINT(10.061693 53.744874),['Station']
Schuldorf,POINT(9.901684 53.731899),['Station']
Waldschule,POINT(9.962418 53.753826),['Station']
Justus-von-Liebig-Ring,POINT(9.911585 53.732902),['Station']
Heidkampstraße,POINT(9.902127 53.722183),['Station']
Harkshörn (Nord),POINT(10.018849 53.74078),['Station']
Birkenhof (Kehre),POINT(9.979444 53.778604),['Station']
Auf dem Damm,POINT(9.981493 53.770851),['Station']
An der Schmiede,POINT(9.933877 53.750027),['Station']
Hainholz,POINT(9.985694 53.715163),['Station']
Schule,POINT(9.992159 53.731139),['Station']
Syltkuhlen,POINT(9.985009 53.717621),['Station']
Birkenweg,POINT(10.052364 53.728235),['Station']
Lawaetzstraße (Süd),POINT(9.98476 53.723814),['Station']
Achtern Diek,POINT(10.062923 53.743165),['Station']
Lawaetzstraße (Mitte),POINT(9.984674 53.727921),['Station']
Hermann-Klingenberg-Ring,POINT(9.986749 53.733043),['Station']
Oststraße,POINT(10.022076 53.739468),['Station']
Tycho-Brahe-Kehre,POINT(9.98174 53.73658),['Station']
Heidkrug,POINT(10.126414 53.749836),['Station']
Gewerbecentrum Mühlenweg,POINT(10.020308 53.727182),['Station']
"(OD), B 432",POINT(10.099918 53.727906),['Station']
Kiefernhain,POINT(9.966965 53.752469),['Station']
Waldstraße,POINT(9.987242 53.714009),['Station']
Habichtweg,POINT(9.987751 53.717635),['Station']
Harckestwiete,POINT(9.999802 53.723743),['Station']
Harckesstieg,POINT(10.003562 53.725132),['Station']
Johann-Hinr.-Wichern-Straße,POINT(10.009228 53.724446),['Station']
Falkenbergstraße (Nord),POINT(10.017221 53.723579),['Station']
Heinrich-Sebelien-Straße,POINT(9.978506 53.800185),['Station']
Gutenbergstraße,POINT(9.978104 53.803782),['Station']
Lise-Meitner-Straße,POINT(9.967162 53.80848),['Station']
Beim Brüderhof,POINT(10.018369 53.745987),['Station']
Weg am Sportplatz,POINT(10.064029 53.749723),['Station']
Rotdornweg (Nord),POINT(9.916492 53.733458),['Station']
Ulmenweg,POINT(9.917281 53.730747),['Station']
Eichenweg,POINT(9.918136 53.728279),['Station']
Schillerstraße,POINT(9.91831 53.725798),['Station']
Elsenseestraße,POINT(9.924721 53.725919),['Station']
Heidefriedhof,POINT(9.933568 53.725186),['Station']
Alvesloher Straße,POINT(9.914697 53.755458),['Station']
Grundschule,POINT(9.920603 53.757947),['Station']
Vorderer Kamp,POINT(9.929165 53.76116),['Station']
Moortwiete,POINT(9.939938 53.75874),['Station']
Carl-Zeiss-Straße,POINT(9.936758 53.747345),['Station']
Max-Weber-Straße,POINT(9.935087 53.744483),['Station']
Pascalkehre,POINT(9.941654 53.743964),['Station']
Lornsenstraße,POINT(9.954245 53.744412),['Station']
Altersheim,POINT(10.130816 53.745544),['Station']
Meierei,POINT(9.809649 53.784104),['Station']
Autwiet,POINT(9.828299 53.786591),['Station']
Auf dem Bek,POINT(9.859588 53.794915),['Station']
In de Möschen,POINT(9.877194 53.786297),['Station']
Bilser Straße,POINT(9.899668 53.783614),['Station']
Denkmal,POINT(9.914318 53.786855),['Station']
Kaden,POINT(9.946797 53.783898),['Station']
Virchowring,POINT(9.981078 53.791412),['Station']
Teichstraße,POINT(10.004172 53.78689),['Station']
Krummacker,POINT(10.014294 53.788835),['Station']
Vogelsang,POINT(10.03108 53.793975),['Station']
Götzberg,POINT(10.041917 53.793396),['Station']
Am Endern,POINT(10.065129 53.789589),['Station']
Kulturzentrum,POINT(10.076834 53.787445),['Station']
Schule,POINT(10.082779 53.783214),['Station']
Sandbergstraße,POINT(10.087486 53.78805),['Station']
Mühlenstraße,POINT(10.13804 53.791839),['Station']
Wakendorfer Straße,POINT(10.143019 53.79748),['Station']
Steindamm,POINT(10.156893 53.806925),['Station']
Lindenbergredder,POINT(10.160863 53.809411),['Station']
B 432,POINT(10.17418 53.817647),['Station']
"Borstel (Sülfeld), B 432",POINT(10.190554 53.823721),['Station']
"(Sülfeld), Am Schmiedeholz",POINT(10.19449 53.823304),['Station']
"Borstel (Sülfeld), Borsteler Hof",POINT(10.202787 53.817102),['Station']
Vierthof,POINT(10.208914 53.807885),['Station']
Zuckerhut,POINT(10.220087 53.804249),['Station']
Am Markt,POINT(10.231313 53.800379),['Station']
Sülfelder Brücke,POINT(10.242418 53.804829),['Station']
"(Oldesloe), Dorfstraße",POINT(10.274269 53.803937),['Station']
Glinde 1-15,POINT(10.304737 53.803052),['Station']
Glinde 21-28,POINT(10.312813 53.80309),['Station']
Helene-Stöcker-Straße,POINT(10.352033 53.806751),['Station']
Bickbüschen,POINT(10.35675 53.807102),['Station']
Vicelinkirche,POINT(10.363013 53.80501),['Station']
Mährischer Berg,POINT(10.368401 53.806862),['Station']
Kurparkallee,POINT(10.375757 53.807101),['Station']
Bf. Bad Oldesloe (ZOB),POINT(10.381271 53.805367),['Station']
Stadtschule,POINT(10.371662 53.80678),['Station']
Am Hohenkamp,POINT(10.36027 53.807494),['Station']
Salinenstraße,POINT(10.369369 53.806267),['Station']
"(Oldesloe), Alte Schäferei",POINT(10.257093 53.805718),['Station']
Kurt-Körber-Straße,POINT(9.973377 53.810074),['Station']
Brahmkoppel,POINT(9.977855 53.810038),['Station']
"Tangstedt(OD), Gut Wulksfelde",POINT(10.11102 53.717992),['Station']
Dorfstraße,POINT(10.135488 53.795664),['Station']
"(OD), Eichholzkoppel",POINT(10.093746 53.732384),['Station']
An der Pinnau,POINT(9.976938 53.784995),['Station']
Hasloher Weg,POINT(9.941698 53.724933),['Station']
Grootredder,POINT(10.007015 53.80737),['Station']
Dorotheenplatz,POINT(9.900298 53.730876),['Station']
"(Oldesloe), Lindenallee",POINT(10.274114 53.803328),['Station']
Am Mühlenberg,POINT(9.893694 53.733846),['Station']
Badesee Costa Kiesa,POINT(10.040795 53.735237),['Station']
Industriestraße,POINT(9.98372 53.760347),['Station']
Hogenmoor,POINT(9.97914 53.770106),['Station']
Kranichstraße,POINT(9.97749 53.774801),['Station']
A Ellerau,POINT(9.921483 53.751048),['Station']
Kieler Straße,POINT(9.874884 53.782495),['Station']
Butterberg,POINT(9.877558 53.798639),['Station']
Hohenufer,POINT(9.845458 53.793344),['Station']
A Ellerau (Bahnstraße),POINT(9.923053 53.750039),['Station']
Stader Weg,POINT(9.49259 53.493276),['Station']
Linah,POINT(9.49393 53.475049),['Station']
Rudolf-Diesel-Straße (West),POINT(9.94203 53.804053),['Station']
Rudolf-Diesel-Straße 15,POINT(9.948655 53.805744),['Station']
Rudolf-Diesel-Straße (Mitte),POINT(9.953242 53.805168),['Station']
Rudolf-Diesel-Straße (Ost),POINT(9.955427 53.807128),['Station']
Am Redder,POINT(9.964036 53.811201),['Station']
Heideweg,POINT(9.977892 53.805751),['Station']
Ahornweg,POINT(9.97468 53.794924),['Station']
Rotdornweg,POINT(9.974893 53.79299),['Station']
Schulstraße,POINT(9.973082 53.790768),['Station']
Rostocker Straße,POINT(9.974161 53.78889),['Station']
Tannenweg,POINT(10.004891 53.750953),['Station']
Lessingstraße,POINT(9.999955 53.752512),['Station']
Klaus-Groth-Straße,POINT(9.994515 53.756475),['Station']
Rondeel,POINT(9.990149 53.754571),['Station']
Hermann-Löns-Straße (West),POINT(9.959044 53.749478),['Station']
Behnkeweg,POINT(9.954336 53.755095),['Station']
Ostpreußenstraße,POINT(9.992908 53.78985),['Station']
Druventwiete,POINT(9.99935 53.789554),['Station']
Bäckerstraße,POINT(9.471601 53.46477),['Station']
Heuberg,POINT(9.479029 53.463833),['Station']
Harsefelder Straße 19,POINT(9.492366 53.462197),['Station']
Brauerstraße,POINT(10.686262 53.622923),['Station']
Bf. Harsefeld,POINT(9.497202 53.450946),['Station']
Im Wieh,POINT(9.492803 53.449266),['Station']
Grundschule Rosenborn,POINT(9.495129 53.452581),['Station']
Schulzentrum,POINT(9.492742 53.444064),['Station']
Handelsweg,POINT(9.521195 53.458211),['Station']
Auebrücke,POINT(9.5024 53.46026),['Station']
Marktstraße,POINT(9.502705 53.452935),['Station']
Berliner Straße,POINT(10.692352 53.613833),['Station']
Martin-Behaim-Straße,POINT(10.693581 53.612063),['Station']
Papenkamp,POINT(10.69552 53.607659),['Station']
Grundschule Tanneck,POINT(10.692579 53.60514),['Station']
Stolper Straße,POINT(10.696511 53.60184),['Station']
Kolberger Straße,POINT(10.69496 53.601215),['Station']
Memeler Straße,POINT(10.691472 53.595981),['Station']
Königsberger Straße,POINT(10.696785 53.595115),['Station']
Waldstadt,POINT(10.694008 53.590661),['Station']
Danziger Straße,POINT(10.699545 53.591625),['Station']
Posener Straße,POINT(10.702595 53.595733),['Station']
Kalandsbrede,POINT(10.699295 53.599329),['Station']
Seekamp,POINT(10.823922 53.653837),['Station']
Grambeker Weg,POINT(10.679753 53.617371),['Station']
Delvenauweg,POINT(10.677999 53.613163),['Station']
Hansestraße,POINT(10.676487 53.609707),['Station']
Bürgermeister-Oetken-Straße,POINT(10.680084 53.606304),['Station']
Massower Straße,POINT(10.68358 53.60834),['Station']
Paul-Gerhardt-Straße,POINT(10.685001 53.612148),['Station']
Zillestraße,POINT(10.684987 53.615581),['Station']
Immenstelle,POINT(10.690353 53.614112),['Station']
Hasengrund,POINT(10.696521 53.616038),['Station']
Gudower Weg,POINT(10.692523 53.62074),['Station']
Rathaus,POINT(9.499129 53.45605),['Station']
Wassertor (Schmilauer Straße),POINT(10.694185 53.632426),['Station']
Augustinum,POINT(10.709668 53.632834),['Station']
Pater-Lenner-Weg,POINT(10.714464 53.631804),['Station']
Alte Zirkuskoppel,POINT(10.689929 53.635263),['Station']
Stecknitzweg,POINT(10.681253 53.634172),['Station']
Bismarckstraße,POINT(10.687535 53.620739),['Station']
Friedrich-Ebert-Straße,POINT(10.744302 53.695722),['Station']
Am Sportplatz,POINT(10.008633 53.810277),['Station']
An de Loh,POINT(10.019563 53.810247),['Station']
Demolierung,POINT(10.769012 53.699322),['Station']
Jägerdenkmal,POINT(10.78292 53.697687),['Station']
Jägerstraße,POINT(10.786365 53.6968),['Station']
Schmiedeberg,POINT(10.014064 53.810752),['Station']
Ulzburger Straße,POINT(9.984205 53.804397),['Station']
Gartenstraße (Friedhof),POINT(10.788848 53.692522),['Station']
Herrenstraße,POINT(10.66719 53.698861),['Station']
Riemannstraße,POINT(10.795265 53.70028),['Station']
Holunderweg,POINT(10.800958 53.698127),['Station']
Weißdornweg,POINT(10.801328 53.699703),['Station']
Grüner Weg,POINT(10.799365 53.695572),['Station']
Ziethener Straße,POINT(10.796266 53.694262),['Station']
Burgfeld,POINT(10.794452 53.692555),['Station']
Eichenweg,POINT(10.783332 53.688093),['Station']
Krankenhaus,POINT(10.77962 53.68911),['Station']
Seniorenwohnsitz,POINT(10.771854 53.682279),['Station']
Wassertor (Ratzeburger Straße),POINT(10.691332 53.632906),['Station']
Schweriner Straße 90,POINT(10.805254 53.691296),['Station']
Twiete,POINT(10.809123 53.6929),['Station']
Friedhof,POINT(10.811205 53.695564),['Station']
Birkbusch,POINT(10.807242 53.696002),['Station']
Seedorfer Straße,POINT(10.788263 53.688002),['Station']
Stadthaus,POINT(10.686927 53.625205),['Station']
Fuchswald,POINT(10.747964 53.699704),['Station']
Am Gerichtsberg,POINT(10.787297 53.706276),['Station']
Ohsten Barg,POINT(10.787669 53.711132),['Station']
Schulstraße,POINT(10.779593 53.712851),['Station']
Römnitz,POINT(10.767571 53.709004),['Station']
Im Winkel,POINT(10.786484 53.714267),['Station']
Am Steinkamp,POINT(10.789032 53.716835),['Station']
Bäker Straße,POINT(10.796375 53.717795),['Station']
Am Brink,POINT(10.803837 53.716937),['Station']
Sande,POINT(10.838462 53.692489),['Station']
Waldstraße,POINT(10.865799 53.693351),['Station']
Redder,POINT(10.882379 53.687259),['Station']
Kirche,POINT(10.885364 53.686305),['Station']
Goldensee,POINT(10.922597 53.688139),['Station']
Rosenhagen,POINT(10.941981 53.67609),['Station']
"Niendorf am Schaalsee, Tannenkate",POINT(10.928032 53.649051),['Station']
Dorfstraße,POINT(10.913653 53.662851),['Station']
"Niendorf am Schaalsee, Gut",POINT(10.926627 53.652407),['Station']
Bresahn,POINT(10.917903 53.630827),['Station']
Schaalseeweg,POINT(10.882122 53.641469),['Station']
Grundschule St. Georgsberg,POINT(10.749852 53.69813),['Station']
Farchau,POINT(10.77112 53.674876),['Station']
Kirche,POINT(10.757526 53.664626),['Station']
Weißer Hirsch,POINT(10.807892 53.658196),['Station']
"am Schaalsee, Dargower Weg",POINT(10.860835 53.622006),['Station']
Kogel,POINT(10.814902 53.638617),['Station']
"am Schaalsee, Bergstraße",POINT(10.867874 53.619497),['Station']
"am Schaalsee, Badeanstalt",POINT(10.87642 53.618958),['Station']
"am Schaalsee, Am Zuckerhut",POINT(10.881014 53.611814),['Station']
Groß Zecher,POINT(10.901939 53.603638),['Station']
Marienstedt,POINT(10.892311 53.58296),['Station']
Collinghof,POINT(10.880513 53.584225),['Station']
Klein Zecher,POINT(10.872924 53.577568),['Station']
Hakendorf,POINT(10.850082 53.585589),['Station']
Feuerwehr,POINT(10.82142 53.593021),['Station']
Alte Dorfstraße (West),POINT(10.812224 53.617765),['Station']
Alt-Horster-Weg,POINT(10.758391 53.661764),['Station']
Gut,POINT(10.770297 53.638288),['Station']
Siedlung,POINT(10.764449 53.634034),['Station']
Am Lausebusch,POINT(10.670563 53.621534),['Station']
Am Brink,POINT(10.658374 53.622135),['Station']
Pantener Straße,POINT(10.635494 53.648806),['Station']
Mannhagen,POINT(10.612709 53.642672),['Station']
Am Brook,POINT(10.657887 53.621297),['Station']
Bälau,POINT(10.621686 53.617696),['Station']
Neuenlande,POINT(10.591416 53.608092),['Station']
Burgstraße,POINT(10.563857 53.61303),['Station']
Walksfelde,POINT(10.575322 53.631992),['Station']
"(RZ), Gemeindehaus",POINT(10.579689 53.64163),['Station']
Schulstraße,POINT(10.509587 53.662825),['Station']
Hauptstraße,POINT(10.508902 53.66526),['Station']
Dorfstraße,POINT(10.56749 53.662934),['Station']
In de Brüch,POINT(10.567132 53.692826),['Station']
Bergrade,POINT(10.585506 53.699108),['Station']
Lüchow,POINT(10.529903 53.690729),['Station']
Hinrich-Braasch-Weg,POINT(9.323524 53.48194),['Station']
Seestraße,POINT(10.616691 53.682705),['Station']
Gut,POINT(10.694103 53.649986),['Station']
Gretenberger Straße,POINT(10.665632 53.667863),['Station']
Am Brink,POINT(10.669635 53.699042),['Station']
Giesensdorfer Straße,POINT(10.723991 53.698542),['Station']
Giesensdorf,POINT(10.710308 53.688215),['Station']
Möllerweg,POINT(10.700886 53.684333),['Station']
Wilhelm-Bohn-Straße,POINT(10.694338 53.67996),['Station']
Neu Lankau,POINT(10.63794 53.672891),['Station']
Hauptstraße,POINT(10.636663 53.686387),['Station']
Windeck,POINT(10.619675 53.664621),['Station']
Grüner Weg,POINT(10.72835 53.713252),['Station']
Seeweg,POINT(10.712969 53.731732),['Station']
Groß Disnack,POINT(10.69443 53.745556),['Station']
Holstendorf,POINT(10.719129 53.75605),['Station']
Dorfstraße,POINT(10.744105 53.732334),['Station']
Iltisstieg,POINT(10.699464 53.612546),['Station']
Drüsen,POINT(10.716817 53.600023),['Station']
Oldenburger Straße,POINT(10.752417 53.594357),['Station']
Schmiedeberg,POINT(10.787889 53.585547),['Station']
Kirche,POINT(10.81823 53.62036),['Station']
Röntgenweg,POINT(10.677424 53.604374),['Station']
Am Brink,POINT(10.681902 53.571817),['Station']
Bundesstraße,POINT(10.568477 53.576244),['Station']
Klosterberg,POINT(10.702444 53.740913),['Station']
Stintenburger Weg,POINT(10.799844 53.701109),['Station']
Am Viehmarkt,POINT(10.788091 53.693935),['Station']
Doktorhof,POINT(10.683136 53.63552),['Station']
Barkenkamp,POINT(10.748803 53.688153),['Station']
Ringstraße,POINT(10.680273 53.574904),['Station']
Zittschower Weg,POINT(10.79352 53.692003),['Station']
Brunnenstraße,POINT(10.564519 53.61338),['Station']
Marienstedter Straße,POINT(10.81935 53.590185),['Station']
Dorfstraße,POINT(10.614331 53.681946),['Station']
Waidmannsplatz,POINT(10.688034 53.619995),['Station']
Am Teich,POINT(10.560939 53.661717),['Station']
Grasselweg,POINT(9.348258 53.469049),['Station']
Am Teich,POINT(10.746061 53.612755),['Station']
Haidkoppel,POINT(10.748051 53.616653),['Station']
Raumredder,POINT(10.391787 53.692962),['Station']
Heidegrund,POINT(10.873193 53.64302),['Station']
Altes Forsthaus,POINT(10.513688 53.652305),['Station']
Bannauer Moor,POINT(10.763122 53.573577),['Station']
Möllner Welle,POINT(10.690129 53.625141),['Station']
Robert-Koch-Park,POINT(10.696003 53.623468),['Station']
"Zarrentin, Markt",POINT(10.914754 53.552939),['Station']
"Zarrentin, Bahnhofstraße",POINT(10.914233 53.547753),['Station']
Don Bosco-Haus,POINT(10.713797 53.63398),['Station']
Kalkkuhle (Nord),POINT(10.680951 53.673714),['Station']
Sterleyer Heide,POINT(10.843067 53.629452),['Station']
"Zarrentin, Ratzeburger Straße",POINT(10.910163 53.55587),['Station']
Fritz-Reuter-Straße,POINT(10.695235 53.609604),['Station']
Brester Straße,POINT(9.373134 53.463789),['Station']
Bad Segeberg,POINT(10.30831 53.93374),['Station']
Kaltenkirchen,POINT(9.966214 53.834571),['Station']
Henstedt-Ulzburg,POINT(9.982277 53.795284),['Station']
Ulzburg Süd,POINT(9.973046 53.773508),['Station']
Tanneneck,POINT(9.943349 53.755344),['Station']
Ellerau,POINT(9.921719 53.750049),['Station']
Meeschensee,POINT(9.979872 53.753981),['Station']
Haslohfurth,POINT(9.986849 53.744436),['Station']
Quickborner Straße,POINT(9.9899 53.734284),['Station']
Friedrichsgabe,POINT(9.98902 53.728442),['Station']
Alveslohe,POINT(9.916588 53.791456),['Station']
Holstentherme,POINT(9.945564 53.84036),['Station']
Kaltenkirchen Süd,POINT(9.973035 53.823455),['Station']
A Meeschensee,POINT(9.979116 53.754095),['Station']
Wakendorf,POINT(10.366081 53.866183),['Station']
Fresenburg,POINT(10.390684 53.842529),['Station']
Bad Oldesloe,POINT(10.382849 53.805348),['Station']
Rickling,POINT(10.168378 53.999021),['Station']
Bad Bramstedt,POINT(9.890114 53.920525),['Station']
Wahlstedt,POINT(10.22977 53.961103),['Station']
Fahrenkrug,POINT(10.252754 53.944072),['Station']
Altengörs,POINT(10.35499 53.899294),['Station']
Moorbekhalle (Schulzentrum Nord),POINT(9.991764 53.716919),['Station']
Boostedt,POINT(10.016186 54.017961),['Station']
Großenaspe,POINT(9.97014 53.981226),['Station']
Wiemersdorf,POINT(9.917357 53.955082),['Station']
Bad Bramstedt Kurhaus,POINT(9.890461 53.9032),['Station']
Lentföhrden,POINT(9.890211 53.876463),['Station']
Nützen,POINT(9.916977 53.863485),['Station']
Langeln,POINT(9.861984 53.791852),['Station']
Brinkweg,POINT(9.38166 53.450868),['Station']
Poststraße,POINT(9.445958 53.460358),['Station']
Hohe Luft,POINT(9.431795 53.457867),['Station']
Knüll,POINT(9.450875 53.459819),['Station']
Im Sohrfeld,POINT(9.462347 53.433457),['Station']
Hauptstraße 6,POINT(9.471192 53.43876),['Station']
Forsthaus,POINT(9.462627 53.419088),['Station']
Stader Straße,POINT(9.451066 53.405457),['Station']
Kakerbecker Straße,POINT(9.452394 53.405847),['Station']
Grundschule,POINT(9.448504 53.400597),['Station']
In der Heide,POINT(9.472059 53.40968),['Station']
Paradies,POINT(9.475927 53.404597),['Station']
Ort,POINT(9.436726 53.410309),['Station']
Holzhäuserstraße,POINT(9.455725 53.409438),['Station']
Schulzentrum,POINT(9.446994 53.401447),['Station']
Grundschule (Kehre),POINT(9.448333 53.400085),['Station']
Brinkkrog,POINT(9.408844 53.403785),['Station']
Hauptstraße,POINT(9.421111 53.391442),['Station']
Masch,POINT(9.403653 53.395536),['Station']
Wieh,POINT(9.422846 53.413306),['Station']
Im Dorfe,POINT(9.407361 53.404365),['Station']
A Ulzburg Süd,POINT(9.973461 53.773747),['Station']
Auetal,POINT(9.438568 53.394892),['Station']
Abzweig Zevener Straße,POINT(9.445582 53.394381),['Station']
Abzweig Klethen,POINT(9.446304 53.394396),['Station']
Lange Straße,POINT(9.465043 53.378609),['Station']
Holzstraße,POINT(9.440836 53.381648),['Station']
Mühle,POINT(9.439757 53.377564),['Station']
Kampshorn,POINT(9.476533 53.386201),['Station']
Mühlendamm,POINT(9.439291 53.377548),['Station']
Landstraße,POINT(9.465671 53.3784),['Station']
Birkenstraße,POINT(9.42528 53.364857),['Station']
Friedhofstraße,POINT(9.426793 53.364474),['Station']
Kiefernhain (Nord),POINT(9.970691 53.756266),['Station']
Elly-Heuss-Knapp-Straße,POINT(10.405858 53.797964),['Station']
Famila,POINT(10.404586 53.799884),['Station']
Lübecker Straße,POINT(10.376535 53.81092),['Station']
Berufsschule,POINT(10.396333 53.806845),['Station']
Finanzamt,POINT(10.38055 53.810218),['Station']
Ernst-August-Schleuse,POINT(9.981913 53.524122),['Station']
Große Straße,POINT(10.304779 53.526379),['Station']
Dorfstraße,POINT(10.290608 53.51761),['Station']
Schellerdamm,POINT(9.986849 53.465945),['Station']
Knoopstraße/Bremer Straße,POINT(9.979573 53.457352),['Station']
Moorstraße (Phoenix-Center),POINT(9.986459 53.456918),['Station']
Harburger Ring,POINT(9.984607 53.458218),['Station']
S Harburg Rathaus,POINT(9.980478 53.460696),['Station']
Seehafenbrücke (Amtsgericht),POINT(9.977596 53.46497),['Station']
Unterelbestraße,POINT(9.97208 53.466731),['Station']
Grumbrechtstraße,POINT(9.967953 53.468022),['Station']
Bissingstraße,POINT(9.962958 53.469563),['Station']
Kanalplatz,POINT(9.984122 53.46656),['Station']
Neuländer Straße,POINT(9.991833 53.466604),['Station']
Süderelbe (Süd),POINT(9.993964 53.470163),['Station']
S Harburg Rathaus (Hölertwiete),POINT(9.982 53.461402),['Station']
S Harburg Rathaus (Eißendorfer Straße),POINT(9.976961 53.460266),['Station']
Blohmstraße,POINT(9.981833 53.467181),['Station']
Hannoversche Straße 10,POINT(9.994163 53.465785),['Station']
Hafen Harburg,POINT(9.979966 53.465247),['Station']
Nartenstraße,POINT(9.990742 53.465661),['Station']
Harburger Schloßstraße,POINT(9.983305 53.465085),['Station']
Lauenbruch Ost,POINT(9.982442 53.472675),['Station']
Zitadellenstraße,POINT(9.982394 53.469306),['Station']
Kronsforder Koppel,POINT(10.619698 53.802705),['Station']
Theodor-Yorck-Straße,POINT(9.987921 53.46413),['Station']
Abzweigung Bassenfleth,POINT(9.516803 53.603331),['Station']
Abzweigung Wöhrden,POINT(9.521002 53.60697),['Station']
Speersort 176,POINT(9.523069 53.604311),['Station']
Wöhrden 8,POINT(9.517534 53.608701),['Station']
Wöhrden 6,POINT(9.519805 53.607856),['Station']
Bassenflether Chaussee,POINT(9.517645 53.604253),['Station']
Marktkanal,POINT(10.025483 53.527511),['Station']
Stenzelring,POINT(10.000326 53.517787),['Station']
Schlenzigstraße,POINT(10.001808 53.514764),['Station']
Rubbertstraße 30,POINT(10.004008 53.510918),['Station']
Rotenhäuser Straße (Ost),POINT(10.004127 53.50637),['Station']
Thielenstraße (West),POINT(10.003764 53.502519),['Station']
Berufsschulcampus Elbinsel,POINT(10.001577 53.500524),['Station']
Schulen Stübenhofer Weg,POINT(10.015887 53.482576),['Station']
Haselweg,POINT(9.625956 53.361636),['Station']
Brinkweg,POINT(9.631448 53.365255),['Station']
Am Wegen,POINT(9.52021 53.613829),['Station']
Kurze Straße,POINT(9.525496 53.614767),['Station']
Bassenfleth 8e,POINT(9.534842 53.611806),['Station']
Hollernstraße 132,POINT(9.537089 53.599594),['Station']
Hollernstraße 85,POINT(9.546271 53.593559),['Station']
Melau 43,POINT(9.511684 53.613498),['Station']
Wöhrden,POINT(9.507142 53.612762),['Station']
Twielenfleth am Deich 70,POINT(9.542272 53.609176),['Station']
Wöhrden 15,POINT(9.509748 53.610783),['Station']
Freibad,POINT(9.559397 53.602843),['Station']
Kirche,POINT(9.560158 53.591842),['Station']
Ehrenmal,POINT(9.552466 53.599551),['Station']
Twielenfleth am Deich 50,POINT(9.551041 53.607276),['Station']
Abzweigung Twielenfleth,POINT(9.550751 53.592002),['Station']
Schule,POINT(9.553708 53.591791),['Station']
Siebenhöfen,POINT(9.569487 53.590423),['Station']
Hörne,POINT(9.556821 53.604562),['Station']
Durchweg,POINT(9.570741 53.592717),['Station']
Twielenflether Chaussee 28,POINT(9.551633 53.595952),['Station']
Twielenflether Chaussee,POINT(9.550994 53.593241),['Station']
Seestraße (Wendeplatz),POINT(9.296198 53.690714),['Station']
Seestraße 19,POINT(9.286216 53.689795),['Station']
Seestraße 15,POINT(9.284575 53.688937),['Station']
Seestraße 10,POINT(9.282037 53.687379),['Station']
Abzweig Bachenbrock,POINT(9.574552 53.588629),['Station']
Wendeplatz,POINT(9.570975 53.576435),['Station']
Bachenbrock 17,POINT(9.569052 53.581629),['Station']
Bachenbrock 86,POINT(9.574844 53.587882),['Station']
Huttfleth,POINT(9.603629 53.577452),['Station']
Sandhörn,POINT(9.580803 53.587493),['Station']
Schleuse,POINT(9.588496 53.584679),['Station']
Parkplatz,POINT(9.575514 53.588292),['Station']
Sandhörn 10,POINT(9.577123 53.591123),['Station']
Mojenhörn,POINT(9.608468 53.579089),['Station']
Minneweg,POINT(9.622795 53.568737),['Station']
Kurze Straße,POINT(9.611845 53.568263),['Station']
Schleuse,POINT(9.627515 53.566403),['Station']
Hogendiekbrücke,POINT(9.612745 53.565815),['Station']
Alter Marktplatz,POINT(9.608165 53.56007),['Station']
Am Hafen,POINT(9.609463 53.562192),['Station']
Schulzentrum,POINT(9.604302 53.56964),['Station']
Elbdeich 31,POINT(9.621454 53.575087),['Station']
Zum Felde Weg,POINT(9.605827 53.571789),['Station']
Striep,POINT(9.610447 53.568702),['Station']
Fähre,POINT(9.631068 53.571883),['Station']
Kirchenstieg,POINT(9.614141 53.575718),['Station']
Weidenweg,POINT(9.596995 53.562031),['Station']
Birkenweg,POINT(9.603581 53.561387),['Station']
Kindergarten,POINT(9.607033 53.561109),['Station']
Moorburger Elbdeich 297,POINT(9.91865 53.49518),['Station']
Moorburger Elbdeich 273,POINT(9.922158 53.495063),['Station']
Alte Schule Moorburg,POINT(9.927745 53.494876),['Station']
Moorburger Elbdeich 227,POINT(9.931735 53.493371),['Station']
Moorburger Kirchdeich,POINT(9.936389 53.489857),['Station']
Schleusenbrücke,POINT(9.613411 53.537831),['Station']
Muddweg,POINT(9.622655 53.539706),['Station']
Moorburger Straße,POINT(9.958233 53.473043),['Station']
Zweite Hafenstraße,POINT(9.966031 53.471569),['Station']
Altenheim,POINT(9.609629 53.549576),['Station']
Neßstraße 49,POINT(9.61112 53.53893),['Station']
Neßstraße 71 Schule,POINT(9.611274 53.537079),['Station']
Harburg Rathaus,POINT(9.980236 53.460626),['Station']
Moorburger Kirche,POINT(9.941311 53.489639),['Station']
Konsul-Ritter-Straße,POINT(9.972209 53.470414),['Station']
Moorburger Bogen,POINT(9.950599 53.474497),['Station']
Heykenstieg,POINT(9.906509 53.481965),['Station']
Kantstraße,POINT(9.778974 53.461048),['Station']
Lessingstraße,POINT(9.778092 53.463894),['Station']
Weidenring,POINT(9.782816 53.471833),['Station']
Querweg,POINT(9.790597 53.461062),['Station']
Yachthafenstraße,POINT(9.656422 53.538358),['Station']
Breslauer Straße,POINT(9.803353 53.460429),['Station']
Freibad,POINT(9.807252 53.459612),['Station']
Hauptstraße,POINT(9.798431 53.463696),['Station']
Cuxhavener Straße (West),POINT(9.809145 53.467335),['Station']
An de Geest,POINT(9.819345 53.469952),['Station']
Neckersstücken,POINT(9.819899 53.471359),['Station']
Ohrnsweg,POINT(9.822208 53.473913),['Station']
Fischbeker Heuweg,POINT(9.826686 53.471061),['Station']
Rostweg,POINT(9.832569 53.471577),['Station']
Geutensweg,POINT(9.839828 53.472335),['Station']
Stremelweg,POINT(9.844173 53.472718),['Station']
S Neugraben,POINT(9.853827 53.473485),['Station']
Neuwiedenthaler Straße (West),POINT(9.861845 53.47677),['Station']
Friedhof Neuwiedenthal,POINT(9.869171 53.476303),['Station']
Rehrstieg,POINT(9.875022 53.477375),['Station']
Twistering,POINT(9.879295 53.477909),['Station']
Hardauring,POINT(9.883688 53.478371),['Station']
Altwiedenthaler Straße,POINT(9.888246 53.478095),['Station']
Hausbrucher Bahnhofstraße,POINT(9.89474 53.477471),['Station']
Neuwiedenthaler Straße (Ost),POINT(9.898904 53.477098),['Station']
Moorburger Kreuzung,POINT(9.910298 53.495693),['Station']
Zum Dubben,POINT(9.904289 53.473931),['Station']
Georg-Heyken-Straße,POINT(9.900229 53.482731),['Station']
Haake,POINT(9.901262 53.471078),['Station']
Hausbruch,POINT(9.893732 53.471782),['Station']
Talweg,POINT(9.883679 53.472135),['Station']
Opferberg,POINT(9.876462 53.471991),['Station']
S Neuwiedenthal,POINT(9.874338 53.47268),['Station']
Francoper Straße,POINT(9.863408 53.471403),['Station']
Neugrabener Markt,POINT(9.85442 53.470758),['Station']
Grundheide,POINT(9.855175 53.464148),['Station']
Fischbeker Heideweg,POINT(9.851489 53.459035),['Station']
Fischbeker Holtweg,POINT(9.859713 53.467422),['Station']
Störtebekerweg,POINT(9.863687 53.469559),['Station']
Neugrabener Heideweg,POINT(9.866098 53.462218),['Station']
Lüttmattensteed,POINT(9.866444 53.459251),['Station']
Bauernholztal,POINT(9.866731 53.456364),['Station']
Quellgrund,POINT(9.867097 53.452893),['Station']
Waldfrieden (Kehre),POINT(9.867884 53.449401),['Station']
Heykenaukamp (Kehre),POINT(9.909482 53.478007),['Station']
Heykenauweg (Süd),POINT(9.901348 53.47938),['Station']
Heykenauweg (Nord),POINT(9.904546 53.481737),['Station']
Ernst-Moritz-Arndt-Straße,POINT(9.783602 53.465484),['Station']
Theodor-Heuss-Straße,POINT(9.781782 53.469647),['Station']
Rathaus,POINT(9.792011 53.468232),['Station']
Zur Heide,POINT(9.794413 53.464622),['Station']
Heykenaukamp,POINT(9.905361 53.47899),['Station']
Ringheide,POINT(9.854497 53.461889),['Station']
Bredenheider Weg,POINT(9.800439 53.463216),['Station']
Heidrand,POINT(9.865787 53.465455),['Station']
Schifferstraße,POINT(9.798482 53.468818),['Station']
Meisterweg,POINT(9.799968 53.465357),['Station']
Grenzweg,POINT(9.794745 53.469517),['Station']
Bredenheider Weg (Süd),POINT(9.800525 53.460555),['Station']
Fritz-Reuter-Straße,POINT(9.785371 53.462615),['Station']
S Neu Wulmstorf,POINT(9.789354 53.472778),['Station']
Distelacker,POINT(9.855666 53.468359),['Station']
Bergheide,POINT(9.854706 53.467791),['Station']
Westerjork 70,POINT(9.667333 53.535871),['Station']
Wellenstraße,POINT(9.74415 53.546209),['Station']
Lühe 59,POINT(9.638028 53.565907),['Station']
Lühe 25,POINT(9.640412 53.568859),['Station']
Lühe 10,POINT(9.646098 53.567589),['Station']
Höhen 6,POINT(9.632558 53.565496),['Station']
Im Fischbeker Heidbrook (West),POINT(9.810175 53.466843),['Station']
Heideblütenweg,POINT(9.81245 53.464536),['Station']
Heidschnuckenring,POINT(9.815747 53.466095),['Station']
Im Fischbeker Heidbrook (Ost),POINT(9.814034 53.467841),['Station']
Neuenschleuse 2a,POINT(9.671296 53.547053),['Station']
Neuenschleuse 33,POINT(9.6603 53.554923),['Station']
Neuenschleuse 12,POINT(9.665701 53.550041),['Station']
Burweg,POINT(9.655401 53.560143),['Station']
Leuchtturm,POINT(9.651733 53.563991),['Station']
"Borstel (STD), Bürgermeister-Wilkens-Straße",POINT(9.680855 53.542947),['Station']
"(STD), Königsmarckweg",POINT(9.687118 53.541204),['Station']
"Borstel (STD), Struckweg",POINT(9.689948 53.538079),['Station']
"Borstel (STD), Hinter der Mühle 11",POINT(9.695549 53.539295),['Station']
"(STD), Hinter der Mühle 33a",POINT(9.698591 53.539035),['Station']
"(STD), Am Elbdeich (Mühle)",POINT(9.692018 53.540133),['Station']
Schulzentrum,POINT(9.678387 53.534785),['Station']
Westerminnerweg (Schule),POINT(9.678842 53.531179),['Station']
Westfeld,POINT(9.676579 53.526394),['Station']
Kreuzung,POINT(9.670347 53.51756),['Station']
Am Fleet,POINT(9.679831 53.530832),['Station']
Grenzweg,POINT(9.715855 53.523424),['Station']
Groß Hove (Wendeplatz),POINT(9.753567 53.531162),['Station']
Groß Hove 27,POINT(9.7397 53.526406),['Station']
Weidenstraße,POINT(9.701317 53.525999),['Station']
Kreuzung (Elbe-Obst),POINT(9.725121 53.51946),['Station']
Groß Hove 156,POINT(9.768434 53.527653),['Station']
Groß Hove 62,POINT(9.736207 53.524972),['Station']
Groß Hove 69,POINT(9.759002 53.530607),['Station']
Groß Hove 102,POINT(9.745219 53.530657),['Station']
Groß Hove 174,POINT(9.773864 53.525237),['Station']
Wellenstraße,POINT(9.741234 53.531302),['Station']
Leeswig 101,POINT(9.763267 53.532952),['Station']
Bahnübergang,POINT(10.699898 53.646291),['Station']
Heidemoor,POINT(9.861113 53.482274),['Station']
Hinterbrack 7,POINT(9.76192 53.546115),['Station']
Francoper Hinterdeich,POINT(9.874444 53.496886),['Station']
Erlenbruch,POINT(9.86763 53.481975),['Station']
Moorburger Ring,POINT(9.873072 53.480696),['Station']
Jägerhof,POINT(9.888569 53.471209),['Station']
Schanzengrund,POINT(9.890455 53.465597),['Station']
Rudolf Steiner Schule Harburg,POINT(9.891891 53.461543),['Station']
Hohenwisch (Kehre),POINT(9.877334 53.502562),['Station']
Hohenwischer Straße 20,POINT(9.884288 53.499932),['Station']
Moorburger Alter Deich,POINT(9.891262 53.499053),['Station']
Moorburger Elbdeich 379,POINT(9.901457 53.498015),['Station']
Appelbütteler Straße,POINT(9.91925 53.433759),['Station']
Rehwechsel,POINT(9.895081 53.455041),['Station']
Schierheisterberg,POINT(9.900032 53.453521),['Station']
Emmetal,POINT(9.905495 53.45135),['Station']
Baddels Hoff,POINT(9.901859 53.443147),['Station']
Wildpark Schwarze Berge,POINT(9.890296 53.441482),['Station']
Alveser Straße,POINT(9.893585 53.438276),['Station']
Am Langen Stein,POINT(9.898334 53.434413),['Station']
Museumsweg,POINT(9.903146 53.432876),['Station']
Kirchweg,POINT(9.906091 53.435486),['Station']
Museum Kiekeberg,POINT(9.905404 53.439966),['Station']
Weidenbruch,POINT(9.864295 53.483913),['Station']
Neuwiedenthal,POINT(9.87707 53.472993),['Station']
Neugraben,POINT(9.851894 53.474002),['Station']
Gartenfreunde Francoper Straße,POINT(9.867993 53.487211),['Station']
Professor-Strache-Allee,POINT(9.902045 53.446219),['Station']
Heinrich-Wendt-Weg,POINT(9.88605 53.437739),['Station']
Harburger Stadtweg,POINT(9.90339 53.442956),['Station']
Hinterdeich 1,POINT(9.653215 53.535778),['Station']
Rickelstraße,POINT(9.94894 53.44873),['Station']
Beerentalweg,POINT(9.942911 53.448356),['Station']
Strucksbarg,POINT(9.937647 53.449934),['Station']
Majestätische Aussicht,POINT(9.92542 53.453884),['Station']
Auf der Jahnhöhe,POINT(9.929665 53.453887),['Station']
Ehestorfer Weg (Mitte),POINT(9.937112 53.455015),['Station']
Bünte,POINT(9.943109 53.455282),['Station']
Lichtenauerweg,POINT(9.94535 53.455157),['Station']
Gellersenweg,POINT(9.947574 53.455013),['Station']
Lübbersweg,POINT(9.955363 53.455948),['Station']
Mehringweg,POINT(9.960125 53.456827),['Station']
Dempwolffstraße,POINT(9.965795 53.457868),['Station']
Eißendorfer Straße (TU Hamburg),POINT(9.970445 53.459125),['Station']
Denickestraße,POINT(9.956621 53.458993),['Station']
Lohmannsweg,POINT(9.95663 53.464088),['Station']
Thörlstraße,POINT(9.959776 53.464674),['Station']
S Heimfeld,POINT(9.962686 53.46554),['Station']
Kasernenstraße (TU Hamburg),POINT(9.96965 53.463866),['Station']
Goldene Wiege (Jahnhöhe),POINT(9.935153 53.458355),['Station']
Vahrenwinkelweg,POINT(9.934862 53.460199),['Station']
Blaumeisenweg,POINT(9.943287 53.451076),['Station']
Heimfelder Straße 123,POINT(9.940527 53.461035),['Station']
Eißendorfer Pferdeweg (Mitte),POINT(9.949795 53.462786),['Station']
AK Harburg,POINT(9.951442 53.459008),['Station']
Lühmannstraße,POINT(9.947033 53.45774),['Station']
Triftstraße,POINT(9.942645 53.458116),['Station']
Berkefeldweg,POINT(9.952697 53.470661),['Station']
Eißendorfer Pferdeweg (Nord),POINT(9.945688 53.47104),['Station']
Krankenhaus Mariahilf,POINT(9.9373 53.471061),['Station']
Bostelbek,POINT(9.93204 53.47086),['Station']
Moorstieg,POINT(9.921085 53.470595),['Station']
Försterkamp,POINT(9.91649 53.470495),['Station']
Nachtigallenweg,POINT(9.947899 53.451336),['Station']
Zum Fürstenmoor,POINT(9.931141 53.471766),['Station']
Am Radeland,POINT(9.925645 53.471817),['Station']
Heykenaubrook,POINT(9.918509 53.471926),['Station']
Forstweg,POINT(9.938865 53.45944),['Station']
Hans-Dewitz-Ring,POINT(9.943959 53.461691),['Station']
Hainholzweg (Mitte),POINT(9.930349 53.450719),['Station']
Große Straße,POINT(9.923752 53.450527),['Station']
Kohlenhusen (Wendeplatz),POINT(9.720906 53.53848),['Station']
Ottenbecker Damm,POINT(9.510812 53.573841),['Station']
Hügelweg,POINT(9.497573 53.584086),['Station']
Gottlieb-Daimler-Straße,POINT(9.496078 53.578971),['Station']
Heidbecker Damm,POINT(9.496119 53.581118),['Station']
Schwabensee,POINT(9.49123 53.586583),['Station']
Claus-von-Stauffenberg-Weg,POINT(9.501114 53.573253),['Station']
Carl-von-Ossietzky-Weg,POINT(9.492588 53.570926),['Station']
Senior-Ubbelohde-Weg,POINT(9.488135 53.572238),['Station']
Henning-von-Tresckow-Weg,POINT(9.494549 53.573451),['Station']
Schule,POINT(9.496187 53.572816),['Station']
Airbus-Straße,POINT(9.506213 53.573007),['Station']
Airbus (Eingang),POINT(9.507622 53.573442),['Station']
Airbus/CFK Nord,POINT(9.507626 53.57372),['Station']
S Agathenburg,POINT(9.530917 53.563987),['Station']
Feldstraße,POINT(9.529663 53.562663),['Station']
Hauptstraße 13,POINT(9.527186 53.564938),['Station']
Buchenweg,POINT(9.524902 53.564553),['Station']
Altländer Straße,POINT(9.545606 53.540874),['Station']
S Dollern,POINT(9.557118 53.54561),['Station']
Rüstjer Weg,POINT(9.543536 53.535834),['Station']
Osterberg (Schule),POINT(9.550502 53.539171),['Station']
Birkenweg (Mohr),POINT(9.555545 53.541888),['Station']
Bf. Horneburg,POINT(9.576207 53.509381),['Station']
Am Tivoli,POINT(9.588853 53.503955),['Station']
Claustal,POINT(9.590707 53.499669),['Station']
Issendorfer Straße,POINT(9.572242 53.507145),['Station']
Im Stuck,POINT(9.567182 53.507438),['Station']
Eichholz,POINT(9.564931 53.51833),['Station']
Am Schafkoben,POINT(9.54779 53.511402),['Station']
Kalkwiesen,POINT(9.582165 53.507537),['Station']
Wilhelmstraße,POINT(9.576849 53.506718),['Station']
Neumarktstraße,POINT(9.582938 53.508935),['Station']
Kurze Straße,POINT(9.580108 53.509227),['Station']
Am Milchberg,POINT(9.573725 53.514254),['Station']
Lerchenweg,POINT(9.569735 53.515693),['Station']
Krummes Moor,POINT(9.594418 53.503164),['Station']
Bucht,POINT(9.574508 53.487429),['Station']
Mühlenkampstraße,POINT(9.623864 53.483516),['Station']
Harsefelder Straße,POINT(9.623815 53.483219),['Station']
Feldstraße,POINT(9.617028 53.478537),['Station']
Friedhof,POINT(9.629472 53.48274),['Station']
Fuhrenkamp,POINT(9.609217 53.47581),['Station']
Moorstraße,POINT(9.629762 53.484051),['Station']
Jorker Straße,POINT(9.637521 53.481107),['Station']
Pfingstmarkt,POINT(9.636523 53.479828),['Station']
S Neukloster,POINT(9.640267 53.481353),['Station']
Zum Heidberg,POINT(9.662621 53.4746),['Station']
Heitmannshausen 94,POINT(9.653693 53.475799),['Station']
Ilskamp,POINT(9.654302 53.475275),['Station']
Bergstraße,POINT(9.637496 53.480398),['Station']
Am Gleise,POINT(9.641545 53.480241),['Station']
Altländer Straße,POINT(9.601878 53.519093),['Station']
Umdeich,POINT(9.605628 53.523001),['Station']
Dorfstraße,POINT(9.60558 53.52708),['Station']
Lühebogen,POINT(9.603752 53.521492),['Station']
Poggenpohl,POINT(9.653286 53.493431),['Station']
Dammhauser Straße 130,POINT(9.673659 53.486884),['Station']
Dammhauser Straße 99,POINT(9.667883 53.488399),['Station']
Dammhauser Straße 16,POINT(9.656251 53.491249),['Station']
Dammhauser Straße 56,POINT(9.662362 53.489912),['Station']
Heimfeld (TU Hamburg),POINT(9.963212 53.465464),['Station']
Milchberg,POINT(10.050564 53.402727),['Station']
Gutenbergstraße,POINT(10.04754 53.399581),['Station']
Seevestraße,POINT(10.041035 53.396071),['Station']
Im Stuck,POINT(10.038099 53.394686),['Station']
Hamburger Straße,POINT(10.036774 53.390896),['Station']
Schöne Aussicht,POINT(10.036366 53.388303),['Station']
Gewerbegebiet,POINT(10.025019 53.386487),['Station']
Karoxbosteler Chaussee,POINT(10.012671 53.394374),['Station']
Glüsingen-Lohe,POINT(10.004553 53.402027),['Station']
Glüsinger Straße,POINT(10.00051 53.405906),['Station']
Fleestedt,POINT(9.991567 53.409989),['Station']
Mühlenweg,POINT(9.984215 53.414596),['Station']
Rüstweg,POINT(9.982847 53.417258),['Station']
Sinstorfer Kirchweg,POINT(9.980775 53.424572),['Station']
Rönneburger Kirchweg,POINT(9.982219 53.428486),['Station']
Buchholzer Weg,POINT(9.983497 53.431711),['Station']
Am Frankenberg,POINT(9.985516 53.436366),['Station']
Freudenthalweg,POINT(9.987887 53.439357),['Station']
Winsener Straße (Nord),POINT(9.990976 53.445972),['Station']
Reeseberg,POINT(9.987578 53.450681),['Station']
Woxdorf,POINT(9.959239 53.410846),['Station']
Mühlenweg,POINT(9.962253 53.415773),['Station']
Beckedorf,POINT(9.965199 53.419002),['Station']
Hirschkäferweg,POINT(9.961184 53.426384),['Station']
Haithabuweg,POINT(9.967985 53.425107),['Station']
Höpengrund,POINT(9.993279 53.42472),['Station']
Waldquelle,POINT(9.997774 53.423918),['Station']
Buchenhain,POINT(10.005013 53.422779),['Station']
Alter Kirchweg,POINT(10.010871 53.422415),['Station']
Helbach-Haus,POINT(10.015268 53.421983),['Station']
Rönneburger Straße,POINT(10.020925 53.422042),['Station']
An den Höfen,POINT(10.024015 53.422268),['Station']
Lerchenweg,POINT(10.026704 53.417123),['Station']
Roggenkamp,POINT(10.02577 53.41457),['Station']
Schulzentrum,POINT(10.024226 53.412274),['Station']
Gartenstraße,POINT(9.966759 53.404909),['Station']
Lönsring,POINT(10.026324 53.418833),['Station']
Am Felde,POINT(10.029272 53.422564),['Station']
Wittenberger Feld,POINT(9.962995 53.40803),['Station']
An der Eiche,POINT(10.010624 53.43418),['Station']
Küstersweg,POINT(10.004199 53.437379),['Station']
Radickestraße,POINT(10.002186 53.439445),['Station']
Höpenstraße,POINT(10.003428 53.441698),['Station']
Mensingstraße,POINT(9.996981 53.442741),['Station']
Zum Jägerfeld,POINT(9.977555 53.435686),['Station']
Mattenmoorstraße,POINT(10.025779 53.421192),['Station']
Triftweg,POINT(10.019608 53.410363),['Station']
Am Grasweg,POINT(10.020187 53.416343),['Station']
Sinstorfer Kirche,POINT(9.973321 53.424246),['Station']
Maretstraße (Bürgerzentrum),POINT(9.982782 53.452204),['Station']
Freizeitbad MidSommerland,POINT(9.980903 53.447753),['Station']
Scharfsche Schlucht,POINT(9.975594 53.426285),['Station']
Hillenklint,POINT(10.018174 53.425867),['Station']
Am Blöcken,POINT(10.01619 53.427861),['Station']
Marienkäferweg,POINT(9.964351 53.425388),['Station']
Uhlandstraße,POINT(9.995363 53.384483),['Station']
Vorderkamp,POINT(10.01052 53.439958),['Station']
Kanzlerstraße,POINT(10.006361 53.439733),['Station']
Grenzkehre,POINT(9.984472 53.416625),['Station']
Außenmühle,POINT(9.981945 53.450539),['Station']
Gewerbegebiet,POINT(9.955457 53.420581),['Station']
Beckedorfer Bogen,POINT(9.957176 53.424763),['Station']
Am Pavillon,POINT(9.968757 53.433925),['Station']
Moorlage,POINT(9.972353 53.429313),['Station']
Westmoor,POINT(9.684298 53.483346),['Station']
Achterkamp,POINT(10.008081 53.438029),['Station']
Blättnerring,POINT(9.986466 53.433232),['Station']
Einhausring,POINT(9.989901 53.434048),['Station']
Ellernbüsche,POINT(10.03688 53.392144),['Station']
Estebrügger Straße 40,POINT(9.726206 53.514143),['Station']
Goldaper Weg,POINT(9.729301 53.505687),['Station']
Buxtehuder Straße 108,POINT(9.72077 53.498532),['Station']
Ortsmitte,POINT(9.730117 53.511064),['Station']
Moorende 173,POINT(9.720511 53.495695),['Station']
GS An der Este,POINT(9.723867 53.513115),['Station']
Moorende 123,POINT(9.730012 53.500534),['Station']
Moorende 137,POINT(9.726934 53.499439),['Station']
Esteburgring,POINT(9.731185 53.510024),['Station']
Moorende 89,POINT(9.73277 53.504902),['Station']
Moorende 97,POINT(9.731827 53.503569),['Station']
Schöpfwerk,POINT(9.716389 53.492512),['Station']
Wetternweg,POINT(9.725712 53.512609),['Station']
Neuland,POINT(9.710569 53.488683),['Station']
Vogelsang,POINT(9.714005 53.494152),['Station']
Sinstorfer Kirchweg (Schultwiete),POINT(9.979611 53.424338),['Station']
Klein Nindorf,POINT(9.655768 53.427725),['Station']
Heideweg,POINT(9.662795 53.448092),['Station']
Jugendhof Estetal,POINT(9.661084 53.439701),['Station']
Böschenweg,POINT(9.664128 53.451544),['Station']
Kirchweg,POINT(9.665845 53.448749),['Station']
Milanstraße,POINT(9.658784 53.451565),['Station']
Obstgut,POINT(10.646564 53.822395),['Station']
Neuer Ring,POINT(9.653769 53.41708),['Station']
Apenser Straße,POINT(9.652117 53.416271),['Station']
Butenhof,POINT(10.639698 53.816541),['Station']
Sauensieker Straße,POINT(9.628618 53.404662),['Station']
Nindorfer Straße,POINT(9.631747 53.407818),['Station']
Schleusenstraße,POINT(10.63721 53.81308),['Station']
Am Bahnhof,POINT(9.6102 53.4089),['Station']
Horneburger Kamp,POINT(9.6112 53.416802),['Station']
Hauptstraße,POINT(9.61077 53.411979),['Station']
Waldfrieden,POINT(9.617058 53.413115),['Station']
Lindenstraße,POINT(9.611728 53.411678),['Station']
Abzweigung Halvesbostel,POINT(9.591331 53.367977),['Station']
Hauptstraße 65,POINT(9.600767 53.387311),['Station']
Bredenhorn,POINT(9.593666 53.371649),['Station']
Jürgen-Schumann-Straße,POINT(9.601112 53.386204),['Station']
Lütt Chaussee,POINT(9.596494 53.380486),['Station']
Alte Schule,POINT(9.602801 53.380203),['Station']
Löhe,POINT(9.589524 53.366602),['Station']
Sportshuus,POINT(10.650227 53.780373),['Station']
Kindergarten,POINT(10.038031 53.387552),['Station']
Am Walde,POINT(9.540802 53.388802),['Station']
Am Friedhof,POINT(9.557086 53.383552),['Station']
Schule,POINT(9.546905 53.385387),['Station']
Schusterstraße,POINT(9.550917 53.384111),['Station']
Steineck,POINT(9.978129 53.401716),['Station']
Bürgermeist.-Reichel-Straße,POINT(9.979658 53.405432),['Station']
Grundschule,POINT(9.997749 53.404896),['Station']
Glüsingen (LK Harburg),POINT(10.01659 53.408655),['Station']
Denkmal,POINT(9.98073 53.397166),['Station']
Schwarzer Weg,POINT(9.982947 53.3942),['Station']
Haus Huckfeld,POINT(9.983506 53.389748),['Station']
Kirche,POINT(9.982813 53.387094),['Station']
Schulzentrum,POINT(9.972194 53.393336),['Station']
Theodor-Fontane-Straße,POINT(9.989229 53.385055),['Station']
Rieselwiesen,POINT(10.006197 53.385039),['Station']
Grundschule,POINT(9.986028 53.387031),['Station']
Sportplatz,POINT(9.990782 53.387846),['Station']
Am Schützenplatz,POINT(9.995095 53.387837),['Station']
Im Heubruch,POINT(9.996762 53.389692),['Station']
Niemarker Weg,POINT(10.63591 53.801542),['Station']
Op de Bult,POINT(10.024656 53.384531),['Station']
Höhenkamp,POINT(10.030034 53.380693),['Station']
Heidehaus,POINT(10.034425 53.377088),['Station']
Am Alten Sportplatz,POINT(10.036463 53.381168),['Station']
Vor den Hallonen,POINT(10.038076 53.385718),['Station']
Hittfelder Kirchweg,POINT(10.026525 53.389116),['Station']
Hittfelder Landstraße,POINT(9.982246 53.414648),['Station']
Grundschule,POINT(10.043186 53.398604),['Station']
Grüner Damm,POINT(10.057958 53.411647),['Station']
Denkmal,POINT(10.062967 53.411099),['Station']
Schule,POINT(10.065347 53.411842),['Station']
Am Plack,POINT(10.074851 53.420742),['Station']
Grundschule,POINT(10.020083 53.423919),['Station']
Tannenkamp,POINT(10.023679 53.420824),['Station']
Am Plack (Nord),POINT(10.070498 53.424097),['Station']
Neue Bullerrinne,POINT(9.847936 53.530754),['Station']
Bf. Hittfeld,POINT(9.975348 53.403725),['Station']
Elsternweg,POINT(10.044368 53.378717),['Station']
Gustav-Becker-Straße,POINT(9.973318 53.401737),['Station']
Bosteler Feld,POINT(10.005612 53.387641),['Station']
Eißendorfer Mühlenweg,POINT(9.961736 53.448179),['Station']
Osterfeldweg,POINT(9.971858 53.435966),['Station']
Feuerteichweg,POINT(9.966754 53.436475),['Station']
Marmstorfer Kirche,POINT(9.967498 53.439407),['Station']
Nymphenweg,POINT(9.96841 53.44179),['Station']
Rabenstein,POINT(9.969247 53.446195),['Station']
Marmstorfer Weg (Nord),POINT(9.971964 53.45178),['Station']
Harmsstraße,POINT(9.976187 53.454774),['Station']
Gottschalkring,POINT(9.966258 53.449751),['Station']
Neuer Friedhof,POINT(9.956055 53.44587),['Station']
Vogelhüttenberg,POINT(9.949692 53.442668),['Station']
Schafshagenberg,POINT(9.945635 53.440903),['Station']
Langenberg,POINT(9.941376 53.439562),['Station']
Appelbütteler Weg,POINT(9.9346 53.436632),['Station']
Up den Wiemen (EKZ Marmstorf),POINT(9.959565 53.440675),['Station']
Beutnerring,POINT(9.955696 53.443294),['Station']
Göhlbachtal,POINT(9.954686 53.453267),['Station']
Seestücken,POINT(9.953863 53.449482),['Station']
Beutnerring (Kehre),POINT(9.953671 53.44358),['Station']
Eddelbüttelkamp,POINT(9.965417 53.439217),['Station']
Ruschweg,POINT(10.640423 53.787292),['Station']
Birkenweg,POINT(9.55426 53.412408),['Station']
Moorweg,POINT(10.640742 53.783792),['Station']
Ahlerstedter Weg,POINT(9.487413 53.396625),['Station']
Jeftkamp,POINT(9.471322 53.367604),['Station']
Schlangenweg,POINT(9.503091 53.404126),['Station']
Schuldamm,POINT(9.503392 53.390161),['Station']
Drosselgasse,POINT(9.504357 53.39545),['Station']
Rathaus,POINT(9.619283 53.435818),['Station']
Feldstraße,POINT(9.62569 53.439703),['Station']
Beckdorfer Straße,POINT(9.614198 53.433778),['Station']
Stader Straße,POINT(9.611952 53.437689),['Station']
Grundschule,POINT(9.615789 53.436654),['Station']
Schulzentrum,POINT(9.608429 53.431283),['Station']
Gräfenweg,POINT(9.611265 53.439095),['Station']
Zentrum,POINT(9.615744 53.43457),['Station']
Bockhorst,POINT(9.567213 53.350564),['Station']
Tannenweg,POINT(10.653935 53.774723),['Station']
Abzweig Rübke,POINT(9.712989 53.474876),['Station']
Am Eichholz,POINT(9.688248 53.465856),['Station']
An der Rehwiese,POINT(9.655277 53.462304),['Station']
Apensener Straße 124,POINT(9.662727 53.462101),['Station']
Heitmannsweg,POINT(9.67231 53.465417),['Station']
Wettloopsweg,POINT(9.667925 53.464246),['Station']
Bf. Buxtehude (Süd),POINT(9.688663 53.470104),['Station']
Bf. Buxtehude (Vorplatz),POINT(9.68971 53.470565),['Station']
Bf. Buxtehude (Nord),POINT(9.690376 53.470813),['Station']
Parkstraße,POINT(9.694732 53.473788),['Station']
Bebelstraße,POINT(9.682578 53.46251),['Station']
Berliner Straße (Schulzentrum),POINT(9.665185 53.460452),['Station']
Am Steingrab,POINT(9.658528 53.457353),['Station']
Beim Soll,POINT(9.666868 53.457334),['Station']
Alte Trift,POINT(9.663432 53.457119),['Station']
Eibenweg,POINT(9.655722 53.458905),['Station']
Estetalstraße,POINT(9.689558 53.463054),['Station']
Königsdamm,POINT(9.679837 53.471906),['Station']
Halepaghenschule,POINT(9.694111 53.476362),['Station']
Poststraße,POINT(9.698442 53.473147),['Station']
Viverstraße,POINT(9.703264 53.476982),['Station']
Hochschule 21,POINT(9.706692 53.477537),['Station']
Hastedtstraße,POINT(9.684723 53.47417),['Station']
Hauptstraße,POINT(9.689597 53.466405),['Station']
Kellerkuhle,POINT(9.660673 53.46461),['Station']
Leanderweg (Wendeplatz),POINT(9.691348 53.477798),['Station']
Hafenbrücke,POINT(9.70185 53.478024),['Station']
Am Klöterbusch,POINT(9.674334 53.460113),['Station']
Krankenhaus,POINT(9.677903 53.462061),['Station']
Umspannwerk,POINT(9.669327 53.472945),['Station']
Sagekuhle,POINT(9.690894 53.480424),['Station']
Schanzenstraße (Süd),POINT(9.693563 53.463992),['Station']
Schlangenweg,POINT(9.675168 53.466173),['Station']
K.-Adenauer-Allee (SZ-Nord),POINT(9.698628 53.469848),['Station']
Eichenweg,POINT(9.674622 53.469717),['Station']
Denkmal,POINT(9.684442 53.468897),['Station']
Hittenkoferweg,POINT(9.679794 53.46922),['Station']
Delmer Bogen,POINT(9.66933 53.457868),['Station']
Torfweg (Schulzentrum Süd),POINT(9.667659 53.458839),['Station']
Giselbertstraße,POINT(9.687789 53.470971),['Station']
ZOB,POINT(9.69784 53.474103),['Station']
Im Obstgarten,POINT(9.708912 53.468835),['Station']
Torfweg,POINT(9.670106 53.457414),['Station']
Ellerbruch,POINT(9.695836 53.463925),['Station']
Brillenburgsweg,POINT(9.697487 53.468184),['Station']
Bertha-von-Suttner-Allee,POINT(9.684863 53.461392),['Station']
Rudolf-Diesel-Straße,POINT(9.700382 53.462955),['Station']
Esteanger,POINT(9.702877 53.48181),['Station']
Gartenstraße,POINT(9.687722 53.476147),['Station']
Schanzenstraße (Nord),POINT(9.702699 53.466464),['Station']
Feuerwehrhaus,POINT(10.551724 53.715976),['Station']
Beidendorf,POINT(10.677818 53.788185),['Station']
Wulfsdorf,POINT(10.682813 53.809078),['Station']
Vorrade,POINT(10.674028 53.816085),['Station']
Heimbrucher Straße 101,POINT(9.67537 53.437177),['Station']
Abzweigung Heimbruch,POINT(9.693098 53.436374),['Station']
Auf dem Knüll,POINT(9.692168 53.439327),['Station']
Zum Baaksberg,POINT(9.694631 53.421485),['Station']
Schule,POINT(10.036617 53.341746),['Station']
Buxtehuder Straße,POINT(9.696988 53.413879),['Station']
Friedhof,POINT(9.705582 53.406074),['Station']
Twiete,POINT(9.704098 53.404564),['Station']
Grundschule,POINT(9.698346 53.407707),['Station']
Kreuzung,POINT(9.696317 53.405967),['Station']
Schützenplatz,POINT(9.695583 53.400607),['Station']
Rahmstorfer Straße,POINT(9.692728 53.402564),['Station']
Im Alten Moor,POINT(10.029947 53.352784),['Station']
Horster Mühle,POINT(10.027783 53.367701),['Station']
Bergfeld,POINT(9.696121 53.408681),['Station']
Dorfstraße,POINT(9.697468 53.405538),['Station']
Erikaweg,POINT(10.039731 53.374067),['Station']
Fachenfelder Weg,POINT(10.04644 53.371897),['Station']
Hof Freschenhausen,POINT(10.052434 53.37675),['Station']
BAB-Auffahrt,POINT(10.035423 53.343284),['Station']
Im Lehmsaal,POINT(10.041446 53.342755),['Station']
Zum Buchwedel,POINT(10.050618 53.342055),['Station']
Holtorfsloher Straße,POINT(10.076993 53.332303),['Station']
Querstraße,POINT(10.075216 53.329705),['Station']
Horner Straße,POINT(10.024887 53.34032),['Station']
Hinter den Höfen,POINT(10.027605 53.344115),['Station']
Buchwedelweg,POINT(10.029479 53.347109),['Station']
Immenweg,POINT(10.030611 53.373446),['Station']
Am Berge,POINT(9.660288 53.402011),['Station']
Emmener Straße,POINT(9.684018 53.384482),['Station']
Meierstraße,POINT(9.685873 53.380212),['Station']
Abzweigung Wohlesbostel,POINT(9.710104 53.385983),['Station']
Schützenholz,POINT(9.71519 53.379186),['Station']
Alter Postweg,POINT(9.733503 53.378913),['Station']
Am Stinnberg,POINT(9.713297 53.365764),['Station']
Breitensteiner Allee,POINT(9.72286 53.367153),['Station']
Moisburger Straße,POINT(9.715581 53.3685),['Station']
Schulzentrum,POINT(9.716603 53.36313),['Station']
Am Mühlenberg,POINT(9.725621 53.370524),['Station']
Am Alten Bahndamm,POINT(9.707302 53.366609),['Station']
Wiesenweg,POINT(9.73283 53.357209),['Station']
Siedlung,POINT(9.722708 53.369724),['Station']
Alte Dorfstraße,POINT(9.71289 53.367483),['Station']
Jahnstraße,POINT(9.712447 53.362517),['Station']
Wohlesbosteler Straße,POINT(9.705519 53.369611),['Station']
Breitensteiner Allee (Süd),POINT(9.719203 53.363204),['Station']
Kreisstraße,POINT(9.678243 53.369132),['Station']
Hasenallee,POINT(9.664163 53.369912),['Station']
Birkenweg,POINT(9.664699 53.372479),['Station']
Kurze Straße,POINT(9.65182 53.382128),['Station']
Bachstraße,POINT(9.645949 53.377524),['Station']
Langes Feld,POINT(9.649337 53.379904),['Station']
Zum Hohen Berg,POINT(9.659948 53.386801),['Station']
Breite Straße,POINT(9.607476 53.358138),['Station']
Birkenweg,POINT(9.608017 53.357138),['Station']
Sauensieker Weg,POINT(9.601359 53.358941),['Station']
Unter den Eichen,POINT(9.601587 53.353783),['Station']
Zum Ahrensberg,POINT(9.597336 53.354792),['Station']
Dorfstraße 80,POINT(9.589851 53.348962),['Station']
Birkenhain,POINT(9.740077 53.452868),['Station']
Inne Beek (Ost),POINT(9.73977 53.452519),['Station']
Inne Beek (West),POINT(9.733999 53.450461),['Station']
Inne Beek 73,POINT(9.727963 53.44605),['Station']
Inne Beek 62,POINT(9.72787 53.445925),['Station']
Ardestorfer Weg,POINT(9.729089 53.445028),['Station']
Inne Beek 5,POINT(9.734317 53.450603),['Station']
Inne Beek 4,POINT(9.739436 53.452404),['Station']
Eilendorfer Moor,POINT(9.729389 53.458118),['Station']
Hellbergweg,POINT(9.805425 53.44345),['Station']
Hogenbarg,POINT(9.762787 53.450901),['Station']
Ketzendorfer Grund,POINT(9.764844 53.443897),['Station']
Hamburger Chaussee,POINT(9.755687 53.451188),['Station']
Am Mühlenberg,POINT(9.754691 53.449344),['Station']
Ostergrund,POINT(9.747362 53.451097),['Station']
Soltauer Chaussee 41,POINT(9.75708 53.447388),['Station']
Alter Postweg 35,POINT(9.71886 53.46139),['Station']
Lüneburger Schanze,POINT(9.709374 53.464969),['Station']
Ostmoor,POINT(9.72073 53.467767),['Station']
Ostmoorweg,POINT(9.71872 53.464697),['Station']
Alter Postweg (Kehre),POINT(9.721488 53.460062),['Station']
Lurup,POINT(9.726338 53.457544),['Station']
An den Geestbergen,POINT(9.715917 53.462746),['Station']
Schadeland,POINT(10.864268 53.539727),['Station']
Ruhmannshof,POINT(9.728003 53.405328),['Station']
Gemeindehaus,POINT(9.74579 53.390635),['Station']
Kreisstraße,POINT(9.747144 53.391552),['Station']
Am Kinderspielplatz,POINT(9.747125 53.40247),['Station']
Ortsmitte,POINT(9.746974 53.40416),['Station']
"Oldendorf (Kreis Harburg), Kreuzung",POINT(9.756218 53.378574),['Station']
SZ Ernst-Moritz-Arndt-Straße,POINT(9.790462 53.467541),['Station']
Postweg,POINT(9.799088 53.459388),['Station']
Grundschule am Moor,POINT(9.786249 53.466095),['Station']
Wulmstorfer Wiesen,POINT(9.787327 53.474714),['Station']
Wesenberg,POINT(9.799361 53.451515),['Station']
S Neugraben (Am Johannisland),POINT(9.853958 53.475541),['Station']
Buxtehuder Straße 106,POINT(9.750224 53.490489),['Station']
Buxtehuder Straße 6,POINT(9.777111 53.491764),['Station']
Buxtehuder Straße 40,POINT(9.761508 53.490417),['Station']
Kurzer Weg,POINT(9.763252 53.490245),['Station']
Nincoper Deich 29-33,POINT(9.78 53.495644),['Station']
Rübker Bruch,POINT(9.756794 53.490555),['Station']
Nincoper Deich (Kehre),POINT(9.780969 53.49916),['Station']
Moorender Weg (Kehre),POINT(9.742006 53.490945),['Station']
Nincoper Deich 14,POINT(9.779658 53.493454),['Station']
Dohrener Weg,POINT(9.693366 53.341918),['Station']
Siedlung,POINT(9.708534 53.345809),['Station']
Wiesenweg,POINT(9.707355 53.33807),['Station']
Siedlung (Wendeplatz),POINT(9.709853 53.344732),['Station']
In den Büchen,POINT(9.794736 53.347332),['Station']
Beckerberg,POINT(9.780907 53.346534),['Station']
Drestedter Weg,POINT(9.77177 53.341148),['Station']
Kriegerdenkmal,POINT(9.769288 53.351722),['Station']
Unter den Eichen,POINT(9.774363 53.346676),['Station']
Am Schulberg,POINT(9.756144 53.348104),['Station']
Lindenstraße,POINT(9.777218 53.360818),['Station']
Am Schäferstieg,POINT(9.756051 53.348815),['Station']
Wennerstorfer Kirchweg 24a,POINT(9.752021 53.36213),['Station']
Wennerstorfer Kirchweg 66,POINT(9.743283 53.363245),['Station']
Kreuzung,POINT(9.680685 53.391258),['Station']
Regesbosteler Straße,POINT(9.671023 53.388635),['Station']
Estesiedlung,POINT(9.752437 53.326895),['Station']
Poststraße,POINT(9.76775 53.328828),['Station']
Bahnhofstraße,POINT(9.756605 53.329223),['Station']
Feuerwehr,POINT(9.756382 53.332711),['Station']
Kurze Straße,POINT(9.757192 53.335257),['Station']
Trelder Straße,POINT(9.768505 53.329057),['Station']
Zum Tannhof,POINT(9.74607 53.320717),['Station']
Altklosterbergstraße,POINT(9.706909 53.456133),['Station']
Eilendorfer Weg,POINT(9.700981 53.451783),['Station']
Hohe Berge,POINT(9.704483 53.458726),['Station']
Holzweg,POINT(9.805374 53.437556),['Station']
Zum Wiebusch,POINT(9.805539 53.438328),['Station']
Mühlenstraße,POINT(9.790288 53.426605),['Station']
Kirche,POINT(9.789271 53.424491),['Station']
Fliegenmoor,POINT(9.781859 53.427972),['Station']
Schule,POINT(9.791251 53.42419),['Station']
Am Dorfteich,POINT(9.761799 53.430187),['Station']
Hohenhausen,POINT(9.455572 53.352947),['Station']
Klein Wangersen,POINT(9.467771 53.358813),['Station']
Groß Moor,POINT(10.046593 53.444877),['Station']
Wohlersweg,POINT(9.999648 53.455703),['Station']
Großmoorbogen,POINT(10.006044 53.453043),['Station']
Großmoordamm 121,POINT(10.009248 53.451686),['Station']
Großmoordamm 181,POINT(10.017699 53.448784),['Station']
Kanzlershofer Weg,POINT(10.02341 53.447801),['Station']
Fünfhausener Straße (Süd),POINT(10.034203 53.445992),['Station']
Bf. Harburg (Großmoordamm),POINT(9.993354 53.457588),['Station']
Großmoorring,POINT(10.008628 53.456634),['Station']
Großmoorbogen (Neuländer See),POINT(10.010792 53.46029),['Station']
Neuländer Weg,POINT(10.006999 53.462865),['Station']
Neuländer Hauptdeich,POINT(9.994851 53.470084),['Station']
Schöpfwerk Neuland,POINT(9.999311 53.469561),['Station']
Neuländer Elbdeich 76,POINT(10.006642 53.468161),['Station']
Wendts Weg,POINT(10.011906 53.468512),['Station']
Neuländer Elbdeich 174,POINT(10.021123 53.471039),['Station']
Alte Schule Neuland,POINT(10.027449 53.470473),['Station']
Schule Neuland,POINT(10.036574 53.467941),['Station']
Fünfhausener Hauptdeich,POINT(10.045076 53.466456),['Station']
Fünfhausener Straße,POINT(10.049659 53.463019),['Station']
Schöpfwerk,POINT(10.059697 53.457359),['Station']
Yachthafen,POINT(10.063969 53.455416),['Station']
Südstrand,POINT(10.069977 53.451858),['Station']
Schule,POINT(10.072259 53.449825),['Station']
Lührsweg,POINT(10.076228 53.447875),['Station']
Uhlenbusch,POINT(10.082327 53.444442),['Station']
Sportplatz,POINT(10.086662 53.442084),['Station']
Bäckerstraße,POINT(10.092614 53.438831),['Station']
Overdeich,POINT(10.097056 53.434854),['Station']
Am Junkernfeld,POINT(10.100369 53.427977),['Station']
Butendieksweg,POINT(10.079578 53.446416),['Station']
Harburg,POINT(9.991305 53.456886),['Station']
Neuland,POINT(10.003899 53.462936),['Station']
Schlachthofstraße (Süd),POINT(9.994088 53.459352),['Station']
Schlachthofstraße (Nord),POINT(9.995365 53.462442),['Station']
Ziegelerstraße,POINT(9.991145 53.498455),['Station']
Mengestraße,POINT(9.991456 53.500806),['Station']
Rathaus Wilhelmsburg,POINT(9.996682 53.49937),['Station']
Dratelnstraße,POINT(9.999123 53.498721),['Station']
Rotenhäuser Straße (West),POINT(9.991934 53.504468),['Station']
Neuhöfer Straße (Ost),POINT(9.99267 53.510186),['Station']
Vogelhüttendeich,POINT(9.993378 53.51594),['Station']
Werkcentrum Elbinsel,POINT(9.999623 53.519949),['Station']
Harburger Chaussee,POINT(10.005609 53.520591),['Station']
Stübenplatz,POINT(9.987592 53.517381),['Station']
Mannesallee,POINT(9.987245 53.514769),['Station']
Veringstraße (Mitte),POINT(9.986679 53.510514),['Station']
Krankenhaus Groß-Sand,POINT(9.986107 53.506008),['Station']
Neuhöfer Straße (Mitte),POINT(9.982282 53.510712),['Station']
Ernastraße,POINT(9.983159 53.518657),['Station']
Industriestraße,POINT(9.982141 53.517021),['Station']
Inselpark,POINT(10.003837 53.497306),['Station']
Alec-Moore-Straße,POINT(10.381629 53.246688),['Station']
Allensteiner Straße,POINT(10.463615 53.263969),['Station']
Am Bäckfeld,POINT(10.388648 53.216844),['Station']
Am Bargenturm,POINT(10.398589 53.245331),['Station']
Uelzener Straße (Kurzentrum),POINT(10.404253 53.240789),['Station']
Kurpark,POINT(10.404517 53.238333),['Station']
Am Graben,POINT(10.41816 53.266792),['Station']
Am Kreideberg,POINT(10.403509 53.255113),['Station']
Rathaus,POINT(10.406942 53.250615),['Station']
Am Schwalbenberg,POINT(10.422342 53.24602),['Station']
Lilienthalstraße,POINT(10.459861 53.243535),['Station']
Stadttheater,POINT(10.407285 53.243719),['Station']
Am Springintgut,POINT(10.4003 53.251853),['Station']
Psychiatrische Klinik,POINT(10.388185 53.254367),['Station']
Am Ziegeleiteich,POINT(10.472016 53.259831),['Station']
Markt,POINT(10.408833 53.250701),['Station']
Ziegelkamp,POINT(10.42759 53.247503),['Station']
Munstermannskamp,POINT(10.40517 53.232196),['Station']
Auf dem Schmaarkamp,POINT(10.412126 53.26061),['Station']
Auf der Hude,POINT(10.41355 53.258355),['Station']
Bürgeramt,POINT(10.409344 53.252115),['Station']
Bei der Pferdehütte,POINT(10.404847 53.274004),['Station']
Rote Straße,POINT(10.40943 53.245634),['Station']
Bessemerstraße,POINT(10.412715 53.26984),['Station']
Behördenzentrum Ost,POINT(10.430808 53.251005),['Station']
Hopfengarten,POINT(10.428217 53.251045),['Station']
Blücherstraße (Uni),POINT(10.400033 53.230828),['Station']
Blümchensaal,POINT(10.423015 53.24328),['Station']
Böcklerstraße (TÜV),POINT(10.409506 53.271622),['Station']
Städtisches Klinikum,POINT(10.397125 53.240873),['Station']
Boizenburger Straße,POINT(10.398733 53.257541),['Station']
Brockwinkler Weg,POINT(10.386511 53.256804),['Station']
Bunsenstraße,POINT(10.4412 53.249469),['Station']
Elso-Klöver-Straße,POINT(10.477737 53.244951),['Station']
Gellersstraße,POINT(10.429509 53.247992),['Station']
Postamt,POINT(10.404005 53.242832),['Station']
Pulverweg (Nord),POINT(10.422541 53.251104),['Station']
Wacholderweg,POINT(10.442628 53.245165),['Station']
Dessauer Straße,POINT(10.401494 53.264069),['Station']
Wiesenrain,POINT(9.305377 53.511783),['Station']
Dörnbergstraße,POINT(10.393718 53.251265),['Station']
Ebelingweg,POINT(10.391146 53.261099),['Station']
Eintracht-Sportplatz,POINT(10.386069 53.221358),['Station']
Eisenbahnbrücke,POINT(10.419036 53.26246),['Station']
Elbinger Straße,POINT(10.402793 53.262544),['Station']
Ernst-Braune-Straße,POINT(10.388487 53.239626),['Station']
Finanzamt,POINT(10.412124 53.255559),['Station']
Flugplatz,POINT(10.456575 53.246469),['Station']
Freibad,POINT(10.442233 53.241),['Station']
Friedrich-Ludwig-Jahn-Straße,POINT(10.40781 53.235077),['Station']
Gaußstraße,POINT(10.404491 53.222454),['Station']
Ginsterweg,POINT(10.396142 53.232743),['Station']
Goebelstraße,POINT(10.416858 53.268641),['Station']
Goethestraße,POINT(10.41039 53.235172),['Station']
Goseburgstraße,POINT(10.418278 53.264455),['Station']
Graf-von-Moltke-Straße,POINT(10.439619 53.236764),['Station']
Abzweigung Ebensberg,POINT(10.461265 53.26451),['Station']
Gut Olm,POINT(10.454511 53.261591),['Station']
Häcklinger Weg,POINT(10.387002 53.219667),['Station']
Hagemannsweg,POINT(10.398379 53.281143),['Station']
Hagen-Schule,POINT(10.447814 53.243898),['Station']
Hagen (Wendeplatz),POINT(10.451424 53.24301),['Station']
Hans-Steffens-Weg,POINT(10.435015 53.25091),['Station']
Hasenburg,POINT(10.393984 53.225813),['Station']
Hasenburger Schule,POINT(10.397082 53.233118),['Station']
Hasenburger Weg,POINT(10.383149 53.228779),['Station']
Bernhard-Riemann-Straße,POINT(10.405608 53.224086),['Station']
Heidkamp,POINT(10.393641 53.234596),['Station']
Jägerstraße,POINT(10.384742 53.248916),['Station']
Am Wildgehege,POINT(10.38984 53.266111),['Station']
Heidkoppelweg,POINT(10.468788 53.261425),['Station']
Rondeel,POINT(10.23926 53.673496),['Station']
Albert-Schweitzer-Straße,POINT(10.411813 53.26339),['Station']
Klosterkamp (Nord),POINT(10.44715 53.230445),['Station']
Auf den Blöcken,POINT(10.461067 53.238048),['Station']
Veilchenring,POINT(10.372306 53.210518),['Station']
Konrad-Adenauer-Straße (Ost),POINT(10.445335 53.231258),['Station']
Hermann-Löns-Straße,POINT(10.435743 53.261001),['Station']
Ahornweg,POINT(10.438089 53.246514),['Station']
Am Entenmoor,POINT(10.389045 53.291065),['Station']
Bahnhofstraße,POINT(10.379782 53.29076),['Station']
Hamburger Landstraße,POINT(10.386873 53.293436),['Station']
St.-Nikolai-Straße (Schule),POINT(10.388984 53.292405),['Station']
Bühringsmoor,POINT(10.360102 53.292055),['Station']
Wendeplatz,POINT(10.35649 53.293552),['Station']
Feldstraße (Bf. Bardowick),POINT(10.370113 53.289469),['Station']
Im Sande,POINT(10.386023 53.296852),['Station']
Markt,POINT(10.393031 53.297866),['Station']
Nikolaihof,POINT(10.39533 53.292016),['Station']
Radbrucher Weg,POINT(10.362286 53.290458),['Station']
Pieperstraße,POINT(10.393224 53.295042),['Station']
Schulstraße,POINT(10.392141 53.300932),['Station']
Schwarzer Weg,POINT(10.396222 53.289005),['Station']
Wallstraße,POINT(10.38654 53.300764),['Station']
Wittorfer Straße,POINT(10.388114 53.305364),['Station']
Im Bruch,POINT(10.331946 53.301988),['Station']
Huderstraße,POINT(10.388554 53.30597),['Station']
Schulzentrum,POINT(10.389912 53.292826),['Station']
Witwenkamp,POINT(10.365051 53.289231),['Station']
Vor der Westermarsch,POINT(10.384757 53.295725),['Station']
Thiessendörper Weg,POINT(10.390943 53.289021),['Station']
Wittorfer Heide,POINT(10.368881 53.313315),['Station']
Am Schwarzen Berg,POINT(10.343503 53.245309),['Station']
Lindenweg,POINT(10.360564 53.248081),['Station']
Gerhart-Hauptmann-Straße,POINT(10.339489 53.246801),['Station']
Hasenwinkler Weg,POINT(10.367868 53.246919),['Station']
Landwehrplatz,POINT(10.355841 53.247946),['Station']
Lessingstraße,POINT(10.339448 53.249299),['Station']
Schnellenberger Weg,POINT(10.364019 53.247897),['Station']
Ostlandstraße (Schule),POINT(10.350272 53.248584),['Station']
Ostlandstraße (Spielplatz),POINT(10.343581 53.2483),['Station']
Fasanenweg,POINT(10.36437 53.247148),['Station']
Händelstraße,POINT(10.34237 53.252205),['Station']
Im Westerfelde,POINT(10.349875 53.252129),['Station']
Alter Postweg,POINT(10.3441 53.25241),['Station']
Am Fuchsberg,POINT(10.347361 53.253209),['Station']
Rathaus,POINT(10.352498 53.248379),['Station']
Dachtmisser Straße,POINT(10.3453 53.250536),['Station']
Meisterweg,POINT(10.431883 53.259853),['Station']
Dachtmisser Weg,POINT(10.347765 53.277934),['Station']
Am Wahlsberg,POINT(10.346996 53.275912),['Station']
Dorfplatz,POINT(10.350517 53.278218),['Station']
Finkenweg,POINT(10.361947 53.270387),['Station']
Kiefernweg,POINT(10.352811 53.274894),['Station']
Bf. Bargstedt,POINT(9.444907 53.457819),['Station']
Am Stadtberg,POINT(10.358286 53.273573),['Station']
Grundschule,POINT(10.34887 53.276394),['Station']
Im Kirchfelde,POINT(10.319543 53.280173),['Station']
Friedhofsweg,POINT(10.346951 53.276389),['Station']
Lüneburger Straße,POINT(10.354637 53.274325),['Station']
Dorfgemeinschaftshaus,POINT(9.384161 53.451103),['Station']
Daudieck,POINT(9.550111 53.5044),['Station']
Feuerwehr,POINT(9.443108 53.527767),['Station']
Brinkstraße,POINT(9.273257 53.488652),['Station']
Bahnhof,POINT(9.399387 53.517561),['Station']
Grundschule Am Raakamp,POINT(9.42152 53.523801),['Station']
Schulzentrum,POINT(9.403519 53.525616),['Station']
Alter Stadtweg,POINT(9.416827 53.526504),['Station']
Kutenholzer Weg,POINT(9.387914 53.519198),['Station']
Heckenweg,POINT(9.364252 53.464041),['Station']
Hagenaher Furth,POINT(9.338078 53.54458),['Station']
Im Sande 96,POINT(9.524323 53.460372),['Station']
Issendorfer Weg 33,POINT(9.507785 53.466158),['Station']
Issendorfer Weg 88,POINT(9.510318 53.471449),['Station']
Huddelkamp 3,POINT(9.46482 53.533075),['Station']
Rüstjer Straße,POINT(9.490142 53.52265),['Station']
Huddelkamp 5,POINT(9.460568 53.533145),['Station']
Dorfgemeinschafthaus,POINT(9.520562 53.487722),['Station']
Schmiedestraße,POINT(9.515913 53.484462),['Station']
Alte Dorfstraße,POINT(9.428417 53.425928),['Station']
Auebrücke,POINT(9.421918 53.428916),['Station']
Kakerbecker Mühle,POINT(9.423146 53.435912),['Station']
Klein Hollenbeck,POINT(9.458296 53.449933),['Station']
Klein Reith,POINT(9.368207 53.42869),['Station']
Im Ellerbusch,POINT(9.3191 53.488529),['Station']
Ostpreußenring,POINT(9.332692 53.477341),['Station']
Schule,POINT(9.325625 53.480802),['Station']
Ostlandring,POINT(9.306297 53.493082),['Station']
Hauptstraße,POINT(9.357031 53.432462),['Station']
Im Neuwerk,POINT(9.322821 53.518152),['Station']
Bahnhof,POINT(9.304971 53.499366),['Station']
Friedhof,POINT(9.315434 53.514218),['Station']
Heerloge,POINT(9.301914 53.508045),['Station']
Rübenkamp,POINT(9.33589 53.525529),['Station']
Schule,POINT(9.299163 53.513371),['Station']
Postmoor,POINT(9.585499 53.497889),['Station']
Alte Schule,POINT(9.353274 53.43489),['Station']
Kreuzweg,POINT(9.365437 53.54918),['Station']
Sandkuhle,POINT(9.388199 53.553637),['Station']
Rohrweg,POINT(9.318734 53.487847),['Station']
Schwinger Steindamm,POINT(9.343525 53.539236),['Station']
Königsberger Ring,POINT(9.326904 53.488481),['Station']
Vorfeldstraße,POINT(9.403291 53.500144),['Station']
Feuerwehr,POINT(9.400626 53.422098),['Station']
Wohlerster Horst,POINT(9.403428 53.424164),['Station']
Wohlerst 2,POINT(9.387611 53.423399),['Station']
Eggerkamp,POINT(9.338428 53.475133),['Station']
Eichenstraße 18,POINT(9.364148 53.446619),['Station']
"Bullenholz, Esseler Tannen",POINT(9.298738 53.49152),['Station']
Zur Mühle,POINT(9.304301 53.502585),['Station']
Eichenstraße 22,POINT(9.357163 53.444583),['Station']
Lange Straße,POINT(9.314689 53.47677),['Station']
Reither Damm,POINT(9.3548 53.431992),['Station']
Grundschule,POINT(9.441742 53.46032),['Station']
Am Sportplatz,POINT(9.441001 53.458615),['Station']
Im Drauen,POINT(9.435734 53.420591),['Station']
Klein Wohlerst,POINT(9.373035 53.426779),['Station']
Abzweig Reith,POINT(9.351865 53.442765),['Station']
Neu Häcklingen,POINT(10.405357 53.209118),['Station']
Mühlenberg,POINT(10.37092 53.142257),['Station']
Abzweigung,POINT(10.707493 53.208476),['Station']
Wiebecker Straße,POINT(10.664429 53.164512),['Station']
Hauptstraße 32,POINT(10.699596 53.168185),['Station']
An der Kleinbahn,POINT(10.713419 53.176937),['Station']
"(Göhrde), Alte Poststraße",POINT(10.810646 53.15881),['Station']
Abzweigung,POINT(10.861521 53.235312),['Station']
Röthen,POINT(10.806517 53.141681),['Station']
Abzweigung,POINT(10.708881 53.166641),['Station']
Vindorf,POINT(10.721725 53.157999),['Station']
Im Dorfe,POINT(10.632307 53.17823),['Station']
Abzw. Göhrde Bahnhof,POINT(10.85148 53.166459),['Station']
Birkenhof,POINT(10.696801 53.194358),['Station']
"(Göhrde), Eichdorfer Straße",POINT(10.811407 53.159832),['Station']
Am Steckelberg,POINT(10.671128 53.163735),['Station']
Am Hasenberg,POINT(10.704534 53.171278),['Station']
Waldweg,POINT(10.317156 53.252792),['Station']
"(Amt Neuhaus), Niendorf",POINT(10.889823 53.306806),['Station']
Ausbau,POINT(10.885393 53.295148),['Station']
Hof,POINT(10.860481 53.310368),['Station']
Im Dorfe,POINT(10.292159 53.231274),['Station']
Kirche,POINT(10.293989 53.230383),['Station']
Im Wiesengrund,POINT(10.30187 53.231501),['Station']
Im Sande,POINT(10.278484 53.230191),['Station']
Schützenstraße,POINT(10.288876 53.230169),['Station']
Grundschule,POINT(10.290846 53.234416),['Station']
Heiligenthaler Straße,POINT(10.301985 53.228858),['Station']
Hölderlinstraße,POINT(10.444399 53.260816),['Station']
Hauptstraße (L 216),POINT(10.244842 53.234627),['Station']
Südergellerser Weg,POINT(10.257349 53.232114),['Station']
Rentenstraße,POINT(10.240279 53.2379),['Station']
Das Rote Feld,POINT(10.239042 53.234993),['Station']
Estebogen,POINT(9.772033 53.530685),['Station']
Altes Estesperrwerk,POINT(9.77542 53.533646),['Station']
Cranz (Fähre),POINT(9.779358 53.535382),['Station']
Cranzer Elbdeich,POINT(9.774653 53.540372),['Station']
Sperrwerk Estemündung,POINT(9.79372 53.533966),['Station']
Neuenfelder Damm,POINT(9.805228 53.530008),['Station']
Am Rosengarten,POINT(9.822077 53.52629),['Station']
AIRBUS,POINT(9.847978 53.536603),['Station']
Rudolf-Kinau-Allee,POINT(9.853269 53.535685),['Station']
Nordmeerstraße,POINT(9.859088 53.534817),['Station']
Kneienblick,POINT(9.864923 53.533975),['Station']
Norderschulweg,POINT(9.875923 53.5335),['Station']
Steendiek,POINT(9.878794 53.532293),['Station']
Finkenwerder (Fähre),POINT(9.878707 53.535393),['Station']
Seehofring (Nord),POINT(9.780511 53.525104),['Station']
Emder Straße,POINT(9.878866 53.529938),['Station']
Auedeich,POINT(9.884712 53.526795),['Station']
Osterfelddeich,POINT(9.885731 53.520012),['Station']
Aluminiumwerk,POINT(9.88953 53.51781),['Station']
Norderkirchenweg,POINT(9.864089 53.528554),['Station']
Finkenwerder Landscheideweg,POINT(9.859799 53.528217),['Station']
Nordmeertwiete,POINT(9.859053 53.531582),['Station']
AIRBUS (Kehre),POINT(9.847294 53.537112),['Station']
Am Genter Ufer,POINT(9.895664 53.515562),['Station']
Seehofring (Süd),POINT(9.781539 53.521144),['Station']
Zollweg,POINT(10.806472 53.693938),['Station']
Neuenfelder Kirche,POINT(9.810271 53.523998),['Station']
Westerweiden (AIRBUS),POINT(9.841878 53.529449),['Station']
Brunnenstieg,POINT(9.870788 53.533861),['Station']
Tannenhöhe,POINT(9.766338 53.404037),['Station']
Lärchenweg,POINT(9.773769 53.405858),['Station']
Birkenweg,POINT(9.769901 53.40148),['Station']
Am Schulweg,POINT(9.7586 53.400977),['Station']
Stendahl,POINT(9.777568 53.397333),['Station']
Zur Heidekoppel,POINT(9.796098 53.387318),['Station']
Emsener Weg,POINT(9.794264 53.391329),['Station']
Im Grund,POINT(9.799369 53.383037),['Station']
Rahheideweg,POINT(9.765863 53.400185),['Station']
Fasanenweg,POINT(9.760075 53.401067),['Station']
Bundesstraße,POINT(9.803454 53.377277),['Station']
Oldendorfer Straße,POINT(9.801284 53.376186),['Station']
Am Holz,POINT(9.791324 53.375462),['Station']
Bei der Lehmkuhle,POINT(9.795231 53.37309),['Station']
Schlepelsberg,POINT(9.802091 53.369549),['Station']
Buswendeplatz,POINT(9.379725 53.549262),['Station']
Burgstraße,POINT(9.384152 53.549957),['Station']
Bergstraße,POINT(9.386479 53.553679),['Station']
Osterende,POINT(9.389769 53.550397),['Station']
Finkenstieg,POINT(10.42057 53.201577),['Station']
An der Ilmenau,POINT(10.419767 53.193571),['Station']
Friedhof,POINT(10.423838 53.192714),['Station']
Fritz-Reuter-Straße,POINT(10.428392 53.193773),['Station']
Von-Kleist-Weg,POINT(10.431921 53.197299),['Station']
Bahnhof,POINT(10.434423 53.199174),['Station']
Birkenweg,POINT(10.443347 53.204215),['Station']
Tiergartenstraße,POINT(10.42945 53.206216),['Station']
Am Tiergarten,POINT(10.418605 53.207316),['Station']
Wandelfeld,POINT(10.420064 53.197575),['Station']
Hohe Luft,POINT(10.417288 53.175143),['Station']
Schützenstraße,POINT(10.445313 53.203472),['Station']
Triftstraße,POINT(10.438163 53.202705),['Station']
Petersberg,POINT(10.416919 53.205692),['Station']
Marxener Straße,POINT(10.034621 53.299611),['Station']
Büntestraße,POINT(10.041108 53.296832),['Station']
Hauptstraße,POINT(10.04625 53.30039),['Station']
Vor dem Haßel,POINT(10.056369 53.304425),['Station']
Schule,POINT(10.051788 53.299937),['Station']
Am Dorfteich,POINT(10.009349 53.311141),['Station']
Moorburg 48,POINT(10.001675 53.310846),['Station']
Sportplatz,POINT(10.002705 53.310613),['Station']
Tanneck,POINT(9.997571 53.310503),['Station']
An der Aue,POINT(9.985951 53.308901),['Station']
Kamp,POINT(10.008722 53.310661),['Station']
Am Schießstand,POINT(9.402358 53.500273),['Station']
Mulsumer Weg,POINT(9.398303 53.504914),['Station']
Hummelbeckweg,POINT(9.571726 53.483345),['Station']
Dohrenstraße,POINT(9.570992 53.481417),['Station']
Neuenfelder Fährdeich (Ost),POINT(9.797281 53.528399),['Station']
Alter Fährweg,POINT(9.778312 53.531821),['Station']
Liedenkummer Bogen,POINT(9.778429 53.524192),['Station']
Im Alten Nincop,POINT(9.774265 53.520787),['Station']
Neuenfelder Straße,POINT(9.741173 53.525238),['Station']
Estebrücke,POINT(9.730629 53.518869),['Station']
Osterjork 125,POINT(9.703672 53.527064),['Station']
Osterjork 77,POINT(9.694095 53.529725),['Station']
Auf dem Kamp,POINT(9.685186 53.531817),['Station']
Marktplatz,POINT(9.680166 53.532905),['Station']
Königreicher Straße 73,POINT(9.732734 53.527266),['Station']
Nincoper Straße 99,POINT(9.803664 53.513512),['Station']
Organistenweg,POINT(9.811896 53.520645),['Station']
Schule Arp-Schnitger-Stieg,POINT(9.811298 53.516228),['Station']
Arp-Schnitger-Stieg,POINT(9.811446 53.513702),['Station']
Nincoper Straße 28,POINT(9.819389 53.512857),['Station']
Hasselwerder Straße,POINT(9.824955 53.513034),['Station']
Vierzigstücken 73,POINT(9.829115 53.511469),['Station']
Vierzigstücken 31,POINT(9.836508 53.507985),['Station']
Achtern Brack (West),POINT(9.843561 53.507163),['Station']
Achtern Brack (Ost),POINT(9.849458 53.5081),['Station']
Hohenwischer Straße 223,POINT(9.853999 53.508266),['Station']
Hohenwischer Straße 149,POINT(9.865517 53.508417),['Station']
Hohenwischer Straße 123,POINT(9.869946 53.509004),['Station']
Hohenwischer Straße 101,POINT(9.876117 53.507117),['Station']
AIRBUS (Werkgelände - nur für Betriebsangehörige),POINT(9.832647 53.543181),['Station']
Alter Fährweg (Kehre),POINT(9.777364 53.531935),['Station']
Marschkamper Deich 72,POINT(9.799433 53.520208),['Station']
Seehofweg,POINT(9.783162 53.524098),['Station']
Urenfleet,POINT(9.783259 53.522004),['Station']
Marschkamper Deich,POINT(9.794452 53.515038),['Station']
Kreuzung,POINT(9.725844 53.520318),['Station']
Leeswig 47,POINT(9.753855 53.532904),['Station']
Apensen,POINT(9.611843 53.441607),['Station']
Sietas,POINT(9.787517 53.531267),['Station']
Kutenholz,POINT(9.309131 53.47045),['Station']
Brest-Aspe,POINT(9.383132 53.460523),['Station']
Bargstedt,POINT(9.445448 53.457647),['Station']
Harsefeld,POINT(9.499103 53.450003),['Station']
Ruschwedel,POINT(9.559654 53.446338),['Station']
Finkenwerder,POINT(9.87891 53.536443),['Station']
Rüschpark,POINT(9.863359 53.541615),['Station']
AIRBUS (Schiffsanleger),POINT(9.840961 53.544794),['Station']
Neu Wulmstorf,POINT(9.788681 53.473043),['Station']
Buxtehude,POINT(9.688068 53.470547),['Station']
Seehofring,POINT(9.779701 53.52121),['Station']
Dradenaubrücke,POINT(9.911917 53.514244),['Station']
Dradenauer Deichweg,POINT(9.900577 53.511257),['Station']
Hafenbahnhof Alte Süderelbe,POINT(9.907921 53.502207),['Station']
Altenwerder Hauptstraße (Süd),POINT(9.919245 53.499021),['Station']
Altenwerder Hauptstraße (Mitte),POINT(9.921444 53.500352),['Station']
Am Altenwerder Kirchtal,POINT(9.921605 53.507053),['Station']
Zollamt Waltershof,POINT(9.926607 53.519406),['Station']
Nippoldstraße (Ost),POINT(9.969241 53.515258),['Station']
Dradenau,POINT(9.900103 53.525152),['Station']
Am Altenwerder Kirchtal (Süd),POINT(9.921839 53.503961),['Station']
Dradenaubrücke (N),POINT(9.912433 53.514411),['Station']
Klärwerk Dradenau,POINT(9.914253 53.518423),['Station']
Eurokombi,POINT(9.887313 53.534359),['Station']
Bubendey-Ufer (Fähre),POINT(9.88472 53.539491),['Station']
SWOP,POINT(9.894011 53.531596),['Station']
Container Terminal EUROGATE,POINT(9.924048 53.523047),['Station']
Container Terminal Burchardkai,POINT(9.929721 53.52666),['Station']
Parkplatz Dradenau,POINT(9.903033 53.523944),['Station']
Abzweig Sommerbeck,POINT(10.674591 53.190062),['Station']
Abzweigung,POINT(9.428042 53.439515),['Station']
Groß Sommerbeck 3,POINT(10.68094 53.204711),['Station']
Klein Sommerbeck 15,POINT(10.680587 53.201795),['Station']
Ort,POINT(10.684296 53.185324),['Station']
"Zarrentin, Testorf",POINT(10.860892 53.552882),['Station']
"Testorf, Ausbau",POINT(10.879287 53.553196),['Station']
"Zarrentin, Boize",POINT(10.840909 53.558718),['Station']
"Zarrentin, Neu Zarrentin",POINT(10.890635 53.553188),['Station']
Böhmsholzer Weg,POINT(10.336102 53.220303),['Station']
In de Tüünen,POINT(10.336796 53.219504),['Station']
Südergellerser Weg,POINT(10.326559 53.212385),['Station']
Im Alten Dorfe,POINT(10.296747 53.208157),['Station']
Kirchgellerser Straße,POINT(10.2975 53.21328),['Station']
Georg-Cohrs-Weg,POINT(10.294969 53.210261),['Station']
Stähwiesen,POINT(10.29716 53.216393),['Station']
Sniers Achterhoff,POINT(9.897222 53.443074),['Station']
Hohlredder,POINT(9.896907 53.453841),['Station']
Vogteiweg,POINT(10.239421 53.685687),['Station']
Harburger Straße,POINT(9.907202 53.433285),['Station']
Ehestorfer Straße,POINT(9.906423 53.433426),['Station']
Grundschule,POINT(9.906249 53.435853),['Station']
Im Alvesener Dorfe,POINT(9.889267 53.436871),['Station']
Spritzenhaus,POINT(9.897583 53.421659),['Station']
Brandheide,POINT(9.895103 53.417445),['Station']
Barkendicke,POINT(9.890072 53.417824),['Station']
Rötsol,POINT(9.893178 53.421045),['Station']
Rühmte,POINT(9.893751 53.417536),['Station']
Trift,POINT(9.897574 53.407678),['Station']
Heidschnuckenweg,POINT(9.895716 53.406541),['Station']
Am Teich,POINT(9.903635 53.404873),['Station']
Sottorfer Kirchweg,POINT(9.916382 53.409583),['Station']
Hauptstraße,POINT(9.888959 53.407014),['Station']
Quellenweg,POINT(9.885127 53.406396),['Station']
Rehkuhlenweg,POINT(9.878802 53.403037),['Station']
Kreuzung,POINT(9.880068 53.403917),['Station']
Kabenweg,POINT(9.860533 53.397779),['Station']
Am Hamboken,POINT(9.859295 53.395272),['Station']
Stuvenwald,POINT(9.862463 53.38319),['Station']
Köhlbrandhöft (nur für Betriebsangehörige),POINT(9.93656 53.539967),['Station']
Bubendey-Ufer,POINT(9.885321 53.540115),['Station']
Waltershof,POINT(9.937178 53.52564),['Station']
Neumühlen/Övelgönne,POINT(9.914221 53.543519),['Station']
Reiherstieg Hauptdeich,POINT(9.978162 53.511159),['Station']
Neuhöfer Damm,POINT(9.969336 53.512804),['Station']
Röörfeld,POINT(9.952033 53.519008),['Station']
Hachmannbrücke,POINT(9.95173 53.520259),['Station']
Nippoldstraße (West),POINT(9.944472 53.520712),['Station']
Neuhof (Fähre),POINT(9.941981 53.525279),['Station']
Roßweg/HDW,POINT(9.945835 53.522975),['Station']
Breslauer Straße,POINT(9.958864 53.520364),['Station']
Ernst-August-Deich,POINT(9.981727 53.520628),['Station']
Ernst-August-Schleuse (Fähre),POINT(9.982773 53.523477),['Station']
Klütjenfelder Straße,POINT(9.980726 53.526261),['Station']
Nehlsstraße,POINT(9.96964 53.530089),['Station']
Norderloch,POINT(9.967349 53.537413),['Station']
Steinwerder (Alter Elbtunnel),POINT(9.966548 53.541328),['Station']
Steinwerder (Fähre),POINT(9.965942 53.539868),['Station']
Argentinienbrücke (Fähre),POINT(9.974494 53.52801),['Station']
Roßkanal,POINT(9.947821 53.522124),['Station']
Kreuzfahrtterminal Steinwerder,POINT(9.967741 53.526834),['Station']
Brandenburger Straße,POINT(9.982947 53.524472),['Station']
Mittelnkirchener Straße,POINT(9.486735 53.59883),['Station']
Schleuse,POINT(10.106381 53.423105),['Station']
Kiekut,POINT(10.330165 53.931981),['Station']
Hohensand,POINT(10.386601 53.312373),['Station']
Heisterberg,POINT(10.033926 53.272713),['Station']
Babendoerp,POINT(10.037648 53.277246),['Station']
Thieshoper Jägerberg,POINT(10.077524 53.311101),['Station']
Im Herrenkaben,POINT(10.077004 53.310117),['Station']
Westerberg,POINT(10.095721 53.299299),['Station']
Dorfstraße,POINT(10.533219 53.3368),['Station']
Birkenweg,POINT(10.547719 53.336711),['Station']
Schulstraße,POINT(10.543134 53.337804),['Station']
Brücke,POINT(10.566564 53.344984),['Station']
Am Buscheberg,POINT(10.572829 53.347112),['Station']
Dorfstraße,POINT(10.551291 53.366032),['Station']
Kindergarten,POINT(10.558807 53.365754),['Station']
Schule,POINT(10.564157 53.361281),['Station']
Am Sportzentrum,POINT(10.550602 53.36445),['Station']
Triftweg,POINT(10.561569 53.360344),['Station']
Ernst-Kissolewski-Straße,POINT(10.562776 53.354335),['Station']
Bundesstraße 10,POINT(10.53686 53.364574),['Station']
Worthdamm (Süd),POINT(9.98124 53.527622),['Station']
Indiastraße,POINT(9.994522 53.526794),['Station']
Dessauer Straße,POINT(10.007578 53.523522),['Station']
S Veddel (Westseite),POINT(10.011534 53.52312),['Station']
Arningstraße (Fähre),POINT(9.984568 53.537156),['Station']
Vogelreth,POINT(9.981821 53.532506),['Station']
Worthdamm,POINT(9.981407 53.528933),['Station']
Kamerunweg,POINT(9.986084 53.527106),['Station']
Kamerunweg (Kehre),POINT(9.986052 53.530916),['Station']
Sachsenbrücke,POINT(10.016811 53.527496),['Station']
Hafenmuseum,POINT(10.000078 53.525175),['Station']
Freihafenelbbrücke (Süd),POINT(10.019863 53.530857),['Station']
Afrikastraße,POINT(9.989834 53.527516),['Station']
Wiesenstraße,POINT(10.379858 53.332158),['Station']
Terminal O'Swaldkai,POINT(10.013078 53.529037),['Station']
Birkenweg,POINT(10.354764 53.327126),['Station']
Brücke,POINT(10.381464 53.331708),['Station']
Hauptstraße,POINT(10.38054 53.330523),['Station']
Neulander Weg,POINT(10.364604 53.329278),['Station']
Im Moor,POINT(10.382447 53.326368),['Station']
Argentinienbrücke,POINT(9.975975 53.528178),['Station']
Steinwerder,POINT(9.966506 53.540133),['Station']
Arningstraße,POINT(9.985229 53.537024),['Station']
Neuhof,POINT(9.94075 53.524165),['Station']
Theater im Hafen,POINT(9.974244 53.540771),['Station']
Oberwerder Damm,POINT(10.026979 53.525162),['Station']
Kreuzkirche Kirchdorf,POINT(10.015462 53.486875),['Station']
Am Papenbrack,POINT(10.009013 53.48808),['Station']
Hinter der Dorfkirche,POINT(10.008556 53.490411),['Station']
Schwentnerring,POINT(10.010091 53.493498),['Station']
Krieterstraße,POINT(10.009795 53.496268),['Station']
S Wilhelmsburg,POINT(10.006975 53.497442),['Station']
Siedenfelder Weg (West),POINT(10.015518 53.496794),['Station']
Siedenfelder Weg (Mitte),POINT(10.020599 53.495008),['Station']
Aurubis Werk Ost,POINT(10.03535 53.515377),['Station']
Neuenfelder Straße (Schule),POINT(10.01294 53.493581),['Station']
Thielenstraße (Ost),POINT(10.013463 53.500963),['Station']
Im Schönenfelde,POINT(10.018119 53.500295),['Station']
Wilhelmsburger Mühle,POINT(10.025503 53.499647),['Station']
Niedergeorgswerder Deich (Süd),POINT(10.027394 53.503693),['Station']
Hövelbrook,POINT(10.022478 53.50732),['Station']
Rahmwerder Straße,POINT(10.021036 53.511942),['Station']
Fiskalische Straße (Energieberg),POINT(10.02043 53.516179),['Station']
S Veddel,POINT(10.013258 53.520778),['Station']
Wilhelmsburger Platz,POINT(10.016399 53.522872),['Station']
Hovestieg,POINT(10.021451 53.524787),['Station']
Veddeler Marktplatz,POINT(10.023764 53.529404),['Station']
Zweibrückenstraße,POINT(10.027961 53.533942),['Station']
Hovestraße (Kehre),POINT(10.049789 53.516428),['Station']
Hovestraße 68,POINT(10.045601 53.517786),['Station']
Hovestraße 49,POINT(10.039109 53.5199),['Station']
Aurubis Zentrale,POINT(10.033829 53.521608),['Station']
Hovestraße 44,POINT(10.030418 53.522707),['Station']
Peutestraße 22,POINT(10.036209 53.523995),['Station']
U S Elbbrücken (Zweibrückenstraße),POINT(10.025511 53.534286),['Station']
Georgswerder Damm,POINT(10.026332 53.526462),['Station']
Peuter Elbdeich,POINT(10.043374 53.52166),['Station']
Peutestraße 50,POINT(10.047921 53.520146),['Station']
Peutestraße 72,POINT(10.052735 53.517912),['Station']
Müggenburger Schleuse,POINT(10.055259 53.512687),['Station']
Algermissenstraße,POINT(10.011515 53.497017),['Station']
Susbeeck,POINT(9.452963 53.456504),['Station']
Gewerbegebiet Obergeorgswerder,POINT(10.048051 53.508949),['Station']
Müggenburger Straße,POINT(10.052761 53.511648),['Station']
Wendeplatz,POINT(9.572689 53.485542),['Station']
Gotenweg,POINT(10.397753 53.335427),['Station']
Abzweig Horburg,POINT(10.404401 53.353609),['Station']
Am Sportplatz,POINT(10.408776 53.350996),['Station']
St. Dionysstraße,POINT(10.406892 53.346705),['Station']
Im Winkel,POINT(10.394345 53.359783),['Station']
Schule,POINT(10.403635 53.354049),['Station']
Am See,POINT(10.411278 53.350814),['Station']
Bredenbeck 18,POINT(9.34492 53.439964),['Station']
Bf. Brest-Aspe,POINT(9.383698 53.459811),['Station']
Im Briggen,POINT(10.41321 53.36338),['Station']
Im Rehmen,POINT(10.415274 53.36943),['Station']
Grüner Jäger,POINT(10.411234 53.371293),['Station']
Kapellenweg,POINT(10.128642 53.418467),['Station']
Schule,POINT(10.133452 53.417217),['Station']
Fliegenberg 30,POINT(10.140167 53.415769),['Station']
Steller Chaussee,POINT(10.141073 53.411977),['Station']
Kreuzdeich,POINT(10.143811 53.412023),['Station']
Dinghorn,POINT(9.379784 53.517086),['Station']
Avendorfer Weg (Süd),POINT(10.418858 53.385949),['Station']
Eichenallee,POINT(10.415029 53.389679),['Station']
Schulstraße,POINT(10.41233 53.392622),['Station']
Krümser Straße,POINT(10.319021 53.426597),['Station']
Weizenhagen,POINT(10.32505 53.422612),['Station']
Im Siek,POINT(10.311019 53.428131),['Station']
Stover Strand,POINT(10.303718 53.425057),['Station']
Elbmarsch-Halle,POINT(10.316031 53.428193),['Station']
Deichstraße West,POINT(10.334961 53.419644),['Station']
Kreuzung,POINT(9.595443 53.470884),['Station']
Elbstorfer Deich,POINT(10.294442 53.421294),['Station']
Schultenweg,POINT(10.284887 53.420706),['Station']
Schäferstieg,POINT(9.600746 53.486006),['Station']
Habeckstal,POINT(9.594867 53.492191),['Station']
Schragenberg,POINT(9.592358 53.497019),['Station']
Alte Dorfstraße,POINT(9.602761 53.485735),['Station']
Veddel (BallinStadt),POINT(10.013569 53.5218),['Station']
Wilhelmsburg,POINT(10.007052 53.49878),['Station']
Kirchdorfer Straße (Museum Elbinsel),POINT(10.019041 53.490996),['Station']
Friedhof Finkenriek,POINT(10.011421 53.47468),['Station']
Friedhof Finkenriek (Eingang),POINT(10.004572 53.475519),['Station']
Weidendamm,POINT(10.00613 53.48088),['Station']
Kornweide,POINT(9.993604 53.481793),['Station']
König-Georg-Deich,POINT(9.995768 53.477723),['Station']
Freiluftschule Moorwerder,POINT(10.06198 53.46318),['Station']
Moorwerder Hauptdeich 35,POINT(10.055695 53.465976),['Station']
Moorwerder Hauptdeich 69,POINT(10.046389 53.47268),['Station']
Heuckenlock,POINT(10.03923 53.476175),['Station']
Stillhorner Weg,POINT(10.033576 53.478408),['Station']
Schützenhof,POINT(10.023954 53.478518),['Station']
Am Callabrack,POINT(10.009768 53.482448),['Station']
Stübenhofer Weg,POINT(10.012459 53.484115),['Station']
Karl-Arnold-Ring,POINT(10.016903 53.486009),['Station']
Kirchdorf (Süd),POINT(10.018886 53.484518),['Station']
Moorwerder Osterdeich,POINT(10.060605 53.46782),['Station']
Moorwerder Mühle,POINT(10.060526 53.470687),['Station']
Moorwerder Norderdeich (Ost),POINT(10.0603 53.47369),['Station']
Moorwerder Norderdeich (Fußweg),POINT(10.058229 53.476413),['Station']
Bauernstegel,POINT(10.054457 53.47978),['Station']
Einlagedeich,POINT(10.045565 53.479615),['Station']
Goetjensorter Deich,POINT(10.048156 53.490618),['Station']
Trettaustraße,POINT(9.990572 53.493895),['Station']
Hohe Schaar,POINT(9.982674 53.480113),['Station']
Eversween (Süd),POINT(9.979392 53.484103),['Station']
Eversween (Mitte),POINT(9.978603 53.489114),['Station']
Eversween (Nord),POINT(9.975981 53.496944),['Station']
Rethebrücke (Süd),POINT(9.967812 53.502186),['Station']
Kattwykdamm,POINT(9.975517 53.493147),['Station']
Haulander Weg,POINT(9.990004 53.488302),['Station']
Burgweide,POINT(10.022823 53.486605),['Station']
Stübenhofer Wettern,POINT(10.0241 53.48522),['Station']
Dahlgrünring,POINT(10.018634 53.483424),['Station']
Auf der Hohen Schaar,POINT(9.963503 53.497576),['Station']
Hohe-Schaar-Kamp,POINT(9.97059 53.496449),['Station']
Blumensand Abzweigung,POINT(9.968524 53.500357),['Station']
Am Rundling,POINT(10.737233 53.158835),['Station']
Leestahl 2,POINT(10.699881 53.207911),['Station']
Rassau (ASM-Halt),POINT(11.01273 53.186732),['Station']
Ziegelei,POINT(10.256017 53.396104),['Station']
Abzweigung Strenglin,POINT(10.474443 53.994388),['Station']
Eiche,POINT(10.482504 53.999392),['Station']
Otternbergskamp,POINT(10.483581 54.00264),['Station']
Segeberger Straße,POINT(10.482033 53.997286),['Station']
Habichtshorst,POINT(10.251879 53.345791),['Station']
Winser Ilmer,POINT(10.222803 53.343001),['Station']
GS im Borsteler Grund,POINT(10.226477 53.355382),['Station']
Turnhallenweg,POINT(10.237429 53.350309),['Station']
Abzweigung Bergrade,POINT(10.568032 53.698305),['Station']
Drift,POINT(10.307336 53.336542),['Station']
Zum Felde,POINT(10.309278 53.33671),['Station']
Feuerwehr,POINT(10.312708 53.337912),['Station']
Brücke,POINT(10.325104 53.335834),['Station']
Mühle,POINT(10.347329 53.338883),['Station']
Ortsmitte,POINT(10.345837 53.343465),['Station']
Grundschule,POINT(10.346808 53.341872),['Station']
Dunklestraße,POINT(10.346159 53.346516),['Station']
An der Bundesstraße,POINT(10.343266 53.334283),['Station']
Steenkrütz,POINT(10.479004 54.013794),['Station']
Ellerndamm,POINT(10.270438 53.342234),['Station']
Bruchweg,POINT(10.276456 53.341109),['Station']
Alte Dorfstraße,POINT(10.275279 53.34194),['Station']
Alte Schule,POINT(10.271669 53.345761),['Station']
Tankenrader Berg,POINT(10.526899 53.957306),['Station']
Ort,POINT(10.513223 53.252027),['Station']
Bf. Meckelfeld,POINT(10.030922 53.424239),['Station']
Redderkate,POINT(10.4674 53.947634),['Station']
Op dan Brink,POINT(10.583294 53.241276),['Station']
Siedlung,POINT(10.589438 53.24132),['Station']
Im Ort,POINT(10.566151 53.250552),['Station']
Wendenstraße,POINT(10.560237 53.249434),['Station']
Am Vitusbach,POINT(10.572855 53.234387),['Station']
Hauptstraße,POINT(10.572127 53.234145),['Station']
Reinstorfer Kreuz,POINT(10.567409 53.221024),['Station']
Wennekath 8,POINT(10.632539 53.23628),['Station']
Wennekath 5,POINT(10.624254 53.236645),['Station']
Försterweg,POINT(10.002655 53.40632),['Station']
Lüneburger Straße,POINT(10.522456 53.228931),['Station']
Dorfstraße,POINT(10.521086 53.223656),['Station']
Schule,POINT(10.537416 53.22598),['Station']
Samtgemeinde,POINT(10.537765 53.226937),['Station']
Industriegebiet,POINT(10.530654 53.207268),['Station']
Eichenallee,POINT(10.038502 53.391447),['Station']
Kohlhöfen,POINT(10.043096 53.39369),['Station']
BAB-Auffahrt,POINT(10.044654 53.390396),['Station']
Speckmannstraße,POINT(10.033863 53.378063),['Station']
Hoher Weg,POINT(10.098354 53.386005),['Station']
Im Stemmbruch,POINT(10.087026 53.391491),['Station']
Höpmannsweg,POINT(10.09616 53.391282),['Station']
Bf. Stelle,POINT(10.108613 53.387501),['Station']
Grasweg 5,POINT(10.098474 53.390084),['Station']
Am Hang,POINT(10.101661 53.383135),['Station']
Schulzentrum,POINT(10.105445 53.380656),['Station']
Bardenweg,POINT(10.113359 53.37928),['Station']
Achterdeicher Weg,POINT(10.120629 53.380892),['Station']
Alte Lüneburger Straße,POINT(10.131276 53.374924),['Station']
Fiefhusen,POINT(10.116724 53.376364),['Station']
Schafwedel,POINT(10.120096 53.373187),['Station']
Zum Reiherhorst,POINT(10.076645 53.390543),['Station']
Kieselshöh,POINT(10.093877 53.363834),['Station']
Im Ahler,POINT(10.11635 53.381615),['Station']
Kolenbeekstieg,POINT(10.082065 53.389128),['Station']
Mulsumer Berg,POINT(9.341596 53.530014),['Station']
Im Twieten,POINT(10.139219 53.364568),['Station']
Steinhage,POINT(10.124849 53.36882),['Station']
Grundschule,POINT(10.127415 53.366424),['Station']
Büllhorner Weg,POINT(10.106855 53.359149),['Station']
Schlehenweg,POINT(10.126468 53.362425),['Station']
Königsberger Straße,POINT(10.123285 53.361898),['Station']
Bf. Ashausen,POINT(10.147031 53.368474),['Station']
Krummesser Baum,POINT(10.635835 53.806638),['Station']
Möhlenbarg,POINT(9.974603 53.679672),['Station']
Bf. Klecken,POINT(9.928648 53.366537),['Station']
Wachtelweg,POINT(9.931365 53.35886),['Station']
Am Walde,POINT(9.936509 53.349619),['Station']
Am Teich,POINT(9.943205 53.365201),['Station']
Grundschule,POINT(9.938093 53.368422),['Station']
Eichenweg,POINT(9.938399 53.369354),['Station']
Rotdornweg,POINT(9.921311 53.351651),['Station']
Stieglitzweg,POINT(9.926127 53.357706),['Station']
Bahnhofstraße,POINT(9.910394 53.36861),['Station']
Neu Eckeler Straße,POINT(9.916053 53.368378),['Station']
Eckeler Berg,POINT(9.921063 53.368025),['Station']
Vaenser Weg,POINT(9.909341 53.366443),['Station']
Am Husarendenkmal,POINT(10.077928 53.564789),['Station']
Ziesenißstraße,POINT(10.074754 53.567594),['Station']
Bahngärten,POINT(10.077815 53.570406),['Station']
Gustav-Adolf-Straße,POINT(10.082631 53.571018),['Station']
Bf. Hasselbrook,POINT(10.057301 53.565602),['Station']
Hammer Straße,POINT(10.061595 53.568907),['Station']
U Wandsbek Markt,POINT(10.068714 53.572267),['Station']
Wendemuthstraße,POINT(10.074948 53.574637),['Station']
Hogrevestraße,POINT(10.072713 53.576975),['Station']
U S Wandsbeker Chaussee,POINT(10.058483 53.570012),['Station']
Fichtestraße,POINT(10.051442 53.56852),['Station']
U Ritterstraße,POINT(10.044027 53.567165),['Station']
Wagnerstraße,POINT(10.039918 53.570095),['Station']
Josephstraße,POINT(10.079627 53.572798),['Station']
U Wartenau,POINT(10.03446 53.564194),['Station']
Maxstraße,POINT(10.048239 53.570857),['Station']
Seumestraße,POINT(10.054738 53.573011),['Station']
S Friedrichsberg,POINT(10.058423 53.576069),['Station']
Krausestraße,POINT(10.057269 53.580042),['Station']
Straßburger Platz,POINT(10.062063 53.580952),['Station']
U Straßburger Straße,POINT(10.067746 53.582384),['Station']
U S Wandsbeker Chaussee (Hammer Straße),POINT(10.061125 53.570016),['Station']
Olivaer Straße,POINT(10.057584 53.583597),['Station']
U Alter Teichweg,POINT(10.064589 53.586527),['Station']
Wandsbeker Allee,POINT(10.0698 53.579391),['Station']
Schön Klinik Eilbek,POINT(10.049732 53.578707),['Station']
Gluckstraße,POINT(10.03894 53.572062),['Station']
Uferstraße,POINT(10.03094 53.567153),['Station']
Eilbeker Weg,POINT(10.043408 53.568402),['Station']
Auenstraße,POINT(10.050693 53.572426),['Station']
Kantstraße,POINT(10.053011 53.569728),['Station']
Waldschule,POINT(10.746312 53.812897),['Station']
Schatzmeisterstraße,POINT(10.078245 53.567149),['Station']
Claudiusstraße,POINT(10.071226 53.564768),['Station']
Bartholomäus-Therme,POINT(10.028301 53.577842),['Station']
Zu den Höfen,POINT(9.643584 53.314387),['Station']
Neue Straße,POINT(9.655123 53.313443),['Station']
Büntberg,POINT(9.641862 53.324576),['Station']
Hollinde,POINT(9.63509 53.343527),['Station']
Birkenbüschen,POINT(9.616913 53.321069),['Station']
Kallmoor,POINT(9.598893 53.323434),['Station']
Richardstraße,POINT(10.038735 53.56864),['Station']
Gehege,POINT(9.704632 53.324069),['Station']
Spritzenhaus,POINT(9.705324 53.304144),['Station']
Reddernweg,POINT(9.698709 53.304201),['Station']
Abzweig Dohren,POINT(9.684476 53.295918),['Station']
Ort,POINT(9.684655 53.293994),['Station']
Linauer Berg,POINT(10.408934 53.642002),['Station']
Feuerwehr,POINT(10.469663 53.215692),['Station']
Auf der Hausstelle,POINT(10.476825 53.217617),['Station']
Lüneburger Straße,POINT(10.46972 53.219106),['Station']
Niendorfer Weg,POINT(10.472476 53.214336),['Station']
Düchelsdorf,POINT(10.587107 53.737195),['Station']
Alter Teichweg,POINT(10.064486 53.586654),['Station']
Straßburger Straße,POINT(10.067913 53.581807),['Station']
Wandsbek Markt,POINT(10.066313 53.571659),['Station']
Ritterstraße,POINT(10.046196 53.567605),['Station']
Neu Bleckede,POINT(10.74711 53.302423),['Station']
Fähranleger,POINT(10.734634 53.298489),['Station']
Neu Bleckede (Schiffsanleger),POINT(10.740022 53.300415),['Station']
Neu Wendischthun,POINT(10.775966 53.305124),['Station']
Abzweig,POINT(10.78683 53.303739),['Station']
Hasselbrook,POINT(10.05656 53.564935),['Station']
Wandsbeker Chaussee,POINT(10.059578 53.570344),['Station']
Friedrichsberg,POINT(10.057316 53.576501),['Station']
Pinkertweg 12,POINT(10.089645 53.526809),['Station']
Pinkertweg (Mitte),POINT(10.092783 53.52625),['Station']
Hasencleverstraße,POINT(10.088364 53.55092),['Station']
Liebigstraße (Mitte),POINT(10.096217 53.532508),['Station']
Berzeliusstraße (Mitte),POINT(10.097209 53.534153),['Station']
Moorfleeter Straße (Nord),POINT(10.09842 53.536064),['Station']
Billstedter Hauptstraße,POINT(10.100612 53.540312),['Station']
Schiffbeker Höhe,POINT(10.107243 53.547592),['Station']
U Billstedt,POINT(10.106563 53.542351),['Station']
Querkamp,POINT(10.094292 53.551441),['Station']
Sandkamp,POINT(10.08974 53.553989),['Station']
Rudolf-Roß-Allee,POINT(10.103027 53.558369),['Station']
Dannerallee,POINT(10.108644 53.559054),['Station']
Böcklerstraße,POINT(10.107688 53.563448),['Station']
Gymnasium Marienthal,POINT(10.10713 53.566364),['Station']
Tribünenweg,POINT(10.081038 53.559495),['Station']
U Horner Rennbahn,POINT(10.084509 53.554171),['Station']
O'Swaldstraße,POINT(10.079751 53.556335),['Station']
Rhiemsweg,POINT(10.074976 53.557879),['Station']
Horner Kreisel,POINT(10.067757 53.559453),['Station']
Caspar-Voght-Straße,POINT(10.061517 53.560371),['Station']
Sievekingdamm,POINT(10.052208 53.56048),['Station']
Am Elisabethgehölz,POINT(10.062056 53.557212),['Station']
U Rauhes Haus,POINT(10.065068 53.553933),['Station']
Culinstraße,POINT(10.073196 53.551973),['Station']
Bauerberg,POINT(10.078464 53.550264),['Station']
Horner Rampe,POINT(10.084819 53.547438),['Station']
Horner Brückenweg,POINT(10.088839 53.545344),['Station']
Washingtonallee,POINT(10.096033 53.542331),['Station']
Eekholtesweg,POINT(10.083597 53.541519),['Station']
Blaue Brücke,POINT(10.083877 53.538902),['Station']
Wöhlerstraße,POINT(10.082825 53.535506),['Station']
Berzeliusstraße (West),POINT(10.088246 53.535744),['Station']
Liebigstraße 30,POINT(10.086862 53.534139),['Station']
Moorfleeter Straße (Mitte),POINT(10.094546 53.52972),['Station']
Werner-Siemens-Straße 34,POINT(10.091424 53.530288),['Station']
Werner-Siemens-Straße 20,POINT(10.085225 53.531441),['Station']
Grusonstraße,POINT(10.080772 53.531903),['Station']
Feuerwehrakademie Hamburg,POINT(10.07969 53.526702),['Station']
Bredowstraße (Mitte),POINT(10.083836 53.524328),['Station']
Moorfleeter Straße (Süd),POINT(10.088852 53.52235),['Station']
Bredowbrücke,POINT(10.076535 53.529533),['Station']
Kraftwerk Tiefstack,POINT(10.06913 53.527138),['Station']
Borsigstraße (Mitte),POINT(10.074667 53.533207),['Station']
Spliedtring,POINT(10.108659 53.562513),['Station']
Öjendorfer Weg,POINT(10.11416 53.545551),['Station']
Friedhof Öjendorf (Südeingang),POINT(10.128719 53.553502),['Station']
Kirchlinden,POINT(10.1019 53.541684),['Station']
Meriandamm,POINT(10.111241 53.552183),['Station']
Prinzenweg,POINT(10.113466 53.554741),['Station']
Manshardtstraße,POINT(10.115722 53.557317),['Station']
Fuchsbergredder,POINT(10.118494 53.56057),['Station']
Vierbergen,POINT(10.092644 53.546639),['Station']
Friedhof Öjendorf (Haupteingang),POINT(10.121863 53.557295),['Station']
Friedhof Öjendorf (Feierhallen),POINT(10.126425 53.556884),['Station']
Friedhof Öjendorf (Süd-Ring),POINT(10.123532 53.554215),['Station']
Friedhof Öjendorf (Ost-Ring),POINT(10.131611 53.555002),['Station']
Friedhof Öjendorf (Nord-Ring),POINT(10.125048 53.559017),['Station']
Am Horner Moor,POINT(10.100365 53.55462),['Station']
Billbrookdeich,POINT(10.076968 53.5359),['Station']
Mühlenhagen,POINT(10.067453 53.536588),['Station']
Langer Hagen,POINT(10.065309 53.535915),['Station']
Aschenputtelstraße,POINT(10.119646 53.562483),['Station']
Hammer Steindamm,POINT(10.055687 53.560809),['Station']
Berzeliusstraße 42,POINT(10.094672 53.534607),['Station']
Kroogblöcke,POINT(10.097185 53.552447),['Station']
Reinskamp,POINT(10.127238 53.544341),['Station']
Kattensteert,POINT(10.099561 53.549829),['Station']
Mattkamp,POINT(10.126478 53.545831),['Station']
Friedhof Öjendorf (Nordeingang),POINT(10.131294 53.558383),['Station']
Salomon-Petri-Ring,POINT(10.13196 53.547163),['Station']
Öjendorfer Höhe,POINT(10.127587 53.542172),['Station']
Archenholzstraße (Ost),POINT(10.125496 53.544645),['Station']
Stengelestraße,POINT(10.090975 53.549189),['Station']
Georg-Blume-Straße,POINT(10.102126 53.562007),['Station']
Grüningweg,POINT(10.101021 53.56014),['Station']
Dahrendorfweg,POINT(10.106445 53.5569),['Station']
Horner Redder,POINT(10.102994 53.552439),['Station']
U Legienstraße,POINT(10.097899 53.546232),['Station']
Gut Willerding,POINT(10.456761 53.225053),['Station']
Kreuzung B 216,POINT(10.587172 53.214499),['Station']
Zur Doven Elbe,POINT(10.588604 53.214363),['Station']
Abzweig Radenbeck,POINT(10.621069 53.201111),['Station']
Ort,POINT(10.582437 53.203023),['Station']
Gifkendorfer Straße,POINT(10.546432 53.19734),['Station']
Gifkendorf,POINT(10.55024 53.189248),['Station']
Volkstorf,POINT(10.545884 53.206235),['Station']
Abzweigung Bahnhof,POINT(10.549581 53.198764),['Station']
Bahnbrücke,POINT(10.545577 53.2002),['Station']
Pinkertbrücke,POINT(10.084688 53.527537),['Station']
Ort,POINT(9.783456 53.225094),['Station']
Hasselkamp,POINT(9.776893 53.233961),['Station']
Dorfstraße,POINT(9.779377 53.214868),['Station']
Rauhes Haus,POINT(10.06613 53.554193),['Station']
Horner Rennbahn,POINT(10.083851 53.553827),['Station']
Legienstraße,POINT(10.095527 53.547269),['Station']
Billstedt,POINT(10.107406 53.542262),['Station']
Tiefstack,POINT(10.065213 53.531513),['Station']
Hüllenkamp,POINT(10.15491 53.587693),['Station']
Potsdamer Straße,POINT(10.148625 53.585902),['Station']
Berliner Platz,POINT(10.141506 53.583994),['Station']
Liegnitzer Straße,POINT(10.137659 53.580194),['Station']
Schweidnitzer Straße,POINT(10.135975 53.577065),['Station']
Jenfelder Straße,POINT(10.135139 53.574045),['Station']
Jenfeld-Zentrum,POINT(10.13584 53.57092),['Station']
Denksteinweg,POINT(10.131135 53.571108),['Station']
Schiffbeker Weg,POINT(10.1247 53.570935),['Station']
Am Hohen Feld,POINT(10.115585 53.571039),['Station']
Universität der Bundeswehr,POINT(10.105638 53.570502),['Station']
Bf. Tonndorf (Tonndorfer Hauptstraße),POINT(10.123308 53.585613),['Station']
Gleiwitzer Bogen,POINT(10.141083 53.570546),['Station']
Holsteiner Tor,POINT(10.149246 53.569857),['Station']
Bovestraße,POINT(10.085613 53.568987),['Station']
AK Wandsbek,POINT(10.091342 53.568711),['Station']
Osterkamp,POINT(10.100076 53.569673),['Station']
Glatzer Straße,POINT(10.144576 53.579687),['Station']
Bekkamp,POINT(10.143646 53.576012),['Station']
Jenfelder Allee,POINT(10.126969 53.575092),['Station']
Bekkampsweg,POINT(10.138923 53.574997),['Station']
Studio Hamburg,POINT(10.124861 53.586101),['Station']
Schimmelmannstraße (Mitte),POINT(10.10503 53.572089),['Station']
Am Jenfelder Moor,POINT(10.113797 53.576519),['Station']
Albert-Schweitzer-Ring,POINT(10.123114 53.579442),['Station']
Kuehnstraße,POINT(10.126556 53.582249),['Station']
Köpenicker Straße,POINT(10.13329 53.584512),['Station']
Bf. Tonndorf,POINT(10.122454 53.586438),['Station']
Wilsonstraße,POINT(10.129425 53.587936),['Station']
Am Pulverhof (Süd),POINT(10.137442 53.592892),['Station']
Loher Straße,POINT(10.144977 53.593979),['Station']
Brockdorffstraße,POINT(10.152537 53.596477),['Station']
Wilhelm-Grimm-Straße,POINT(10.156173 53.600179),['Station']
Pflegezentrum Holstenhof,POINT(10.122915 53.56796),['Station']
Rübezahlstraße,POINT(10.12069 53.564297),['Station']
Paracelsusstraße,POINT(10.13196 53.597455),['Station']
Nordmarkstraße,POINT(10.110393 53.582004),['Station']
Stemmeshay,POINT(10.130643 53.591699),['Station']
Friedhof Tonndorf,POINT(10.11453 53.58317),['Station']
Kielmannseggstraße,POINT(10.092346 53.573104),['Station']
Luetkensallee,POINT(10.099035 53.574346),['Station']
Am Pulverhof (Mitte),POINT(10.134452 53.594071),['Station']
Sonnenweg (Mitte),POINT(10.123342 53.590321),['Station']
Rehkoppel,POINT(10.119665 53.560362),['Station']
Rispengrasweg,POINT(10.126393 53.56082),['Station']
Fuchsbergweg,POINT(10.132502 53.562388),['Station']
Hans-Rubbert-Straße,POINT(10.132627 53.565379),['Station']
Otto-Hahn-Schule Jenfeld,POINT(10.127998 53.579153),['Station']
Am Neumarkt 63,POINT(10.096669 53.57568),['Station']
Kaskadenpark,POINT(10.132028 53.581361),['Station']
Grunewaldstraße,POINT(10.151189 53.581906),['Station']
Euckenstraße,POINT(10.125412 53.588657),['Station']
Martensallee,POINT(10.134044 53.590678),['Station']
Am Walde,POINT(10.517391 53.268625),['Station']
K 28,POINT(10.505627 53.275505),['Station']
Am Mühlenberg,POINT(9.775848 53.242397),['Station']
Dorfstraße,POINT(9.784557 53.246024),['Station']
Esteweg,POINT(9.790458 53.245931),['Station']
Knick,POINT(9.73897 53.258985),['Station']
Abzweigung Schillingbostel,POINT(9.739164 53.255426),['Station']
Venusberg (Johanneum),POINT(10.430599 53.246523),['Station']
Vor dem Neuen Tore,POINT(10.392392 53.250112),['Station']
Waldfriedhof,POINT(10.429425 53.236051),['Station']
Wichernstraße,POINT(10.397878 53.226747),['Station']
Wielandstraße,POINT(10.410786 53.237666),['Station']
Kulturforum Wienebüttel,POINT(10.374807 53.264272),['Station']
Wiesengrund,POINT(10.37473 53.213294),['Station']
Wilhelm-Hänel-Weg,POINT(10.404742 53.269413),['Station']
Wilhelm-Leuschner-Straße,POINT(10.444091 53.236557),['Station']
William-Watt-Straße,POINT(10.380586 53.244076),['Station']
Witzendorffstraße,POINT(10.392371 53.256376),['Station']
Zeltberg,POINT(10.407059 53.265127),['Station']
Von-Stern-Straße,POINT(10.462592 53.245874),['Station']
Gebrüder-Heyn-Straße,POINT(10.46672 53.248295),['Station']
Am Elsenbruch,POINT(10.401548 53.224502),['Station']
Schwarzer Weg,POINT(10.428282 53.271398),['Station']
GHS Kreideberg,POINT(10.398005 53.261881),['Station']
Teufelsküche,POINT(10.385031 53.238363),['Station']
Am Eiskeller,POINT(10.384769 53.23629),['Station']
Auf dem Knieberg,POINT(10.388624 53.235545),['Station']
Pilgerpfad,POINT(10.378456 53.209962),['Station']
Bülows Kamp,POINT(10.446124 53.231554),['Station']
Hermann-Wagner-Straße,POINT(10.444434 53.22851),['Station']
Wümmegrund,POINT(9.716703 53.219566),['Station']
Denkmal,POINT(9.742431 53.239051),['Station']
Schule,POINT(9.744732 53.237851),['Station']
Ohnhorstblick,POINT(9.742119 53.245262),['Station']
Wümme 13,POINT(9.629471 53.250566),['Station']
Schule,POINT(9.618118 53.246617),['Station']
Abzweigung B 75,POINT(9.612596 53.241839),['Station']
Moorweg,POINT(9.629346 53.234931),['Station']
Poststraße,POINT(9.639669 53.232172),['Station']
Schulstraße,POINT(9.655042 53.229761),['Station']
Jägerstraße,POINT(9.669773 53.227585),['Station']
Abzweigung Fintel,POINT(9.680512 53.225862),['Station']
Nordweg / Mittelweg,POINT(9.639328 53.241465),['Station']
Geyerhof,POINT(9.687712 53.240638),['Station']
Dreihausen 12,POINT(9.674424 53.242412),['Station']
Ort,POINT(9.701991 53.247294),['Station']
Abzweig Dreihausen,POINT(9.699624 53.239966),['Station']
Wümmepark,POINT(9.629519 53.244671),['Station']
Sittenser Straße,POINT(9.681128 53.270256),['Station']
Huthscher Weg,POINT(9.659144 53.260864),['Station']
GS Kehre,POINT(9.682075 53.274187),['Station']
Feuerwehr,POINT(9.677876 53.270311),['Station']
Bremer Straße 87,POINT(9.651702 53.25829),['Station']
GS Tannengrund,POINT(9.682945 53.272394),['Station']
Waldring,POINT(9.668466 53.26668),['Station']
Siedlung,POINT(9.629003 53.274829),['Station']
Ort,POINT(9.611095 53.278355),['Station']
Avensermoor 5,POINT(9.609417 53.271076),['Station']
Everstorfermoor 4,POINT(9.619152 53.269462),['Station']
Bahnbrücke,POINT(9.701325 53.256975),['Station']
Hof,POINT(9.698867 53.262453),['Station']
Hutscher Weg 12,POINT(9.655494 53.254415),['Station']
Ort,POINT(9.701717 53.252561),['Station']
An der Heide,POINT(9.654264 53.249417),['Station']
Sittenser Straße 26,POINT(9.664783 53.271733),['Station']
Wümme 10,POINT(9.624348 53.254726),['Station']
Ort,POINT(9.76856 53.251169),['Station']
Werner-Otto-Straße (Mitte),POINT(10.069821 53.59995),['Station']
Gladowstraße,POINT(10.0751 53.579425),['Station']
Walddörferstraße,POINT(10.0812 53.580008),['Station']
Friedrich-Ebert-Damm (West),POINT(10.078588 53.584758),['Station']
Tilsiter Straße,POINT(10.078556 53.588828),['Station']
U Wandsbek-Gartenstadt,POINT(10.0761 53.592022),['Station']
Haldesdorfer Straße,POINT(10.072276 53.596684),['Station']
Werner-Otto-Straße,POINT(10.068662 53.601335),['Station']
Rahnstraße,POINT(10.070932 53.605672),['Station']
Steilshooper Allee,POINT(10.07275 53.608819),['Station']
Bramfelder Dorfplatz,POINT(10.076273 53.614879),['Station']
Berner Chaussee,POINT(10.080355 53.619093),['Station']
Heukoppel,POINT(10.080313 53.611536),['Station']
Ellernreihe (Mitte),POINT(10.080218 53.60841),['Station']
Ellernreihe,POINT(10.081266 53.606271),['Station']
Karl-Müller-Ring,POINT(10.078219 53.602902),['Station']
Hegholt,POINT(10.080759 53.601181),['Station']
Carl-Bremer-Ring,POINT(10.084522 53.603034),['Station']
Turnierstieg,POINT(10.091433 53.599799),['Station']
Barmwisch,POINT(10.09177 53.597029),['Station']
Voßkulen,POINT(10.08599 53.594305),['Station']
Rauschener Ring,POINT(10.081188 53.594339),['Station']
Tilsiter Straße (Mitte),POINT(10.084418 53.590707),['Station']
Eulenkamp,POINT(10.072693 53.583346),['Station']
Stephanstraße,POINT(10.085965 53.586272),['Station']
Helbingtwiete,POINT(10.092888 53.587692),['Station']
Am Stadtrand,POINT(10.09887 53.588904),['Station']
Sylter Weg,POINT(10.104945 53.590223),['Station']
Rentenversicherung Nord,POINT(10.10871 53.59212),['Station']
Ebeersreye,POINT(10.114684 53.595326),['Station']
Pulverhofsweg,POINT(10.123549 53.598693),['Station']
Eckerkoppel,POINT(10.118056 53.600012),['Station']
Eissporthalle,POINT(10.119661 53.604157),['Station']
Rahlstedter Weg (Mitte),POINT(10.127703 53.602644),['Station']
U Farmsen,POINT(10.117519 53.607151),['Station']
Berufsförderungswerk Hamburg,POINT(10.115441 53.612005),['Station']
Pflegezentrum Farmsen,POINT(10.114867 53.613726),['Station']
Neusurenland,POINT(10.113517 53.616399),['Station']
Stuhtsweg,POINT(10.112516 53.619723),['Station']
Hermelinweg,POINT(10.122004 53.616193),['Station']
Berner Heerweg,POINT(10.126406 53.618614),['Station']
Busbrookhöhe,POINT(10.130288 53.621938),['Station']
Zamenhofweg,POINT(10.133933 53.622577),['Station']
Greifenberger Straße,POINT(10.135552 53.617045),['Station']
Treptower Straße,POINT(10.136144 53.613769),['Station']
Alter Zollweg,POINT(10.137211 53.607927),['Station']
Timmendorfer Straße,POINT(10.130877 53.603827),['Station']
Scharbeutzer Straße,POINT(10.13142 53.599841),['Station']
Kohövedstraße,POINT(10.144336 53.608785),['Station']
Boltenhagener Straße,POINT(10.137439 53.600107),['Station']
Holzmühlenstraße,POINT(10.082897 53.576704),['Station']
Eichtalstraße,POINT(10.089149 53.577941),['Station']
Kurfürstenstraße,POINT(10.097 53.579109),['Station']
Ölmühlenweg (Süd),POINT(10.102398 53.580003),['Station']
Birtstraße,POINT(10.092194 53.575424),['Station']
Ziethenstraße,POINT(10.102512 53.576821),['Station']
Heinrich-Helbing-Straße,POINT(10.060628 53.594793),['Station']
Bauernrosenweg,POINT(10.065824 53.598413),['Station']
Karlshöhe,POINT(10.111001 53.623574),['Station']
Kedenburgstraße,POINT(10.087654 53.575007),['Station']
Tegelweg,POINT(10.106835 53.605912),['Station']
Haldesdorfer Straße (Nord),POINT(10.089816 53.607371),['Station']
Angerburger Straße,POINT(10.087495 53.591748),['Station']
Swebenhöhe,POINT(10.108583 53.609768),['Station']
Rönkkoppel,POINT(10.107295 53.61368),['Station']
Bullenkoppel,POINT(10.091514 53.595315),['Station']
Am Dornberg,POINT(10.108206 53.60173),['Station']
Eckerwiese,POINT(10.108607 53.599138),['Station']
Friedrich-Ebert-Damm (Nord),POINT(10.113515 53.599668),['Station']
Gyula-Trebitsch-Schule,POINT(10.121589 53.595396),['Station']
Iversstraße,POINT(10.09364 53.581736),['Station']
Ölmühlenweg (Nord),POINT(10.100463 53.584549),['Station']
Marner Straße,POINT(10.104041 53.586826),['Station']
Herthastraße,POINT(10.074553 53.611993),['Station']
Emmauskirche,POINT(10.10828 53.590147),['Station']
Dernauer Straße,POINT(10.086321 53.580698),['Station']
Am Hohen Hause (Rentenversicherung),POINT(10.109819 53.59237),['Station']
Birkenallee (Süd),POINT(10.140994 53.597504),['Station']
Hagemannsweg,POINT(9.927082 53.41199),['Station']
In der Pietsch,POINT(9.925319 53.405615),['Station']
Ginsterhof,POINT(9.93497 53.404147),['Station']
Zum Sunder,POINT(9.923933 53.402022),['Station']
Auf der Schanze,POINT(9.917289 53.39723),['Station']
Westerhofer Straße,POINT(9.923958 53.402507),['Station']
Schützengrund,POINT(9.913343 53.40249),['Station']
Schule,POINT(9.916431 53.403482),['Station']
Mittelweg,POINT(9.930038 53.410331),['Station']
Woxdorfer Weg,POINT(9.928751 53.40787),['Station']
Metzendorfer Weg,POINT(9.926132 53.403578),['Station']
Oberschule,POINT(9.879327 53.383265),['Station']
Bundesstraße,POINT(9.909644 53.391232),['Station']
Hinteln,POINT(9.902476 53.384934),['Station']
Rathaus,POINT(9.897548 53.380694),['Station']
Vaenser Grund,POINT(9.894533 53.378821),['Station']
Emsener Berg,POINT(9.882308 53.383521),['Station']
Schulstraße,POINT(9.888569 53.383987),['Station']
Emsener Straße,POINT(9.900112 53.384008),['Station']
Grundschule,POINT(9.887107 53.383064),['Station']
Iddensener Dorfstraße,POINT(9.911849 53.39029),['Station']
Vor dem Holze,POINT(9.917654 53.389024),['Station']
Hintelner Weg,POINT(9.906849 53.386303),['Station']
Am Schulland,POINT(9.889306 53.375338),['Station']
Lürade,POINT(9.930851 53.425493),['Station']
Lürader Weg,POINT(9.929837 53.421807),['Station']
Harburger Straße,POINT(9.873974 53.365558),['Station']
Freie Christliche Schule,POINT(9.863454 53.355705),['Station']
Am Kriegerdenkmal,POINT(9.872615 53.3667),['Station']
Bürgermeister-Becker-Straße,POINT(9.870416 53.365647),['Station']
Vaensen,POINT(9.881904 53.349478),['Station']
Stucksberg,POINT(9.875182 53.357776),['Station']
Zimmererstraße,POINT(9.855546 53.342553),['Station']
Wilfried-Wroost-Weg,POINT(9.860264 53.338251),['Station']
"Steinbeck, Eichholz",POINT(9.853495 53.342119),['Station']
"Steinbeck, Grundschule",POINT(9.847865 53.339086),['Station']
Abzweig Buchholz,POINT(9.830919 53.330813),['Station']
Bf. Buchholz (ZOB),POINT(9.881305 53.326264),['Station']
Bahnhofstraße,POINT(9.881037 53.324918),['Station']
Möbel Kraft,POINT(9.860128 53.350886),['Station']
Bf. Buchholz (Vorplatz),POINT(9.877685 53.324637),['Station']
Zunftstraße (West),POINT(9.864807 53.348345),['Station']
Nordring,POINT(9.871023 53.348318),['Station']
Heinsahl,POINT(9.867808 53.345268),['Station']
Lehmkuhlskamp,POINT(9.864323 53.343721),['Station']
Kohlhof,POINT(9.859514 53.34275),['Station']
Hopfenberg,POINT(9.871662 53.335455),['Station']
Krankenhaus,POINT(9.873862 53.333651),['Station']
Brandenburger Straße,POINT(9.875281 53.331106),['Station']
Tischlerstraße,POINT(9.85741 53.347886),['Station']
Flurweg,POINT(9.870775 53.325847),['Station']
Steinbecker Mühlenweg,POINT(9.857609 53.324136),['Station']
Tannenweg,POINT(9.853988 53.323946),['Station']
Am Steinbecker Feld,POINT(9.848961 53.324728),['Station']
Kiefernweg,POINT(9.844957 53.325664),['Station']
Pütjerweg,POINT(9.846039 53.328747),['Station']
Hoheluftweg,POINT(9.848885 53.331504),['Station']
Heimgartenstraße,POINT(9.851511 53.335232),['Station']
Im Innovationspark (Süd),POINT(9.866959 53.355958),['Station']
Hochkamp,POINT(9.860644 53.33549),['Station']
Haidbarg,POINT(9.860581 53.330881),['Station']
Waldfriedhof,POINT(9.866977 53.330214),['Station']
Waldschule,POINT(9.86982 53.329762),['Station']
Am Stubben,POINT(9.886847 53.3351),['Station']
Berliner Straße,POINT(9.884002 53.334753),['Station']
Friedrichstraße,POINT(9.880938 53.335414),['Station']
Heidekamp,POINT(9.880644 53.318936),['Station']
Wiesenstraße,POINT(9.867886 53.320297),['Station']
Beim Eichhofe,POINT(9.871145 53.358686),['Station']
Drosselweg,POINT(9.857008 53.317392),['Station']
Reiherstieg 244,POINT(9.854597 53.318407),['Station']
Amselweg,POINT(9.859324 53.320646),['Station']
Spechtstraße,POINT(9.861924 53.318588),['Station']
Lerchenweg,POINT(9.863086 53.316674),['Station']
Taubenweg,POINT(9.865443 53.310817),['Station']
Habichtweg,POINT(9.865846 53.308459),['Station']
Distelweg,POINT(9.868319 53.306168),['Station']
Friedhof,POINT(9.871396 53.303297),['Station']
Klecker Weg,POINT(9.909809 53.332735),['Station']
Meilsener Heide,POINT(9.840986 53.326726),['Station']
Eibenweg,POINT(9.847726 53.321484),['Station']
Sprötzer Weg,POINT(9.853284 53.32326),['Station']
Wiesenschule,POINT(9.872897 53.320251),['Station']
Gorch-Fock-Straße,POINT(9.880875 53.341794),['Station']
Lüneburger Straße,POINT(9.884848 53.323407),['Station']
Lüneburger Straße 30,POINT(9.891799 53.320632),['Station']
Neue Straße,POINT(9.8767 53.326405),['Station']
Feldkamp,POINT(9.878854 53.314385),['Station']
Gerade Straße,POINT(9.865708 53.325371),['Station']
Parkstraße,POINT(9.874517 53.329719),['Station']
Stöversweg,POINT(9.860533 53.333712),['Station']
Aschenputtelweg,POINT(9.887583 53.338051),['Station']
Gewerbegebiet Süd,POINT(9.857426 53.344975),['Station']
Bf. Buchholz (Lindenstraße),POINT(9.878259 53.325585),['Station']
Märchenstraße,POINT(9.888417 53.341307),['Station']
Am Kattenberge,POINT(9.843804 53.326553),['Station']
Passage,POINT(9.873705 53.326742),['Station']
Treffpunkt,POINT(9.881065 53.327721),['Station']
Freudenthalstraße,POINT(9.880255 53.339426),['Station']
Ritscherstraße,POINT(9.822762 53.326556),['Station']
Am Hang,POINT(9.876266 53.33818),['Station']
Dibberser Mühlenweg,POINT(9.876237 53.336005),['Station']
Marthastraße,POINT(9.886011 53.332438),['Station']
Bendestorfer Straße,POINT(9.883791 53.331088),['Station']
Wacholderweg,POINT(9.865331 53.3379),['Station']
Vaenser Weg,POINT(9.868457 53.346935),['Station']
Bf. Buchholz (Canteleubrücke),POINT(9.881204 53.324979),['Station']
Am Thing,POINT(9.881206 53.321448),['Station']
Bauhof,POINT(9.87753 53.31931),['Station']
Reiherstieg 80,POINT(9.855035 53.320048),['Station']
Seppenser Mühlenweg,POINT(9.860559 53.319352),['Station']
Innungsstraße,POINT(9.869153 53.350866),['Station']
Steinstraße,POINT(9.879976 53.330946),['Station']
Mittelstraße,POINT(9.877784 53.335302),['Station']
Maurerstraße,POINT(9.861149 53.346413),['Station']
Zunftstraße (Ost),POINT(9.865961 53.348966),['Station']
Müllerstraße,POINT(9.869009 53.353374),['Station']
Bäckerstraße,POINT(9.866411 53.354857),['Station']
Schulzentrum I,POINT(9.891229 53.337925),['Station']
Heideschule am SZ I,POINT(9.888114 53.338299),['Station']
Schulzentrum II,POINT(9.84168 53.323126),['Station']
Brumhagen,POINT(9.827668 53.318741),['Station']
Buchholzer Straße,POINT(9.830044 53.318967),['Station']
Koppelweg,POINT(9.845282 53.308706),['Station']
Farmsen,POINT(10.117613 53.607267),['Station']
Trabrennbahn,POINT(10.102637 53.598439),['Station']
Wandsbek-Gartenstadt,POINT(10.074888 53.592473),['Station']
Am Glinder Weg,POINT(10.20893 53.558639),['Station']
Soltausredder,POINT(10.162961 53.569051),['Station']
Rathaus,POINT(10.169042 53.568955),['Station']
Bergredder,POINT(10.174382 53.568831),['Station']
Am Bondenholz,POINT(10.182024 53.568972),['Station']
Von-Bronsart-Straße,POINT(10.186874 53.568609),['Station']
Feldweg,POINT(10.197297 53.566753),['Station']
Alte Dorfstraße,POINT(10.202799 53.561693),['Station']
Lohe,POINT(10.204387 53.559691),['Station']
Willinghusen (Kehre),POINT(10.211791 53.564217),['Station']
Zum Dicken Busch,POINT(10.15331 53.569414),['Station']
Zum Tunnel,POINT(10.206116 53.562091),['Station']
Großlohe,POINT(10.181967 53.602084),['Station']
Hoffmannstieg,POINT(10.179796 53.603327),['Station']
Prehnsweg,POINT(10.174695 53.604626),['Station']
Sieker Landstraße,POINT(10.167382 53.605695),['Station']
Schweriner Straße,POINT(10.162213 53.605054),['Station']
Seniorensitz Am Hegen,POINT(10.171542 53.592779),['Station']
Kielende,POINT(10.187193 53.570286),['Station']
Victoriaring,POINT(10.187951 53.602689),['Station']
Grundschule,POINT(10.162654 53.571057),['Station']
Sorenkoppel,POINT(10.185073 53.591091),['Station']
Gewerbepark Victoria,POINT(10.193263 53.603571),['Station']
Am Hegen,POINT(10.180487 53.589105),['Station']
Geesthachter Weg,POINT(10.171241 53.588433),['Station']
Kielkoppelstraße,POINT(10.167592 53.589753),['Station']
Kinderkrankenhaus Wilhelmstift,POINT(10.161159 53.589232),['Station']
Schimmelreiterweg,POINT(10.17831 53.590672),['Station']
Waldwinkel,POINT(10.174312 53.591898),['Station']
Am Ohlendorffturm,POINT(10.168746 53.594882),['Station']
Theodor-Storm-Straße,POINT(10.160797 53.593081),['Station']
Amtsstraße,POINT(10.163366 53.596444),['Station']
Buchwaldstraße,POINT(10.162704 53.599289),['Station']
Altes Rathaus Rahlstedt,POINT(10.159025 53.602299),['Station']
Heinrich-Schulz-Weg,POINT(10.18009 53.598715),['Station']
Immenseeweg,POINT(10.174834 53.594382),['Station']
Brunskamp,POINT(10.181344 53.593868),['Station']
Pahlblöckensstieg,POINT(10.169082 53.606496),['Station']
Gemeinschaftsschule,POINT(10.162468 53.575291),['Station']
Hanskampring,POINT(10.192037 53.57828),['Station']
Möbel Höffner,POINT(10.194823 53.576958),['Station']
Fahrenberg,POINT(10.189225 53.57599),['Station']
Kiebitzhörn,POINT(10.189245 53.574022),['Station']
Rahlstedt Center,POINT(10.158339 53.604265),['Station']
Kiebitzhörn (Ost),POINT(10.19344 53.572884),['Station']
"(Amt Neuhaus), Sumte",POINT(10.878966 53.2878),['Station']
Abzweig,POINT(10.889355 53.288732),['Station']
"(Amt Neuhaus), Neu Garge",POINT(10.829823 53.272424),['Station']
Abzweigung,POINT(10.845989 53.264554),['Station']
"(Amt Neuhaus), Krusendorf",POINT(10.858156 53.295208),['Station']
"(Amt Neuhaus), Stiepelse",POINT(10.802302 53.288894),['Station']
Ausbau,POINT(10.800782 53.2959),['Station']
"(Amt Neuhaus), Viehle",POINT(10.835894 53.25877),['Station']
"(Amt Neuhaus), Dellien",POINT(10.921585 53.30744),['Station']
"(Amt Neuhaus), Preten",POINT(10.906639 53.318518),['Station']
"(Amt Neuhaus), Rosien I",POINT(10.965957 53.298412),['Station']
"(Amt Neuhaus), Rosien II",POINT(10.957894 53.294968),['Station']
"(Amt Neuhaus), Sückau",POINT(10.956216 53.317328),['Station']
"(Amt Neuhaus), Stapel I",POINT(10.957893 53.256918),['Station']
"(Amt Neuhaus), Stapel II",POINT(10.958396 53.253836),['Station']
"(Amt Neuhaus), Zeetze I",POINT(10.980311 53.232237),['Station']
"(Amt Neuhaus), Zeetze II",POINT(10.98742 53.227589),['Station']
"(Amt Neuhaus), Stixe",POINT(11.018484 53.208563),['Station']
Dorf,POINT(11.068182 53.218773),['Station']
Siedlung,POINT(11.045033 53.238873),['Station']
Mühle,POINT(10.313639 53.30522),['Station']
Wittorfer Weg,POINT(10.293991 53.308813),['Station']
Am Hausbach,POINT(10.297695 53.327554),['Station']
Peerort,POINT(10.291847 53.316834),['Station']
Schäfer-Ast-Straße,POINT(10.28633 53.312014),['Station']
Dorf,POINT(11.0424 53.193973),['Station']
Anlage,POINT(11.047862 53.204313),['Station']
Kindergarten,POINT(11.043476 53.196777),['Station']
Neubau,POINT(11.052817 53.18993),['Station']
"(Amt Neuhaus), Pinnau",POINT(11.07822 53.18025),['Station']
"(Amt Neuhaus), Tripkau",POINT(11.105042 53.182655),['Station']
Schule,POINT(11.116019 53.184392),['Station']
Abzw. Bohnenburg,POINT(11.131204 53.175323),['Station']
"(Amt Neuhaus), Wehningen",POINT(11.166958 53.171541),['Station']
"(Amt Neuhaus), Bohnenburg",POINT(11.123619 53.165932),['Station']
"(Amt Neuhaus), Wilkenstorf",POINT(11.110856 53.158789),['Station']
"(Amt Neuhaus), Raffatz",POINT(11.107832 53.15354),['Station']
"(Amt Neuhaus), Strachau",POINT(11.10139 53.150518),['Station']
"(Amt Neuhaus), Gosewerder",POINT(11.084068 53.153375),['Station']
Abzweig,POINT(11.075796 53.155775),['Station']
"(Amt Neuhaus), Brandstade",POINT(11.067283 53.160938),['Station']
Oldenfelde,POINT(10.128767 53.617603),['Station']
"(Amt Neuhaus), Gülze",POINT(10.918238 53.285682),['Station']
"(Amt Neuhaus), Bitter",POINT(11.035859 53.169317),['Station']
"(Amt Neuhaus), Privelack",POINT(10.976023 53.209392),['Station']
"(Amt Neuhaus), Vockfey",POINT(10.936993 53.224888),['Station']
"(Amt Neuhaus), Pommau",POINT(10.95643 53.212402),['Station']
"(Amt Neuhaus), Groß Banratz",POINT(10.939117 53.241075),['Station']
"(Amt Neuhaus), Haar",POINT(10.917863 53.261918),['Station']
"(Amt Neuhaus), Kühren",POINT(10.917124 53.236345),['Station']
"(Amt Neuhaus), Darchau (Fähre)",POINT(10.894299 53.236755),['Station']
"(Amt Neuhaus), Darchau",POINT(10.896784 53.240103),['Station']
Hafen,POINT(10.890384 53.233582),['Station']
"(Amt Neuhaus), Darchau (Schiffsanleger)",POINT(10.893521 53.236111),['Station']
"(Amt Neuhaus), Konau",POINT(10.879542 53.250028),['Station']
Liliencronpark,POINT(10.15308 53.600874),['Station']
U Meiendorfer Weg,POINT(10.156682 53.639252),['Station']
Bargkoppelweg,POINT(10.161171 53.626),['Station']
Bf. Rahlstedt (Doberaner Weg),POINT(10.153284 53.604475),['Station']
Haffkruger Weg,POINT(10.150207 53.609115),['Station']
Bf. Rahlstedt (Amtsstraße),POINT(10.153957 53.603669),['Station']
Bargteheider Straße (Nord),POINT(10.15549 53.613916),['Station']
Eichwischen,POINT(10.171159 53.61441),['Station']
Eichberg,POINT(10.16506 53.612987),['Station']
Gerstenwiese,POINT(10.160403 53.618379),['Station']
Saseler Straße,POINT(10.166129 53.622717),['Station']
Wildschwanbrook,POINT(10.168534 53.626584),['Station']
Wildschwanbrook (Mitte),POINT(10.175081 53.628838),['Station']
Hellmesbergerweg,POINT(10.179296 53.630369),['Station']
Skaldenweg,POINT(10.179384 53.633549),['Station']
Künnekestraße,POINT(10.178664 53.635902),['Station']
Spitzbergenweg,POINT(10.166038 53.629277),['Station']
Von-Suppé-Straße,POINT(10.164688 53.632939),['Station']
Ringstraße,POINT(10.16285 53.635913),['Station']
Rauchschwalbenweg,POINT(10.14251 53.621193),['Station']
Greifenberger Straße (Ost),POINT(10.144824 53.618466),['Station']
Redderblock,POINT(10.154544 53.61468),['Station']
Sandkule,POINT(10.149875 53.607482),['Station']
Hermann-Balk-Straße,POINT(10.140428 53.624142),['Station']
Hohenkamp,POINT(10.146133 53.605982),['Station']
U Berne (Berner Heerweg),POINT(10.138518 53.626721),['Station']
Offenbachweg,POINT(10.173917 53.632651),['Station']
Eggerskamp,POINT(10.156506 53.610734),['Station']
Heestweg,POINT(10.149214 53.602035),['Station']
Forum Gymnasium Rahlstedt,POINT(10.142642 53.600354),['Station']
Lapplandring,POINT(10.168823 53.630481),['Station']
Warnemünder Weg,POINT(10.164157 53.608162),['Station']
Moränenweg,POINT(10.163687 53.610853),['Station']
Rahlstedter Kamp,POINT(10.173744 53.609542),['Station']
Waterblöckenwiese,POINT(10.17582 53.608129),['Station']
Heckende,POINT(10.173597 53.606973),['Station']
U Berne (Kriegkamp),POINT(10.139623 53.626216),['Station']
Feuerwehrhaus,POINT(9.607656 53.765217),['Station']
Bullendorf 11,POINT(9.620641 53.767523),['Station']
Bullendorf 25,POINT(9.612222 53.765293),['Station']
U Berne (Berner Stieg),POINT(10.143749 53.627318),['Station']
Schierenberg,POINT(10.145915 53.624143),['Station']
Fleien,POINT(9.550343 53.736986),['Station']
Dünnenreihe,POINT(9.558451 53.735852),['Station']
Glashofkamp 8,POINT(9.632328 53.785359),['Station']
An der Bundesstraße 28,POINT(9.63522 53.785937),['Station']
Grönländer Chaussee,POINT(9.598835 53.825181),['Station']
Stellbusch,POINT(9.632037 53.810339),['Station']
Amtsverwaltung,POINT(9.623858 53.806527),['Station']
Ernst-Barlach-Straße,POINT(9.627188 53.811954),['Station']
Gewerbegebiet,POINT(9.647566 53.804371),['Station']
Am Markt,POINT(9.616801 53.811802),['Station']
Jacob-Struve-Schule,POINT(9.621644 53.814831),['Station']
Wiesengrund,POINT(9.640129 53.807438),['Station']
Horstheide,POINT(9.652752 53.803058),['Station']
Horstmühle,POINT(9.633236 53.790224),['Station']
Koppeldamm,POINT(9.606767 53.78135),['Station']
Hauptstraße,POINT(9.620375 53.781379),['Station']
Wiesengrund,POINT(9.617179 53.779634),['Station']
Abzweigung Bullendorf,POINT(9.592962 53.776019),['Station']
Horster Landstraße 1,POINT(9.639781 53.780603),['Station']
Heidkamp,POINT(9.621732 53.781848),['Station']
Weidendamm,POINT(9.612043 53.782212),['Station']
Kuhdamm,POINT(9.60233 53.7798),['Station']
Kiebitzreiher Chaussee 89,POINT(9.629081 53.780255),['Station']
Bargteheider Straße (Süd),POINT(10.145464 53.602475),['Station']
Lühnhüserdeich,POINT(9.52471 53.741297),['Station']
Moorhusen (Süd),POINT(9.563644 53.737741),['Station']
Schloburger Weg,POINT(9.629461 53.800577),['Station']
Wischreihe 9,POINT(9.58544 53.77832),['Station']
Bf. Wrist,POINT(9.747675 53.931542),['Station']
Am Sportplatz,POINT(9.753632 53.930912),['Station']
Bf. Brokstedt,POINT(9.823659 53.989274),['Station']
Kirche,POINT(9.815143 53.991138),['Station']
Schule,POINT(9.826117 53.992501),['Station']
Börn,POINT(9.783628 53.955446),['Station']
Dorfstraße,POINT(9.784999 53.953837),['Station']
Schmidsbarg,POINT(9.783544 53.948528),['Station']
Schulstraße,POINT(9.788935 53.95011),['Station']
Königsberger Straße,POINT(9.760595 53.929547),['Station']
Am Horsberg,POINT(10.6577 53.627707),['Station']
Bauerweg,POINT(9.573012 53.736816),['Station']
Bf. Horst,POINT(9.644988 53.805499),['Station']
Schule (Kehre),POINT(9.600602 53.777796),['Station']
Abzweigung Anker,POINT(10.668744 53.685333),['Station']
"Breitenfelde, Kreuzung",POINT(10.629227 53.605516),['Station']
Neuer Höltigbaum,POINT(10.185415 53.60816),['Station']
Naturschutzgebiet Höltigbaum,POINT(10.183477 53.611261),['Station']
Neurahlstedter Graben,POINT(10.1775 53.610394),['Station']
Berne,POINT(10.139873 53.627068),['Station']
Herrenstraße,POINT(10.523427 53.637597),['Station']
Gymnasium,POINT(10.367323 53.805455),['Station']
Masurenwegschule,POINT(10.391285 53.805224),['Station']
Hebbelstraße,POINT(10.381338 53.802796),['Station']
Auweg,POINT(10.015383 54.006297),['Station']
Birkenallee (Mitte),POINT(10.075615 54.047633),['Station']
Depot,POINT(10.005111 53.999654),['Station']
Dorfring,POINT(10.028148 54.007455),['Station']
Friedrichswalder Straße,POINT(10.011632 54.005691),['Station']
Gemeinde,POINT(10.024807 54.006801),['Station']
Twiete,POINT(10.014353 54.010322),['Station']
Industriestraße,POINT(10.019269 54.021754),['Station']
Niendorf bei Berkenthin,POINT(10.626523 53.703329),['Station']
"Rethwisch, Altenweide",POINT(10.47173 53.774611),['Station']
Hollenbek,POINT(10.647226 53.714593),['Station']
Siebenbergen,POINT(10.263078 53.750305),['Station']
Mittelweg,POINT(10.187722 53.767654),['Station']
Mundsburger Brücke,POINT(10.019748 53.565578),['Station']
Averhoffstraße,POINT(10.01682 53.570644),['Station']
Zimmerstraße,POINT(10.014937 53.574595),['Station']
Hans-Henny-Jahnn-Weg,POINT(10.013975 53.578548),['Station']
Gertigstraße,POINT(10.011952 53.581063),['Station']
Goldbekplatz,POINT(10.009762 53.583553),['Station']
Dorotheenstraße,POINT(10.004988 53.587304),['Station']
U Sierichstraße,POINT(10.002468 53.59056),['Station']
Semperstraße,POINT(10.017565 53.586541),['Station']
Wiesendamm (Mitte),POINT(10.022758 53.589004),['Station']
U Borgweg,POINT(10.015767 53.590924),['Station']
Maria-Louisen-Straße (Nord),POINT(10.007292 53.591472),['Station']
Winterhuder Marktplatz,POINT(9.999346 53.594593),['Station']
Stadtpark (Planetarium),POINT(10.013882 53.596079),['Station']
Ohlsdorfer Straße (Planetarium),POINT(10.00677 53.599356),['Station']
Jahnring (Mitte),POINT(10.013685 53.599855),['Station']
Überseering (West),POINT(10.017583 53.600505),['Station']
S Rübenkamp,POINT(10.032968 53.607579),['Station']
Hebebrandstraße,POINT(10.038665 53.608257),['Station']
Schmuckshöhe,POINT(10.037061 53.611218),['Station']
Feuerbergstraße,POINT(10.035742 53.614123),['Station']
AK Barmbek,POINT(10.039918 53.605129),['Station']
Hartzloh,POINT(10.04092 53.601651),['Station']
Neue Wöhr,POINT(10.041549 53.598986),['Station']
Hermann-Kauffmann-Straße,POINT(10.044077 53.594292),['Station']
Hellbrookstraße,POINT(10.044444 53.591404),['Station']
U S Barmbek,POINT(10.044144 53.587831),['Station']
U Saarlandstraße,POINT(10.033126 53.588079),['Station']
Großheidestraße,POINT(10.027156 53.585399),['Station']
Jarrestraße (Kampnagel),POINT(10.020478 53.583974),['Station']
Herderstraße,POINT(10.01917 53.580481),['Station']
Mozartstraße,POINT(10.021838 53.578391),['Station']
Bachstraße,POINT(10.024855 53.577045),['Station']
Schumannstraße,POINT(10.023863 53.576604),['Station']
Beethovenstraße,POINT(10.021854 53.57468),['Station']
U Mundsburg,POINT(10.027358 53.570086),['Station']
Harzensweg,POINT(10.049888 53.591707),['Station']
U Hamburger Straße,POINT(10.035631 53.575047),['Station']
Biedermannplatz,POINT(10.032292 53.579892),['Station']
Brucknerstraße (Arbeitsgerichte),POINT(10.033424 53.583575),['Station']
U Dehnhaide,POINT(10.041314 53.580209),['Station']
Flachsland,POINT(10.047257 53.584236),['Station']
Wachtelstraße,POINT(10.052657 53.588277),['Station']
Habichtsplatz,POINT(10.046626 53.596004),['Station']
U Habichtstraße (Steilshooper Straße),POINT(10.049995 53.593593),['Station']
Langenfort,POINT(10.050738 53.599778),['Station']
Richeystraße,POINT(10.051685 53.603247),['Station']
Schwarzer Weg,POINT(10.055691 53.606392),['Station']
Alfred-Mahlau-Weg,POINT(10.054478 53.609826),['Station']
Eichenlohweg,POINT(10.044474 53.607937),['Station']
Gründgensstraße (West),POINT(10.045785 53.611484),['Station']
Fritz-Flinte-Ring,POINT(10.049345 53.610635),['Station']
Einkaufszentrum Steilshoop,POINT(10.058752 53.610381),['Station']
Hallenbad Bramfeld,POINT(10.069271 53.61107),['Station']
Erich-Ziegel-Ring,POINT(10.063843 53.612115),['Station']
Gründgensstraße (Ost),POINT(10.066138 53.613838),['Station']
Leeschenblick,POINT(10.071332 53.613675),['Station']
Fabriciusstraße,POINT(10.067455 53.608552),['Station']
Gustav-Seitz-Weg,POINT(10.063469 53.608668),['Station']
Owiesenstraße,POINT(10.06707 53.606462),['Station']
Fabriciusstraße (Mitte),POINT(10.065926 53.604855),['Station']
Buschrosenweg,POINT(10.062552 53.601659),['Station']
Hellbrookkamp,POINT(10.060657 53.59774),['Station']
Maybachstraße,POINT(10.056317 53.598156),['Station']
Burmesterstraße,POINT(10.036916 53.587453),['Station']
Habichtstraße (Mitte),POINT(10.056044 53.591455),['Station']
Hebbelstraße,POINT(10.018568 53.577404),['Station']
Borchertring,POINT(10.067447 53.614815),['Station']
Lämmersieth (Mitte),POINT(10.053295 53.584785),['Station']
Genslerstraße,POINT(10.038183 53.592932),['Station']
S Alte Wöhr,POINT(10.036846 53.597518),['Station']
Lauensteinstraße,POINT(10.036063 53.600121),['Station']
U Uhlandstraße,POINT(10.026131 53.565532),['Station']
Stückenstraße (Schön Klinik),POINT(10.049442 53.579212),['Station']
Holsteinischer Kamp,POINT(10.048784 53.575813),['Station']
Langenrehm,POINT(10.046873 53.582766),['Station']
Ruwoldtweg,POINT(10.047556 53.609168),['Station']
Fritz-Neubers-Weg,POINT(10.039837 53.5914),['Station']
Mühlenstraße,POINT(9.66454 53.754789),['Station']
Ollnsstraße (Mitte),POINT(9.656072 53.741628),['Station']
U Habichtstraße,POINT(10.050964 53.593683),['Station']
Lämmersieth (Nord),POINT(10.061372 53.588919),['Station']
Grenzweg,POINT(9.642635 53.772753),['Station']
Flotowstraße,POINT(10.025699 53.580721),['Station']
Wiesendamm,POINT(10.014944 53.589978),['Station']
Rethfelder Ring,POINT(9.676937 53.745061),['Station']
Parkweg,POINT(9.651891 53.737805),['Station']
Adolfplatz,POINT(10.226666 54.069035),['Station']
Alter Güterbahnhof,POINT(10.035419 53.591088),['Station']
Sonneck,POINT(9.648888 53.774022),['Station']
Heidkoppelweg,POINT(9.686078 53.771119),['Station']
Stargarder Straße,POINT(9.673201 53.766394),['Station']
Hainholz,POINT(9.670071 53.738388),['Station']
Jahnbrücke,POINT(10.035632 53.601634),['Station']
U Saarlandstraße (Süd),POINT(10.033319 53.586694),['Station']
Flüggestraße,POINT(10.03169 53.586798),['Station']
Kaltenweide (Mitte),POINT(9.672264 53.761871),['Station']
Turnstraße,POINT(9.642345 53.754811),['Station']
Gerberstraße,POINT(9.645747 53.754227),['Station']
Walfängerstraße,POINT(9.676525 53.763707),['Station']
Gönnebeker Ring,POINT(10.205334 54.042979),['Station']
Hermann-Sudermann-Allee,POINT(9.680791 53.766854),['Station']
Zeppelinplatz,POINT(9.661252 53.769363),['Station']
Bauerweg,POINT(9.653099 53.719937),['Station']
An der Autobahn,POINT(9.703564 53.756597),['Station']
Anne-Frank-Straße,POINT(9.636275 53.762427),['Station']
Moortwiete,POINT(9.685967 53.75598),['Station']
Lauenberg,POINT(9.690207 53.756576),['Station']
Kastanienweg,POINT(9.694378 53.756677),['Station']
Friedhof,POINT(9.695675 53.759042),['Station']
Waldweg,POINT(9.718728 53.755842),['Station']
Voßkuhlen,POINT(9.684267 53.768892),['Station']
Kibek,POINT(9.707938 53.74171),['Station']
Am Park,POINT(9.653496 53.727949),['Station']
Hofweg,POINT(9.655016 53.725389),['Station']
Schmiedekamp,POINT(9.770635 53.756328),['Station']
Moltkestraße,POINT(9.669372 53.758311),['Station']
Butendiek,POINT(9.741103 53.751321),['Station']
Beeklohe,POINT(9.739866 53.748229),['Station']
Seether Straße,POINT(9.73123 53.73192),['Station']
Dorfstraße,POINT(9.71939 53.742253),['Station']
Dorfstraße 24,POINT(9.593224 53.748353),['Station']
Wilhelmstraße,POINT(9.638644 53.740671),['Station']
Kurzenmoor 4,POINT(9.630928 53.730505),['Station']
Kurzenmoor 12-14,POINT(9.630358 53.725791),['Station']
Kurzenmoor 16,POINT(9.623763 53.720417),['Station']
Schulsteig,POINT(9.622621 53.715912),['Station']
Wendeplatz,POINT(9.602641 53.722187),['Station']
Grundschule (Ost),POINT(9.597212 53.71747),['Station']
Dorfstraße (West),POINT(9.59067 53.715427),['Station']
Dieckhof,POINT(9.586673 53.719912),['Station']
Hörnstraße,POINT(9.576699 53.718362),['Station']
Seesteraudeich 148,POINT(9.570723 53.716629),['Station']
Mühlendeich,POINT(9.556796 53.712661),['Station']
Op de Weddern,POINT(9.559177 53.704967),['Station']
Nörn,POINT(9.562848 53.704276),['Station']
Dorfstraße 50,POINT(9.575134 53.702484),['Station']
Feldstraße,POINT(9.655535 53.755773),['Station']
Peterstraße,POINT(9.653319 53.754653),['Station']
Schulstraße,POINT(9.567348 53.70448),['Station']
Grundschule,POINT(9.598236 53.718139),['Station']
Eichenkamp,POINT(9.673457 53.747363),['Station']
Hasenbusch,POINT(9.643488 53.761131),['Station']
Dörpplatz,POINT(10.178398 54.04923),['Station']
Neen Kamp,POINT(10.181784 54.044264),['Station']
Gärtnersiedlung,POINT(10.198729 54.048993),['Station']
Rotdornstraße (Nord),POINT(10.025926 53.237882),['Station']
Talweg,POINT(9.96168 53.377714),['Station']
Realschule,POINT(9.970701 53.391129),['Station']
Fiendsmoor,POINT(10.197516 54.054593),['Station']
Dorfstraße 7,POINT(9.609585 53.754983),['Station']
Austraße,POINT(9.693205 53.805086),['Station']
Schulstraße,POINT(9.731232 53.741624),['Station']
Gartenstraße,POINT(9.736087 53.744496),['Station']
Hufnerstraße,POINT(10.04135 53.582895),['Station']
Feuerwehr,POINT(9.982477 53.364641),['Station']
Belauer Straße (Ost),POINT(10.270311 54.085096),['Station']
Damsdorfer Straße,POINT(10.270437 54.080719),['Station']
Stockseer Straße,POINT(10.275055 54.086294),['Station']
Belauer Straße (West),POINT(10.260717 54.087703),['Station']
Backhusweg,POINT(9.982615 53.369367),['Station']
Moorstraße,POINT(9.984605 53.36377),['Station']
Dunshörn,POINT(9.986879 53.360777),['Station']
Domänenweg,POINT(9.990988 53.37796),['Station']
Landesstraße,POINT(9.983326 53.374797),['Station']
Schulen,POINT(10.224403 54.071034),['Station']
Daimlerstraße,POINT(9.692055 53.746358),['Station']
Werner-von-Siemens-Straße,POINT(9.706502 53.744621),['Station']
Lise-Meitner-Straße,POINT(9.695719 53.746094),['Station']
Kurt-Wagener-Straße,POINT(9.700673 53.745014),['Station']
Hinterstraße,POINT(9.684913 53.748071),['Station']
Otto-Hahn-Straße,POINT(9.688684 53.746899),['Station']
Ramskamp (West),POINT(9.687712 53.742133),['Station']
Ramskamp (Mitte),POINT(9.691418 53.74169),['Station']
WAK/BBS,POINT(9.681286 53.742197),['Station']
Ramskamp (KGSE),POINT(9.676073 53.743179),['Station']
Grundschule,POINT(9.688851 53.793206),['Station']
A Sparrieshoop,POINT(9.685976 53.781614),['Station']
Kirche,POINT(9.683128 53.784649),['Station']
Adenauerdamm,POINT(9.680469 53.744116),['Station']
Sandberg,POINT(9.640881 53.754244),['Station']
Burdiekstraße (Mitte),POINT(9.635662 53.755988),['Station']
Dorfstraße,POINT(10.348129 54.093656),['Station']
Denkmal,POINT(9.990475 53.350036),['Station']
Im Dorfe,POINT(9.986079 53.347602),['Station']
Abzweigung Ramelsloh,POINT(9.986579 53.345836),['Station']
Bendestorfer Kuhtrift,POINT(9.985717 53.341045),['Station']
Spiekerhörn,POINT(9.579167 53.728152),['Station']
Altendeich,POINT(9.574592 53.736027),['Station']
Dorfstraße 33,POINT(9.581351 53.744791),['Station']
Dorfstraße 16,POINT(9.599414 53.750829),['Station']
Kirchensteig,POINT(9.622492 53.755303),['Station']
Baumschulenweg,POINT(9.633067 53.758877),['Station']
Bismarckstraße,POINT(9.651867 53.757788),['Station']
Achtern Knick,POINT(9.627477 53.766283),['Station']
August-Bebel-Platz,POINT(9.670051 53.768586),['Station']
Beethovenstraße,POINT(9.679375 53.755209),['Station']
Carl-Zeiss-Straße,POINT(9.655229 53.773107),['Station']
Danziger Straße,POINT(9.658676 53.767553),['Station']
Mühle,POINT(9.982931 53.334158),['Station']
Alt Erfrade,POINT(10.276961 54.032418),['Station']
Bardal,POINT(9.972144 53.337724),['Station']
Poststraße,POINT(9.966331 53.34026),['Station']
Posttwiete,POINT(9.968802 53.341274),['Station']
Freibad,POINT(9.972249 53.339682),['Station']
Kieferneck,POINT(9.979159 53.330038),['Station']
Waldweg,POINT(9.976511 53.327139),['Station']
Grundschule,POINT(9.96985 53.341166),['Station']
Waldfriedenweg,POINT(9.962745 53.341008),['Station']
Am Erlengrund,POINT(9.670631 53.735519),['Station']
Bahnhofstraße,POINT(10.228157 54.071949),['Station']
Finanzamt,POINT(9.664332 53.757926),['Station']
Am Friedhof,POINT(9.6626 53.764414),['Station']
Stiftskirche,POINT(9.662819 53.760989),['Station']
Fuchsberger Allee,POINT(9.660009 53.772263),['Station']
Lohhof,POINT(9.972147 53.322682),['Station']
Hundsberg,POINT(9.969072 53.319454),['Station']
Kornberg,POINT(9.967061 53.315472),['Station']
Am Ilksberg,POINT(9.962763 53.311176),['Station']
Seevestraße,POINT(9.958618 53.309637),['Station']
Abzweigung Itzenbüttel,POINT(9.954227 53.307192),['Station']
Seevebrücke,POINT(9.954019 53.303896),['Station']
Lüllauer Straße,POINT(9.948257 53.305847),['Station']
Erikaweg,POINT(9.946833 53.314062),['Station']
Itzenbüttel,POINT(9.934925 53.322548),['Station']
Sandbarg,POINT(9.953079 53.308189),['Station']
Feuerwehr,POINT(9.957282 53.301587),['Station']
Freibad,POINT(9.960257 53.301114),['Station']
Kunststätte Bossard,POINT(9.93486 53.283183),['Station']
Hainholzer Schulstraße,POINT(9.672006 53.743804),['Station']
Hamburger Straße,POINT(9.677548 53.749137),['Station']
Mühle,POINT(10.002811 53.290825),['Station']
Waterfuhr,POINT(9.975622 53.293459),['Station']
Hinnerkstraße,POINT(9.979151 53.290393),['Station']
Hinterm Holze,POINT(9.991236 53.289646),['Station']
Salemsweg,POINT(9.976227 53.283138),['Station']
Am Mühlenberg,POINT(9.981604 53.293347),['Station']
Föhrenweg,POINT(9.985047 53.305449),['Station']
Abzweigung Brackel,POINT(10.000773 53.287041),['Station']
Zum Auetal,POINT(9.986533 53.303559),['Station']
Schulstraße,POINT(9.979183 53.289818),['Station']
Hanstedter Straße,POINT(9.979768 53.289795),['Station']
Burdiekstraße,POINT(9.63754 53.753849),['Station']
Klinikum,POINT(9.682171 53.751896),['Station']
Zum Krückaupark,POINT(9.674723 53.754472),['Station']
Elsa-Brändström-Schule,POINT(9.673831 53.756489),['Station']
Liethmoor,POINT(9.667981 53.733754),['Station']
Amselstraße,POINT(9.644646 53.759489),['Station']
Stromberg,POINT(10.241691 54.072412),['Station']
Meteorstraße,POINT(9.656259 53.743846),['Station']
Krückauweg,POINT(9.665738 53.756669),['Station']
Morthorststraße,POINT(9.665912 53.736093),['Station']
Feuerwehr,POINT(9.979463 53.267989),['Station']
Am Mühlenbach,POINT(9.981694 53.267854),['Station']
Haus Nazareth,POINT(9.989208 53.263523),['Station']
Lichtheil,POINT(9.998872 53.259561),['Station']
Schierhorner Straße,POINT(9.967766 53.26706),['Station']
Drumbergen,POINT(9.956589 53.269253),['Station']
Kalte Küche,POINT(9.975178 53.270684),['Station']
Habichtstraße,POINT(10.052699 53.593596),['Station']
Meistergang,POINT(10.00957 53.258868),['Station']
Dehnhaide,POINT(10.04088 53.579152),['Station']
Hamburger Straße,POINT(10.037215 53.574377),['Station']
Mundsburg,POINT(10.027539 53.569447),['Station']
Borgweg (Stadtpark),POINT(10.014192 53.590739),['Station']
Saarlandstraße,POINT(10.031611 53.589117),['Station']
Lärchenweg,POINT(10.025068 53.253965),['Station']
Waldbad,POINT(10.006375 53.245318),['Station']
OBS/IGS,POINT(10.005238 53.259426),['Station']
Am Sportplatz,POINT(10.02431 53.260513),['Station']
Grundschule,POINT(10.005647 53.259647),['Station']
Hanseatenweg,POINT(10.009587 53.250035),['Station']
Barmbek,POINT(10.044451 53.587415),['Station']
Alte Wöhr (Stadtpark),POINT(10.035414 53.597665),['Station']
Rübenkamp (City Nord),POINT(10.033004 53.60597),['Station']
Plattenfoort,POINT(10.137262 53.628907),['Station']
Eulenkrugstraße,POINT(10.158663 53.646412),['Station']
U Volksdorf,POINT(10.162696 53.650102),['Station']
Uppenhof,POINT(10.161228 53.647861),['Station']
Wiesenhöfen,POINT(10.16928 53.647567),['Station']
Gut Karlshöhe,POINT(10.107833 53.629022),['Station']
Cornehlsweg,POINT(10.177947 53.647051),['Station']
Herkenkrug,POINT(10.182311 53.645768),['Station']
Buchenstieg,POINT(10.185723 53.648259),['Station']
U Buchenkamp,POINT(10.186429 53.652376),['Station']
Moorredder,POINT(10.182507 53.659217),['Station']
Gussau,POINT(10.174873 53.65887),['Station']
Ahrensburger Platz,POINT(10.176027 53.655794),['Station']
Im Allhorn,POINT(10.174599 53.65393),['Station']
Lerchenberg,POINT(10.168714 53.653323),['Station']
Claus-Ferck-Straße,POINT(10.167067 53.65174),['Station']
Halenreie,POINT(10.160015 53.653273),['Station']
Rögenfeld,POINT(10.151093 53.653332),['Station']
Hültkoppel,POINT(10.140573 53.653038),['Station']
Saselbekstraße,POINT(10.134043 53.656002),['Station']
Steinwegel,POINT(10.125021 53.655171),['Station']
Op de Elg,POINT(10.11833 53.654973),['Station']
Saseler Markt,POINT(10.111631 53.653885),['Station']
Stadtbahnstraße,POINT(10.106907 53.653668),['Station']
Alstertal-Einkaufszentrum,POINT(10.0925 53.654529),['Station']
S Poppenbüttel (Wentzelplatz),POINT(10.09317 53.651782),['Station']
Schulbergredder,POINT(10.08546 53.656623),['Station']
Alte Landstraße (Nord),POINT(10.077295 53.65322),['Station']
Müssenredder (Mitte),POINT(10.073147 53.655431),['Station']
Wesselstraat,POINT(10.067807 53.655416),['Station']
Goldröschenweg,POINT(10.068508 53.651421),['Station']
Norbert-Schmid-Platz,POINT(10.062778 53.653907),['Station']
Ruscheweyhstraße,POINT(10.060977 53.649053),['Station']
Am Hehsel,POINT(10.056286 53.647144),['Station']
Högenkamp,POINT(10.060736 53.656917),['Station']
Heidkamp,POINT(10.059762 53.659693),['Station']
Tegelsbarg (Nord),POINT(10.05926 53.661387),['Station']
Poppenbüttler Stieg,POINT(10.051782 53.644794),['Station']
EKZ Hummelsbüttel,POINT(10.048006 53.642554),['Station']
Hummelsbüttler Hauptstraße,POINT(10.037049 53.640942),['Station']
Am Gnadenberg,POINT(10.035483 53.638116),['Station']
Kurzer Kamp,POINT(10.03374 53.636703),['Station']
U Fuhlsbüttel,POINT(10.025884 53.632574),['Station']
Hinsbleek,POINT(10.078606 53.651222),['Station']
Emekesweg,POINT(10.077192 53.646805),['Station']
Vogtskamp,POINT(10.065219 53.643363),['Station']
Am Gehöckel,POINT(10.054598 53.640106),['Station']
Distelkoppel,POINT(10.043473 53.635944),['Station']
Heinrich-Traun-Platz,POINT(10.034402 53.633489),['Station']
Brombeerweg (West),POINT(10.026722 53.627877),['Station']
Erdkampsweg (Ost),POINT(10.024506 53.628138),['Station']
Ida-Ehre-Allee,POINT(10.054806 53.62482),['Station']
Friedhof Ohlsdorf (Kapelle 6),POINT(10.054659 53.627409),['Station']
Friedhof Ohlsdorf (Kapelle 7),POINT(10.046909 53.628178),['Station']
Friedhof Ohlsdorf (Kapelle 8),POINT(10.038273 53.626762),['Station']
Nordteich,POINT(10.042056 53.625066),['Station']
Friedhof Ohlsdorf (Kapelle 2),POINT(10.041137 53.623358),['Station']
Haupteingang Ohlsdorf,POINT(10.034358 53.62056),['Station']
Friedhof Ohlsdorf (Kapelle 4),POINT(10.04184 53.616928),['Station']
Friedhof Ohlsdorf (Kapelle 3),POINT(10.045987 53.617808),['Station']
Wasserturm,POINT(10.049798 53.619724),['Station']
Friedhof Ohlsdorf (Kapelle 10),POINT(10.054807 53.619995),['Station']
Mittelallee,POINT(10.057176 53.622876),['Station']
Friedhof Ohlsdorf (Kapelle 9),POINT(10.062659 53.624544),['Station']
Friedhof Ohlsdorf (Kapelle 12),POINT(10.070365 53.624457),['Station']
Bramfelder See,POINT(10.073695 53.618677),['Station']
Lärchenallee,POINT(10.073619 53.622217),['Station']
Friedhof Ohlsdorf (Kapelle 13),POINT(10.07659 53.624338),['Station']
Kirschenallee,POINT(10.073223 53.624512),['Station']
Sorbusallee,POINT(10.073244 53.627109),['Station']
Friedhof Ohlsdorf (Kapelle 11),POINT(10.074909 53.629574),['Station']
Eichenallee,POINT(10.077023 53.627129),['Station']
Maisredder,POINT(10.085433 53.627322),['Station']
Königsberger Straße,POINT(10.084102 53.623192),['Station']
Foßredder,POINT(10.172652 53.647552),['Station']
Nüßlerkamp,POINT(10.08433 53.622633),['Station']
Gumbinner Kehre,POINT(10.092366 53.625956),['Station']
Am Stühm-Süd,POINT(10.099911 53.627801),['Station']
Am Damm,POINT(10.089165 53.631988),['Station']
Rolfinckstraße,POINT(10.09478 53.639206),['Station']
Pfeilshofer Weg,POINT(10.097279 53.641717),['Station']
Frahmredder,POINT(10.102173 53.647296),['Station']
Huusbarg (West),POINT(10.171579 53.644283),['Station']
Am Pfeilshof,POINT(10.098402 53.640691),['Station']
Mellande,POINT(10.105852 53.641683),['Station']
Gilcherweg,POINT(10.113458 53.642259),['Station']
Alter Berner Weg,POINT(10.121671 53.644051),['Station']
Saseler Bogen,POINT(10.127023 53.642312),['Station']
Nektarweg,POINT(10.133391 53.637319),['Station']
Elbe-Werkstätten Nord,POINT(10.133482 53.639034),['Station']
Beim Farenland,POINT(10.13597 53.635407),['Station']
Karlshöher Weg,POINT(10.137786 53.631553),['Station']
Waldingstraße,POINT(10.101665 53.635953),['Station']
Grootmoor,POINT(10.105026 53.632651),['Station']
Quittenweg,POINT(10.109208 53.627275),['Station']
Thomas-Mann-Straße,POINT(10.11202 53.627842),['Station']
Buddenbrookweg,POINT(10.116724 53.626244),['Station']
Hohnerkamp,POINT(10.08944 53.617986),['Station']
Fahrenkrön,POINT(10.096608 53.619367),['Station']
Kienholt,POINT(10.104319 53.621237),['Station']
Huusbarg (Mitte),POINT(10.176549 53.643551),['Station']
Roter Hahn,POINT(10.117399 53.625491),['Station']
Lienaustraße,POINT(10.12317 53.627082),['Station']
Saselheider Weg,POINT(10.132625 53.628502),['Station']
Leharstraße,POINT(10.145995 53.629884),['Station']
Alaskaweg,POINT(10.150564 53.628367),['Station']
S Wellingsbüttel,POINT(10.082588 53.64079),['Station']
Leuteritzweg,POINT(10.060044 53.658882),['Station']
Landahlweg,POINT(10.060912 53.656107),['Station']
Friedhof Ohlsdorf (Kapelle 1),POINT(10.040432 53.62234),['Station']
Rehmbrook,POINT(10.076655 53.660746),['Station']
Minsbekweg,POINT(10.076973 53.65599),['Station']
Hohnerkamp (Mitte),POINT(10.0904 53.623584),['Station']
Werfelring,POINT(10.115364 53.627981),['Station']
S Poppenbüttel (Stormarnplatz),POINT(10.094414 53.651366),['Station']
Saseler Damm (Mitte),POINT(10.093696 53.656342),['Station']
Gymnasium Meiendorf,POINT(10.151294 53.625197),['Station']
"Ollsen, Am Bruchfelde",POINT(10.002044 53.230528),['Station']
Saseler Kamp,POINT(10.11757 53.649112),['Station']
Stadtbahnstraße (Mitte),POINT(10.098331 53.649605),['Station']
Florapromenade,POINT(9.669941 53.764544),['Station']
Thiesenberg,POINT(10.026249 53.221336),['Station']
Rahnstraat,POINT(10.031692 53.20923),['Station']
Zur Sudermühle,POINT(10.02679 53.20202),['Station']
Feuerwehr,POINT(10.031393 53.205485),['Station']
Bollberg,POINT(10.028499 53.202769),['Station']
Osterdiecksfeld,POINT(9.977936 53.197795),['Station']
Am Höllenhoff,POINT(9.919289 53.228356),['Station']
Westerheide,POINT(9.901148 53.234452),['Station']
A Langenmoor,POINT(9.666132 53.771016),['Station']
Wiedenhof,POINT(9.925461 53.294389),['Station']
Kohlhoff,POINT(9.917079 53.289566),['Station']
Seevebrücke,POINT(9.913284 53.286719),['Station']
"Weihe, Kiewitt",POINT(9.914424 53.281822),['Station']
"Weihe, Altes Wasserwerk",POINT(9.914117 53.277278),['Station']
Hainbuschenberg,POINT(9.915255 53.272273),['Station']
Denkmal,POINT(9.907407 53.269062),['Station']
Höpen,POINT(9.927625 53.271728),['Station']
"Weihe, Niedersachsenstraße",POINT(9.901774 53.2742),['Station']
Hofkoppeln,POINT(9.91094 53.271668),['Station']
Schierhorner Allee,POINT(9.916311 53.271924),['Station']
"Weihe, Seevestraße",POINT(9.913413 53.281489),['Station']
Specken,POINT(9.907352 53.313839),['Station']
Sandweg,POINT(9.915148 53.314947),['Station']
Osterberg,POINT(9.917457 53.313501),['Station']
Moorsoll,POINT(9.921962 53.311579),['Station']
Ahornweg,POINT(9.874341 53.299861),['Station']
Am Interessentenforst,POINT(9.879619 53.30489),['Station']
Hasenkamp,POINT(9.879069 53.311705),['Station']
Tostedter Weg,POINT(9.870065 53.296109),['Station']
Thomasdamm,POINT(9.879323 53.308711),['Station']
Seppensen (Mitte),POINT(9.875913 53.301188),['Station']
Fuhlsbüttel Nord,POINT(10.01678 53.639364),['Station']
Fuhlsbüttel,POINT(10.026969 53.632448),['Station']
Klein Borstel,POINT(10.033216 53.628279),['Station']
Volksdorf,POINT(10.163461 53.650984),['Station']
Meiendorfer Weg,POINT(10.155865 53.638694),['Station']
Buchenkamp,POINT(10.184887 53.65294),['Station']
Kornweg (Klein Borstel),POINT(10.053985 53.632483),['Station']
Hoheneichen,POINT(10.067547 53.635552),['Station']
Wellingsbüttel,POINT(10.082831 53.641399),['Station']
Poppenbüttel,POINT(10.093828 53.652072),['Station']
Vogtredder,POINT(10.136418 53.6751),['Station']
Lehmkuhle,POINT(10.172481 53.693137),['Station']
Rathaus,POINT(10.167893 53.691465),['Station']
Beekkamp,POINT(10.15989 53.686134),['Station']
Teichweg,POINT(10.154288 53.681677),['Station']
U Hoisbüttel,POINT(10.146966 53.67845),['Station']
Am Gehölz,POINT(9.852633 53.286872),['Station']
Volksdorfer Grenzweg,POINT(10.141526 53.675968),['Station']
Bergstedter Alte Landstraße,POINT(10.13309 53.674036),['Station']
Bergstedter Markt,POINT(10.126194 53.670219),['Station']
Tannenkoppelweg,POINT(10.216564 53.710856),['Station']
Bramkampredder,POINT(10.206174 53.705022),['Station']
Hunnau,POINT(10.191904 53.7006),['Station']
Laberg,POINT(10.184055 53.698243),['Station']
Rögenweg,POINT(10.160188 53.656237),['Station']
Frankring,POINT(10.156714 53.660305),['Station']
Ohlendorffs Tannen,POINT(10.147304 53.668078),['Station']
Stüffeleck,POINT(10.143188 53.669168),['Station']
Stüffel,POINT(10.133854 53.670344),['Station']
Iland,POINT(10.119992 53.66459),['Station']
Schönsberg,POINT(10.113244 53.658839),['Station']
Alsterredder,POINT(10.095585 53.659173),['Station']
Weidende,POINT(10.10106 53.65799),['Station']
Ilsenweg,POINT(10.107388 53.658759),['Station']
Bramkoppel,POINT(10.106993 53.661575),['Station']
Feldblumenweg,POINT(10.106588 53.664597),['Station']
Mellingburgredder,POINT(10.106127 53.668376),['Station']
Poppenbüttler Markt,POINT(10.084957 53.659413),['Station']
Vörstekoppel,POINT(10.080592 53.662634),['Station']
Ulzburger Straße,POINT(10.076079 53.663654),['Station']
Sandkuhlenkoppel,POINT(10.067902 53.667519),['Station']
Drosselstieg,POINT(10.061128 53.671335),['Station']
Heimgarten,POINT(10.056962 53.673528),['Station']
Ohlendieck,POINT(10.087444 53.66259),['Station']
Maike-Harder-Weg,POINT(10.090241 53.666041),['Station']
Treudelberg,POINT(10.092711 53.674986),['Station']
Ödenweg,POINT(10.095107 53.6804),['Station']
Tannenhof,POINT(10.094963 53.68653),['Station']
Fiersbarg,POINT(10.09621 53.689663),['Station']
Lemsahler Dorfstraße,POINT(10.102847 53.685864),['Station']
Madacker,POINT(10.106948 53.686986),['Station']
Sarenweg,POINT(10.115473 53.683645),['Station']
Beerbuschredder,POINT(10.119055 53.677735),['Station']
Twietenkoppel,POINT(10.121973 53.67308),['Station']
Bökenbarg,POINT(10.100372 53.696597),['Station']
Mesterbrooksweg,POINT(10.102969 53.704993),['Station']
Lohe,POINT(10.105973 53.708649),['Station']
Trilluper Weg,POINT(10.110061 53.70747),['Station']
Duvenstedter Triftweg,POINT(10.116926 53.705933),['Station']
Wohldorf,POINT(10.120069 53.703962),['Station']
Alsterblick,POINT(10.1237 53.69931),['Station']
U Ohlstedt,POINT(10.136834 53.695035),['Station']
Bredenbekstraße,POINT(10.131233 53.692815),['Station']
Bünningstedter Feldweg,POINT(10.223342 53.709547),['Station']
Parkring,POINT(10.223448 53.711658),['Station']
Op'n Sand,POINT(10.220039 53.712672),['Station']
Schäferdresch,POINT(10.211796 53.708344),['Station']
Specksaalredder,POINT(10.103594 53.701662),['Station']
Poppenbütteler Berg,POINT(10.082565 53.66878),['Station']
Garleff-Bindt-Weg,POINT(10.077878 53.665965),['Station']
Mühlenredder,POINT(10.129837 53.710762),['Station']
BrookHus,POINT(10.139534 53.714265),['Station']
Poppenbütteler Bogen,POINT(10.070083 53.670599),['Station']
Holm-Seppensen (Mitte),POINT(9.871022 53.287117),['Station']
Niedersachsenweg,POINT(9.871663 53.282538),['Station']
Sültenkamp,POINT(9.864405 53.267603),['Station']
Büsenbachtal,POINT(9.859385 53.269185),['Station']
Birkenweg,POINT(9.851834 53.265573),['Station']
Bf. Handeloh (Vorplatz),POINT(9.844261 53.241788),['Station']
Bf. Handeloh (Hauptstraße),POINT(9.844723 53.243186),['Station']
Denkmal,POINT(9.834142 53.245965),['Station']
Grundschule,POINT(9.833755 53.247657),['Station']
Voßwinkel,POINT(9.857899 53.238392),['Station']
Höckeler Weg,POINT(9.842151 53.256377),['Station']
Grotekamp,POINT(9.864675 53.238658),['Station']
Heideparadies,POINT(9.803301 53.263771),['Station']
Hamburger Berg,POINT(9.807284 53.254031),['Station']
Mittelweg,POINT(9.80197 53.239079),['Station']
Feuerwehr,POINT(9.803068 53.240159),['Station']
Am Kamp,POINT(9.799802 53.231267),['Station']
Friedhof,POINT(9.804636 53.23189),['Station']
Wragekamp,POINT(10.107524 53.711205),['Station']
Ohlstedt,POINT(10.137211 53.694402),['Station']
Hoisbüttel,POINT(10.147887 53.677803),['Station']
Buckhorn,POINT(10.155872 53.664356),['Station']
Bf. Kutenholz,POINT(9.308876 53.470658),['Station']
Lohwellsbrook,POINT(9.733568 53.264644),['Station']
Am Brook,POINT(9.731361 53.267964),['Station']
Riepshofer Weg,POINT(9.727968 53.267625),['Station']
Am Scharrlberg,POINT(10.067824 53.108043),['Station']
GS Lohberger Straße,POINT(9.738691 53.281873),['Station']
Kirche,POINT(10.180955 53.764855),['Station']
Brooklande,POINT(10.186057 53.769908),['Station']
Dorfstraße 37,POINT(9.849537 53.831456),['Station']
Am Felde,POINT(9.819316 53.863572),['Station']
Waldchaussee 20,POINT(9.819697 53.876813),['Station']
Karkendamm,POINT(9.928455 53.932113),['Station']
Höh,POINT(9.82859 53.903589),['Station']
Bahnhofstraße,POINT(10.356713 53.898465),['Station']
Schule,POINT(9.787118 53.320139),['Station']
Trelder Berg,POINT(9.810615 53.325534),['Station']
Tannengrund,POINT(9.791042 53.320544),['Station']
Trelder Dorfstraße,POINT(9.793736 53.318567),['Station']
Kahlenberg,POINT(9.787659 53.312066),['Station']
Schule,POINT(9.915315 53.790818),['Station']
Bleeck,POINT(9.882355 53.918534),['Station']
Butendoor,POINT(9.886844 53.914916),['Station']
Fuhlendorfer Weg,POINT(9.885823 53.925606),['Station']
Fuchsberger Damm,POINT(9.656937 53.769791),['Station']
Theater des Kurhauses (AST-Halt),POINT(9.894871 53.904524),['Station']
Vogelstange,POINT(9.887592 53.91642),['Station']
Hamburger Straße (Mitte),POINT(9.881495 53.910957),['Station']
Maienbeeck (West),POINT(9.875544 53.923247),['Station']
Nehmser Straße 5,POINT(10.364544 54.0177),['Station']
A Bad Bramstedt,POINT(9.88973 53.921049),['Station']
Holmkenrade,POINT(10.379959 53.878594),['Station']
Hohelucht,POINT(10.363854 53.878545),['Station']
Dorfstraße,POINT(10.371141 53.878651),['Station']
Segeberger Straße,POINT(10.185752 53.910645),['Station']
B 206,POINT(10.198098 53.921431),['Station']
Fasanenweg,POINT(10.17056 53.916464),['Station']
Bebensee,POINT(10.298706 53.87553),['Station']
Bentfurt,POINT(10.026377 53.865402),['Station']
Schulkamp,POINT(10.452903 54.033538),['Station']
Unter den Linden,POINT(10.447572 54.036064),['Station']
Düsternbrook,POINT(10.37815 53.95667),['Station']
Lanzstraße,POINT(9.817766 53.325126),['Station']
Hanomagstraße,POINT(9.812571 53.324218),['Station']
Abzweigung Blomnath,POINT(10.472388 54.027748),['Station']
Försterei,POINT(10.092351 53.920211),['Station']
Bockhorn (West),POINT(10.127105 53.918659),['Station']
Am Schillersberg,POINT(10.137997 53.919536),['Station']
Ort,POINT(10.520228 54.059823),['Station']
Grenzweg,POINT(10.507522 54.065347),['Station']
Nesselteich,POINT(10.531407 54.045691),['Station']
Abzw.,POINT(10.537861 54.04019),['Station']
"Kiekbusch, Hof",POINT(10.544572 54.065973),['Station']
Feldweg,POINT(10.089392 54.008757),['Station']
Ringstraße,POINT(10.070622 54.01438),['Station']
Segeberger Straße,POINT(10.416563 53.999029),['Station']
Bredenbekshorst,POINT(10.078312 53.864497),['Station']
Abzweigung Bahrenhof,POINT(10.387554 53.886144),['Station']
Abzweigung Neuengörs,POINT(10.381294 53.887717),['Station']
Feuerwehr,POINT(10.372979 53.886932),['Station']
Butterstieg,POINT(10.530816 53.927829),['Station']
Bahrenkrug,POINT(10.479274 54.043316),['Station']
Dorfstraße,POINT(10.248247 54.015469),['Station']
Ricklinger Straße,POINT(10.238464 54.016855),['Station']
Dorfstraße,POINT(10.317336 54.064427),['Station']
Kreuzung,POINT(10.317471 54.056645),['Station']
"(Forstgutsbez.), Glashütte bei Heidmühlen",POINT(10.141385 53.949415),['Station']
Diekhof,POINT(10.503738 53.97414),['Station']
Dorotheental,POINT(9.922241 53.988594),['Station']
Dreggers,POINT(10.345791 53.885254),['Station']
Neuland,POINT(10.54653 54.036036),['Station']
Stellbrooker Weg 3,POINT(10.033707 53.948692),['Station']
Abzweigung,POINT(10.505759 53.963817),['Station']
Feuerwehr,POINT(10.496153 53.960253),['Station']
A'n Diek,POINT(10.501794 53.962465),['Station']
Elisenruh,POINT(10.011297 53.858468),['Station']
Boomgarden,POINT(10.26063 53.94062),['Station']
Schule,POINT(10.254388 53.942177),['Station']
Bf. Fahrenkrug,POINT(10.251207 53.944798),['Station']
Dorfstraße,POINT(10.176835 53.984186),['Station']
Hoheluft,POINT(10.186799 53.986675),['Station']
Kampstraße,POINT(10.175575 53.98763),['Station']
Feldscheide,POINT(10.410426 53.990736),['Station']
Schulstraße,POINT(9.78506 53.92788),['Station']
Schulstraße,POINT(10.203146 53.874649),['Station']
Chr.-Rohlfs-Straße,POINT(10.198319 53.876539),['Station']
Fresenfelde,POINT(10.366015 54.04861),['Station']
Am Freudenberg,POINT(10.343359 54.015557),['Station']
Fuhlenpott,POINT(10.363738 53.874072),['Station']
Fuhlenrüe,POINT(10.025418 53.910074),['Station']
Lohnkamp,POINT(9.827256 53.887677),['Station']
Lindenstraße,POINT(10.44321 53.921995),['Station']
Im Winkel (Ost),POINT(10.450874 53.922217),['Station']
Wohldredder,POINT(10.437693 53.92137),['Station']
Neukoppeler Straße,POINT(10.491563 53.938809),['Station']
Schule,POINT(10.490029 53.939367),['Station']
Göls,POINT(10.36648 53.99207),['Station']
Kroogredder,POINT(10.187976 54.034948),['Station']
Birkenallee,POINT(10.073083 54.047709),['Station']
Husberger Weg,POINT(10.074197 54.051239),['Station']
Schulstraße,POINT(10.080334 54.048255),['Station']
B 432,POINT(10.242532 53.851254),['Station']
Feuerwehr,POINT(10.241382 53.845237),['Station']
Fuhlenrüer Straße,POINT(10.032823 53.911071),['Station']
Kakenstorfer Straße,POINT(9.801293 53.309414),['Station']
Hahneneck,POINT(10.051104 53.90518),['Station']
Schmalfelder Moor,POINT(10.045106 53.89959),['Station']
Am Dorfplatz,POINT(10.060247 53.90031),['Station']
Dorfstraße,POINT(10.065726 53.898573),['Station']
Hasselbusch,POINT(10.077485 53.900336),['Station']
Heuweg,POINT(10.065102 53.890222),['Station']
Bf. Sprötze,POINT(9.812253 53.309834),['Station']
Kaltenkirchener Straße,POINT(9.978927 53.898935),['Station']
Dorfstraße,POINT(9.983672 53.900163),['Station']
Schulweg,POINT(9.998411 53.901326),['Station']
Heiderfeld,POINT(10.223091 53.868795),['Station']
Heidkaten,POINT(9.88192 53.821366),['Station']
Rudolf-Diesel-Straße,POINT(9.978457 53.826745),['Station']
Am Klint,POINT(10.077152 53.954734),['Station']
Mühlenholz,POINT(10.082558 53.97642),['Station']
Dorfstraße,POINT(10.084516 53.971425),['Station']
Hinschenhorn,POINT(10.078732 53.978763),['Station']
Feuerwehr,POINT(10.082846 53.969876),['Station']
Borsigstraße,POINT(9.974995 53.822873),['Station']
Werner-von-Siemens-Straße,POINT(9.975584 53.819454),['Station']
Maybachstraße,POINT(9.968209 53.817672),['Station']
Nikolaus-Otto-Straße,POINT(9.96426 53.820921),['Station']
Herrenbranden,POINT(10.464366 53.901899),['Station']
Waldstraße,POINT(10.477299 53.907518),['Station']
Hohlweg,POINT(9.853988 53.92245),['Station']
Hitzhusen (West),POINT(9.847696 53.925909),['Station']
Am Dorfplatz,POINT(10.283384 53.920846),['Station']
Abzweigung B 432,POINT(10.274071 53.920936),['Station']
"Borstel (Sülfeld), Holmer Weg/B 432",POINT(10.208378 53.830928),['Station']
Kirchstraße,POINT(10.384344 54.043305),['Station']
Hökerbarg,POINT(10.07355 53.840028),['Station']
Ihlkamp,POINT(10.339319 54.006626),['Station']
Sülfelder Weg,POINT(10.164165 53.807501),['Station']
Denkmal,POINT(9.734119 53.282818),['Station']
A Kaltenkirchen,POINT(9.967855 53.833956),['Station']
Schule,POINT(10.528491 54.052763),['Station']
Erikaweg,POINT(9.977168 53.835318),['Station']
Ohland-Park,POINT(9.979885 53.828737),['Station']
Friedenstraße,POINT(9.9589 53.839563),['Station']
Mühlenberg,POINT(10.53165 54.057288),['Station']
Marie-Curie-Straße,POINT(9.963586 53.823316),['Station']
Markt,POINT(9.962572 53.83806),['Station']
Waldorfschule,POINT(9.973628 53.833334),['Station']
Flottkamp (SZ),POINT(9.963061 53.83288),['Station']
GS Am Lakweg,POINT(9.975594 53.838826),['Station']
Schulstraße,POINT(10.529971 54.052744),['Station']
Wiesendamm,POINT(9.969557 53.837258),['Station']
Pommernring,POINT(9.972228 53.835169),['Station']
Kampen,POINT(9.936592 53.856963),['Station']
Grönwohld,POINT(10.375629 54.027196),['Station']
Winsener Straße,POINT(10.023483 53.841508),['Station']
Feuerwehr,POINT(10.02358 53.843637),['Station']
Kattendorferweeden,POINT(10.04267 53.839636),['Station']
Segeberger Straße,POINT(10.129305 53.757023),['Station']
Schulstraße,POINT(10.131642 53.757657),['Station']
Hüttbleker Weg,POINT(10.043302 53.815587),['Station']
Grashofstraße (Nord),POINT(9.962815 53.826781),['Station']
Bismarckplatz,POINT(10.00886 53.811533),['Station']
Schule,POINT(10.011488 53.807791),['Station']
Segeberger Straße,POINT(10.081008 53.819916),['Station']
Abzw. Kisdorferwohld,POINT(10.094073 53.840526),['Station']
Dierksbrann,POINT(10.064545 53.817439),['Station']
Ellernbrook,POINT(10.068516 53.817754),['Station']
Wakendorfer Straße,POINT(10.080883 53.818596),['Station']
Traventhaler Straße,POINT(10.3177 53.914741),['Station']
Hamann's Koppel,POINT(10.32166 53.919639),['Station']
Clashorn,POINT(9.940009 53.904269),['Station']
Am Dorfplatz,POINT(10.325633 53.964773),['Station']
Plöner Eck,POINT(10.319775 53.960722),['Station']
Timmerbarg,POINT(10.328819 53.964342),['Station']
Thunscher Weg,POINT(10.314033 53.953516),['Station']
"Kleinkummerfeld, Segeberger Chaussee",POINT(10.067265 54.034599),['Station']
Bahnhofstraße 6,POINT(9.965753 53.836345),['Station']
"Kleinkummerfeld, Alter Bahnhof",POINT(10.059656 54.020488),['Station']
"Kleinkummerfeld, Feldstraße",POINT(10.068054 54.032633),['Station']
Siedlung (Nord),POINT(10.066129 54.017043),['Station']
Hartenholmer Damm,POINT(10.085591 53.955314),['Station']
Krems I,POINT(10.263027 53.877789),['Station']
Krems II,POINT(10.354776 53.988959),['Station']
Krögsberg,POINT(10.369545 53.968827),['Station']
Kuhlen,POINT(10.208972 54.007389),['Station']
Kühlkamper Weg,POINT(10.342981 54.011896),['Station']
Dorfstraße,POINT(10.239048 53.894796),['Station']
Abzweigung Kükels,POINT(10.263879 53.897458),['Station']
Erster Seeweg,POINT(10.232845 53.900602),['Station']
Alte Landstraße,POINT(10.060733 53.999256),['Station']
Hinterm Mühlenberg,POINT(10.068907 53.986174),['Station']
Feuerwehr,POINT(10.06454 53.994847),['Station']
Marktplatz,POINT(10.251915 53.866207),['Station']
Schule,POINT(10.257494 53.869257),['Station']
Bundesstraße,POINT(9.764854 53.311262),['Station']
Feuerwehr,POINT(9.88335 53.873405),['Station']
Kaltenkirchener Straße,POINT(9.888586 53.866484),['Station']
Otterbraack,POINT(9.890591 53.869281),['Station']
Margaretenhof (Nord),POINT(10.419405 53.958409),['Station']
Margaretenhof (Süd),POINT(10.426744 53.949813),['Station']
Dorfstraße,POINT(10.355806 53.913185),['Station']
Alte Ziegelei,POINT(10.350332 53.911467),['Station']
Mittelsfelde,POINT(10.342399 53.988128),['Station']
Blocksberg,POINT(10.431212 54.050816),['Station']
Moorkaten,POINT(9.913475 53.822738),['Station']
B 432,POINT(10.262962 53.91143),['Station']
Twiete,POINT(10.258823 53.910943),['Station']
Schule,POINT(10.132384 53.788613),['Station']
Naherfurth,POINT(10.125097 53.76807),['Station']
Nehmser Straße (Nord),POINT(10.357814 54.021406),['Station']
Neuengörs,POINT(10.381057 53.898969),['Station']
Schule,POINT(10.384369 53.898374),['Station']
Neuenrade,POINT(10.359602 54.051881),['Station']
Neuenteich,POINT(10.424788 53.943376),['Station']
Hauptstraße,POINT(10.2863 53.864675),['Station']
Seekoppel,POINT(10.27199 53.865483),['Station']
Siedlung,POINT(10.532336 54.058474),['Station']
A Nützen,POINT(9.918035 53.863189),['Station']
Feuerwehr,POINT(9.923251 53.864003),['Station']
Mühlenau,POINT(9.935532 53.862569),['Station']
Steinbeker Bahnhof,POINT(10.418198 53.921961),['Station']
Heidrade,POINT(10.143077 53.829161),['Station']
Schule,POINT(10.148598 53.824436),['Station']
Oeringer Damm,POINT(10.115634 53.832097),['Station']
Onkel Toms Hütte,POINT(9.886929 53.847098),['Station']
Scheidekate bei Barghorst,POINT(10.554616 54.031016),['Station']
Grönwohld Mühle,POINT(10.359307 54.025073),['Station']
Abzweigung,POINT(10.357636 53.967686),['Station']
Lerchenweg,POINT(10.372387 53.961642),['Station']
Radesforde,POINT(10.134171 53.973194),['Station']
Fehrenböteler Straße,POINT(10.125277 53.965524),['Station']
Ahornweg,POINT(10.525939 53.92267),['Station']
Am Wald (Ost),POINT(10.526365 53.925998),['Station']
Am Bahndamm,POINT(10.523702 53.92561),['Station']
Kuhlenbrook,POINT(10.428173 54.059253),['Station']
Försterweg,POINT(10.168424 54.016461),['Station']
Bf. Rickling (Klinik),POINT(10.169288 53.99939),['Station']
Doppeleiche,POINT(10.162967 54.008436),['Station']
Alte Gönnebeker Straße,POINT(10.163275 54.012377),['Station']
An der Kirche,POINT(10.166282 54.003687),['Station']
Schule,POINT(10.16545 54.005043),['Station']
Rohlstorf,POINT(10.402431 53.968348),['Station']
Internat,POINT(10.408424 53.971639),['Station']
Rotenhahn,POINT(10.24896 53.927193),['Station']
Carl-Benz-Straße,POINT(9.969812 53.827264),['Station']
Schafhaus,POINT(10.17154 53.92048),['Station']
Ehrenmal,POINT(10.390961 53.944743),['Station']
Westerrader Straße,POINT(10.411987 53.943149),['Station']
Kuhlstücken (West),POINT(10.380813 53.943225),['Station']
Kuhlstücken (Ost),POINT(10.385801 53.943913),['Station']
Schlagberg (Ost),POINT(10.345919 53.993731),['Station']
Schlagberg (West),POINT(10.343998 53.99422),['Station']
Am Markt,POINT(10.393049 54.038811),['Station']
Schmalfelder Au,POINT(9.981951 53.881947),['Station']
Holstenstraße,POINT(9.986116 53.874114),['Station']
Hörnstraße,POINT(10.16322 53.981434),['Station']
Kirschenweg,POINT(10.14092 53.983687),['Station']
Schwissel,POINT(10.293222 53.896857),['Station']
Riihimäkistraße,POINT(10.294928 53.941154),['Station']
Fliederweg,POINT(10.309326 53.932632),['Station']
Hallenbad,POINT(10.304229 53.933245),['Station']
Seedorfer Allee,POINT(10.40994 54.040384),['Station']
Kurt-Schumacher-Ring,POINT(10.291378 53.951453),['Station']
Bißnitz,POINT(10.425242 53.941951),['Station']
Lohmühlenweg,POINT(10.295521 53.943088),['Station']
Voßkamp,POINT(9.943351 53.827745),['Station']
Lindhofstraße,POINT(10.311285 53.949943),['Station']
Kuckucksbarg,POINT(10.329764 53.930377),['Station']
Dorfstraße (Mitte),POINT(10.303106 53.948505),['Station']
Dorfstraße,POINT(10.300053 53.949257),['Station']
Abzweigung Todtglüsingen,POINT(9.738243 53.295921),['Station']
Kurhausstraße (Süd),POINT(10.30728 53.938279),['Station']
KiTa Christiansfelde,POINT(10.322756 53.92784),['Station']
Gieschenhagen,POINT(10.314242 53.932543),['Station']
Mozartweg,POINT(10.295104 53.945851),['Station']
Imkerschule,POINT(10.289053 53.933885),['Station']
Heinrich-Rantzau-Schule,POINT(10.301293 53.943592),['Station']
Habichtshorst,POINT(10.294304 53.955438),['Station']
Hamburger Straße (Möbel Kraft),POINT(10.299948 53.937083),['Station']
Strandbad Ihlsee,POINT(10.305383 53.95654),['Station']
Ihlwaldfriedhof,POINT(10.291658 53.959546),['Station']
Todtglüsinger Straße/Feuerwehr,POINT(9.719541 53.283455),['Station']
Leopardstraße (Nord),POINT(10.275411 53.93891),['Station']
Leopardstraße (Süd),POINT(10.273282 53.933505),['Station']
Düvelshöpen,POINT(9.712544 53.270234),['Station']
Buchenweg,POINT(9.726187 53.273935),['Station']
Glüsinger Weg,POINT(9.725457 53.27686),['Station']
Homann / Altenheim,POINT(9.73509 53.279991),['Station']
Bertha-von-Suttner Weg,POINT(9.725025 53.283233),['Station']
Himmelsweg,POINT(9.710144 53.280987),['Station']
Unter den Linden,POINT(9.70536 53.280907),['Station']
Bremer Straße / Altenheim,POINT(9.69472 53.278391),['Station']
Waldstraße,POINT(9.713414 53.280167),['Station']
Mühlenweg,POINT(9.717212 53.276892),['Station']
Berliner Straße,POINT(9.719149 53.274382),['Station']
Alte Kleinbahn,POINT(9.723626 53.270518),['Station']
Redderblecken,POINT(10.301579 53.95278),['Station']
Herzzentrum,POINT(10.306312 53.942378),['Station']
Dahlienstraße,POINT(10.311203 53.925945),['Station']
Schillerstraße,POINT(10.306111 53.943261),['Station']
Am Wasserwerk,POINT(10.288034 53.940329),['Station']
Schule am Burgfeld,POINT(10.295956 53.927189),['Station']
Tönningstedt,POINT(10.231845 53.808703),['Station']
Schule,POINT(10.234851 53.800962),['Station']
Thoms Koppel,POINT(10.301039 53.931015),['Station']
Turnierplatz,POINT(10.30783 53.946621),['Station']
Weichseldamm,POINT(10.286364 53.931596),['Station']
Bf. Bad Segeberg (ZOB),POINT(10.309387 53.934069),['Station']
Steindamm,POINT(10.175176 53.846695),['Station']
Holm,POINT(10.193302 53.839175),['Station']
Holmer Weg,POINT(10.183029 53.839618),['Station']
Im Weißen Moor,POINT(10.167486 53.852116),['Station']
Lehmkuhlenring,POINT(10.180931 53.840097),['Station']
Schule,POINT(10.175837 53.850759),['Station']
"(Sülfeld), Wedenkamp",POINT(10.186643 53.825044),['Station']
"Borstel (Sülfeld), Ziegeleiweg",POINT(10.185195 53.830791),['Station']
Hasenhörn,POINT(10.11093 53.844324),['Station']
Heide,POINT(10.10191 53.827165),['Station']
Schule,POINT(10.118438 53.847228),['Station']
Mühlenstraße,POINT(10.106602 53.841507),['Station']
Neuengörser Straße,POINT(10.427097 53.910624),['Station']
An der Krückau,POINT(9.958071 53.827215),['Station']
Sophienberg,POINT(10.430154 54.003576),['Station']
Steinbeker Dorfstraße,POINT(10.403543 53.92163),['Station']
Dorfstraße,POINT(10.334793 53.941957),['Station']
Abzweigung,POINT(10.335485 53.936441),['Station']
Kinderheim,POINT(10.336158 53.940837),['Station']
Am Dorfplatz,POINT(10.346499 54.089577),['Station']
Sodwiese,POINT(10.341656 54.08822),['Station']
Moorkate,POINT(10.329657 54.080977),['Station']
Dreiangel,POINT(10.472496 53.980718),['Station']
Am Kretelmoor,POINT(9.954421 53.830326),['Station']
Alte Schule,POINT(10.47166 53.979919),['Station']
Strengliner Mühle,POINT(10.46681 53.978101),['Station']
Dorfstraße,POINT(10.49079 53.919697),['Station']
Waldstraße,POINT(10.485744 53.920353),['Station']
Im Wiesengrund,POINT(10.051678 53.866261),['Station']
Schulstraße,POINT(10.058324 53.863956),['Station']
Stubben,POINT(10.416979 53.893618),['Station']
Blomnath,POINT(10.47493 54.02972),['Station']
Heidmoor,POINT(10.49072 54.034225),['Station']
Kembs,POINT(10.42577 54.067117),['Station']
Brook,POINT(10.134714 53.864156),['Station']
Am Sportfeld,POINT(10.117738 53.847765),['Station']
Dorfplatz,POINT(10.12571 53.851554),['Station']
Segeberger Straße,POINT(10.129597 53.854806),['Station']
Liethkaten,POINT(10.463294 54.058193),['Station']
"b. Göls, Gölser Dorfstraße",POINT(10.374382 53.991693),['Station']
Tannenhof,POINT(10.018974 53.894145),['Station']
Tensfelderau,POINT(10.332354 54.057874),['Station']
Brookkoppel,POINT(9.993301 53.837297),['Station']
Poggensahl,POINT(10.16731 53.891643),['Station']
Fredesdorfer Straße,POINT(10.176583 53.891409),['Station']
Friedrichshöh,POINT(10.171989 53.891948),['Station']
Meiereistraße,POINT(10.17622 53.89365),['Station']
Am Sportplatz,POINT(10.182808 53.898015),['Station']
Dorfstraße,POINT(9.994558 53.840323),['Station']
Pronstorf,POINT(10.468167 53.957319),['Station']
Danziger Straße,POINT(10.207299 54.041243),['Station']
Mittelstraße,POINT(9.997293 53.838405),['Station']
Kirche,POINT(10.215307 54.040515),['Station']
Schulen,POINT(10.213616 54.036417),['Station']
ZOB,POINT(10.220336 54.038137),['Station']
Wiesengrund,POINT(9.983885 53.837401),['Station']
Travenort,POINT(10.462023 54.010731),['Station']
Lindenallee,POINT(10.318646 53.897416),['Station']
Brookredder,POINT(10.321696 53.898128),['Station']
Siedlung,POINT(10.317849 53.90207),['Station']
Alte Landstraße,POINT(10.230759 53.948657),['Station']
Am Röthberg,POINT(10.222671 53.95228),['Station']
Arko,POINT(10.190451 53.94635),['Station']
An der Eiche,POINT(10.212034 53.953179),['Station']
Grundfos,POINT(10.198004 53.945233),['Station']
P.-Due-Jensen-Schule,POINT(10.20647 53.955706),['Station']
Heidkamp,POINT(9.742905 53.284534),['Station']
Osterkamp,POINT(9.744899 53.282796),['Station']
Langeloher Straße,POINT(9.761774 53.283193),['Station']
Am Hünengrab,POINT(9.764371 53.283365),['Station']
Rendsburger Straße,POINT(10.219457 53.955934),['Station']
Scharnhorststraße,POINT(10.204697 53.954978),['Station']
Bf. Wakendorf,POINT(10.365666 53.866044),['Station']
Lohsacker Weg (ST),POINT(10.352453 53.866921),['Station']
Hauptstraße,POINT(10.357798 53.86483),['Station']
Waldesruh,POINT(10.171638 53.95004),['Station']
Warderfelde,POINT(10.382259 53.965276),['Station']
Schule,POINT(10.381858 53.963285),['Station']
Wardersee,POINT(10.387064 53.972327),['Station']
Weeder Dorfstraße,POINT(10.371729 53.9226),['Station']
B 432,POINT(10.406373 53.981313),['Station']
Abzw. Müssen,POINT(10.405807 53.985345),['Station']
Bahnhofstraße,POINT(10.456201 53.934418),['Station']
Dorfplatz,POINT(10.459637 53.935589),['Station']
Querstraße,POINT(10.462265 53.931918),['Station']
Neue Dorfstraße,POINT(9.904358 53.956978),['Station']
Dorfstraße,POINT(10.11545 54.028869),['Station']
Winsen bei Kaltenkirchen,POINT(10.015799 53.830998),['Station']
B 206,POINT(10.221056 53.92518),['Station']
Kükelser Weg,POINT(10.221295 53.922419),['Station']
Wahlstedter Weg,POINT(10.223496 53.926377),['Station']
Marienhof,POINT(10.120429 54.042066),['Station']
Wulfsfelde,POINT(10.528126 53.947119),['Station']
Abzweigung Goldenbek,POINT(10.532838 53.941029),['Station']
Neurologisches Zentrum,POINT(10.294559 53.949918),['Station']
Brammerhörn,POINT(10.12842 54.039503),['Station']
Neukoppel (West),POINT(10.512385 53.930946),['Station']
Bimöhler Straße (AST-Halt),POINT(9.897546 53.923561),['Station']
Psychos.Klinik (AST-Halt),POINT(9.889939 53.904417),['Station']
Schillerstraße (Süd) (AST-Halt),POINT(9.873771 53.913431),['Station']
Dahlkamp (AST-Halt),POINT(9.866953 53.922249),['Station']
Friedhof (AST-Halt),POINT(9.875685 53.918376),['Station']
Goethering (AST-Halt),POINT(9.869055 53.913519),['Station']
Bob'n de Lieth (AST-Halt),POINT(9.877236 53.926253),['Station']
Raamakerstieg (AST-Halt),POINT(9.887053 53.92186),['Station']
Lehmbarg (AST-Halt),POINT(9.897739 53.924718),['Station']
Tegelbarg (AST-Halt),POINT(9.890976 53.928129),['Station']
Graf-Stolberg-Straße (AST-Halt),POINT(9.887446 53.928928),['Station']
Königsweg (AST-Halt),POINT(9.876438 53.910015),['Station']
Maienbeeck (Ost),POINT(9.880556 53.92127),['Station']
Am Köhlerhof (AST-Halt),POINT(9.88312 53.910801),['Station']
Parkstraße (AST-Halt),POINT(9.885457 53.908322),['Station']
Ellernbusch (AST-Halt),POINT(9.868452 53.92479),['Station']
Schillerstraße (Mitte) (AST-Halt),POINT(9.87061 53.915852),['Station']
Pommernweg,POINT(9.871439 53.903034),['Station']
Danziger Weg (AST-Halt),POINT(9.86558 53.918432),['Station']
Stedingweg (AST-Halt),POINT(9.87858 53.912731),['Station']
Neversdorfer Straße,POINT(10.252616 53.865274),['Station']
Springhirsch,POINT(9.884201 53.833048),['Station']
Bahnhofstraße,POINT(10.318069 54.04273),['Station']
Bahnhofstraße,POINT(10.316974 54.008608),['Station']
"b. Göls, Gut",POINT(10.37531 53.99303),['Station']
Schönböken (Süd),POINT(10.338457 53.97978),['Station']
Himp-Hamp,POINT(10.337756 53.917952),['Station']
Imberg,POINT(10.321945 54.018167),['Station']
Bargenhöven,POINT(10.314481 53.996289),['Station']
Brookhof,POINT(10.313826 53.9852),['Station']
Lindenweg,POINT(10.312755 53.971977),['Station']
Moorblick,POINT(10.308989 54.030726),['Station']
Siedlung,POINT(10.317976 54.04946),['Station']
Abzw. Lohsack,POINT(10.336395 53.87393),['Station']
Mühlenberg,POINT(10.413561 54.005416),['Station']
Rote Kate,POINT(10.448176 53.992856),['Station']
Hohlegruft,POINT(10.394834 54.020101),['Station']
Hof Hohlegruft,POINT(10.391114 54.017449),['Station']
Nehmsberg,POINT(10.385082 54.013619),['Station']
Dorfkoppel,POINT(10.369532 54.014876),['Station']
Kamp,POINT(10.421104 54.025328),['Station']
Muggesfelde,POINT(10.336245 54.027785),['Station']
Kastanienweg,POINT(10.347541 54.020336),['Station']
Am See,POINT(10.359136 54.018884),['Station']
Abzweigung Hüls,POINT(10.433568 54.003921),['Station']
Dorfstraße (West),POINT(10.45197 54.019038),['Station']
Dorfstraße (Ost),POINT(10.459502 54.018884),['Station']
Birkenhof,POINT(10.443563 54.020793),['Station']
Hornsdorf,POINT(10.380661 54.059763),['Station']
Hornsmühlen,POINT(10.364515 54.073174),['Station']
Asheide,POINT(10.380376 54.064978),['Station']
Lappland,POINT(10.372642 54.072237),['Station']
Reuterteich,POINT(10.385457 54.031774),['Station']
Schule,POINT(10.391244 54.042372),['Station']
Hornsdorfer Weg,POINT(10.383294 54.048915),['Station']
Schulbusch,POINT(10.411199 54.041052),['Station']
Steinrade (Nord),POINT(10.465612 53.973524),['Station']
Torhaus,POINT(10.409138 54.049163),['Station']
Gut Wensin,POINT(10.40759 53.980804),['Station']
Abzweigung,POINT(10.45675 54.041425),['Station']
B 432,POINT(10.381502 53.973254),['Station']
Kirche,POINT(10.377578 53.979059),['Station']
Seebrook,POINT(10.440166 54.044348),['Station']
Schule,POINT(10.016433 54.009307),['Station']
"(Bad Bramstedt), Am Teich",POINT(9.797903 53.969053),['Station']
Wiebke-Kruse-Straße,POINT(9.792808 53.928665),['Station']
Dorfstraße,POINT(9.825984 53.9473),['Station']
Ginsterweg,POINT(9.817588 53.940098),['Station']
Birkenweg (West),POINT(9.803739 53.865286),['Station']
Wieseneck,POINT(9.817078 53.86728),['Station']
Hof Weide,POINT(10.022119 53.942574),['Station']
Hermann-Brettin-Straße,POINT(9.787416 53.889725),['Station']
Schulstraße,POINT(9.829062 53.902086),['Station']
Akate,POINT(9.859735 53.946524),['Station']
Schulstraße,POINT(9.848192 53.972096),['Station']
Dorfstraße,POINT(9.850967 53.97071),['Station']
Gymnasium,POINT(9.896035 53.926905),['Station']
Gemeinschaftsschule,POINT(9.871719 53.926716),['Station']
Dorfplatz,POINT(9.953862 53.935921),['Station']
Steenkamp,POINT(9.96254 53.932581),['Station']
Glindam,POINT(9.942107 53.983219),['Station']
Flotthof,POINT(9.900303 53.9985),['Station']
Dorfstraße,POINT(9.883036 53.943569),['Station']
Im Winkel,POINT(9.8948 53.946025),['Station']
Diekstücken,POINT(9.973459 53.978414),['Station']
Freiweide,POINT(9.990623 53.986189),['Station']
Schule,POINT(9.974495 53.97385),['Station']
Schulstraße,POINT(9.870679 53.988565),['Station']
Heidestraße,POINT(9.846518 53.985027),['Station']
Kampstraße,POINT(9.856713 53.985593),['Station']
Baßberg,POINT(9.848937 53.927077),['Station']
Am Hallohberg,POINT(9.943092 53.937776),['Station']
Schule,POINT(9.902959 53.960609),['Station']
Aukamp,POINT(10.349237 54.061396),['Station']
Brookring,POINT(9.940108 53.821948),['Station']
An der Moorkoppel,POINT(9.952251 53.843147),['Station']
Oersdorfer Weg,POINT(9.972224 53.832366),['Station']
Kieswerk,POINT(10.047824 54.006854),['Station']
Am Mühlenberg,POINT(10.331021 54.031481),['Station']
Ziegeleikoppel,POINT(10.337131 54.003093),['Station']
Am Vorholz,POINT(10.331183 54.035577),['Station']
Pommernstraße,POINT(10.00346 53.808532),['Station']
Rödieckskate,POINT(10.004173 53.821842),['Station']
Tegelbek,POINT(10.338558 53.892137),['Station']
Wickedekamp,POINT(10.122865 53.830412),['Station']
Seekamp,POINT(10.460497 54.049871),['Station']
Weitewelt,POINT(10.442626 54.062917),['Station']
Neuengörser Straße,POINT(10.380933 53.888296),['Station']
Lindenstraße,POINT(10.312868 54.00947),['Station']
Priesterredder,POINT(10.228636 54.074181),['Station']
Friedhof,POINT(10.228837 54.075823),['Station']
Moorblick,POINT(10.226846 54.062204),['Station']
Sanden,POINT(10.22101 54.063189),['Station']
Am Ackerhorst,POINT(10.231163 54.054784),['Station']
Schwedenring,POINT(10.233299 54.066047),['Station']
Pettluiser Weg,POINT(10.27088 53.998699),['Station']
Dörpplatz,POINT(10.268056 54.056269),['Station']
Esmarchstraße,POINT(10.305304 53.949119),['Station']
Waldweg/Ihlsee,POINT(10.311195 53.954841),['Station']
Rosenhof,POINT(10.251996 54.058989),['Station']
Heideweg,POINT(9.936817 53.824202),['Station']
Albrecht-Dürer-Ring,POINT(9.935689 53.829458),['Station']
Wagnerstraße,POINT(9.93765 53.832929),['Station']
Am Schaafredder,POINT(9.944676 53.833305),['Station']
GS Flottkamp,POINT(9.958725 53.825269),['Station']
Am Steindamm,POINT(10.784692 53.694848),['Station']
Gölser Dorfstraße,POINT(10.352708 53.991498),['Station']
Schulstraße,POINT(9.961154 53.835816),['Station']
Luise-Otto-Weg,POINT(9.959967 53.843022),['Station']
Friedhof,POINT(9.953624 53.836711),['Station']
Neukoppel (Ost),POINT(10.516273 53.928139),['Station']
Karkweg,POINT(10.13849 53.979002),['Station']
Fuhlendorfer Weg,POINT(9.899145 53.95115),['Station']
Saebystraße (AST-Halt),POINT(9.881071 53.908157),['Station']
Efeustraße,POINT(10.313848 53.929699),['Station']
Tulpenweg,POINT(10.316319 53.926958),['Station']
Weißdornstraße,POINT(10.306294 53.923294),['Station']
Birkenring 16,POINT(10.302366 53.924262),['Station']
Heinrich-der-Löwe-Ring,POINT(10.307752 53.925641),['Station']
Ginsterweg,POINT(10.310307 53.927491),['Station']
Am Apfelgarten,POINT(10.312337 53.929607),['Station']
Abzw. Högersdorf,POINT(10.249289 53.927019),['Station']
Ole Koppel,POINT(10.156412 53.810955),['Station']
Hauptstraße,POINT(10.070213 54.048328),['Station']
Marktplatz,POINT(10.309215 53.935877),['Station']
Amtsgericht,POINT(10.3213 53.932834),['Station']
Berliner Straße,POINT(10.293566 53.956695),['Station']
Theodor-Heuss-Ring,POINT(10.292522 53.953983),['Station']
Glindenberg,POINT(10.296384 53.947347),['Station']
Skandinavienstraße,POINT(10.201616 53.954308),['Station']
Immenrader Weg,POINT(10.374013 53.958748),['Station']
Waldweg,POINT(10.525511 53.951007),['Station']
Heideweg,POINT(9.860854 53.82408),['Station']
Wahlstedter Straße,POINT(10.088143 53.971419),['Station']
Franz-Claudius-Schule,POINT(10.297595 53.930442),['Station']
Möbel Kraft,POINT(10.297231 53.938811),['Station']
Krankenhausstraße,POINT(10.306783 53.940405),['Station']
EKZ Christiansfelde,POINT(10.329753 53.928113),['Station']
Brookweg,POINT(9.944386 53.825122),['Station']
Lindenstraße (SE),POINT(10.425977 53.913054),['Station']
Oberbergstraße,POINT(10.319804 53.935105),['Station']
Oldesloer Straße,POINT(10.317312 53.931395),['Station']
Schäferei,POINT(9.888749 53.812537),['Station']
Schule,POINT(9.850189 53.918281),['Station']
Hasenmoorer Straße,POINT(9.953263 53.934362),['Station']
Wildpark Eekholt,POINT(10.031009 53.948589),['Station']
Gustav-Schatz-Weg (AST-Halt),POINT(9.868855 53.898048),['Station']
Rühmels (AST-Halt),POINT(9.866354 53.910259),['Station']
Am Wittrehm (AST-Halt),POINT(9.898081 53.901661),['Station']
An der Hudau (AST-Halt),POINT(9.88609 53.914508),['Station']
Caspar-Fuchs-Weg (AST-Halt),POINT(9.880051 53.913187),['Station']
Düsternhoop (AST-Halt),POINT(9.889562 53.923198),['Station']
Oskar-Alexander-Straße (AST-Halt),POINT(9.89042 53.911996),['Station']
"Kleinkummerfeld, Am Bahnhof",POINT(10.05907 54.020808),['Station']
Schönböken (Nord),POINT(10.342 53.983774),['Station']
Steinrade (Süd),POINT(10.465342 53.969727),['Station']
Abzweigung,POINT(10.467799 54.013167),['Station']
Tewskoppel,POINT(10.47383 54.015034),['Station']
Reinsbeker Straße,POINT(10.52221 53.913489),['Station']
Kamper Straße,POINT(9.974755 53.862849),['Station']
Schlüskamp (AST-Halt),POINT(9.889308 53.91983),['Station']
Feuerwehr,POINT(10.03245 54.008703),['Station']
Dorfstraße,POINT(10.244319 53.848477),['Station']
Anne-Frank-Weg,POINT(9.95756 53.843419),['Station']
Funkenberg,POINT(9.949043 53.831617),['Station']
Pappelweg,POINT(9.964862 53.925653),['Station']
Krücken,POINT(9.795538 53.911342),['Station']
Steenrader Weg,POINT(10.18379 54.003129),['Station']
Schule,POINT(9.981788 53.876952),['Station']
Obersöhren,POINT(10.339104 53.996619),['Station']
Lüttmoor,POINT(10.135608 53.78887),['Station']
Kirche,POINT(10.025622 54.010181),['Station']
Potsdamer Straße,POINT(10.457109 54.032903),['Station']
Klinikum (AST-Halt),POINT(9.893495 53.903528),['Station']
Kantstraße (AST-Halt),POINT(9.879939 53.926656),['Station']
Unter der Lieth (AST-Halt),POINT(9.879806 53.923962),['Station']
"Borstel (Sülfeld), Prehnshorst",POINT(10.21064 53.817221),['Station']
Pronstorfer Straße,POINT(10.48272 53.947122),['Station']
A Boostedt,POINT(10.017089 54.015555),['Station']
Von-dem-Borne-Straße,POINT(10.022205 54.012681),['Station']
Schulstraße,POINT(10.37525 53.962067),['Station']
Willingrader Straße,POINT(10.103086 54.024724),['Station']
Schottenkrog (West),POINT(10.458017 53.92143),['Station']
Dorfstraße,POINT(10.088711 54.010129),['Station']
Abzw. Glashütte,POINT(10.121244 53.963468),['Station']
Strukdorf (Ost),POINT(10.492356 53.920496),['Station']
Bahrenhofer Straße,POINT(10.364138 53.868128),['Station']
Brügmann-Ring (AST-Halt),POINT(9.897024 53.919782),['Station']
"(Bad Bramstedt), Hagener Weg",POINT(9.800187 53.967376),['Station']
Johann-Hinrich-Fehrs-Straße,POINT(9.967639 53.971318),['Station']
Baßkate,POINT(9.843621 53.932955),['Station']
"(Bad Bramstedt), Am Heisch",POINT(9.830366 53.943999),['Station']
Hauptstraße,POINT(9.951907 53.940348),['Station']
Am Breedenviert,POINT(9.957025 53.923784),['Station']
Weide,POINT(10.008099 53.939053),['Station']
Baß,POINT(10.013686 53.947155),['Station']
Grundschule Am Bahnhof,POINT(9.88931 53.919947),['Station']
Vierkamp,POINT(9.937575 54.006723),['Station']
Hinter der Bahn,POINT(9.961587 53.97718),['Station']
Hauptstraße 29,POINT(9.893763 53.993616),['Station']
Stellauer Weg,POINT(9.788115 53.924428),['Station']
Lutzhorner Straße,POINT(9.790687 53.887358),['Station']
Steenkamp,POINT(9.806706 53.908051),['Station']
Ob de Braack,POINT(9.842791 53.90234),['Station']
Waldchaussee,POINT(9.813247 53.871178),['Station']
Seestraße,POINT(10.255549 53.87032),['Station']
Wahlstedter Straße 70,POINT(10.12016 53.964494),['Station']
Achtern Lohn,POINT(9.826463 53.883721),['Station']
GS Alter Landweg,POINT(9.970301 53.83133),['Station']
Süd,POINT(9.972684 53.823422),['Station']
Schule (Kehre),POINT(9.786394 53.32079),['Station']
Hartenkamp,POINT(10.48515 53.969618),['Station']
Kurzer Weg,POINT(10.879305 53.229245),['Station']
Bäckerweg,POINT(10.87304 53.232561),['Station']
Alte Bahnhofstraße,POINT(9.78808 53.30802),['Station']
Fähre,POINT(10.889945 53.233148),['Station']
Ortsmitte,POINT(10.888136 53.231523),['Station']
Post,POINT(10.884946 53.228788),['Station']
Süd,POINT(10.882626 53.223693),['Station']
L 231,POINT(10.877967 53.21238),['Station']
B 3 Haus 19,POINT(9.812645 53.332817),['Station']
Hornsweg,POINT(10.255397 54.074003),['Station']
Koppeldamm,POINT(9.666413 53.766738),['Station']
Jahnstraße,POINT(9.646321 53.757054),['Station']
Ortsmitte,POINT(10.182431 53.30352),['Station']
Am Sportplatz,POINT(10.212825 53.274999),['Station']
Immenhagen,POINT(10.217595 53.265596),['Station']
Lohfeld,POINT(10.221481 53.261009),['Station']
Kinderheim,POINT(10.221039 53.262326),['Station']
Lange Heide,POINT(10.219363 53.274555),['Station']
Grevelau 39,POINT(10.17537 53.308595),['Station']
Sandhöfen,POINT(10.180357 53.302849),['Station']
Burgstraße 80/83,POINT(10.194292 53.2942),['Station']
Meyersberg,POINT(10.186637 53.299938),['Station']
Löschweg,POINT(10.145497 53.298426),['Station']
Thadenstraße (West),POINT(9.951499 53.554999),['Station']
Friedhof Nienstedten,POINT(9.843029 53.555481),['Station']
Nienstedtener Marktplatz,POINT(9.844731 53.553806),['Station']
Sieberlingstraße,POINT(9.845265 53.550343),['Station']
Elbschloßstraße (Seegerichtshof),POINT(9.85277 53.549149),['Station']
Teufelsbrück (Fähre),POINT(9.863844 53.547632),['Station']
Händelstraße,POINT(9.905646 53.562274),['Station']
Zedernweg,POINT(9.880583 53.546566),['Station']
Halbmondsweg,POINT(9.887807 53.546459),['Station']
Liebermannstraße,POINT(9.900106 53.545881),['Station']
Hohenzollernring (Süd),POINT(9.915739 53.546041),['Station']
Neumühlen/Övelgönne (Fähre),POINT(9.91487 53.544233),['Station']
Lawaetzhaus,POINT(9.920333 53.544326),['Station']
Paul-Roosen-Straße,POINT(9.954178 53.553378),['Station']
Neumühler Kirchenweg,POINT(9.925683 53.54477),['Station']
Rathaus Altona,POINT(9.936324 53.547733),['Station']
Gerichtstraße,POINT(9.943246 53.555729),['Station']
U St. Pauli,POINT(9.970369 53.550076),['Station']
Davidstraße,POINT(9.961649 53.549436),['Station']
S Reeperbahn,POINT(9.955574 53.549683),['Station']
U S Landungsbrücken,POINT(9.969436 53.54622),['Station']
St. Pauli Hafenstraße,POINT(9.9649 53.546445),['Station']
Fischmarkt,POINT(9.950815 53.547385),['Station']
Große Bergstraße,POINT(9.946223 53.551222),['Station']
Goethestraße,POINT(9.940084 53.551989),['Station']
Altonaer Poststraße,POINT(9.940315 53.550118),['Station']
Bf. Altona,POINT(9.934296 53.551549),['Station']
Bahrenfelder Straße,POINT(9.928266 53.550428),['Station']
Zum Hünengrab (DESY),POINT(9.881251 53.572169),['Station']
Hein-Hoyer-Straße,POINT(9.961736 53.551278),['Station']
Große Brunnenstraße,POINT(9.925589 53.550808),['Station']
Bleickenallee (Kinderkrankenhaus),POINT(9.918369 53.551161),['Station']
Kreuzkirche Ottensen,POINT(9.916783 53.553859),['Station']
Griegstraße,POINT(9.909808 53.554398),['Station']
Behringstraße (AK Altona),POINT(9.900781 53.557045),['Station']
AK Altona (Eingang),POINT(9.898248 53.555042),['Station']
Rothestraße,POINT(9.929066 53.547708),['Station']
Fischers Allee,POINT(9.922198 53.548211),['Station']
Hohenzollernring,POINT(9.916308 53.548652),['Station']
Philosophenweg,POINT(9.909698 53.54925),['Station']
Wrangelpark,POINT(9.902058 53.54973),['Station']
Ernst-August-Straße,POINT(9.898283 53.549561),['Station']
Agathe-Lasch-Weg,POINT(9.893608 53.552552),['Station']
Reventlowstraße,POINT(9.890573 53.552413),['Station']
Bernadottestraße,POINT(9.890056 53.548643),['Station']
Parkstraße,POINT(9.881939 53.552981),['Station']
Hochrad,POINT(9.876296 53.553759),['Station']
Marxsenweg,POINT(9.865175 53.555224),['Station']
S Klein Flottbek,POINT(9.861559 53.558439),['Station']
Emkendorfstraße,POINT(9.890813 53.555233),['Station']
S Othmarschen,POINT(9.887195 53.559007),['Station']
Böcklinstraße,POINT(9.887127 53.562979),['Station']
Ebertallee,POINT(9.888543 53.567856),['Station']
Trabrennbahn Bahrenfeld,POINT(9.892484 53.573694),['Station']
August-Kirch-Straße,POINT(9.89769 53.571445),['Station']
Silcherstraße,POINT(9.90271 53.568999),['Station']
Kreuzfahrtterminal Altona,POINT(9.936397 53.544201),['Station']
Behnstraße,POINT(9.943002 53.546126),['Station']
Fischauktionshalle,POINT(9.951821 53.545157),['Station']
Sandberg,POINT(9.944562 53.54437),['Station']
Kaltenkircher Platz,POINT(9.94155 53.563641),['Station']
S Diebsteich (Ostseite),POINT(9.934992 53.566684),['Station']
Am Born,POINT(9.924007 53.554397),['Station']
S Ottensen,POINT(9.927745 53.559696),['Station']
Friedensallee,POINT(9.926699 53.555364),['Station']
Große Rainstraße,POINT(9.932345 53.554107),['Station']
Osdorfer Weg,POINT(9.895429 53.565882),['Station']
Bahrenfelder Marktplatz,POINT(9.901784 53.564477),['Station']
S Bahrenfeld,POINT(9.910093 53.559922),['Station']
Grünebergstraße,POINT(9.91446 53.558082),['Station']
Daimlerstraße,POINT(9.921478 53.556052),['Station']
Flottbeker Kirche,POINT(9.877503 53.565386),['Station']
Hemmingstedter Weg,POINT(9.866412 53.566267),['Station']
Langkamp,POINT(9.864822 53.563034),['Station']
Holstenkamp (West),POINT(9.908837 53.573122),['Station']
Ostermeyerstraße,POINT(9.866396 53.568432),['Station']
Flurkamp,POINT(9.86487 53.572765),['Station']
EEZ (Julius-Brecht-Straße),POINT(9.861432 53.569986),['Station']
Elbe-Einkaufszentrum,POINT(9.861907 53.571816),['Station']
Langelohstraße (Nord),POINT(9.84659 53.572842),['Station']
Sternbergweg,POINT(9.84663 53.565797),['Station']
S Hochkamp,POINT(9.842675 53.561216),['Station']
Hafentreppe,POINT(9.957466 53.545939),['Station']
Kalckreuthweg (Mitte),POINT(9.887369 53.565169),['Station']
Windmühlenweg,POINT(9.868989 53.571208),['Station']
Groß Flottbeker Straße,POINT(9.878567 53.569386),['Station']
Große Elbstraße,POINT(9.94252 53.544126),['Station']
Stutsmoor,POINT(9.887061 53.572791),['Station']
Knabeweg,POINT(9.856218 53.571947),['Station']
Bertha-Uhl-Kamp,POINT(9.870373 53.565079),['Station']
Elbberg,POINT(9.931367 53.545309),['Station']
Königstraße,POINT(10.369212 53.808434),['Station']
S Diebsteich (Westseite),POINT(9.931746 53.568722),['Station']
Pepermölenbek,POINT(9.953939 53.547459),['Station']
Friedhof Holstenkamp,POINT(9.91317 53.57175),['Station']
Regerstraße (Ost),POINT(9.916914 53.571074),['Station']
Flottbeker Drift,POINT(9.875122 53.570678),['Station']
Susettestraße,POINT(9.925343 53.546461),['Station']
Kleine Seilerstraße,POINT(9.967856 53.551058),['Station']
Leverkusenstraße,POINT(9.925637 53.565463),['Station']
Von-Sauer-Straße,POINT(9.911062 53.56571),['Station']
Große Freiheit,POINT(9.958349 53.551628),['Station']
Fabrik,POINT(9.929546 53.556519),['Station']
Bernhard-Nocht-Straße,POINT(9.962908 53.547117),['Station']
Bornkampsweg,POINT(9.919296 53.563985),['Station']
Feuerwehr,POINT(10.474154 53.275369),['Station']
Blücherstraße,POINT(9.950283 53.549231),['Station']
Mörkenstraße,POINT(9.945822 53.549446),['Station']
Pflegezentrum Lutherpark,POINT(9.906326 53.572925),['Station']
Schützenstraße (Mitte),POINT(9.92893 53.563515),['Station']
Feuerwehr,POINT(10.187557 53.76771),['Station']
Theodor-Storm-Straße,POINT(10.267331 53.72591),['Station']
Celsiusweg,POINT(9.92295 53.56198),['Station']
B 75,POINT(10.27334 53.776308),['Station']
Kneeden,POINT(10.426491 53.816491),['Station']
Carl-Benz-Weg,POINT(10.281088 53.720426),['Station']
Platz der Arbeiterinnen,POINT(9.938657 53.558371),['Station']
Kirche,POINT(10.407591 53.717847),['Station']
Ohnsorgweg,POINT(9.869575 53.554886),['Station']
Dorfstraße,POINT(10.471772 53.276737),['Station']
Max-Planck-Straße,POINT(10.299227 53.717131),['Station']
An der Millerbek,POINT(10.409523 53.637906),['Station']
Otto-Hahn-Straße,POINT(10.289731 53.717701),['Station']
Abzweigung Lokfeld,POINT(10.504576 53.806102),['Station']
Breslauer Straße,POINT(10.270976 53.735738),['Station']
Dorfplatz,POINT(10.539741 53.81952),['Station']
Mühlenkamp,POINT(10.536855 53.822396),['Station']
Schulstraße,POINT(10.578775 53.838268),['Station']
Hansfelde,POINT(10.594517 53.840351),['Station']
Hasenkrug,POINT(10.453589 53.820263),['Station']
Havighorst,POINT(10.419524 53.861007),['Station']
Am Maisfeld (West),POINT(10.25376 53.737761),['Station']
Reinfelder Heckkaten,POINT(10.453165 53.83522),['Station']
Heidberg,POINT(10.517941 53.805834),['Station']
Heidekamp,POINT(10.502051 53.853909),['Station']
Heidick,POINT(10.274474 53.829193),['Station']
Auf der Weide,POINT(10.25015 53.735606),['Station']
Am Steinkreuz,POINT(10.268896 53.732597),['Station']
Hauptstraße 4,POINT(10.532184 53.886208),['Station']
Alte Schule,POINT(10.539745 53.888726),['Station']
Hohenholz,POINT(10.430407 53.754472),['Station']
Kamp,POINT(10.255325 53.734348),['Station']
Hartwigsahler Weg,POINT(10.204673 53.751069),['Station']
Barockgarten,POINT(10.219392 53.742626),['Station']
Langereihe 7,POINT(10.206682 53.739691),['Station']
Soltenbek,POINT(10.212529 53.744853),['Station']
Langereihe 58,POINT(10.197893 53.737641),['Station']
Hufeisenring,POINT(10.25202 53.737339),['Station']
Raiffeisenstraße,POINT(10.268711 53.730469),['Station']
Am Maisfeld (Ost),POINT(10.259138 53.737183),['Station']
Abzweigung,POINT(10.480065 53.809696),['Station']
Kleinboden,POINT(10.450136 53.758107),['Station']
Am Wischhof,POINT(10.213049 53.72029),['Station']
Amtsverwaltung,POINT(10.250807 53.725608),['Station']
Heideweg,POINT(10.554474 53.814262),['Station']
Sportplatz,POINT(10.546639 53.811371),['Station']
Am Kirchberg,POINT(10.543237 53.813005),['Station']
Höltenklinken (West),POINT(10.328225 53.777303),['Station']
Kremerberg,POINT(10.241832 53.69507),['Station']
Hauptstraße 13,POINT(10.522809 53.912377),['Station']
Gemeinschaftshaus,POINT(10.517315 53.913237),['Station']
Schlehenbusch,POINT(10.251264 53.728218),['Station']
Am Mühlenteich,POINT(10.342918 53.745295),['Station']
Lasbeker Straße,POINT(10.345831 53.74156),['Station']
Wildgrund,POINT(10.350305 53.73504),['Station']
Achterbrook,POINT(10.359708 53.732903),['Station']
In de Eck,POINT(10.365917 53.733731),['Station']
"Barnitz, Lokfeld",POINT(10.505305 53.809911),['Station']
"Barnitz, Lokfelder Heckkaten (Nord)",POINT(10.495179 53.81631),['Station']
Alte Dorfstraße,POINT(10.438797 53.808266),['Station']
Freestot,POINT(10.439571 53.804285),['Station']
Wikingerweg,POINT(10.438599 53.811342),['Station']
Fasanenweg,POINT(10.379117 53.70966),['Station']
Zu den Fischteichen,POINT(10.258068 53.720644),['Station']
Lipshorst,POINT(10.383881 53.706236),['Station']
Sprenger Weg,POINT(10.383971 53.702973),['Station']
Heideweg,POINT(10.277839 53.757634),['Station']
Hüls,POINT(10.270261 53.749214),['Station']
An der Bundesstraße,POINT(10.557747 53.899573),['Station']
BAB-Auffahrt,POINT(10.572411 53.899085),['Station']
An der Bundesstraße (Ost),POINT(10.57733 53.898796),['Station']
Autobahnbrücke,POINT(10.606333 53.844183),['Station']
Herrenweg,POINT(10.290572 53.785675),['Station']
Rötenweg,POINT(10.28408 53.784748),['Station']
Gut,POINT(10.37831 53.836319),['Station']
Neuhof,POINT(10.534922 53.911917),['Station']
Neverstaven,POINT(10.25549 53.829276),['Station']
Moorweg,POINT(10.186832 53.782848),['Station']
Altes Torfredder,POINT(10.200288 53.788662),['Station']
Dorfstraße,POINT(10.190986 53.784882),['Station']
Dorfmitte,POINT(10.226889 53.778302),['Station']
Schulzentrum,POINT(10.497329 53.289871),['Station']
Echemer Straße,POINT(10.50573 53.297628),['Station']
Schloßstraße,POINT(10.317529 53.822285),['Station']
Alte Schmiede,POINT(10.320269 53.817187),['Station']
Kreisfeuerwehrzentrale,POINT(10.30954 53.830037),['Station']
Adendorfer Straße,POINT(10.500651 53.29053),['Station']
K 2/Zum Bahnhof,POINT(10.528474 53.28935),['Station']
Hauptstraße,POINT(10.505337 53.291145),['Station']
Bardowicker Straße,POINT(10.503457 53.294844),['Station']
Lübbelau,POINT(10.498844 53.293734),['Station']
Lüneburger Straße,POINT(10.501761 53.287111),['Station']
Am Glindhorst,POINT(10.389423 53.807672),['Station']
Sehmsdorfer Straße 3,POINT(10.393264 53.807681),['Station']
Sehmsdorfer Straße 75,POINT(10.402405 53.810477),['Station']
Am Hünengrab,POINT(10.274602 53.729858),['Station']
Poggenpohl,POINT(10.61258 53.847406),['Station']
"(Bad Oldesloe), Buskehre",POINT(10.39633 53.82682),['Station']
Pöhls,POINT(10.481575 53.892909),['Station']
Blumenberg,POINT(10.38779 53.772036),['Station']
Rümpeler Weg,POINT(10.374457 53.77759),['Station']
Feuerwehrhaus,POINT(10.382685 53.773632),['Station']
Pölitzfeld,POINT(10.382639 53.756542),['Station']
Ratzeburger Straße,POINT(10.39997 53.802086),['Station']
"(OD), B 432",POINT(10.117988 53.739096),['Station']
Bachstraße,POINT(10.272551 53.726664),['Station']
Redderschmiede,POINT(10.375739 53.832961),['Station']
Buchenweg,POINT(10.282264 53.728672),['Station']
Upn Knust,POINT(10.465384 53.880582),['Station']
Erlenweg,POINT(10.280221 53.733249),['Station']
Pöhlser Straße,POINT(10.469699 53.876576),['Station']
Am Blink,POINT(10.471726 53.873227),['Station']
Bf. Reinfeld,POINT(10.493836 53.830632),['Station']
Klosterberg,POINT(10.477356 53.827206),['Station']
Heilsauring,POINT(10.495844 53.839233),['Station']
Kalkgraben,POINT(10.473711 53.822884),['Station']
Marktstraße,POINT(10.487863 53.830976),['Station']
Neuer Garten,POINT(10.479805 53.832468),['Station']
Schulzentrum,POINT(10.496093 53.836849),['Station']
Pommernweg,POINT(10.467785 53.833209),['Station']
Matthias-Claudius-Schule,POINT(10.487808 53.83369),['Station']
Körliner Straße,POINT(10.497196 53.826457),['Station']
Mozartstraße,POINT(10.276406 53.724879),['Station']
Am Sportplatz,POINT(10.442263 53.782778),['Station']
Kirchberg,POINT(10.442669 53.782225),['Station']
Königstraße,POINT(10.447526 53.784035),['Station']
Alte Ratzeburger Landstraße,POINT(10.403572 53.795421),['Station']
Am Mühlenberg,POINT(10.41018 53.787454),['Station']
Alte Schule,POINT(10.407404 53.792016),['Station']
Steinkamp,POINT(10.423233 53.784443),['Station']
Ziegeleiweg,POINT(10.347852 53.772034),['Station']
Wurth,POINT(10.350573 53.767942),['Station']
Hedwig-Riedel-Weg,POINT(10.345684 53.77443),['Station']
Ulmenweg,POINT(10.285372 53.731729),['Station']
Rosenhagen,POINT(10.537713 53.827166),['Station']
Roter Hahn,POINT(10.353336 53.788766),['Station']
Lindenstraße,POINT(10.351699 53.784103),['Station']
Bf. Kupfermühle,POINT(10.328925 53.762496),['Station']
Forstweg,POINT(10.338222 53.759688),['Station']
Schadehorn 4,POINT(10.39262 53.84363),['Station']
Buskehre,POINT(10.396436 53.846434),['Station']
Abzweigung Seefeld,POINT(10.383681 53.840256),['Station']
Struhbarg,POINT(10.283566 53.726151),['Station']
"(OD), Dorfstraße",POINT(10.340842 53.835199),['Station']
Dorfstraße 6,POINT(10.409358 53.750264),['Station']
Schulsteig,POINT(10.41636 53.749777),['Station']
Schulenburg,POINT(10.427955 53.758625),['Station']
Schulenburgfeld,POINT(10.416177 53.760104),['Station']
Abzweigung Schürensöhlen,POINT(10.48321 53.770641),['Station']
"Schürensöhlen, Dorfstraße",POINT(10.475773 53.765333),['Station']
Schwienköben,POINT(10.409922 53.761669),['Station']
"Seefeld, Kreuzung",POINT(10.375686 53.84804),['Station']
"Seefeld, Denkmal",POINT(10.369782 53.845456),['Station']
Am Berg,POINT(10.414495 53.811062),['Station']
Düpenau,POINT(10.422229 53.807206),['Station']
Hummelwiese,POINT(10.25577 53.722312),['Station']
Lise-Meitner-Straße,POINT(10.287649 53.718469),['Station']
Steensrade,POINT(10.44536 53.792525),['Station']
Krögersweg,POINT(10.146679 53.756957),['Station']
Krankenhaus,POINT(10.155231 53.759184),['Station']
Abzweigung Steinfeld,POINT(10.433251 53.81969),['Station']
Ortsmitte,POINT(10.426879 53.832804),['Station']
Steinfelderhude (Ost),POINT(10.444051 53.821106),['Station']
Steinfelderwohld,POINT(10.442085 53.849182),['Station']
Selma-Lagerlöf-Weg,POINT(10.271898 53.737165),['Station']
Sühlen,POINT(10.326661 53.860857),['Station']
Klein Hansdorfer Straße,POINT(10.219153 53.713957),['Station']
Altenfelder Straße 7,POINT(10.359996 53.699114),['Station']
Mehrzweckhaus,POINT(10.350749 53.693127),['Station']
Mühlenberg,POINT(10.298054 53.838284),['Station']
Schulstraße 50,POINT(10.287251 53.833764),['Station']
Travenhof,POINT(10.45673 53.819758),['Station']
Fischbeker Weg,POINT(10.308113 53.749642),['Station']
Im Ort,POINT(10.530567 53.286223),['Station']
Alte Dorfstraße,POINT(10.539471 53.289056),['Station']
Boltersener Straße,POINT(10.53674 53.283573),['Station']
Nutzfelder Weg,POINT(10.530292 53.286101),['Station']
Alter Bahnhof,POINT(10.435705 53.770205),['Station']
Fuhlenpott,POINT(10.440373 53.773204),['Station']
An der Barnitz,POINT(10.436211 53.762831),['Station']
Erich-Kästner-Weg,POINT(10.27153 53.738517),['Station']
Tremsbütteler Weg,POINT(10.283166 53.734412),['Station']
Ratzeburger Straße,POINT(10.482414 53.774758),['Station']
Feuerwehr,POINT(10.4911 53.778415),['Station']
Kalkuhle,POINT(10.327715 53.695802),['Station']
Neue Straße,POINT(10.484494 53.775666),['Station']
Willendorf,POINT(10.449511 53.894316),['Station']
Schulredder,POINT(10.339426 53.814611),['Station']
Rehhorster Straße,POINT(10.507372 53.86662),['Station']
Heilsaubrücke,POINT(10.520984 53.869297),['Station']
Reinfelder Straße 38,POINT(10.524724 53.88058),['Station']
Kirche,POINT(10.518118 53.871588),['Station']
Schule,POINT(10.514257 53.874998),['Station']
Zarpenerhof,POINT(10.526168 53.865097),['Station']
Bargerhorst,POINT(10.246602 53.775466),['Station']
"(OD), Nütschauer Weg",POINT(10.340793 53.832225),['Station']
Lehmskuhlenweg,POINT(10.362856 53.732795),['Station']
An de Sylsbek,POINT(10.354591 53.764159),['Station']
Sattenfelder Straße,POINT(10.319846 53.756361),['Station']
Gut Krummbek,POINT(10.396042 53.750564),['Station']
Heimatmuseum,POINT(10.373631 53.808033),['Station']
"(Bad Oldesloe), Bahnübergang",POINT(10.392813 53.825208),['Station']
Eichengrund,POINT(10.348963 53.783478),['Station']
Ehrenmal,POINT(10.419199 53.74765),['Station']
Gräberkater Weg,POINT(10.200546 53.765298),['Station']
Rathkrügen,POINT(10.189325 53.765886),['Station']
Hartwigsahl,POINT(10.212916 53.765129),['Station']
Rögener Weg,POINT(10.227313 53.766851),['Station']
Steinklinken,POINT(10.238149 53.768123),['Station']
"Wesenberg, Herweg",POINT(10.535477 53.830825),['Station']
Hof Springbek,POINT(10.529151 53.830609),['Station']
Sportplatz,POINT(10.214158 53.745627),['Station']
Scheidekate,POINT(10.242357 53.780686),['Station']
Eisenbahnbrücke,POINT(10.432054 53.819767),['Station']
Sülfelder Straße,POINT(10.264549 53.766473),['Station']
Rohlfshagener Weg,POINT(10.374061 53.744133),['Station']
Borweg,POINT(10.381983 53.773496),['Station']
Waldstraße,POINT(10.377729 53.816325),['Station']
Theodor-Storm-Schule,POINT(10.364513 53.807275),['Station']
Friedhof,POINT(10.357125 53.800835),['Station']
Hako,POINT(10.34855 53.799449),['Station']
Am Messingschläger Teich,POINT(10.475223 53.831761),['Station']
Eichenweg,POINT(10.472909 53.832499),['Station']
Jahnstraße,POINT(10.497786 53.833206),['Station']
Bischofsteicher Weg 85,POINT(10.502617 53.83577),['Station']
Schützenstraße,POINT(10.493036 53.837605),['Station']
Buchenweg,POINT(10.502943 53.838084),['Station']
Im Tannengrund,POINT(10.498769 53.839906),['Station']
Amalie-Dietrich-Straße,POINT(10.354271 53.801784),['Station']
Dorothea-Schlözer-Straße,POINT(10.352111 53.803525),['Station']
Hedwig-Kettler-Straße,POINT(10.351184 53.80633),['Station']
Lise-Meitner-Ring,POINT(10.349908 53.80487),['Station']
Alte Dorfstraße,POINT(10.312175 53.714115),['Station']
Bachstraße,POINT(10.320914 53.713093),['Station']
Feldkoppel,POINT(10.31155 53.713016),['Station']
Hauptstraße,POINT(10.321869 53.71266),['Station']
Bollweg 10,POINT(10.442639 53.643298),['Station']
Tönninger Weg,POINT(9.846791 53.568555),['Station']
Försterei,POINT(10.499285 53.72758),['Station']
Rönnbaum,POINT(10.359134 53.690228),['Station']
Siedlung Raade,POINT(10.483614 53.892048),['Station']
Kloster,POINT(10.326437 53.823516),['Station']
Schule,POINT(10.640664 53.731253),['Station']
Hoppenbrook,POINT(10.317976 53.708291),['Station']
Hamburger Straße,POINT(10.411585 53.604096),['Station']
Groß Weeden,POINT(10.602388 53.746858),['Station']
Schule,POINT(10.386798 53.705591),['Station']
Küsterkoppel,POINT(10.645498 53.77776),['Station']
Langereihe 88,POINT(10.191957 53.736721),['Station']
Schloßweg,POINT(10.455525 53.702583),['Station']
Lindenweg,POINT(10.600473 53.739938),['Station']
Höltenklink,POINT(10.342092 53.713684),['Station']
Moorweg,POINT(10.342463 53.702978),['Station']
Möhlenbecker Weg (Ost),POINT(10.355452 53.803092),['Station']
Dieckkamp,POINT(10.494337 53.805897),['Station']
Schulzentrum,POINT(10.260217 53.725132),['Station']
Mittelweg,POINT(10.389816 53.691484),['Station']
"Wesenberg, Stubbendorf",POINT(10.509506 53.827093),['Station']
Friedhof,POINT(10.476119 53.825298),['Station']
Möhlenkamp,POINT(10.56036 53.289844),['Station']
Neumühler Weg,POINT(10.568276 53.289768),['Station']
Neumühlen,POINT(10.585698 53.28721),['Station']
Schillerstraße,POINT(10.491885 53.826595),['Station']
Voßfelder Straße,POINT(10.489375 53.825628),['Station']
Lily-Braun-Straße (Nord),POINT(10.402972 53.801979),['Station']
"Barnitz, Lokfelder Heckkaten (Süd)",POINT(10.500418 53.812084),['Station']
Holländerkoppel,POINT(10.494997 53.829557),['Station']
Feldstraße (Nord),POINT(10.499962 53.831184),['Station']
Grootkoppel,POINT(10.50421 53.827672),['Station']
An der Autobahn,POINT(10.502087 53.823933),['Station']
Webertwiete,POINT(10.50178 53.760167),['Station']
In de Eck,POINT(10.365324 53.757972),['Station']
Am Park,POINT(10.394577 53.749826),['Station']
Rögen,POINT(10.341576 53.800184),['Station']
Gewerbegebiet West,POINT(10.338778 53.800494),['Station']
Zulassungsstelle,POINT(10.334466 53.799499),['Station']
Stormarner Werkstätten,POINT(10.330873 53.797706),['Station']
Hanelanden,POINT(10.350728 53.810064),['Station']
Ehrenfriedhof,POINT(10.730577 53.188839),['Station']
Grundschule West,POINT(10.350864 53.80769),['Station']
Schlossweg,POINT(10.440766 53.810345),['Station']
Zur grünen Brücke,POINT(10.339925 53.813141),['Station']
"Barnitz, Benstaben (West)",POINT(10.453223 53.816709),['Station']
Siedlung,POINT(10.435713 53.834828),['Station']
Lindenallee,POINT(10.38011 53.746462),['Station']
"(Bad Oldesloe), Gärtnerei",POINT(10.380041 53.824295),['Station']
"Barnitz, Benstaben (Süd)",POINT(10.460593 53.811183),['Station']
Hohenkamp,POINT(10.430728 53.825857),['Station']
Rehbrook,POINT(10.322432 53.734938),['Station']
Timmerhorner Straße,POINT(10.247302 53.70956),['Station']
Buurdiek,POINT(10.439076 53.857584),['Station']
Wiesenstraße,POINT(10.344995 53.782282),['Station']
Papenborn,POINT(10.250286 53.77337),['Station']
Gartenstraße,POINT(10.385728 53.814381),['Station']
Hofstraße,POINT(10.449433 53.601109),['Station']
Mitteltor,POINT(10.505702 53.61073),['Station']
Rullstorfer Straße,POINT(10.566416 53.275009),['Station']
Schule,POINT(10.31835 53.66309),['Station']
Bahnhof,POINT(10.57035 53.285804),['Station']
Oetjendorfer Kirchenweg,POINT(10.312051 53.655135),['Station']
Fehrsweg,POINT(10.404161 53.602098),['Station']
Alte Schulstraße,POINT(10.364984 53.65067),['Station']
Grönwohldhof,POINT(10.409854 53.647823),['Station']
"(Stormarn), Stahmer",POINT(10.472841 53.630368),['Station']
Heierkoppel,POINT(10.367067 53.656604),['Station']
An der Bille,POINT(10.503315 53.607785),['Station']
Gut,POINT(10.150881 53.764222),['Station']
"(OD), Bützberg",POINT(10.096232 53.729521),['Station']
Dorfstraße 1,POINT(10.405209 53.750412),['Station']
Am Travehang,POINT(10.587099 53.839443),['Station']
"Wesenberg, Fliegenfelde",POINT(10.539583 53.851636),['Station']
Waldweg,POINT(10.187853 53.761022),['Station']
Birkenweg,POINT(10.275595 53.732112),['Station']
Bf. Fresenburg,POINT(10.390297 53.841851),['Station']
Hammoorer Weg,POINT(10.268155 53.722577),['Station']
Am Steinfelder Redder,POINT(10.39305 53.814485),['Station']
Teichkoppel,POINT(10.410172 53.792208),['Station']
Gut,POINT(10.428761 53.767619),['Station']
Röpers Weide,POINT(9.892965 53.557104),['Station']
An den Eichen (L 221),POINT(10.562595 53.265211),['Station']
Kutscherweg,POINT(10.249749 53.737938),['Station']
Jersbeker Straße (Süd),POINT(10.255542 53.729925),['Station']
Rapsstieg,POINT(10.261248 53.736272),['Station']
Michael-Ende-Weg,POINT(10.274476 53.737219),['Station']
Glindfelder Weg,POINT(10.247007 53.730311),['Station']
Hasselbusch,POINT(10.253246 53.731171),['Station']
Am Dorfplatz,POINT(10.624668 53.26536),['Station']
Neetzebrücke,POINT(10.614782 53.265117),['Station']
Grundschule,POINT(10.627685 53.261922),['Station']
Bahnhof,POINT(10.626112 53.26942),['Station']
Haus Nr. 50,POINT(10.632459 53.301828),['Station']
Bockelheide,POINT(10.638507 53.279567),['Station']
Am Ried,POINT(10.619835 53.273487),['Station']
Am Jahnstadion,POINT(10.632492 53.266924),['Station']
Am Markt,POINT(10.260228 53.72904),['Station']
Travenhöhe,POINT(10.385889 53.812376),['Station']
Meddelskamp,POINT(10.361517 53.803346),['Station']
Hauptstraße,POINT(10.349343 53.694607),['Station']
Else-Wex-Ring,POINT(10.399477 53.816899),['Station']
Am Steinf. Redder (M),POINT(10.398558 53.818483),['Station']
F.-D.-Hagelstein-Weg,POINT(10.39375 53.818215),['Station']
Rathaus,POINT(10.26733 53.729882),['Station']
Herrenhof,POINT(10.38445 53.765021),['Station']
Altenschleuse,POINT(10.528394 53.8903),['Station']
Steinkoppel,POINT(10.526197 53.908479),['Station']
Ortsmitte,POINT(10.481998 53.811981),['Station']
Klein Schenkenberg,POINT(10.560636 53.796624),['Station']
Scharberg,POINT(10.538849 53.793949),['Station']
Abzweig Grinau,POINT(10.534179 53.788645),['Station']
Alte Schule,POINT(10.522357 53.778579),['Station']
Gut,POINT(10.514321 53.768177),['Station']
Hamannsöhlen,POINT(10.470159 53.867567),['Station']
Teicher Weg,POINT(10.468767 53.856496),['Station']
"Wesenberg, Ratzbek",POINT(10.553818 53.84085),['Station']
Kirche,POINT(10.255522 53.728227),['Station']
Friedhof,POINT(10.248038 53.726248),['Station']
St.Pauli,POINT(9.970159 53.550787),['Station']
Neu Süttorf,POINT(10.680086 53.271978),['Station']
Hauptstraße 27,POINT(10.547701 53.808473),['Station']
Binnenkamp,POINT(10.501005 53.848037),['Station']
Lohe,POINT(10.255492 53.724678),['Station']
Elbphilharmonie,POINT(9.986437 53.540339),['Station']
Claudiushof,POINT(10.484404 53.83109),['Station']
Hamburger Straße,POINT(10.477758 53.830427),['Station']
Seerosenweg,POINT(10.493554 53.841058),['Station']
Lilienweg,POINT(10.493068 53.839357),['Station']
Krögerkoppel,POINT(10.501365 53.825416),['Station']
Schauberg,POINT(10.497274 53.827794),['Station']
Weddernkamp,POINT(10.494615 53.823928),['Station']
Persanteweg,POINT(10.498752 53.828351),['Station']
Famila,POINT(10.501089 53.822346),['Station']
An der Au,POINT(10.562011 53.901315),['Station']
Hof Kahlenberg,POINT(10.334158 53.778791),['Station']
Landungsbrücken,POINT(9.970583 53.546246),['Station']
Reeperbahn,POINT(9.956358 53.54965),['Station']
Königstraße,POINT(9.944109 53.547752),['Station']
Altona,POINT(9.934351 53.55198),['Station']
Bahrenfeld,POINT(9.91138 53.560128),['Station']
Othmarschen,POINT(9.885147 53.559229),['Station']
Klein Flottbek (Botanischer Garten),POINT(9.861586 53.558296),['Station']
Hochkamp,POINT(9.841703 53.561663),['Station']
Diebsteich,POINT(9.934079 53.568399),['Station']
Ahornweg,POINT(10.267905 53.768126),['Station']
Altona (Fischmarkt),POINT(9.952231 53.54395),['Station']
Teufelsbrück,POINT(9.862869 53.546453),['Station']
Landungsbrücken Brücke 3,POINT(9.969848 53.545102),['Station']
Landungsbrücken Brücke 2,POINT(9.9706 53.544997),['Station']
Landungsbrücken Brücke 1,POINT(9.971559 53.544738),['Station']
Frahmstraße,POINT(9.826188 53.563964),['Station']
Baron-Voght-Straße (Mitte),POINT(9.865012 53.557543),['Station']
Eva-Rühmkorf-Straße,POINT(9.940549 53.561384),['Station']
Dockland (Fischereihafen),POINT(9.935481 53.543031),['Station']
Eimsbütteler Marktplatz,POINT(9.946293 53.573235),['Station']
Klinken,POINT(10.32349 53.777256),['Station']
Wiesingerweg,POINT(9.960318 53.583277),['Station']
Schüttenkaten bei Havighorst,POINT(10.431727 53.848893),['Station']
Grandweg (Süd),POINT(9.967579 53.585833),['Station']
U Osterstraße (Heußweg),POINT(9.952459 53.577562),['Station']
Düpenautal,POINT(9.83487 53.56871),['Station']
Kronskamp,POINT(9.722503 53.580827),['Station']
Croningstraße,POINT(9.725807 53.582442),['Station']
Industriestraße (Nord),POINT(9.733872 53.581683),['Station']
Fachhochschule,POINT(9.732645 53.577988),['Station']
Tinsdaler Weg,POINT(9.730659 53.572259),['Station']
Grenzweg,POINT(9.733554 53.570346),['Station']
Tinsdaler Heideweg,POINT(9.74227 53.571532),['Station']
Fruteweg,POINT(9.75143 53.571385),['Station']
Wittenbergener Weg (Mitte),POINT(9.757559 53.577312),['Station']
Herwigredder,POINT(9.764359 53.576802),['Station']
Sülldorfer Brooksweg,POINT(9.768641 53.577358),['Station']
Haus Rissen,POINT(9.773755 53.577091),['Station']
Anne-Frank-Straße,POINT(9.789316 53.570404),['Station']
Krähenhorst,POINT(9.793124 53.568177),['Station']
Karstenstraße,POINT(9.801088 53.565491),['Station']
Mühlenberg,POINT(9.822972 53.560769),['Station']
Tietzestraße,POINT(9.832628 53.566794),['Station']
Am Isfeld,POINT(9.840875 53.571642),['Station']
Reinheimerweg,POINT(9.814436 53.583075),['Station']
Grimmstraße,POINT(9.813512 53.580547),['Station']
Musäusstraße,POINT(9.816606 53.580463),['Station']
S Iserbrook,POINT(9.813889 53.5774),['Station']
Sülldorfer Landstraße,POINT(9.82326 53.576365),['Station']
Holtbarg,POINT(9.822495 53.583622),['Station']
Rupertistraße (Mitte),POINT(9.838128 53.55715),['Station']
Stauffenbergstraße,POINT(9.832334 53.560273),['Station']
Björnsonweg,POINT(9.793647 53.566296),['Station']
Krankenhaus Tabea,POINT(9.790777 53.565389),['Station']
Lichtheimweg,POINT(9.783664 53.565984),['Station']
Falkenstein,POINT(9.779377 53.566785),['Station']
Winckelmannstraße,POINT(9.835132 53.555231),['Station']
Grotefendweg,POINT(9.82731 53.566544),['Station']
Darbovenstieg,POINT(9.824429 53.572035),['Station']
Isfeldstraße,POINT(9.837023 53.573781),['Station']
Am Botterbarg,POINT(9.834931 53.574865),['Station']
Heerbrook,POINT(9.830044 53.579724),['Station']
Schenefelder Holt,POINT(9.829231 53.582919),['Station']
Wulfsdal,POINT(9.808947 53.569203),['Station']
Siebenbuchen,POINT(9.806927 53.573332),['Station']
Blankeneser Friedhof,POINT(9.802562 53.576371),['Station']
S Sülldorf,POINT(9.796699 53.580104),['Station']
Sieversstücken,POINT(9.786109 53.580605),['Station']
Rissener Busch,POINT(9.766176 53.579611),['Station']
S Rissen,POINT(9.758603 53.582481),['Station']
Oesterleystraße,POINT(9.81165 53.561404),['Station']
Auguste-Baur-Straße,POINT(9.813493 53.559154),['Station']
Strandtreppe,POINT(9.810852 53.558345),['Station']
Beckers Treppe,POINT(9.808043 53.558229),['Station']
Charitas-Bischoff-Treppe,POINT(9.80512 53.559255),['Station']
Kahlkamp,POINT(9.803538 53.560173),['Station']
Krögers Treppe (Fischerhaus),POINT(9.8034 53.558467),['Station']
Blankenese (Fähre),POINT(9.80378 53.557036),['Station']
Krumdal,POINT(9.797583 53.558084),['Station']
Falkentaler Weg,POINT(9.790984 53.559511),['Station']
Elbhöhenweg,POINT(9.792463 53.561928),['Station']
Waseberg,POINT(9.797879 53.56182),['Station']
Richard-Dehmel-Straße,POINT(9.798817 53.562739),['Station']
Wilmans Park,POINT(9.804349 53.563142),['Station']
Kirschtenstraße,POINT(9.807459 53.562429),['Station']
Godeffroystraße,POINT(9.818635 53.560457),['Station']
Gätgensstraße,POINT(9.82167 53.559808),['Station']
Am Hirschpark,POINT(9.821262 53.556657),['Station']
Elbuferweg,POINT(9.820719 53.554306),['Station']
S Blankenese,POINT(9.813869 53.563761),['Station']
Tinsdaler Kirchenweg,POINT(9.75778 53.571084),['Station']
Rissener Straße (Ost),POINT(9.73325 53.585011),['Station']
Schulauer Moorweg,POINT(9.74003 53.585032),['Station']
Ginsterstieg,POINT(9.757545 53.57317),['Station']
Suurheid,POINT(9.768515 53.582858),['Station']
Klövensteenweg (Süd),POINT(9.764235 53.582481),['Station']
Schule Marschweg,POINT(9.761079 53.584981),['Station']
Bahnübergang Sieversstücken,POINT(9.78523 53.581231),['Station']
Asklepios Westklinikum (Ost),POINT(9.782224 53.582005),['Station']
Asklepios Westklinikum (Mitte),POINT(9.778927 53.582485),['Station']
Asklepios Westklinikum (West),POINT(9.773638 53.582259),['Station']
Gorch-Fock-Schule,POINT(9.80184 53.562961),['Station']
Grotiusweg (Mitte),POINT(9.765736 53.569497),['Station']
Wittenbergener Weg (Nord),POINT(9.758031 53.580894),['Station']
Rissener Dorfstraße,POINT(9.754416 53.58222),['Station']
Kamerstücken,POINT(9.811362 53.581802),['Station']
Op'n Hainholt,POINT(9.810632 53.580738),['Station']
Domizil Am Hirschpark,POINT(9.827176 53.561216),['Station']
Falkensteiner Ufer (ElbeCamp),POINT(9.763934 53.564998),['Station']
Rissener Ufer,POINT(9.761006 53.565789),['Station']
Farnstieg,POINT(9.752907 53.576362),['Station']
Bookweetenkamp,POINT(9.749125 53.575928),['Station']
Nagelshof,POINT(9.752112 53.581731),['Station']
Achtern Sand,POINT(9.770823 53.584388),['Station']
Hexentwiete,POINT(9.765606 53.584853),['Station']
Röschdaalskoppel,POINT(9.764456 53.587215),['Station']
Siegrunweg,POINT(9.767136 53.589264),['Station']
Klövensteenweg (Mitte),POINT(9.763031 53.589389),['Station']
Wittland (S Sülldorf),POINT(9.793519 53.579595),['Station']
Gudrunstraße,POINT(9.76032 53.588948),['Station']
Süttorf,POINT(10.635515 53.247949),['Station']
Im Winkel,POINT(10.656328 53.233283),['Station']
Radenbecker Weg,POINT(10.654185 53.229745),['Station']
Raalandsweg,POINT(9.761182 53.57728),['Station']
Achter de Höf,POINT(9.761448 53.579471),['Station']
Rheingoldweg (Ost),POINT(9.75366 53.583896),['Station']
Lohengrinweg,POINT(9.753002 53.587602),['Station']
Rüdigerau (Kinder-Hospiz),POINT(9.752331 53.589825),['Station']
Johanneskirche Rissen,POINT(9.762388 53.580561),['Station']
Wülpensand,POINT(9.749636 53.579195),['Station']
Tannhäuserweg,POINT(9.749164 53.585811),['Station']
Isoldeweg,POINT(9.743482 53.586404),['Station']
Rheingoldweg (West),POINT(9.739539 53.586302),['Station']
Brünschentwiete,POINT(9.7419 53.583161),['Station']
Adebarweg,POINT(9.74538 53.58357),['Station']
Am Lilienberg,POINT(9.775443 53.584386),['Station']
Marschweg (Kehre),POINT(9.778087 53.584431),['Station']
Flerrentwiete (Nord),POINT(9.75265 53.583121),['Station']
Hardenbergstraße,POINT(9.798303 53.565106),['Station']
Ortwinstieg,POINT(9.773953 53.578869),['Station']
Pieperweg,POINT(9.823049 53.580275),['Station']
Eichede-Horst,POINT(10.376541 53.72448),['Station']
Sprenger Weg,POINT(10.402305 53.668686),['Station']
Buendorf,POINT(10.752264 53.184253),['Station']
Segeberger Straße 38,POINT(10.376696 53.815384),['Station']
Auf dem Kreuze,POINT(10.569059 53.302958),['Station']
"Bleckeder Moor, Abzweigung",POINT(10.657887 53.301459),['Station']
Birkenhof,POINT(10.653217 53.292017),['Station']
Am Milchberg,POINT(10.64903 53.288444),['Station']
Denker,POINT(10.621915 53.295152),['Station']
Tennisclub,POINT(10.616864 53.28653),['Station']
An den Hauskoppeln,POINT(10.674225 53.314145),['Station']
Auf dem Weel,POINT(10.668451 53.310775),['Station']
Am Rotdorn,POINT(10.675329 53.315513),['Station']
An den Wiesen,POINT(9.855676 53.479321),['Station']
Im Vogelkamp,POINT(9.850715 53.478278),['Station']
Merlingasse,POINT(9.846121 53.476019),['Station']
S Neugraben (Nordseite),POINT(9.853522 53.47479),['Station']
Am Fuchsberg,POINT(9.948315 53.465251),['Station']
Rüschpark (Fähre),POINT(9.863582 53.539987),['Station']
Rüschhalbinsel,POINT(9.866109 53.535171),['Station']
EUROPA-CENTER Air30,POINT(9.864247 53.537817),['Station']
Rüschpark (Leegerwall),POINT(9.862121 53.539315),['Station']
Neßpriel,POINT(9.858028 53.536091),['Station']
Hein-Saß-Stieg (ZAL),POINT(9.866808 53.535462),['Station']
Kap-Horn-Weg,POINT(9.874182 53.534654),['Station']
Jeverländer Weg,POINT(9.880754 53.527929),['Station']
Dahlgrund,POINT(9.960711 53.385387),['Station']
Große Straße 29,POINT(10.695464 53.307096),['Station']
Große Straße 71,POINT(10.684608 53.308795),['Station']
Große Straße 3,POINT(10.705382 53.30185),['Station']
Am Poggensee,POINT(10.37734 53.82668),['Station']
Fuchsweg,POINT(10.689849 53.292572),['Station']
Zweiter Moorweg,POINT(10.666523 53.297879),['Station']
Am Papenkamp,POINT(10.701062 53.291685),['Station']
Heidmoor,POINT(10.673219 53.299547),['Station']
Bahnhof,POINT(10.728122 53.291403),['Station']
Töpferdamm,POINT(10.725435 53.293932),['Station']
Kurt-Löwenstein-Schule,POINT(10.729972 53.288186),['Station']
Schulzentrum,POINT(10.731242 53.285463),['Station']
Elbtalhaus,POINT(10.72508 53.295186),['Station']
Dahlenburger Straße,POINT(10.741209 53.279063),['Station']
Marschweg,POINT(10.720478 53.297122),['Station']
Rathaus,POINT(10.732011 53.290763),['Station']
Lüneburger Straße,POINT(10.728914 53.288363),['Station']
Saatbau,POINT(10.740105 53.285109),['Station']
Auf dem Kamp,POINT(10.736679 53.288997),['Station']
Waldfrieden,POINT(10.743629 53.271847),['Station']
Sandfeld,POINT(10.722107 53.285416),['Station']
Brennbusch,POINT(10.75514 53.281672),['Station']
Breetzer Straße,POINT(10.725367 53.284074),['Station']
Robert-Koch-Straße,POINT(10.735405 53.279786),['Station']
Barskamper Weg,POINT(10.750466 53.282154),['Station']
Elbweg,POINT(10.751829 53.284317),['Station']
Schiedenitzweg,POINT(10.741582 53.280127),['Station']
Fähre,POINT(10.734428 53.297854),['Station']
Bokelstraße,POINT(10.709701 53.264638),['Station']
Ziegelei,POINT(10.715342 53.270766),['Station']
Görgenweg,POINT(10.716838 53.266952),['Station']
Blankenese,POINT(9.815271 53.564497),['Station']
Iserbrook,POINT(9.814401 53.576516),['Station']
Sülldorf,POINT(9.797896 53.581156),['Station']
Rissen,POINT(9.757409 53.583243),['Station']
Blankenese (Schiffsanleger),POINT(9.804726 53.556005),['Station']
Wachtelweg,POINT(9.836461 53.596527),['Station']
Luruper Chaussee (DESY),POINT(9.888856 53.5763),['Station']
Parkstieg,POINT(9.84436 53.599553),['Station']
Sandort,POINT(9.846903 53.575652),['Station']
Stadionstraße,POINT(9.884475 53.580529),['Station']
Tannenberg,POINT(9.880714 53.584097),['Station']
Rugenbarg (Nord),POINT(9.8762 53.588479),['Station']
Farnhornweg,POINT(9.88292 53.593578),['Station']
Lüdersring,POINT(9.885315 53.596858),['Station']
Langbargheide (Nord),POINT(9.887004 53.598867),['Station']
Fangdieckstraße,POINT(9.889548 53.601355),['Station']
S Elbgaustraße,POINT(9.892914 53.603387),['Station']
Katzbachstraße,POINT(9.884316 53.601106),['Station']
Franzosenkoppel,POINT(9.880188 53.600885),['Station']
Jevenstedter Straße,POINT(9.873986 53.60049),['Station']
Recknitzstraße,POINT(9.867286 53.599362),['Station']
Trebelstraße,POINT(9.861136 53.598481),['Station']
Engelbrechtweg,POINT(9.856582 53.598127),['Station']
Luckmoor,POINT(9.86535 53.597004),['Station']
Flurstraße (Nord),POINT(9.870321 53.593419),['Station']
Eckhoffplatz (Lurup Center),POINT(9.873577 53.590906),['Station']
Hasselbinnen,POINT(9.834793 53.593151),['Station']
Kressenweg,POINT(9.87285 53.586419),['Station']
Flurstraße/Rugenbarg,POINT(9.86673 53.585457),['Station']
Achtern Styg,POINT(9.866812 53.581368),['Station']
Geranienweg,POINT(9.86606 53.578552),['Station']
Blomkamp,POINT(9.859965 53.577293),['Station']
Jochim-Sahling-Weg,POINT(9.851069 53.576395),['Station']
Busbetriebshof,POINT(9.833115 53.591527),['Station']
Rugenfeld,POINT(9.850619 53.578753),['Station']
Immenbusch,POINT(9.85341 53.583917),['Station']
Achtern Born (Kindermuseum),POINT(9.851707 53.587092),['Station']
Böttcherkamp,POINT(9.852923 53.593481),['Station']
Schenefelder Platz,POINT(9.849224 53.598791),['Station']
Jahnstraße,POINT(9.843305 53.604969),['Station']
Lindenallee,POINT(9.840867 53.608464),['Station']
Kreuzweg,POINT(9.845787 53.608232),['Station']
Gorch-Fock-Straße,POINT(9.854629 53.607657),['Station']
Neißestraße,POINT(9.864981 53.607061),['Station']
Weistritzstraße,POINT(9.871351 53.606754),['Station']
Baumläuferweg,POINT(9.876574 53.604362),['Station']
Stadtzentrum,POINT(9.838126 53.600522),['Station']
Borgfelde,POINT(9.828862 53.599563),['Station']
Dorfplatz,POINT(9.8245 53.6005),['Station']
Op de Gehren,POINT(9.822192 53.596778),['Station']
Uetersener Weg,POINT(9.817563 53.603468),['Station']
Dockenhudener Chaussee,POINT(9.816354 53.613612),['Station']
Brander Hof,POINT(9.818663 53.617361),['Station']
Nienhöfen,POINT(9.810007 53.619872),['Station']
Datumer Chaussee,POINT(9.798938 53.621915),['Station']
Arenen (Luftbadweg),POINT(9.897447 53.584161),['Station']
Moorweg,POINT(9.845677 53.602706),['Station']
Grubenstieg,POINT(9.857678 53.58218),['Station']
Aneken,POINT(9.823852 53.591304),['Station']
Achterndiek,POINT(9.829933 53.606402),['Station']
Langbargheide (Süd),POINT(9.891264 53.593183),['Station']
Op de Wisch,POINT(9.800577 53.621517),['Station']
Vorhornweg,POINT(9.881765 53.592499),['Station']
Blocksberg,POINT(9.840595 53.613048),['Station']
Kiebitzweg (Mitte),POINT(9.836312 53.605037),['Station']
Kastanienallee,POINT(9.838514 53.60716),['Station']
In de Masch,POINT(9.824566 53.603096),['Station']
Bahnhof,POINT(10.796205 53.265818),['Station']
L 222,POINT(10.742717 53.261598),['Station']
Wöppenberg,POINT(10.761011 53.256719),['Station']
Am Fischteich,POINT(10.76449 53.253504),['Station']
Waldbad,POINT(10.803843 53.257831),['Station']
Markt,POINT(10.783822 53.244176),['Station']
Grundschule,POINT(10.773318 53.24232),['Station']
Walmsburger Straße,POINT(10.785147 53.243617),['Station']
Hohe Luft,POINT(10.777002 53.241573),['Station']
Grundschule,POINT(10.509575 53.292682),['Station']
Bruchdorfer Straße,POINT(10.848188 53.239079),['Station']
Kateminer Straße,POINT(10.843664 53.239086),['Station']
Hohlweg,POINT(9.962264 53.402959),['Station']
Fischbeker Moor (Schule),POINT(9.836471 53.473176),['Station']
Elbgaustraße,POINT(9.89355 53.602709),['Station']
Pinneberger Chaussee,POINT(9.889637 53.618507),['Station']
Schillingsbekweg,POINT(9.948089 53.594795),['Station']
Julius-Vosseler-Straße,POINT(9.946875 53.590501),['Station']
U Hagenbecks Tierpark,POINT(9.943782 53.593337),['Station']
Deelwisch,POINT(9.941946 53.598375),['Station']
Hagenbeck (Nordeingang),POINT(9.93629 53.598105),['Station']
Informatikum,POINT(9.931825 53.59769),['Station']
Wegenkamp,POINT(9.925585 53.599006),['Station']
Jütländer Allee,POINT(9.931333 53.601414),['Station']
Oldenburger Straße,POINT(9.929068 53.605592),['Station']
Niendorfer Gehege,POINT(9.926627 53.609996),['Station']
Rathaus Stellingen,POINT(9.934946 53.592634),['Station']
Nienredder,POINT(9.92221 53.596615),['Station']
A Eidelstedt Zentrum,POINT(9.901142 53.610208),['Station']
Wördemanns Weg,POINT(9.917248 53.599735),['Station']
Reichsbahnstraße,POINT(9.912233 53.602532),['Station']
Furtweg,POINT(9.899207 53.605892),['Station']
Eidelstedter Platz,POINT(9.904604 53.608187),['Station']
Wiebischenkamp,POINT(9.907029 53.616274),['Station']
Eidelstedter Brook,POINT(9.908735 53.622524),['Station']
Spanische Furt,POINT(9.917012 53.625093),['Station']
Lohkampstraße 45,POINT(9.898915 53.60992),['Station']
Niekampsweg,POINT(9.89536 53.611168),['Station']
Redingskamp,POINT(9.890768 53.612676),['Station']
Feldrosenweg,POINT(9.885505 53.613892),['Station']
Jasminweg,POINT(9.88037 53.614748),['Station']
Burbekstraße,POINT(9.874914 53.616118),['Station']
S Krupunder,POINT(9.86731 53.616739),['Station']
Pflugacker,POINT(9.898345 53.613689),['Station']
Furchenacker,POINT(9.897115 53.616978),['Station']
Dallbregen,POINT(9.896189 53.618898),['Station']
Baumacker,POINT(9.897648 53.620711),['Station']
Grenzacker,POINT(9.892905 53.6201),['Station']
Wildacker,POINT(9.888141 53.621384),['Station']
Mergenthalerweg,POINT(9.895935 53.613338),['Station']
Halstenbeker Stieg,POINT(9.890752 53.616908),['Station']
Weidenstraße,POINT(9.86971 53.618052),['Station']
Steinwiesenweg,POINT(9.916017 53.60988),['Station']
Dörpsweg,POINT(9.911525 53.611064),['Station']
Rebenacker,POINT(9.901181 53.61913),['Station']
Max-Tau-Straße,POINT(9.951083 53.592273),['Station']
Mühlenauweg,POINT(9.909637 53.604753),['Station']
Jaarsmoor,POINT(9.89112 53.608567),['Station']
Deepenbrook (Möbel Höffner),POINT(9.90837 53.621026),['Station']
Birkenkamp,POINT(10.364442 53.798542),['Station']
Kirchtwiete,POINT(10.573735 53.320366),['Station']
Abzweigung Jürgenstorf,POINT(10.594927 53.330446),['Station']
Am Neetzekanal,POINT(10.559023 53.296772),['Station']
"Jürgenstorf, Jürgenstorfer Straße",POINT(10.597464 53.323196),['Station']
Schönfeld,POINT(10.615084 53.364098),['Station']
Kirche,POINT(10.589238 53.344567),['Station']
Feldstraße,POINT(10.594745 53.344458),['Station']
Roggenberg,POINT(10.596129 53.348142),['Station']
Im Kamp,POINT(10.581281 53.345023),['Station']
Pferdekoppel,POINT(10.706855 53.35342),['Station']
Abzweig Garlstorf,POINT(10.699602 53.348177),['Station']
Bartelsdorf,POINT(10.542694 53.476008),['Station']
Barförder Elbdeich 22,POINT(10.628122 53.367982),['Station']
Poggenort,POINT(10.643217 53.360451),['Station']
Feuerwehr,POINT(10.632217 53.367414),['Station']
Hinter den Höfen,POINT(10.637614 53.367493),['Station']
Elbdeich 15,POINT(10.638038 53.362886),['Station']
Mühlenweg,POINT(10.370883 53.74195),['Station']
Ahrenschulter,POINT(10.623719 53.316218),['Station']
L 219,POINT(10.633924 53.315432),['Station']
Ortsmitte,POINT(10.633698 53.311112),['Station']
Hagenbecks Tierpark,POINT(9.944171 53.592499),['Station']
Lutterothstraße,POINT(9.947712 53.582003),['Station']
Krupunder,POINT(9.867866 53.615864),['Station']
Eidelstedt Zentrum,POINT(9.901494 53.610421),['Station']
Max-Brauer-Allee (Mitte),POINT(9.949452 53.5586),['Station']
S Holstenstraße,POINT(9.948531 53.561986),['Station']
Sternbrücke,POINT(9.955126 53.561269),['Station']
U S Sternschanze,POINT(9.965936 53.564111),['Station']
U Schlump,POINT(9.970698 53.567756),['Station']
Alsenplatz,POINT(9.951802 53.566489),['Station']
U Christuskirche,POINT(9.963194 53.569632),['Station']
Arenen,POINT(9.899353 53.588594),['Station']
Fruchtallee (Hamburg-Haus),POINT(9.956999 53.571362),['Station']
Schulweg,POINT(9.959459 53.574676),['Station']
Schlankreye (DKH),POINT(9.969917 53.571851),['Station']
Kaiser-Friedrich-Ufer,POINT(9.964872 53.573051),['Station']
Bogenstraße,POINT(9.97285 53.57402),['Station']
Bismarckstraße,POINT(9.969378 53.576699),['Station']
Mansteinstraße,POINT(9.965785 53.578659),['Station']
Goebenstraße,POINT(9.961989 53.577738),['Station']
Eidelstedter Weg,POINT(9.957124 53.580904),['Station']
Sorthmannweg,POINT(9.956109 53.583446),['Station']
Veilchenweg (West),POINT(9.957604 53.588798),['Station']
Lohkoppelweg,POINT(9.954192 53.592186),['Station']
U Osterstraße,POINT(9.951295 53.576152),['Station']
Apostelkirche,POINT(9.945237 53.575328),['Station']
Methfesselstraße,POINT(9.945783 53.579484),['Station']
Sartoriusstraße,POINT(9.941327 53.578028),['Station']
Högenstraße,POINT(9.938519 53.580773),['Station']
Langenfelder Damm,POINT(9.935226 53.582757),['Station']
Augustenburger Straße,POINT(9.944624 53.565449),['Station']
Basselweg,POINT(9.931931 53.58741),['Station']
Volksparkstraße,POINT(9.928608 53.592189),['Station']
S Stellingen,POINT(9.919107 53.590034),['Station']
Lederstraße,POINT(9.907423 53.589594),['Station']
Am Volkspark,POINT(9.908287 53.585517),['Station']
Schnackenburgallee 56,POINT(9.918005 53.580312),['Station']
Winsberg (West),POINT(9.912901 53.575409),['Station']
Winsberg (Nord),POINT(9.915236 53.576568),['Station']
Winsberg (Süd),POINT(9.917591 53.574466),['Station']
Rondenbarg,POINT(9.919655 53.578421),['Station']
Marlowring,POINT(9.925351 53.573112),['Station']
Ruhrstraße,POINT(9.923321 53.570702),['Station']
Tiedemannstraße,POINT(9.934983 53.579947),['Station']
Armbruststraße,POINT(9.939929 53.574229),['Station']
Langenfelder Straße,POINT(9.94413 53.568985),['Station']
Stresemannstraße,POINT(9.94498 53.563802),['Station']
Schulterblatt,POINT(9.960709 53.563884),['Station']
Bernstorffstraße,POINT(9.959838 53.560117),['Station']
Weidenallee,POINT(9.965054 53.565142),['Station']
Schnackenburgallee,POINT(9.904304 53.592043),['Station']
U S Sternschanze (Kehre),POINT(9.968822 53.564267),['Station']
Schnackenburgallee (Mitte),POINT(9.911149 53.583788),['Station']
Hellgrundweg (Arenen),POINT(9.898838 53.592794),['Station']
Langenfelder Damm (Kieler Straße),POINT(9.933611 53.583462),['Station']
S Holstenstraße (Holstenplatz),POINT(9.946402 53.561913),['Station']
Am Hohen Stein,POINT(10.317551 54.042762),['Station']
"Vogelsang, Ort",POINT(10.659144 53.324591),['Station']
Vogelsang 11,POINT(10.65063 53.324089),['Station']
Turnhalle,POINT(10.798768 53.265474),['Station']
Elbuferstraße 41,POINT(10.7164 53.347999),['Station']
Zum Kirchplatz,POINT(10.724608 53.345221),['Station']
Ort,POINT(10.614724 53.307318),['Station']
Rosenthaler Weg,POINT(10.616894 53.307549),['Station']
Birkenweg,POINT(10.616249 53.310739),['Station']
Schule,POINT(9.971828 53.404328),['Station']
Metzendorf,POINT(9.95505 53.403763),['Station']
Menkenbruch,POINT(10.010184 53.326796),['Station']
Brücke,POINT(10.006376 53.392621),['Station']
Ort,POINT(10.010955 53.394892),['Station']
Osterstraße,POINT(9.95167 53.576086),['Station']
Emilienstraße,POINT(9.952748 53.571657),['Station']
Christuskirche,POINT(9.962363 53.569603),['Station']
Schlump,POINT(9.970121 53.56759),['Station']
Sternschanze (Messe),POINT(9.969446 53.563831),['Station']
Holstenstraße,POINT(9.949075 53.561982),['Station']
Langenfelde,POINT(9.930875 53.579889),['Station']
Stellingen (Arenen),POINT(9.918467 53.589779),['Station']
Eidelstedt,POINT(9.906418 53.596232),['Station']
Feldstraße,POINT(9.722108 53.577154),['Station']
Pulverstraße,POINT(9.719275 53.572148),['Station']
Hans-Böckler-Platz,POINT(9.713994 53.570491),['Station']
Elbstraße (Willkomm Höft),POINT(9.705986 53.570026),['Station']
Schulzentrum,POINT(10.747416 53.183848),['Station']
Bei der Doppeleiche,POINT(9.705815 53.57425),['Station']
Ernst-Barlach-Schule,POINT(9.712515 53.575891),['Station']
Müllerkamp,POINT(9.712648 53.57934),['Station']
Rissener Straße,POINT(9.713091 53.582312),['Station']
S Wedel,POINT(9.70439 53.582067),['Station']
Markt,POINT(9.698999 53.583878),['Station']
Pinneberger Straße,POINT(9.703537 53.586169),['Station']
Breiter Weg,POINT(9.708449 53.590929),['Station']
Schlödelsweg,POINT(9.708361 53.593832),['Station']
Fährenkamp,POINT(9.718876 53.613545),['Station']
Autal,POINT(9.711031 53.590015),['Station']
Egenbüttelweg,POINT(9.715091 53.590773),['Station']
Otto-Hahn-Straße,POINT(9.724319 53.590816),['Station']
Hasenkamp,POINT(9.728868 53.592756),['Station']
Einsteinstraße,POINT(9.727375 53.596377),['Station']
Moorweg,POINT(9.722647 53.593693),['Station']
Rebhuhnweg,POINT(9.71801 53.592795),['Station']
Roland,POINT(9.697294 53.583968),['Station']
Gärtnerstraße,POINT(9.696865 53.585418),['Station']
Steinberg,POINT(9.696893 53.588023),['Station']
Lülanden,POINT(9.69382 53.589407),['Station']
Schauenburgerstraße,POINT(9.690829 53.588418),['Station']
Hatzburgtwiete,POINT(9.686951 53.591414),['Station']
Hauentwiete,POINT(9.67874 53.60298),['Station']
Bahnhofstraße,POINT(9.705323 53.577344),['Station']
"Schulau, Fähranleger",POINT(9.70179 53.569179),['Station']
Markt,POINT(9.794638 53.620694),['Station']
Am Freibad,POINT(9.697786 53.578053),['Station']
Am Brink,POINT(10.374717 53.490891),['Station']
Hasenwinkel,POINT(10.366084 53.501216),['Station']
Ahornweg,POINT(10.350547 53.495121),['Station']
Heidkoppelweg,POINT(10.349823 53.489881),['Station']
Steinberg,POINT(10.373105 53.488582),['Station']
Quellenweg,POINT(10.351939 53.500496),['Station']
Schule,POINT(10.356409 53.493688),['Station']
Katenkoppel,POINT(10.372345 53.487908),['Station']
Waldsiedlung,POINT(10.365571 53.504008),['Station']
Riekenhagen,POINT(10.452392 53.74966),['Station']
Hauptstraße,POINT(10.734174 53.712341),['Station']
"(RZ), Blöckenredder",POINT(10.54365 53.549995),['Station']
"(RZ), Auf der Horst",POINT(10.531308 53.540413),['Station']
"(RZ), Alte Dorfstraße",POINT(10.537165 53.544669),['Station']
"(RZ), Denkmal",POINT(10.534252 53.547151),['Station']
Zum Hofgraben,POINT(10.568062 53.471589),['Station']
Fredeburg,POINT(10.725156 53.672977),['Station']
"(RZ), An der Autobahn",POINT(10.560198 53.562999),['Station']
Strandbaddamm,POINT(9.698972 53.572206),['Station']
Mühlenrader Weg,POINT(10.526499 53.574846),['Station']
Ansgariusweg,POINT(9.693132 53.586149),['Station']
Grundschule,POINT(10.741656 53.187905),['Station']
Grüner Weg,POINT(10.73457 53.769027),['Station']
Im Park,POINT(10.569582 53.748452),['Station']
Quickborn,POINT(10.753068 53.186362),['Station']
Kastorf Bahnhof,POINT(10.543788 53.749515),['Station']
Am Rehsprung,POINT(10.724022 53.819177),['Station']
Am Sonnenberg,POINT(10.750428 53.801649),['Station']
Tannenredder,POINT(10.73104 53.822185),['Station']
Gemeindezentrum,POINT(10.727499 53.822128),['Station']
Rehhagen,POINT(10.731573 53.81817),['Station']
Am Putteich,POINT(10.471041 53.762704),['Station']
Am Dorfplatz,POINT(10.430012 53.732578),['Station']
Am Torfmoor,POINT(10.743581 53.811858),['Station']
Groß Pampau,POINT(10.560666 53.522008),['Station']
Klempauer Straße,POINT(10.735072 53.769065),['Station']
Bavernsee,POINT(10.737287 53.771648),['Station']
Schanzenberg,POINT(10.749265 53.779543),['Station']
Fuhlenhagener Weg,POINT(10.544778 53.585502),['Station']
"(RZ), Gewerbepark",POINT(10.503475 53.520818),['Station']
Alte Dorfstraße,POINT(10.493788 53.528766),['Station']
Kastanienallee,POINT(10.492833 53.526918),['Station']
Schule,POINT(10.491045 53.440819),['Station']
Küsterkamp,POINT(10.481586 53.442742),['Station']
Lütauer Weg,POINT(10.498416 53.445417),['Station']
Kirche,POINT(10.526974 53.74947),['Station']
Alter Bahnhof,POINT(10.66861 53.545593),['Station']
Dorfplatz,POINT(10.681783 53.539541),['Station']
Seestraße,POINT(10.67282 53.536045),['Station']
Sportplatz,POINT(10.420104 53.445916),['Station']
Gewerbegebiet Nord,POINT(10.733241 53.701427),['Station']
Lindenstraße,POINT(10.47294 53.539889),['Station']
Alter Bahnhof,POINT(10.464669 53.533655),['Station']
Schmiedestraße,POINT(10.469976 53.542747),['Station']
Schulweg,POINT(10.367155 53.47643),['Station']
Fahrendorfer Weg,POINT(10.359896 53.476935),['Station']
Kirche,POINT(10.365925 53.475653),['Station']
Steinbergweg,POINT(10.369071 53.475599),['Station']
Hornbek,POINT(10.646372 53.559614),['Station']
Hornstorf,POINT(10.727253 53.786233),['Station']
Juliusburg,POINT(10.506551 53.417979),['Station']
Kankelau,POINT(10.567474 53.54955),['Station']
Franzdorf,POINT(10.438067 53.69645),['Station']
Wotersener Weg,POINT(10.587075 53.512467),['Station']
Grüner Weg,POINT(10.581117 53.510371),['Station']
Eichhörnchenweg,POINT(10.570673 53.514121),['Station']
Klein Sarau,POINT(10.70545 53.767217),['Station']
Rawischweg,POINT(10.577063 53.583014),['Station']
Klein Talkau,POINT(10.565227 53.570014),['Station']
Brückenstraße,POINT(10.461611 53.458894),['Station']
Am Vorteich,POINT(10.461672 53.465489),['Station']
Am Genesungsheim,POINT(10.466748 53.48516),['Station']
Hinter den Teichen,POINT(10.462404 53.470117),['Station']
Schloßstraße,POINT(10.459155 53.463219),['Station']
Dorfstraße,POINT(10.316051 53.488695),['Station']
Rehwinkel,POINT(10.325765 53.489522),['Station']
In der Rieh,POINT(10.488603 53.423039),['Station']
Im Bohnenbusch,POINT(10.49197 53.420409),['Station']
Dorfstraße,POINT(10.523531 53.396017),['Station']
Feuerwehr,POINT(10.52702 53.402344),['Station']
Kropsöhler Weg,POINT(10.547186 53.772645),['Station']
Trenthorster Weg,POINT(10.547847 53.77659),['Station']
Büchener Weg,POINT(10.555041 53.386498),['Station']
Friedhof,POINT(10.547292 53.374683),['Station']
Alte Schule,POINT(10.563143 53.744483),['Station']
Graf-Bernhard-Ring,POINT(10.542941 53.382333),['Station']
Christianshöhe,POINT(10.557445 53.738375),['Station']
Klein Klinkrade,POINT(10.538698 53.72141),['Station']
Kirche,POINT(10.545629 53.435344),['Station']
Gallbergweg,POINT(10.550038 53.43534),['Station']
Ratzeburger Straße/B207,POINT(10.697399 53.642427),['Station']
Schäferkaten,POINT(10.548053 53.728217),['Station']
Kätner Kamp,POINT(10.467187 53.549754),['Station']
Lankauer Weg,POINT(10.691719 53.635013),['Station']
Bf. Mölln,POINT(10.683718 53.624333),['Station']
Hempschört,POINT(10.681155 53.620685),['Station']
Steinhorster Straße,POINT(10.526984 53.710876),['Station']
Schulberg,POINT(10.683226 53.616918),['Station']
Im Ruhwinkel,POINT(10.521021 53.708076),['Station']
Busch (Nord),POINT(10.447109 53.660344),['Station']
ZOB,POINT(10.685598 53.627506),['Station']
Nädlershorster Weg,POINT(10.755395 53.796643),['Station']
Birkenweg,POINT(10.276829 53.489561),['Station']
Neugüster,POINT(10.647076 53.530723),['Station']
Krügerkoppel,POINT(10.599046 53.590899),['Station']
Zum Herrenhaus,POINT(10.603774 53.588122),['Station']
Holstendorfer Weg,POINT(10.72861 53.753936),['Station']
Seeweg,POINT(10.728852 53.750222),['Station']
Lüneburger Damm,POINT(10.762976 53.699465),['Station']
Bf. Ratzeburg,POINT(10.741625 53.698376),['Station']
Waldgräfenstraße,POINT(10.424 53.493953),['Station']
Finanzamt,POINT(10.748515 53.699471),['Station']
Lübecker Straße,POINT(10.75415 53.700242),['Station']
Markt,POINT(10.774642 53.699239),['Station']
Otto-Garber-Straße,POINT(10.753767 53.692861),['Station']
Ravenskamp,POINT(10.746566 53.686056),['Station']
Trammer Weg,POINT(10.627705 53.532957),['Station']
Feuerwehr,POINT(10.62697 53.533057),['Station']
Wotersener Weg,POINT(10.624149 53.530273),['Station']
In der Rülau,POINT(10.501944 53.497572),['Station']
Abzweigung Louisenhof,POINT(10.517542 53.490429),['Station']
Kirche,POINT(10.533249 53.525678),['Station']
Gewerbegebiet,POINT(10.518724 53.531076),['Station']
Abzweigung Lüchow,POINT(10.510325 53.699109),['Station']
Fliederweg,POINT(10.732059 53.184423),['Station']
Alter Forsthof,POINT(10.460971 53.49986),['Station']
Königsberger Allee,POINT(10.474771 53.502314),['Station']
Schmiedestraße,POINT(10.481433 53.501899),['Station']
Seestern-Pauly-Straße,POINT(10.483022 53.501655),['Station']
Bf. Schwarzenbek,POINT(10.4844 53.503561),['Station']
Gemeinschaftsschule,POINT(10.475637 53.499904),['Station']
Friedhof,POINT(10.48507 53.508935),['Station']
Kollower Straße,POINT(10.472862 53.497252),['Station']
Meiereistraße,POINT(10.489317 53.50066),['Station']
Mühlenredder,POINT(10.48959 53.511431),['Station']
Rathaus,POINT(10.478961 53.503179),['Station']
Abzweigung Klein Pampau,POINT(10.612991 53.509739),['Station']
Schulstraße,POINT(10.618484 53.512639),['Station']
Hauptstraße (Ost),POINT(10.59822 53.799948),['Station']
Stötebrück,POINT(10.562131 53.407694),['Station']
Breitenende,POINT(10.566483 53.577025),['Station']
Kirche,POINT(10.572851 53.574506),['Station']
Kirche,POINT(10.614813 53.563145),['Station']
West,POINT(10.606006 53.566939),['Station']
Tüschenbek,POINT(10.747912 53.787875),['Station']
Ziegelhorst,POINT(10.757163 53.791001),['Station']
Wangelau,POINT(10.548225 53.454594),['Station']
"Wentorf, Moorkoppel",POINT(10.26657 53.491134),['Station']
"Wentorf, Zollstraße",POINT(10.250709 53.490277),['Station']
Lindenstraße,POINT(10.449424 53.441915),['Station']
Geesthachter Straße (Mitte),POINT(10.439845 53.443038),['Station']
Katenstieg,POINT(10.611589 53.451321),['Station']
Mühlenkamp,POINT(10.610951 53.448004),['Station']
Feuerwehr,POINT(10.639701 53.577535),['Station']
Kiefernweg,POINT(10.643377 53.565263),['Station']
Büchener Weg,POINT(10.616064 53.509661),['Station']
Seekrug,POINT(10.729994 53.798648),['Station']
"(RZ), Lankener Weg",POINT(10.535982 53.549079),['Station']
Neubergholz,POINT(10.74225 53.505488),['Station']
Massower Straße,POINT(10.571501 53.5088),['Station']
Dorfstraße,POINT(10.724885 53.701889),['Station']
Bismarcksiedlung,POINT(10.667036 53.765799),['Station']
Siedlung,POINT(10.687733 53.770568),['Station']
Am Teich,POINT(10.696093 53.709678),['Station']
Heinrich-Hertz-Straße,POINT(10.744075 53.699023),['Station']
Blumenstraße,POINT(10.487274 53.68866),['Station']
Saarlandstraße,POINT(10.754802 53.697707),['Station']
Hollit,POINT(10.505586 53.696141),['Station']
Klosterredder,POINT(10.664286 53.764911),['Station']
Drosselweg,POINT(10.660458 53.762835),['Station']
Dorfstraße,POINT(10.59647 53.593081),['Station']
Feuerwehr,POINT(10.43243 53.678474),['Station']
Jägerstraße,POINT(10.432742 53.675631),['Station']
Ostpreußenstraße,POINT(10.432386 53.672275),['Station']
Lürberg,POINT(10.42016 53.668718),['Station']
Pöhlen,POINT(10.428007 53.682831),['Station']
Am Hasenkrug,POINT(10.529169 53.753548),['Station']
"A/S, Bullenhorst",POINT(10.46563 53.682682),['Station']
Kalkkuhle,POINT(10.473104 53.66133),['Station']
"A/S, Sparrbucht",POINT(10.47547 53.677098),['Station']
"A/S, Schüttenmoor",POINT(10.471527 53.667316),['Station']
Bahnhofstraße,POINT(10.638166 53.734809),['Station']
Kirchenstraße,POINT(10.649944 53.731404),['Station']
Ratzeburger Straße,POINT(10.651557 53.733871),['Station']
Lübecker Straße,POINT(10.602451 53.768809),['Station']
Neuer Weg,POINT(10.595942 53.766362),['Station']
Kählstorf,POINT(10.655861 53.747371),['Station']
Mühlenbrook,POINT(10.465502 53.728223),['Station']
Schule,POINT(10.642753 53.778948),['Station']
Zur Drögemühle,POINT(10.636932 53.743992),['Station']
Lindenallee,POINT(10.626019 53.754232),['Station']
Auf dem Sandberg,POINT(10.630671 53.752209),['Station']
Grinauer Straße,POINT(10.564802 53.793164),['Station']
Bliestorfer Weg,POINT(10.5903 53.798031),['Station']
Eichedeer Weg,POINT(10.461789 53.711168),['Station']
Neue Siedlung,POINT(10.465427 53.714745),['Station']
Teich,POINT(10.461328 53.707481),['Station']
Am Ziegelteich,POINT(10.48228 53.720145),['Station']
Von Wedderkopstraße,POINT(10.484795 53.719727),['Station']
Wiesenweg,POINT(10.489269 53.722853),['Station']
Weedener Weg,POINT(10.586346 53.755204),['Station']
Dieksredder,POINT(10.594333 53.79831),['Station']
Bürgerende,POINT(10.495867 53.688086),['Station']
Bergstraße,POINT(10.562292 53.501058),['Station']
Schule,POINT(10.562215 53.494445),['Station']
Quellenweg,POINT(10.572915 53.509123),['Station']
Besenthal,POINT(10.742241 53.530255),['Station']
Bröthen,POINT(10.666113 53.48011),['Station']
Kirche,POINT(10.638606 53.480517),['Station']
Schmiedestraße,POINT(10.638794 53.481872),['Station']
Alte Dorfstraße,POINT(10.63999 53.479672),['Station']
Fitzen,POINT(10.648042 53.496185),['Station']
Göttin,POINT(10.703329 53.531741),['Station']
Kirche,POINT(10.774992 53.556003),['Station']
Zarrentiner Straße,POINT(10.778635 53.558313),['Station']
Wiesengrund,POINT(10.740499 53.499906),['Station']
Fortkrug,POINT(10.733238 53.487072),['Station']
Zollhof,POINT(10.739729 53.49768),['Station']
Dorfstraße (Mitte),POINT(10.737829 53.493223),['Station']
"Glüsing, Bergstraße",POINT(10.508567 53.3789),['Station']
Feuerwehr,POINT(10.501118 53.385446),['Station']
Am Keil,POINT(10.501856 53.387189),['Station']
Schäferhof,POINT(10.504255 53.385325),['Station']
Am Kuhberg,POINT(10.483128 53.420043),['Station']
Schule,POINT(10.555333 53.438983),['Station']
Sandberg,POINT(10.584615 53.418657),['Station']
Am Kanal,POINT(10.595014 53.412759),['Station']
Twieten,POINT(10.583034 53.416198),['Station']
Sportplatz,POINT(10.608895 53.434238),['Station']
Hauptstraße,POINT(10.611361 53.437368),['Station']
Am Luisenbad,POINT(10.700286 53.633013),['Station']
Kirche,POINT(10.492185 53.442413),['Station']
Schloßstraße,POINT(10.490651 53.442459),['Station']
Meiereistraße,POINT(10.489662 53.442139),['Station']
Fahrendorf,POINT(10.350507 53.466825),['Station']
Bf. Schwarzenbek (Nordseite),POINT(10.484292 53.504344),['Station']
Veilchenweg,POINT(10.481691 53.514027),['Station']
Paul-Gerhardt-Ring,POINT(10.483563 53.512386),['Station']
Bismarckstraße,POINT(10.471862 53.506232),['Station']
Brüggemannstraße,POINT(10.46663 53.510106),['Station']
EKZ Lupuspark,POINT(10.497487 53.513066),['Station']
Moorweg,POINT(10.492863 53.504614),['Station']
Hans-Koch-Ring,POINT(10.498522 53.514221),['Station']
Heuweg,POINT(10.489623 53.512383),['Station']
Im Strange,POINT(10.473098 53.511437),['Station']
Kornweg,POINT(10.486146 53.512543),['Station']
Industriestraße (Louisenhof),POINT(10.504256 53.510088),['Station']
Markriede,POINT(10.466189 53.508261),['Station']
Ernst-Schefe-Allee,POINT(10.477736 53.512584),['Station']
Peerkoppel,POINT(10.469136 53.506724),['Station']
Pflasterstraße,POINT(10.472266 53.510055),['Station']
Röntgenstraße,POINT(10.500737 53.506502),['Station']
Schäferkoppel,POINT(10.469583 53.509621),['Station']
Grabauer Straße,POINT(10.489314 53.501855),['Station']
Schwarzenbeker Werkstätten,POINT(10.50634 53.504679),['Station']
Kirche,POINT(10.543402 53.585457),['Station']
Boitze,POINT(10.747035 53.149093),['Station']
Steinkrug,POINT(10.583576 53.49384),['Station']
Grundschule,POINT(10.029504 53.372431),['Station']
Neetzendorf (Nord),POINT(10.766371 53.164939),['Station']
Mühle,POINT(10.765763 53.169433),['Station']
Amt Hohe Elbgeest,POINT(10.36303 53.489174),['Station']
Sperberweg,POINT(10.363125 53.49026),['Station']
Lupuspark,POINT(10.49328 53.513901),['Station']
Verbrüderungsring (Ost),POINT(10.495451 53.510908),['Station']
Am Hainholz,POINT(10.471607 53.500188),['Station']
Sachsenwaldring,POINT(10.476458 53.497531),['Station']
Bf. Müssen,POINT(10.560868 53.499207),['Station']
Berliner Straße (Süd),POINT(10.478931 53.498003),['Station']
Allensteiner Straße,POINT(10.478695 53.499453),['Station']
Sperberweg,POINT(10.497296 53.499104),['Station']
Ort,POINT(10.762657 53.161148),['Station']
ZOB,POINT(10.578401 53.654919),['Station']
Eichenweg (West),POINT(10.500025 53.500427),['Station']
Eichenweg (Ost),POINT(10.50215 53.500427),['Station']
Mühlenweg,POINT(10.762778 53.555897),['Station']
Forsthof,POINT(10.417119 53.504495),['Station']
Alte Salzstraße,POINT(10.742043 53.775506),['Station']
Trammer Straße,POINT(10.639423 53.576595),['Station']
Gymnasium,POINT(10.484352 53.506059),['Station']
Tannenweg,POINT(10.571719 53.49512),['Station']
"(RZ), Dorfstraße 45",POINT(10.524583 53.514476),['Station']
"(RZ), Grover Weg",POINT(10.516012 53.513003),['Station']
Niendorfer Weg,POINT(10.636219 53.604253),['Station']
Schulstraße,POINT(10.638688 53.60678),['Station']
"(RZ), Vor den Höfen",POINT(10.502935 53.521319),['Station']
Rehkoppel,POINT(10.323761 53.521425),['Station']
Augustinum,POINT(10.311053 53.530309),['Station']
Hof Amsel,POINT(10.464244 53.477642),['Station']
Sachsenwaldstraße,POINT(10.314617 53.525615),['Station']
Am Friedhof,POINT(10.362196 53.493721),['Station']
Bahnhofstraße,POINT(10.624166 53.529536),['Station']
Wasserkrüger Weg,POINT(10.738339 53.5414),['Station']
Kesselflickerstraße,POINT(10.515442 53.531225),['Station']
An der Kiesbahn,POINT(10.805666 53.561861),['Station']
Alter Bahnhof,POINT(10.82203 53.601566),['Station']
Neu Sterley,POINT(10.819366 53.607079),['Station']
Schule,POINT(10.82276 53.620624),['Station']
Alter Gutshof,POINT(10.771606 53.612541),['Station']
Am Käsel,POINT(10.756922 53.614816),['Station']
Dorfstraße,POINT(10.748862 53.617261),['Station']
B 208,POINT(10.697638 53.713062),['Station']
Turnierweg,POINT(10.643065 53.734527),['Station']
Hamburger Straße,POINT(10.637605 53.733649),['Station']
Dorfstraße,POINT(10.599481 53.736977),['Station']
Schulkoppel,POINT(10.578718 53.745079),['Station']
Steinkamp,POINT(10.452833 53.592325),['Station']
Segrahn,POINT(10.793725 53.54113),['Station']
Kreuzung,POINT(10.780233 53.171059),['Station']
Mücklingen,POINT(10.784119 53.180374),['Station']
Norderstraße,POINT(10.371738 53.433155),['Station']
Ort,POINT(10.784032 53.16783),['Station']
Ort,POINT(10.717404 53.164371),['Station']
Berliner Straße,POINT(10.743784 53.69821),['Station']
Gut Horndorf,POINT(10.796039 53.197135),['Station']
Klaus-Groth-Straße,POINT(10.746572 53.692778),['Station']
Siemensstraße,POINT(10.750758 53.691135),['Station']
Am Waldschwimmbad,POINT(10.608872 53.488156),['Station']
Am Hesterkamp,POINT(10.596812 53.490393),['Station']
Amselweg,POINT(10.816439 53.618087),['Station']
Louisenhof 6,POINT(10.535568 53.492643),['Station']
Hünenweg,POINT(10.31759 53.49264),['Station']
Bf. Büchen (Ladestraße),POINT(10.623434 53.475728),['Station']
Steinweg,POINT(10.747544 53.203186),['Station']
Am Brink,POINT(10.724766 53.701936),['Station']
Cesenaticostraße,POINT(10.491092 53.508285),['Station']
Gut,POINT(10.601802 53.802326),['Station']
Hauptstraße,POINT(10.471897 53.57633),['Station']
Gutenbergstraße,POINT(10.368419 53.455335),['Station']
Pötrauer Straße,POINT(10.599595 53.475852),['Station']
Abzweig K 26,POINT(10.676727 53.224064),['Station']
Ellringer Neetzetal,POINT(10.703309 53.223382),['Station']
Kettelberg,POINT(10.70444 53.226214),['Station']
Am Hornstorfer Weg,POINT(10.749632 53.80149),['Station']
A.-Paul-Weber-Straße,POINT(10.544128 53.58507),['Station']
Bogenstraße,POINT(10.421272 53.45248),['Station']
Lankener Weg,POINT(10.468949 53.559698),['Station']
Kapellenstraße,POINT(10.572541 53.57469),['Station']
Wedel,POINT(9.704916 53.581911),['Station']
Wagrierweg,POINT(9.941239 53.639236),['Station']
Vielohwisch,POINT(9.930759 53.639148),['Station']
Scheelring,POINT(9.910551 53.638791),['Station']
Graf-Otto-Weg,POINT(9.912476 53.645291),['Station']
Modering,POINT(9.920523 53.637798),['Station']
Oldesloer Straße,POINT(9.918492 53.635469),['Station']
A Schnelsen,POINT(9.905777 53.633346),['Station']
A Burgwedel,POINT(9.908656 53.647),['Station']
IKEA Schnelsen,POINT(9.927059 53.647613),['Station']
Burgwedeltwiete,POINT(9.911557 53.641946),['Station']
Burgwedelkamp,POINT(9.915807 53.642731),['Station']
Anna-Susanna-Stieg,POINT(9.921439 53.643038),['Station']
Eisenhansweg,POINT(9.921958 53.645344),['Station']
Dornröschenweg,POINT(9.920663 53.648364),['Station']
Grothwisch,POINT(9.918695 53.651766),['Station']
Albertinen-Krankenhaus (A Schnelsen),POINT(9.904979 53.632049),['Station']
Franzosenheide,POINT(9.900204 53.631447),['Station']
Kalvslohtwiete,POINT(9.893408 53.630321),['Station']
Frohmestraße (Mitte),POINT(9.921356 53.632293),['Station']
Wählingsweg,POINT(9.919602 53.631605),['Station']
Halstenbeker Straße,POINT(9.90979 53.627341),['Station']
Graf-Johann-Weg,POINT(9.919266 53.627942),['Station']
Sellhopsweg (Albertinen-Haus),POINT(9.928792 53.62945),['Station']
Peter-Timm-Straße,POINT(9.915967 53.639648),['Station']
Aspen,POINT(10.397816 53.801671),['Station']
Kriegerdankweg,POINT(9.911808 53.633291),['Station']
Fuchsberg,POINT(10.391192 53.818901),['Station']
Graf-Otto-Weg (West),POINT(9.908676 53.644421),['Station']
Wietersheim,POINT(9.898272 53.625199),['Station']
Wogenmannsburg,POINT(9.903505 53.62604),['Station']
Minimax,POINT(10.388738 53.80165),['Station']
Wendum,POINT(10.378403 53.81372),['Station']
Wiesenstraße,POINT(10.374527 53.81823),['Station']
Wolfgang-Sonder-Weg,POINT(10.383028 53.814467),['Station']
Lindenweg,POINT(10.501146 53.837531),['Station']
Im Hölk 14-24,POINT(10.389265 53.817593),['Station']
Röthmoorweg,POINT(9.922363 53.628565),['Station']
Bahnhofstraße,POINT(10.566397 53.27572),['Station']
Abzweigung Dumstorf,POINT(10.699382 53.189244),['Station']
Am Kirchkamp,POINT(10.696401 53.178943),['Station']
Malepartus,POINT(10.283598 53.734659),['Station']
Becklingen,POINT(10.638995 53.168477),['Station']
Up de Vorburg,POINT(10.304739 53.737145),['Station']
Mitte/B 216,POINT(10.638294 53.197154),['Station']
Im Dorfe,POINT(10.638952 53.195591),['Station']
Bf. Bavendorf,POINT(10.628925 53.188054),['Station']
Feuerwehrhaus,POINT(10.309496 53.742439),['Station']
Siloahweg,POINT(9.901271 53.635384),['Station']
Im Siek,POINT(10.626524 53.217886),['Station']
Dorfstraße,POINT(10.630144 53.224522),['Station']
Burgwedel,POINT(9.90838 53.647514),['Station']
Schnelsen,POINT(9.906673 53.63351),['Station']
Hörgensweg,POINT(9.903603 53.617189),['Station']
Schmiedeweg,POINT(10.499133 53.764189),['Station']
Neuhauser Straße,POINT(10.823282 53.209608),['Station']
Siedlung,POINT(10.815804 53.206595),['Station']
Preußenkoppel,POINT(10.650886 53.775889),['Station']
Im Klint,POINT(10.811973 53.173636),['Station']
Tangsehler Weg,POINT(10.818802 53.174889),['Station']
Eichdorf,POINT(10.833766 53.162428),['Station']
Harmstorf,POINT(10.759377 53.214371),['Station']
Haus Nr. 6,POINT(10.753848 53.228894),['Station']
Abzweig Köstorf,POINT(10.75584 53.232927),['Station']
Kleinmoor,POINT(10.864055 53.180219),['Station']
Abzweig Tangsehl,POINT(10.872176 53.171572),['Station']
Abzw. Tangsehl (K15),POINT(10.874474 53.174555),['Station']
Zum Buchenwald,POINT(10.370793 53.691237),['Station']
Abzweig Ventschau,POINT(10.83932 53.213244),['Station']
Abzweig Köhlingen,POINT(10.839405 53.213485),['Station']
Am Waldrand,POINT(10.549449 53.613253),['Station']
Dornweg,POINT(10.553941 53.613366),['Station']
Alte Buddikate,POINT(10.370903 53.754206),['Station']
Lüben,POINT(10.854864 53.157203),['Station']
Pommoißeler Straße,POINT(10.867038 53.163142),['Station']
Göhrder Bahnhofstraße,POINT(10.861678 53.165751),['Station']
Alter Rundling,POINT(10.859362 53.182728),['Station']
Nieperfitz,POINT(10.881483 53.157666),['Station']
Am Dicken Busch,POINT(10.851534 53.204517),['Station']
Ortsmitte,POINT(10.856934 53.201306),['Station']
Am Bach,POINT(10.866045 53.206061),['Station']
Hauptstraße,POINT(10.802062 53.265029),['Station']
Bf. Dahlenburg,POINT(10.705228 53.16992),['Station']
Mittelfeld,POINT(10.724036 53.191388),['Station']
Holztwiete,POINT(9.874153 53.547116),['Station']
Dorfstraße,POINT(10.251723 53.708499),['Station']
Lohe,POINT(10.248456 53.70201),['Station']
An der Bünte,POINT(10.459184 53.280837),['Station']
Danziger Weg,POINT(10.438222 53.281712),['Station']
Friedhof,POINT(10.448221 53.285652),['Station']
Rader Weg,POINT(10.137361 53.752733),['Station']
DRK-Heim,POINT(10.446566 53.280155),['Station']
Grüner Weg,POINT(10.432347 53.272841),['Station']
Heinrich-Heine-Siedlung,POINT(10.464646 53.278784),['Station']
Heinrich-Hille-Straße,POINT(10.442823 53.286113),['Station']
Kastanienallee,POINT(10.454745 53.28391),['Station']
Katzenweg,POINT(10.457218 53.286963),['Station']
Kirchweg,POINT(10.436597 53.278865),['Station']
Kreuzkamp,POINT(10.436609 53.286377),['Station']
Lindenweg,POINT(10.437523 53.272959),['Station']
Neue Straße,POINT(10.430891 53.274566),['Station']
Rauher Weg,POINT(10.434944 53.276512),['Station']
Sportzentrum,POINT(10.454862 53.289112),['Station']
Steinweg,POINT(10.442277 53.275246),['Station']
Teichaue,POINT(10.449033 53.286595),['Station']
Von-Stauffenberg-Straße,POINT(10.440425 53.282125),['Station']
Weinbergsweg,POINT(10.432736 53.285363),['Station']
Weinbergsweg (Schule),POINT(10.432617 53.282237),['Station']
Elba,POINT(10.427079 53.296493),['Station']
Dorfstraße,POINT(10.426511 53.285761),['Station']
Virchowstraße,POINT(10.446965 53.281309),['Station']
Moorchaussee,POINT(10.447868 53.288964),['Station']
Im Gutspark,POINT(10.446859 53.286172),['Station']
Artlenburger Landstraße,POINT(10.427424 53.278939),['Station']
Königsberger Weg,POINT(10.439931 53.283506),['Station']
Röthenweg,POINT(10.432756 53.285956),['Station']
Kornblumenweg,POINT(10.432827 53.287627),['Station']
Robert-Schumann-Straße,POINT(10.433818 53.289915),['Station']
Röntgenstraße,POINT(10.44885 53.282086),['Station']
Schierenweg,POINT(10.434191 53.314012),['Station']
Stettiner Ring,POINT(10.444809 53.313398),['Station']
Alter Teichweg,POINT(10.217258 53.710768),['Station']
Grundschule,POINT(10.445826 53.333695),['Station']
Ort,POINT(10.445431 53.330464),['Station']
Scharnebecker Straße,POINT(10.447925 53.331845),['Station']
Ritzkamper Weg,POINT(10.457225 53.327688),['Station']
Abzw. Bennerstedt,POINT(10.487046 53.314613),['Station']
Denkmal,POINT(10.443373 53.333095),['Station']
Moorweg,POINT(10.440049 53.317302),['Station']
Am Sportplatz,POINT(10.435984 53.318699),['Station']
Alte Salzstraße,POINT(10.455745 53.350755),['Station']
Alte Salzstraße,POINT(10.474088 53.362239),['Station']
Ost,POINT(10.504423 53.367935),['Station']
Hopfenhof,POINT(10.486567 53.372463),['Station']
Mühle,POINT(10.498179 53.370224),['Station']
Grünstraße,POINT(10.49196 53.371983),['Station']
Große Straße,POINT(10.486871 53.370842),['Station']
B 209,POINT(10.493707 53.368258),['Station']
Elbdeich,POINT(10.48272 53.375045),['Station']
Dahmsdorf,POINT(10.555059 53.861617),['Station']
Alsterkrugchaussee (Mitte),POINT(10.005352 53.617869),['Station']
U Klosterstern,POINT(9.987487 53.582184),['Station']
U Eppendorfer Baum,POINT(9.983825 53.583787),['Station']
Haynstraße,POINT(9.983217 53.586218),['Station']
Bezirksamt Hamburg-Nord,POINT(9.987395 53.590523),['Station']
Eppendorfer Marktplatz,POINT(9.988974 53.592828),['Station']
U Kellinghusenstraße,POINT(9.991489 53.588638),['Station']
Schubackstraße,POINT(9.988511 53.596912),['Station']
U Lattenkamp,POINT(9.995105 53.599831),['Station']
Lokstedter Weg,POINT(9.983997 53.595736),['Station']
Eppendorfer Weg (Ost),POINT(9.971871 53.582007),['Station']
Gärtnerstraße,POINT(9.969519 53.584155),['Station']
Kottwitzstraße,POINT(9.964684 53.580735),['Station']
Löwenstraße (Facharztklinik),POINT(9.971736 53.587336),['Station']
UK Eppendorf,POINT(9.975759 53.588903),['Station']
Julius-Reincke-Stieg (Bethanien),POINT(9.982928 53.591971),['Station']
Veilchenweg (Ost),POINT(9.967931 53.588661),['Station']
Brunsberg,POINT(9.966652 53.594152),['Station']
Moltrechtweg,POINT(10.007543 53.615945),['Station']
Frickestraße,POINT(9.978496 53.597569),['Station']
Sophienterrasse,POINT(9.993368 53.576672),['Station']
Harvestehuder Weg,POINT(9.993911 53.579256),['Station']
Streekbrücke,POINT(9.994934 53.583578),['Station']
Maria-Louisen-Straße,POINT(10.002396 53.586876),['Station']
U Hudtwalckerstraße,POINT(9.996359 53.594079),['Station']
Lattenkampstieg,POINT(9.996969 53.597515),['Station']
Braamkamp,POINT(9.996808 53.601596),['Station']
Wilhelm-Metzger-Straße,POINT(9.999538 53.604628),['Station']
Carl-Cohn-Straße,POINT(10.005449 53.607346),['Station']
Hindenburgstraße,POINT(10.01147 53.60894),['Station']
Sengelmannstraße (Mitte),POINT(10.019708 53.614099),['Station']
Brabandstraße,POINT(10.008842 53.613383),['Station']
Sydneystraße,POINT(10.017778 53.605472),['Station']
Manilabrücke,POINT(10.02241 53.607104),['Station']
Kapstadtring,POINT(10.025256 53.605453),['Station']
Stiftung Alsterdorf,POINT(10.022026 53.614942),['Station']
Alsterdorfer Straße/Überseekolleg,POINT(10.026706 53.617256),['Station']
U S Ohlsdorf (Fuhlsbüttler Straße),POINT(10.0333 53.621189),['Station']
Maienweg,POINT(10.025471 53.621166),['Station']
Tarpenbekstraße,POINT(9.983934 53.594326),['Station']
Eppendorfer Park (UKE),POINT(9.978595 53.590092),['Station']
Dakarweg,POINT(10.025248 53.60264),['Station']
U Alsterdorf,POINT(10.012434 53.606883),['Station']
Oddernskamp,POINT(9.9523 53.598688),['Station']
Knappe Böge,POINT(10.015512 53.612401),['Station']
U S Ohlsdorf (Alsterdorfer Straße),POINT(10.032494 53.61974),['Station']
Im Grünen Grunde,POINT(10.031549 53.623118),['Station']
Bebelallee,POINT(9.996256 53.605725),['Station']
U Sengelmannstraße,POINT(10.022046 53.608913),['Station']
U S Ohlsdorf (Im Grünen Grunde),POINT(10.030978 53.620778),['Station']
Breitenfelder Straße,POINT(9.975492 53.587144),['Station']
UK Eppendorf (Haupteingang),POINT(9.974775 53.589468),['Station']
Nesselstraße,POINT(10.019717 53.618223),['Station']
Dorfplatz,POINT(10.270736 53.957433),['Station']
Waidmannsheil,POINT(10.279181 53.946157),['Station']
Wierensiek,POINT(10.256385 53.964044),['Station']
Tankstelle,POINT(10.937831 53.286839),['Station']
ZOB,POINT(10.927142 53.285602),['Station']
Ausbau,POINT(11.057971 53.211931),['Station']
Schule,POINT(10.941227 53.287323),['Station']
"(Amt Neuhaus), E-Werk",POINT(10.930156 53.296903),['Station']
Dorfstraße,POINT(10.248811 53.982848),['Station']
Hamdorf,POINT(10.279228 53.981485),['Station']
Heidkaten,POINT(10.245288 53.968481),['Station']
Meisterstraße,POINT(10.51079 53.293934),['Station']
Mühle,POINT(10.925874 53.274074),['Station']
OT Carrenzien,POINT(10.934536 53.278643),['Station']
Grundschule,POINT(10.404822 53.179056),['Station']
Floetstraße,POINT(10.409293 53.179901),['Station']
Am Rischpool,POINT(10.37937 53.181124),['Station']
Gymnasium,POINT(10.415663 53.178487),['Station']
Ätzberg,POINT(10.396806 53.177721),['Station']
Am Diemel,POINT(10.400815 53.18046),['Station']
Deutsch-Evern-Weg,POINT(10.415739 53.186232),['Station']
Ebstorfer Straße,POINT(10.40443 53.178961),['Station']
"Herrenhof, Fähre",POINT(11.050901 53.162642),['Station']
Abzweig,POINT(11.032848 53.184395),['Station']
"(Amt Neuhaus), Rassau",POINT(11.016378 53.184756),['Station']
Stückenkoppel,POINT(10.306868 53.972346),['Station']
Fliederstraße,POINT(10.327517 53.192541),['Station']
Im Dorfe,POINT(10.324038 53.193272),['Station']
Schulzentrum,POINT(10.351198 53.180476),['Station']
Danziger Straße,POINT(10.37129 53.181046),['Station']
Forsthaus,POINT(10.345425 53.165229),['Station']
Amselweg,POINT(10.344745 53.171689),['Station']
Querlberg,POINT(10.350926 53.173731),['Station']
Bahnhofstraße,POINT(10.345296 53.177362),['Station']
Siedlung,POINT(10.361438 53.180746),['Station']
Steinern 11,POINT(10.427737 53.642641),['Station']
Heinsen,POINT(10.344788 53.159206),['Station']
Wiesenweg,POINT(10.38284 53.160181),['Station']
Kampweg,POINT(10.381882 53.157362),['Station']
Sengelmannstraße (City Nord),POINT(10.021863 53.609444),['Station']
Alsterdorf,POINT(10.011578 53.606468),['Station']
Lattenkamp (Sporthalle),POINT(9.994547 53.599881),['Station']
Hudtwalckerstraße,POINT(9.995951 53.594729),['Station']
Kellinghusenstraße,POINT(9.991008 53.588759),['Station']
Klosterstern,POINT(9.988395 53.581611),['Station']
Sierichstraße,POINT(10.00121 53.590346),['Station']
Eppendorfer Baum,POINT(9.985489 53.583917),['Station']
Hoheluftbrücke,POINT(9.976083 53.577426),['Station']
Butterberg,POINT(10.376736 53.133446),['Station']
Bauerholzweg,POINT(10.372384 53.138465),['Station']
Große Hof,POINT(10.374534 53.13419),['Station']
Abzweigung Betzendorf,POINT(10.37263 53.135407),['Station']
Hauptstraße,POINT(10.36927 53.142051),['Station']
Bokenkamp,POINT(10.36365 53.1458),['Station']
Ohlsdorf,POINT(10.031669 53.62061),['Station']
Nedderfeld (Kehre),POINT(9.963006 53.603877),['Station']
Röntgenstraße,POINT(10.011276 53.62356),['Station']
Lufthansa-Basis,POINT(9.997513 53.620594),['Station']
Alsterdorfer Damm,POINT(9.999384 53.613426),['Station']
Alsterkrugchaussee 244,POINT(9.99564 53.610402),['Station']
Inselstraße,POINT(9.993138 53.606802),['Station']
Orchideenstieg,POINT(9.990232 53.602684),['Station']
Nedderfeld (Anscharhöhe),POINT(9.984195 53.600982),['Station']
Rosenbrook,POINT(9.985853 53.60405),['Station']
Köppenstraße,POINT(9.978555 53.607282),['Station']
Warnckesweg,POINT(9.974502 53.61037),['Station']
Spreenende,POINT(9.973498 53.612732),['Station']
Am Licentiatenberg,POINT(9.983626 53.614195),['Station']
Stavenhagenstraße,POINT(9.968708 53.610102),['Station']
Niendorfer Straße,POINT(9.958194 53.610178),['Station']
Nedderfeld,POINT(9.961965 53.603247),['Station']
Siemersplatz,POINT(9.96388 53.599781),['Station']
Offakamp,POINT(9.971528 53.59865),['Station']
Behrmannplatz,POINT(9.957596 53.599104),['Station']
Grelckstraße,POINT(9.953532 53.602425),['Station']
Hinter der Lieth,POINT(9.955651 53.605939),['Station']
Vogt-Cordes-Damm,POINT(9.951932 53.613885),['Station']
U Niendorf Markt,POINT(9.95204 53.619383),['Station']
Bindfeldweg,POINT(9.941589 53.622413),['Station']
Freizeitbad Bondenwald,POINT(9.937138 53.626168),['Station']
Fuhlsbütteler Weg,POINT(9.954812 53.622308),['Station']
Helvetierweg,POINT(9.959013 53.626974),['Station']
Krähenweg,POINT(9.962085 53.630454),['Station']
Langobardenweg,POINT(9.966645 53.634838),['Station']
Grotkoppelweg,POINT(9.970108 53.639491),['Station']
Moorrand,POINT(9.972383 53.643067),['Station']
Suhrenkamp,POINT(10.01415 53.619241),['Station']
Heselstücken,POINT(9.99951 53.618762),['Station']
An der Lohe,POINT(9.95264 53.623853),['Station']
Herzog-Bruno-Weg,POINT(9.947039 53.625488),['Station']
Graf-Anton-Weg,POINT(9.944251 53.627208),['Station']
Wendlohstraße,POINT(9.939262 53.62988),['Station']
Vietinghoffweg,POINT(9.941261 53.634141),['Station']
Gottschalkweg,POINT(9.943337 53.635725),['Station']
Vielohweg (Mitte),POINT(9.945184 53.638531),['Station']
U Niendorf Nord,POINT(9.949637 53.640221),['Station']
Nedderfeld Center,POINT(9.974 53.601694),['Station']
Jägerlauf,POINT(9.967732 53.603093),['Station']
Bekstück,POINT(9.964732 53.609964),['Station']
Pommernweg,POINT(9.956588 53.642718),['Station']
Keltenweg,POINT(9.957526 53.645397),['Station']
Klotzenmoor (Mitte),POINT(9.9836 53.609172),['Station']
Israelitisches Krankenhaus,POINT(9.989544 53.605556),['Station']
Paeplowstieg,POINT(9.986139 53.615711),['Station']
Großer Ring,POINT(9.925978 53.641108),['Station']
Wunderbrunnen,POINT(9.926326 53.646622),['Station']
Lufthansa-Basis (Haupteingang),POINT(9.996916 53.621578),['Station']
Vielohweg (West),POINT(9.924198 53.639207),['Station']
Obenhauptstraße,POINT(10.007491 53.620762),['Station']
Bergstraße,POINT(10.755404 53.695812),['Station']
Mechower Straße,POINT(10.79046 53.695176),['Station']
Albert-Schweitzer-Straße,POINT(10.776421 53.686129),['Station']
Röpersberg,POINT(10.774359 53.687481),['Station']
Friedhof,POINT(10.135542 53.135129),['Station']
Schmilauer Straße,POINT(10.773788 53.681468),['Station']
Neu Oerzen,POINT(10.318618 53.179502),['Station']
Tannenweg,POINT(10.797507 53.691763),['Station']
Ortsmitte (B209),POINT(10.292013 53.150805),['Station']
Celler Landstraße,POINT(10.295336 53.151451),['Station']
Bahnhof,POINT(10.300572 53.14815),['Station']
Dorfstraße,POINT(10.311088 53.137135),['Station']
Grundschule,POINT(10.31277 53.135921),['Station']
Im Dorfe,POINT(10.311874 53.137404),['Station']
Marxen am Berge,POINT(10.248028 53.160853),['Station']
Abzweigung Glüsingen,POINT(10.310803 53.124826),['Station']
Tellmer Dorfstraße,POINT(10.30235 53.111557),['Station']
Rosengarten,POINT(10.297787 53.105361),['Station']
Abzweigung,POINT(10.307929 53.118738),['Station']
Hagenstraße,POINT(10.374164 53.810381),['Station']
Am Bürgerpark,POINT(10.368467 53.809332),['Station']
Niendorf Nord,POINT(9.950195 53.640846),['Station']
Schippelsweg,POINT(9.952495 53.635544),['Station']
Joachim-Mähl-Straße,POINT(9.950351 53.628256),['Station']
Niendorf Markt,POINT(9.951881 53.620364),['Station']
Hagendeel,POINT(9.945239 53.60383),['Station']
Kreuzung,POINT(10.210758 53.177449),['Station']
Dorfstraße,POINT(10.23811 53.174688),['Station']
Schule,POINT(10.18343 53.764408),['Station']
Ermlandweg,POINT(9.992317 53.64904),['Station']
Wrangelkoppel,POINT(9.99634 53.648422),['Station']
Samlandweg,POINT(10.003046 53.648708),['Station']
Rittmerskamp,POINT(10.009085 53.648289),['Station']
U Langenhorn Markt (Krohnstieg),POINT(10.016266 53.649423),['Station']
Glashütter Kirchenweg,POINT(10.041543 53.690726),['Station']
Sperlingsweg,POINT(9.974965 53.645552),['Station']
Wördenmoorweg,POINT(10.019537 53.654606),['Station']
Am Schulwald,POINT(10.027232 53.65012),['Station']
Timmerloh,POINT(10.020016 53.657523),['Station']
Lademannbogen,POINT(10.036877 53.648716),['Station']
Glashütter Landstraße,POINT(10.041541 53.64775),['Station']
Brillkamp,POINT(10.049136 53.646659),['Station']
Wattkorn,POINT(10.023744 53.66467),['Station']
Hohe Liedt,POINT(10.025943 53.669863),['Station']
Klinikum Nord (Heidberg),POINT(10.028077 53.674876),['Station']
Hasloher Kehre,POINT(10.030878 53.679273),['Station']
U Langenhorn Nord,POINT(10.01834 53.661427),['Station']
Böttgerstraße,POINT(10.032714 53.683156),['Station']
ZOB,POINT(10.037496 53.688677),['Station']
Robert-Koch-Straße (West),POINT(10.045833 53.686079),['Station']
Lademannbogen (West),POINT(10.0325 53.647837),['Station']
Friedhof,POINT(10.046497 53.681123),['Station']
Hans-Salb-Straße,POINT(10.034101 53.684807),['Station']
Am Böhmerwald,POINT(10.024817 53.685821),['Station']
Kielort,POINT(10.016894 53.684271),['Station']
Wilhelm-Busch-Platz,POINT(10.007412 53.682752),['Station']
U Ochsenzoll,POINT(10.000874 53.677667),['Station']
Klinikum Nord (Ochsenzoll),POINT(10.002394 53.672192),['Station']
Tarpen,POINT(10.001283 53.664932),['Station']
Oehleckerring,POINT(10.002702 53.660311),['Station']
Foorthkamp,POINT(10.004914 53.656653),['Station']
Dreyerpfad,POINT(10.006806 53.653519),['Station']
Reestück,POINT(10.009159 53.650094),['Station']
Lentersweg,POINT(10.028524 53.63921),['Station']
U Fuhlsbüttel Nord,POINT(10.016934 53.640108),['Station']
Valvo,POINT(9.991914 53.666663),['Station']
Wischhöfen,POINT(10.013084 53.644759),['Station']
Flughafenstraße,POINT(10.012356 53.639635),['Station']
Preetzer Straße,POINT(10.016855 53.633056),['Station']
Ohkamp,POINT(10.023809 53.638064),['Station']
U Langenhorn Markt (Tangstedter Landstraße),POINT(10.016255 53.648983),['Station']
Zeppelinstraße,POINT(10.008195 53.627441),['Station']
Lademannbogen (Süd),POINT(10.028613 53.642839),['Station']
Robert-Koch-Straße (Mitte),POINT(10.050909 53.685694),['Station']
Wilhelm-Stein-Weg,POINT(10.033481 53.644666),['Station']
Lademannbogen (Ost),POINT(10.037067 53.647816),['Station']
Götkensweg,POINT(10.026824 53.671904),['Station']
Robert-Koch-Straße (Nord),POINT(10.051227 53.68933),['Station']
Hans-Böckler-Ring,POINT(10.051646 53.692192),['Station']
S Hamburg Airport,POINT(10.006444 53.632649),['Station']
Krohnstiegtunnel,POINT(9.987667 53.649384),['Station']
Ratsmühlendamm,POINT(10.013016 53.6274),['Station']
Lerchenkampweg,POINT(9.514571 53.488125),['Station']
Auf dem Klingenberg,POINT(9.514493 53.453029),['Station']
Am Redder,POINT(10.275401 53.721224),['Station']
Ort,POINT(10.203954 53.164686),['Station']
L 234,POINT(10.211019 53.171318),['Station']
Neu Oldendorf 34,POINT(10.202613 53.170217),['Station']
Immenhöven,POINT(10.02167 53.660869),['Station']
Dortmunder Straße,POINT(9.994302 53.673643),['Station']
Essener Straße,POINT(9.992138 53.671046),['Station']
Holsteiner Straße,POINT(10.264668 53.737619),['Station']
Denkmal,POINT(10.219931 53.106436),['Station']
Ehlbecker Weg,POINT(10.208737 53.105032),['Station']
Ortsmitte,POINT(10.213982 53.155517),['Station']
Salzhausener Straße,POINT(10.213481 53.158398),['Station']
Mühlenstraße,POINT(10.262184 53.734635),['Station']
Bockum,POINT(10.203532 53.090824),['Station']
Neue Straße,POINT(10.25046 53.733294),['Station']
Bahnhof,POINT(10.215748 53.130697),['Station']
Kirche,POINT(10.212737 53.124599),['Station']
Grundschule,POINT(10.220344 53.125222),['Station']
Oldendorfer Straße,POINT(10.214454 53.134098),['Station']
Abzw.Wohlenbüttel,POINT(10.211082 53.143829),['Station']
Soltauer Straße,POINT(10.208366 53.124823),['Station']
Hanfberg/Lieth,POINT(9.535819 53.557774),['Station']
Munsterstraße,POINT(10.146509 53.09526),['Station']
Apfelstraße,POINT(10.157867 53.088473),['Station']
Finkenberg,POINT(10.151347 53.086901),['Station']
Dehnsener Straße,POINT(10.191069 53.125438),['Station']
Ochsenzoll,POINT(10.001597 53.678155),['Station']
Kiwittsmoor,POINT(10.015964 53.675231),['Station']
Langenhorn Nord,POINT(10.017568 53.660796),['Station']
Langenhorn Markt,POINT(10.017317 53.649117),['Station']
Ravener Dorfstraße,POINT(10.158964 53.173112),['Station']
Pumpenhaus,POINT(10.226961 53.706401),['Station']
Kastanienweg,POINT(10.16892 53.126745),['Station']
Grundschule,POINT(10.146025 53.142712),['Station']
Moorweg,POINT(10.145399 53.140534),['Station']
Hauptstraße,POINT(10.146642 53.141223),['Station']
Am Schmiedeberg,POINT(10.871172 53.688864),['Station']
Goldenseer Straße,POINT(10.882648 53.691928),['Station']
Salemer Straße,POINT(10.886723 53.683534),['Station']
Gut,POINT(10.911327 53.66961),['Station']
Birkenweg,POINT(10.914632 53.66474),['Station']
Schwindebeck,POINT(10.116692 53.125036),['Station']
Mittelweg,POINT(10.25256 53.702021),['Station']
Alte Rolfsener Straße,POINT(10.157829 53.163751),['Station']
Schleuse,POINT(10.149643 53.405758),['Station']
Hoopter Elbdeich 52,POINT(10.163998 53.397864),['Station']
Elbfähre,POINT(10.174191 53.394565),['Station']
Katende,POINT(10.155528 53.402089),['Station']
Sportplatz,POINT(10.160578 53.399254),['Station']
Hafen,POINT(10.182402 53.390324),['Station']
Rohrleuen,POINT(10.188502 53.38701),['Station']
Alte Schule,POINT(10.197728 53.386891),['Station']
Querweg,POINT(10.19101 53.383148),['Station']
Sportplatzweg,POINT(10.190916 53.37978),['Station']
Am Großen Brack,POINT(10.19242 53.37662),['Station']
Manhagen,POINT(10.263586 53.767202),['Station']
Ilmer Drift,POINT(10.203691 53.341479),['Station']
ZOB,POINT(10.208691 53.361647),['Station']
Stadthalle,POINT(10.207416 53.350571),['Station']
Bahnhofstraße,POINT(10.206017 53.357909),['Station']
Löhnfeld,POINT(10.189969 53.365223),['Station']
Luhe-Park,POINT(10.191413 53.363699),['Station']
Hamburger Straße,POINT(10.200968 53.366398),['Station']
Bf. Winsen,POINT(10.208108 53.354303),['Station']
Viehhallenweg,POINT(10.21331 53.354519),['Station']
Kirche,POINT(10.206375 53.364223),['Station']
Deichstraße,POINT(10.201305 53.366062),['Station']
Fuhlentwiete,POINT(10.196333 53.367181),['Station']
Münze,POINT(10.192291 53.367689),['Station']
Schifferamt,POINT(10.187814 53.367141),['Station']
Musikschule,POINT(10.190129 53.365599),['Station']
Grapenkamp,POINT(10.194736 53.36593),['Station']
Altstadtring,POINT(10.209577 53.365358),['Station']
Kefersteinstraße,POINT(10.218538 53.354017),['Station']
Im Saal/Kronsbruch,POINT(10.222432 53.355729),['Station']
Königsberger Straße,POINT(10.222479 53.356843),['Station']
Schillerstraße,POINT(10.220083 53.359195),['Station']
Goethestraße,POINT(10.218021 53.360132),['Station']
Geestwiesenweg,POINT(10.154556 53.368977),['Station']
Hanseschule,POINT(10.194992 53.36972),['Station']
Krankenhaus,POINT(10.201999 53.350195),['Station']
Ilmer Weg,POINT(10.206648 53.347812),['Station']
Ilmer Weg (Mitte),POINT(10.21573 53.346668),['Station']
Ginsterweg,POINT(10.210961 53.34739),['Station']
Schulzentrum,POINT(10.200374 53.3426),['Station']
Osterwiesen,POINT(10.230397 53.373089),['Station']
Nordenfeld,POINT(10.228809 53.352375),['Station']
Königsberger Straße (Nord),POINT(10.222217 53.359236),['Station']
Goethestraße (Nord),POINT(10.217012 53.362659),['Station']
Saatgehrden,POINT(10.16987 53.366949),['Station']
Mühlenkamp,POINT(10.191851 53.361071),['Station']
Max-Planck-Straße,POINT(10.22163 53.339769),['Station']
Werner-Forßmann-Straße,POINT(10.23144 53.338932),['Station']
Opelstraße,POINT(10.220082 53.336038),['Station']
Messerschmittstraße (Nord),POINT(10.224459 53.335823),['Station']
Porschestraße,POINT(10.216802 53.334733),['Station']
Hoopter Straße 66,POINT(10.19732 53.370757),['Station']
Astrid-Lindgren-Straße,POINT(10.185984 53.367779),['Station']
Amazon,POINT(10.221973 53.331822),['Station']
Maybachstraße,POINT(10.22073 53.333515),['Station']
Messerschmittstraße (Süd),POINT(10.222603 53.331816),['Station']
Friesenweg,POINT(10.214464 53.366045),['Station']
Niedersachsenstraße,POINT(10.215017 53.36276),['Station']
Brüsseler Straße,POINT(10.204535 53.352227),['Station']
Nettelberg,POINT(10.24547 53.377794),['Station']
Hinterdeich 109,POINT(9.645834 53.528523),['Station']
Birkenweg,POINT(10.656435 53.760806),['Station']
Fischbek,POINT(10.283843 53.765054),['Station']
Elbuferstraße,POINT(10.221395 53.393525),['Station']
Wöhrenweg,POINT(10.227636 53.392015),['Station']
Abzweigung Drager Straße,POINT(10.244182 53.385158),['Station']
Hakenweg,POINT(10.230762 53.388352),['Station']
Rehwinkel,POINT(10.820498 53.656172),['Station']
Gemeindehaus,POINT(10.828099 53.656002),['Station']
Siedlung,POINT(10.820963 53.648724),['Station']
Neue Welt,POINT(10.829941 53.637058),['Station']
Alfred-Harbarth-Straße,POINT(10.817233 53.622137),['Station']
Kolkweg,POINT(10.260415 53.374519),['Station']
Oberdorfstraße,POINT(10.263466 53.375035),['Station']
Alter Viedeich,POINT(10.251053 53.376522),['Station']
Oberdorfstraße (Kehre),POINT(10.264287 53.374343),['Station']
Ortsmitte,POINT(10.294438 53.371647),['Station']
Hunden (West),POINT(10.289581 53.375016),['Station']
Ort,POINT(10.291208 53.368178),['Station']
Schule Binnenmarsch,POINT(10.293239 53.36927),['Station']
Ort,POINT(10.301349 53.364231),['Station']
Denkmal,POINT(10.334874 53.36501),['Station']
Kindergarten,POINT(10.334649 53.366469),['Station']
Hundener Straße 10,POINT(10.332976 53.370154),['Station']
Schlaugenweg,POINT(10.337009 53.363621),['Station']
Birnenallee,POINT(10.34949 53.390627),['Station']
Gewerbepark,POINT(10.345437 53.380797),['Station']
Schulzentrum Bürgerweide,POINT(10.223768 53.364081),['Station']
Schule Am Ilmer Barg,POINT(10.209066 53.342548),['Station']
Grevelau 39,POINT(10.176532 53.355741),['Station']
Grevelau 86,POINT(10.184646 53.356946),['Station']
Ziegeleistraße,POINT(10.14563 53.34428),['Station']
Volksbank,POINT(10.146269 53.346835),['Station']
Am Mellhorn,POINT(10.150699 53.345705),['Station']
Alter Bahnhof,POINT(10.753347 53.660544),['Station']
Waldsiedlung,POINT(10.748498 53.658162),['Station']
Wald,POINT(10.74427 53.655052),['Station']
Feuerwehrhaus,POINT(10.197468 53.330534),['Station']
Hinterm Böge,POINT(10.201724 53.337222),['Station']
Kirche,POINT(10.145018 53.318631),['Station']
Grundschule,POINT(10.1428 53.330559),['Station']
Dammwisch,POINT(10.144963 53.325551),['Station']
Blumenstraße,POINT(10.145108 53.326493),['Station']
Im Grimm,POINT(10.147465 53.31646),['Station']
Am Alten Sägewerk,POINT(10.151071 53.316632),['Station']
Im Osterfelde,POINT(10.14753 53.306),['Station']
Birkenstraße,POINT(10.145014 53.301136),['Station']
Niedereichfeld,POINT(10.148927 53.306094),['Station']
Ziegeleiweg,POINT(10.640213 53.6453),['Station']
Scheideweg,POINT(10.596631 53.651784),['Station']
Klingenberg,POINT(10.57891 53.658013),['Station']
Hermannstraße,POINT(10.581724 53.657212),['Station']
Sportplatz,POINT(10.59104 53.65433),['Station']
Ziegelweg,POINT(10.589425 53.656436),['Station']
Koppelbusch,POINT(10.563589 53.668727),['Station']
Koppelkaten,POINT(10.52557 53.629105),['Station']
Vierhöfener Straße,POINT(10.164599 53.284412),['Station']
Bahnhof,POINT(10.146623 53.292871),['Station']
Gewerbegebiet,POINT(10.13311 53.284356),['Station']
Neu Garstedt,POINT(10.124139 53.27506),['Station']
Grundschule,POINT(10.143957 53.294685),['Station']
Brandweg,POINT(10.158695 53.28677),['Station']
Hauptstraße,POINT(10.162298 53.281927),['Station']
Lehmberg-Ost,POINT(10.151882 53.289334),['Station']
Ankerweg,POINT(10.642057 53.687293),['Station']
Höhenweg,POINT(10.684542 53.667751),['Station']
Hansdorfer Redder,POINT(10.215998 53.72221),['Station']
"(RZ), Alte Dorfstraße",POINT(10.57863 53.638391),['Station']
Alte Lüneburger Straße,POINT(10.116361 53.264799),['Station']
Oberer Kirchweg,POINT(10.108012 53.263053),['Station']
Tangendorfer Straße,POINT(10.110063 53.26643),['Station']
Südausgang,POINT(10.09647 53.293981),['Station']
Trift,POINT(10.196202 53.786924),['Station']
Am Bartelsbusch,POINT(10.708699 53.735927),['Station']
Lüneburger Landstraße,POINT(10.10373 53.23644),['Station']
Winsener Landstraße,POINT(10.102164 53.23845),['Station']
Im Dorfe,POINT(10.10113 53.237246),['Station']
Egestorfer Landstraße,POINT(10.099891 53.236242),['Station']
Neu Brackede,POINT(10.693067 53.348494),['Station']
Dorfstraße 36,POINT(10.676849 53.350044),['Station']
Dorfstraße 68,POINT(10.669937 53.351121),['Station']
Schmiede,POINT(10.660084 53.349938),['Station']
Hohenbergen,POINT(10.232636 53.778217),['Station']
Bornbruchweg,POINT(10.128522 53.228615),['Station']
Am Eichhof,POINT(10.141809 53.22767),['Station']
Kreienbarg,POINT(10.151704 53.226991),['Station']
Buchenberg,POINT(10.121125 53.228658),['Station']
Bahnhofstraße 3,POINT(10.1297 53.229017),['Station']
Am Brink,POINT(10.192822 53.21884),['Station']
Röndahler Weg,POINT(10.19875 53.221504),['Station']
Eichenkamp,POINT(10.166231 53.229788),['Station']
Im Kamp,POINT(10.172828 53.224062),['Station']
Im Uhlenbusch,POINT(10.177189 53.220937),['Station']
Abzweigung Putensen,POINT(10.180692 53.217649),['Station']
Alte Baumschule,POINT(10.160724 53.226616),['Station']
ZOB,POINT(10.163902 53.225659),['Station']
Grundschule,POINT(10.176078 53.220804),['Station']
Schulzentrum,POINT(10.170016 53.218689),['Station']
Toppenstedter Kirchweg,POINT(10.160936 53.236669),['Station']
Lerchenweg,POINT(10.163253 53.237078),['Station']
Am Berge,POINT(10.155866 53.204728),['Station']
Ortsmitte,POINT(10.155236 53.202452),['Station']
Bahnhof,POINT(10.159297 53.206501),['Station']
Im Kamp,POINT(10.161139 53.202134),['Station']
VGS,POINT(10.160048 53.206071),['Station']
Lindenallee,POINT(10.195702 53.19649),['Station']
Hinterm Kirchfeld,POINT(10.105152 53.197446),['Station']
Feuerwehr,POINT(10.099888 53.197593),['Station']
Wischenstieg,POINT(10.104702 53.196857),['Station']
Dorfpark,POINT(10.055459 53.19999),['Station']
Schule,POINT(10.061662 53.196655),['Station']
Kirche,POINT(10.063241 53.193972),['Station']
Siedlung,POINT(10.062349 53.186944),['Station']
Ginsterweg,POINT(10.063729 53.181028),['Station']
Abzweigung Döhle,POINT(10.059438 53.17386),['Station']
Ostende,POINT(10.069433 53.194456),['Station']
Thaneberg (Autohof),POINT(10.062462 53.16127),['Station']
Nordausgang,POINT(10.046236 53.163544),['Station']
Hinter den Eichen,POINT(10.040351 53.162598),['Station']
Waldorfschule,POINT(9.680732 53.740718),['Station']
Steinberge,POINT(9.674728 53.618565),['Station']
Schulstraße,POINT(9.67283 53.620858),['Station']
Heinrich-Hertz-Straße,POINT(9.645279 53.745442),['Station']
Hörnstraße,POINT(9.673023 53.62534),['Station']
Rosentwiete,POINT(9.665491 53.650981),['Station']
Lehmweg,POINT(9.659002 53.651834),['Station']
Schule,POINT(9.656312 53.653961),['Station']
Heideweg,POINT(9.668951 53.654573),['Station']
Hamburger Straße,POINT(9.668574 53.657496),['Station']
Klöterbarg,POINT(9.669841 53.662996),['Station']
Glinder Weg,POINT(9.672582 53.666943),['Station']
Parallelstraße,POINT(9.674453 53.672342),['Station']
Grothenpohl,POINT(9.66498 53.665575),['Station']
Voßmoor,POINT(9.660921 53.670072),['Station']
Eichenweg,POINT(9.667544 53.672677),['Station']
Schule,POINT(9.672742 53.673196),['Station']
Werftweg,POINT(9.675812 53.675012),['Station']
Ostbahnhof,POINT(9.677087 53.679928),['Station']
Denkmal,POINT(9.668843 53.682113),['Station']
Großer Wulfhagen,POINT(9.662821 53.684105),['Station']
Buttermarkt,POINT(9.656782 53.683195),['Station']
Mühlenstraße,POINT(9.653389 53.686907),['Station']
Langenhof,POINT(9.654008 53.692627),['Station']
Kahlkes Weg,POINT(9.649114 53.698242),['Station']
Am Gemeindezentrum,POINT(9.648539 53.705181),['Station']
Am Brahm,POINT(9.64751 53.713103),['Station']
Am Redder,POINT(9.647036 53.722656),['Station']
Köhnholz (Süd),POINT(9.64531 53.738578),['Station']
Köhnholz (Nord),POINT(9.6434 53.743467),['Station']
Eichstraße,POINT(9.652686 53.747082),['Station']
Probstendamm,POINT(9.655351 53.752692),['Station']
Schanzenstraße,POINT(9.647707 53.737729),['Station']
Bussardweg,POINT(9.666551 53.747707),['Station']
Fröbelstraße (KGSE),POINT(9.670339 53.742843),['Station']
Bf. Elmshorn (ZOB),POINT(9.657847 53.756255),['Station']
Reichenstraße,POINT(9.655619 53.749519),['Station']
Klein Sonnendeich,POINT(9.607567 53.708658),['Station']
Groß Sonnendeich,POINT(9.589672 53.70802),['Station']
Abzw. Seestermühe,POINT(9.584209 53.702799),['Station']
Kreuzmoor,POINT(9.653496 53.690886),['Station']
Denkmal,POINT(9.747884 53.660297),['Station']
Schule,POINT(9.735906 53.661341),['Station']
Bf. Tornesch (Hamburger Straße),POINT(9.717326 53.696729),['Station']
Bf. Tornesch (Zauberflöte),POINT(9.718621 53.697162),['Station']
Aalkamp,POINT(9.733466 53.699345),['Station']
Eschenweg,POINT(9.724728 53.694861),['Station']
Großer Moorweg 45,POINT(9.733237 53.695788),['Station']
Torneum,POINT(9.732721 53.693968),['Station']
Pinnauring,POINT(9.717818 53.692728),['Station']
Bockhorn,POINT(9.723703 53.6898),['Station']
Riedweg,POINT(9.728118 53.683375),['Station']
Lauenrothsweg,POINT(9.562804 53.714618),['Station']
Gerberweg,POINT(9.729778 53.684839),['Station']
Zum Krückausperrwerk,POINT(9.554256 53.708432),['Station']
Eschenweg,POINT(9.67812 53.62276),['Station']
Lehmweg 72,POINT(9.686969 53.62323),['Station']
Kiesgrube,POINT(9.735305 53.630311),['Station']
Denkmal,POINT(9.754113 53.634695),['Station']
Rollbarg,POINT(9.760735 53.638094),['Station']
Kessy,POINT(9.69234 53.624502),['Station']
Glindhof,POINT(9.677767 53.675144),['Station']
Grothar,POINT(9.682306 53.669494),['Station']
Oberglinde,POINT(9.685973 53.667065),['Station']
Lehmkuhlweg,POINT(9.692433 53.66241),['Station']
Schulzentrum,POINT(9.66334 53.665189),['Station']
Ziegeleiweg,POINT(9.705323 53.659809),['Station']
Kaserne,POINT(9.712305 53.658474),['Station']
Schulstraße,POINT(9.738247 53.660267),['Station']
Bouhlentwiete,POINT(9.743262 53.659822),['Station']
Kirchenstraße,POINT(9.66651 53.664704),['Station']
Pinnaubogen,POINT(9.753478 53.659282),['Station']
Turnhalle,POINT(9.734285 53.662906),['Station']
Unterglinde,POINT(9.704238 53.664551),['Station']
Friedhof,POINT(9.754338 53.651532),['Station']
Wedeler Chaussee,POINT(9.760608 53.639416),['Station']
Klostermühle,POINT(9.654941 53.687428),['Station']
Seminarstraße,POINT(9.659106 53.686597),['Station']
Herderstraße,POINT(9.685274 53.681778),['Station']
Heinrich-Heine-Straße,POINT(9.689325 53.68144),['Station']
Am Eichholz,POINT(9.695096 53.683572),['Station']
Weidenkamp,POINT(9.692431 53.685375),['Station']
Esinger Steinweg,POINT(9.686419 53.686075),['Station']
Fourniermühlenweg,POINT(9.68157 53.686687),['Station']
Alsenstraße,POINT(9.681419 53.688628),['Station']
Ossenpadd,POINT(9.683976 53.689431),['Station']
Schröders Tannen,POINT(9.690702 53.689761),['Station']
Sandweg,POINT(9.677955 53.683068),['Station']
Uetersener Straße,POINT(9.704324 53.692368),['Station']
Am Steinberg,POINT(9.706379 53.694845),['Station']
Bf. Tornesch,POINT(9.715006 53.696483),['Station']
Klaus-Groth-Schule,POINT(9.708931 53.690858),['Station']
Fritz-Reuter-Schule,POINT(9.718134 53.702358),['Station']
Baumschulenweg,POINT(9.724414 53.70126),['Station']
Hypatia-Straße,POINT(9.770515 53.712572),['Station']
Asperhorner Weg,POINT(9.764398 53.714327),['Station']
Lise-Meitner-Allee (Nord),POINT(9.759479 53.717854),['Station']
Lise-Meitner-Allee (Süd),POINT(9.771073 53.713242),['Station']
Langes Tannen,POINT(9.676015 53.691408),['Station']
Am Seeth,POINT(9.674049 53.689667),['Station']
Schanzenstraße,POINT(9.669159 53.688652),['Station']
Klaus-Groth-Straße,POINT(9.664711 53.689791),['Station']
Dessaus Kamp,POINT(9.660821 53.690738),['Station']
Heidweg,POINT(9.655448 53.69278),['Station']
Nils-Alwall-Weg,POINT(9.69993 53.690309),['Station']
Wassermühlenstraße,POINT(9.667681 53.683243),['Station']
Hallenbad,POINT(9.667534 53.685436),['Station']
Deichstraße 24,POINT(9.644994 53.67936),['Station']
Achtern Diek,POINT(9.648709 53.681811),['Station']
Am Gehölz,POINT(9.677612 53.696574),['Station']
Schulstraße,POINT(9.681044 53.70474),['Station']
Dorfstraße,POINT(9.678507 53.709858),['Station']
Lindenweg,POINT(9.682433 53.711058),['Station']
Im Winkel,POINT(9.685248 53.710916),['Station']
Liether Damm,POINT(9.692862 53.709731),['Station']
Kreuzweg,POINT(9.691859 53.705837),['Station']
Pracherdamm,POINT(9.705488 53.70406),['Station']
Norderstraße,POINT(9.708779 53.700734),['Station']
Schlickburg (Nord),POINT(9.586656 53.698034),['Station']
Schlickburg (Süd),POINT(9.583346 53.694097),['Station']
Im Esch,POINT(9.574048 53.683899),['Station']
Binnendiek (Mitte),POINT(9.58183 53.676395),['Station']
Binnendiek (Süd),POINT(9.589099 53.674617),['Station']
Kuhlworth,POINT(9.596674 53.675235),['Station']
Abzweigung Schadendorf,POINT(9.603505 53.675668),['Station']
Rosengarten,POINT(9.609911 53.676031),['Station']
Abzweigung Rosengarten,POINT(9.613071 53.674757),['Station']
Oberrecht (Mitte),POINT(9.623521 53.674352),['Station']
Oberrecht (Ost),POINT(9.638823 53.677569),['Station']
Willy-Meyer-Straße,POINT(9.709781 53.696415),['Station']
Berufsschule,POINT(9.668533 53.753213),['Station']
Brookkamp,POINT(9.734605 53.70561),['Station']
Hörnweg,POINT(9.740885 53.708797),['Station']
Prisdorfer Weg,POINT(9.751514 53.71466),['Station']
Friedrich-Ebert-Schule,POINT(9.673201 53.685817),['Station']
Klevendeich,POINT(9.605522 53.66962),['Station']
Holmerberg,POINT(9.661683 53.616382),['Station']
Grüner Damm,POINT(9.650622 53.612499),['Station']
Blink,POINT(9.639255 53.60822),['Station']
Schulstraße,POINT(9.634494 53.608102),['Station']
Sandweg,POINT(9.629365 53.611651),['Station']
Roßsteert,POINT(9.609818 53.632957),['Station']
Schloss,POINT(9.597405 53.634916),['Station']
Neuer Weg,POINT(9.589607 53.638396),['Station']
Deichreihe,POINT(9.583808 53.63996),['Station']
Scholenfleth,POINT(9.576876 53.640533),['Station']
Mühlenwurth,POINT(9.574106 53.643655),['Station']
Mühlenwurth (Kehre),POINT(9.572645 53.646331),['Station']
Hohenhorst (Süd),POINT(9.571166 53.647677),['Station']
Twiete,POINT(9.565083 53.649592),['Station']
Hohenhorst (Nord),POINT(9.564957 53.652639),['Station']
Sperrwerkstraße,POINT(9.570242 53.659829),['Station']
Altendeicher Chaussee 56,POINT(9.583882 53.6628),['Station']
Audeich,POINT(9.588563 53.666506),['Station']
Altendeicher Chaussee 47,POINT(9.595172 53.669591),['Station']
Haselau,POINT(9.6238 53.660496),['Station']
Geestberg,POINT(9.655562 53.655285),['Station']
Schule,POINT(9.604628 53.63363),['Station']
Kamperrege (Nord),POINT(9.614831 53.655367),['Station']
Siedlung,POINT(9.610173 53.647026),['Station']
Neuer Weg,POINT(9.604449 53.64019),['Station']
Altenfeldsdeich 20,POINT(9.628729 53.640029),['Station']
Geschwister-Scholl-Haus,POINT(9.682788 53.688063),['Station']
Eggerstedtsberg,POINT(9.666425 53.686152),['Station']
Lander,POINT(9.632867 53.706236),['Station']
Altenfeldsdeich 55,POINT(9.621953 53.63674),['Station']
Tantaus Allee,POINT(9.67018 53.687218),['Station']
J.-P.-Lange-Straße,POINT(9.676604 53.687568),['Station']
Raiffeisenstraße,POINT(10.64336 53.779344),['Station']
Tartuer Platz,POINT(10.433062 53.25344),['Station']
Schulstraße,POINT(9.662421 53.727083),['Station']
Gemeindehaus,POINT(9.771016 53.755652),['Station']
Plinkstraße,POINT(9.677986 53.737732),['Station']
Reichenstraße (Ost),POINT(9.659449 53.748196),['Station']
Am Eiskeller,POINT(9.659216 53.745924),['Station']
Ansgarstraße (Mitte),POINT(9.660324 53.743087),['Station']
Hebbelplatz,POINT(9.66197 53.737921),['Station']
Falkenweg,POINT(9.671244 53.74547),['Station']
Liether Feldstraße,POINT(9.660415 53.731478),['Station']
Sandhöhe,POINT(9.662268 53.723112),['Station']
Voßbarg,POINT(9.660353 53.720814),['Station']
Heidgrabener Weg,POINT(9.656805 53.719647),['Station']
Blücherstraße,POINT(9.647693 53.745672),['Station']
Bf. Elmshorn (Holstenstraße),POINT(9.656672 53.754788),['Station']
Schule Langelohe,POINT(9.671584 53.752477),['Station']
Ernst-Abbe-Straße,POINT(9.699712 53.741004),['Station']
Famila,POINT(9.67435 53.681004),['Station']
Finkenbrook,POINT(9.666455 53.681336),['Station']
Große Twiete,POINT(9.66415 53.65416),['Station']
Elmshorn,POINT(9.659262 53.754648),['Station']
Rosenhof,POINT(9.823938 53.654613),['Station']
Tangstedter Chaussee,POINT(9.82837 53.653872),['Station']
Puckholm,POINT(9.888576 53.627698),['Station']
Klaus-Groth-Straße,POINT(9.835209 53.660105),['Station']
Heidehofweg,POINT(9.840982 53.669733),['Station']
Denkmal,POINT(9.843261 53.67624),['Station']
Grundschule,POINT(9.84816 53.67829),['Station']
Hesterhörn,POINT(9.850747 53.679763),['Station']
Eichenstraße,POINT(9.856348 53.677594),['Station']
Jacob-Behrmann-Weg,POINT(9.859149 53.677637),['Station']
Denkmal,POINT(9.869713 53.655645),['Station']
Kellerstraße,POINT(9.872262 53.647262),['Station']
Moorweg,POINT(9.870991 53.641368),['Station']
Hans-Reumann-Straße,POINT(9.877124 53.638915),['Station']
Erlenweg,POINT(9.882501 53.637204),['Station']
Hermann-Löns-Weg,POINT(9.891354 53.638289),['Station']
Heidkoppelweg,POINT(9.894054 53.642294),['Station']
Danziger Straße,POINT(9.899115 53.644224),['Station']
Akazienweg,POINT(9.898688 53.639788),['Station']
Rathaus,POINT(9.829476 53.651672),['Station']
Lohacker,POINT(9.83326 53.656426),['Station']
Lehmkoppel,POINT(9.839396 53.666815),['Station']
Friedhof,POINT(9.832198 53.650117),['Station']
Am Gedenkstein,POINT(9.84705 53.652412),['Station']
Caspar-Voght-Schule,POINT(9.851409 53.64805),['Station']
Moorkampsweg,POINT(9.847139 53.645519),['Station']
Mühlenstraße,POINT(9.841931 53.644451),['Station']
Friedenstraße,POINT(9.8379 53.63642),['Station']
Königstraße,POINT(9.842815 53.636466),['Station']
Witt Lönn,POINT(9.849223 53.634866),['Station']
Ludwig-Meyn-Straße,POINT(9.856009 53.6325),['Station']
Industriestraße (Wohnmeile),POINT(9.863069 53.63031),['Station']
Seemoorweg,POINT(9.867492 53.628553),['Station']
Krupunder Ring,POINT(9.87299 53.631281),['Station']
Siemensstraße,POINT(9.878496 53.629255),['Station']
Adlerstraße,POINT(9.884439 53.627216),['Station']
Sandkrugweg,POINT(9.891942 53.625319),['Station']
Schnelsener Weg,POINT(9.885711 53.621546),['Station']
S Halstenbek,POINT(9.838443 53.631007),['Station']
An der Rellau,POINT(9.835278 53.654444),['Station']
Bahnhofstraße,POINT(9.906002 53.66287),['Station']
Eielkampsweg,POINT(9.838949 53.623761),['Station']
Im Wiesengrund,POINT(9.834297 53.627765),['Station']
Heidkampstwiete,POINT(9.824583 53.624131),['Station']
Hagenwisch,POINT(9.836075 53.628247),['Station']
Moordamm,POINT(9.895056 53.638189),['Station']
Am Hollhorn,POINT(9.842864 53.617714),['Station']
Einkaufszentrum,POINT(10.501076 53.691534),['Station']
Büntloh,POINT(9.83291 53.658594),['Station']
Grotn Felln,POINT(10.80158 53.579347),['Station']
Im Schlingen,POINT(10.785712 53.576189),['Station']
Am Wendfeld,POINT(10.808557 53.567003),['Station']
Lehmrader Straße,POINT(10.766326 53.556294),['Station']
Am Wiesengrund,POINT(10.742502 53.59496),['Station']
Japanische Schule,POINT(9.83165 53.626094),['Station']
Theodor-Storm-Straße,POINT(9.831054 53.660386),['Station']
Voßmoorweg (Nord),POINT(9.830583 53.666391),['Station']
Kiemoorweg,POINT(9.854582 53.681551),['Station']
Brannenweg,POINT(9.85887 53.68179),['Station']
Große Twiete,POINT(9.851812 53.680771),['Station']
Steenacker,POINT(9.840812 53.673328),['Station']
Schulweg,POINT(9.857531 53.649399),['Station']
Dubenhorst,POINT(9.875678 53.659582),['Station']
Schule Rugenbergen,POINT(9.902317 53.663131),['Station']
A Bönningstedt,POINT(9.909811 53.664782),['Station']
Dammfelder Weg,POINT(9.919569 53.664123),['Station']
Ohlenhoff,POINT(9.964081 53.673531),['Station']
Königsberger Straße,POINT(9.898816 53.647937),['Station']
Wolfgang-Borchert-Gymnasium,POINT(9.862992 53.620643),['Station']
Grüne Twiete,POINT(9.85465 53.682682),['Station']
Halstenbek,POINT(9.838604 53.630763),['Station']
Bahnhofstraße,POINT(9.918571 53.691239),['Station']
Mittelweg,POINT(9.911443 53.692731),['Station']
Großer Dorn,POINT(9.906586 53.693577),['Station']
Peter-Lunding-Weg,POINT(9.929244 53.692621),['Station']
Hochbrücke,POINT(9.791902 53.663446),['Station']
Holstenstraße,POINT(9.817063 53.655738),['Station']
Klinikum Pinneberg,POINT(9.812822 53.657043),['Station']
Waldstraße,POINT(9.807986 53.65881),['Station']
Fahltskamp,POINT(9.802246 53.659253),['Station']
Bf. Pinneberg,POINT(9.79733 53.656078),['Station']
Friedrich-Ebert-Straße,POINT(9.800899 53.661616),['Station']
Bismarckstraße,POINT(9.795307 53.662695),['Station']
Schillerstraße,POINT(9.793714 53.666498),['Station']
Beim Ratsberg,POINT(9.793702 53.67551),['Station']
Mittelkamp,POINT(9.776456 53.650267),['Station']
"Borstel, Prisdorfer Weg",POINT(9.807955 53.685675),['Station']
"Borstel, Am Stoppelhof",POINT(9.810399 53.689172),['Station']
"Borstel, Nedderhulden",POINT(9.807934 53.690887),['Station']
Roffloh,POINT(9.815013 53.696095),['Station']
Op'n Barg,POINT(9.824375 53.6979),['Station']
Harbrookweg,POINT(9.830342 53.703366),['Station']
Krehlohweg,POINT(9.857052 53.718192),['Station']
Dorfstraße,POINT(9.865174 53.721252),['Station']
Tangstedter Straße,POINT(9.885313 53.722991),['Station']
Marktstraße,POINT(9.88984 53.72931),['Station']
Waldfrieden,POINT(9.88282 53.754394),['Station']
Brandheiderweg,POINT(9.877655 53.76623),['Station']
Lehmkuhlenweg,POINT(9.876292 53.769986),['Station']
Schanzenstraße,POINT(9.864909 53.768847),['Station']
Beiderwand,POINT(9.846445 53.766221),['Station']
Wiesengrund,POINT(9.835934 53.763869),['Station']
Barmstedter Straße 25,POINT(9.827543 53.770567),['Station']
Rieloh,POINT(9.819232 53.772924),['Station']
Grasenmoor,POINT(9.807427 53.775816),['Station']
Schöttelhörn,POINT(9.796743 53.779536),['Station']
Heeder Damm,POINT(9.789163 53.783836),['Station']
Hamburger Straße,POINT(9.78284 53.785674),['Station']
Chemnitzstraße,POINT(9.777016 53.788237),['Station']
A Barmstedt,POINT(9.773742 53.792544),['Station']
Markt,POINT(9.769347 53.789562),['Station']
Rantzauer See,POINT(9.763708 53.786508),['Station']
Helene-Lange-Schule,POINT(9.785203 53.657892),['Station']
Heinrich-Christiansen-Straße,POINT(9.790806 53.653363),['Station']
Jansenallee,POINT(9.783324 53.654427),['Station']
Breslauer Straße,POINT(9.787133 53.652695),['Station']
Blauer Kamp,POINT(9.780072 53.651978),['Station']
Danziger Straße,POINT(9.781998 53.648982),['Station']
Kiebitzgrund,POINT(9.788388 53.647799),['Station']
Schopenhauerstraße,POINT(9.791304 53.646082),['Station']
An der Raa,POINT(9.795439 53.644796),['Station']
Großer Reitweg,POINT(9.804496 53.644772),['Station']
Vogt-Ramcke-Straße,POINT(9.809087 53.644471),['Station']
Pestalozzistraße,POINT(9.803838 53.639574),['Station']
Hogenkamp,POINT(9.799672 53.63519),['Station']
Hunnenbarg,POINT(9.79642 53.631896),['Station']
S Thesdorf,POINT(9.812901 53.644661),['Station']
Bodderbarg,POINT(9.792235 53.650541),['Station']
Flagentwiete,POINT(9.794154 53.671356),['Station']
Lange Twiete,POINT(9.775565 53.650318),['Station']
Mühlenstraße,POINT(9.786742 53.65932),['Station']
Schulenhörn,POINT(9.785769 53.668814),['Station']
Berliner Straße,POINT(9.791647 53.66998),['Station']
Peinerweg,POINT(9.791324 53.664887),['Station']
Wiesengrund,POINT(9.79241 53.684863),['Station']
Pflegeheim,POINT(9.791482 53.688616),['Station']
Bornbarg (Süd),POINT(9.790869 53.692268),['Station']
Dorfstraße (Nord),POINT(9.788284 53.701378),['Station']
Rugenranzel,POINT(9.779685 53.708793),['Station']
Oha,POINT(9.761522 53.722818),['Station']
Thiensener Weg,POINT(9.771846 53.728988),['Station']
"Borstel, Brücke",POINT(9.801202 53.68077),['Station']
Dorfstraße,POINT(9.772115 53.730433),['Station']
Wedeler Weg,POINT(9.777952 53.657589),['Station']
Rübekamp,POINT(9.793353 53.660121),['Station']
Königsberger Straße,POINT(9.767624 53.799061),['Station']
Schule,POINT(9.836906 53.763188),['Station']
Dörpshuus,POINT(9.87917 53.771268),['Station']
Beim Denkmal (Nord),POINT(9.799658 53.783676),['Station']
Eggerstedter Weg (West),POINT(9.771856 53.645175),['Station']
Aschhooptwiete,POINT(9.775887 53.643972),['Station']
Sandkuhlen,POINT(9.781379 53.643361),['Station']
Internationale Schule,POINT(9.78867 53.644284),['Station']
Hellenkamp,POINT(9.793642 53.644116),['Station']
Bf. Prisdorf (SEV),POINT(9.76164 53.678225),['Station']
Wedeler Weg (Süd),POINT(9.773004 53.646767),['Station']
Prisdorfer Straße (Mitte),POINT(9.787799 53.66651),['Station']
Siedlung,POINT(10.65285 53.348906),['Station']
Campingplatz,POINT(10.650229 53.358791),['Station']
Hittberger Straße 59,POINT(10.647441 53.35351),['Station']
Hittberger Straße 56,POINT(10.633888 53.344737),['Station']
Kurt-Fischer-Straße (Süd),POINT(10.262303 53.681476),['Station']
Hamburg Airport (Flughafen),POINT(10.006592 53.632513),['Station']
Grund-/Gemeinschaftsschule,POINT(9.774703 53.79119),['Station']
Arboretum,POINT(9.765738 53.716394),['Station']
Gymnasium,POINT(9.769434 53.781889),['Station']
Schulzentrum Heederbrook,POINT(9.77322 53.781505),['Station']
Saarlandstraße (Mitte),POINT(9.789548 53.656471),['Station']
Himmelmoorweg,POINT(9.819845 53.696206),['Station']
Galgenberg,POINT(9.760321 53.793852),['Station']
Brunnenstraße,POINT(9.761337 53.79212),['Station']
Kleine Gärtnerstraße,POINT(9.762604 53.788384),['Station']
Erlengrund,POINT(9.765463 53.793747),['Station']
Moltkestraße,POINT(9.76166 53.787356),['Station']
Baumschulenweg,POINT(9.754895 53.795917),['Station']
Wendlohe,POINT(9.796001 53.821249),['Station']
Im Dorf/Reihe,POINT(9.782675 53.827311),['Station']
Schule,POINT(9.776233 53.825493),['Station']
Hinterm Holz,POINT(9.766579 53.824953),['Station']
Kuhhagen,POINT(9.768532 53.832893),['Station']
Überstör,POINT(9.774139 53.841248),['Station']
Ölfeldstraße,POINT(9.770562 53.847516),['Station']
Neel-Greve-Straße,POINT(9.742991 53.859002),['Station']
Denkmal,POINT(9.735164 53.863354),['Station']
Bahnhofstraße,POINT(9.705062 53.854909),['Station']
Ölfeldstraße,POINT(9.721225 53.839476),['Station']
Schule,POINT(9.708394 53.84975),['Station']
Kirchenstraße,POINT(9.704819 53.855845),['Station']
Kloster,POINT(9.703447 53.864649),['Station']
Bf. Dauenhof,POINT(9.678714 53.852294),['Station']
Dorfstraße,POINT(9.681125 53.861337),['Station']
Schulweg,POINT(9.751689 53.768578),['Station']
Achterstraße,POINT(9.748558 53.766477),['Station']
Seether Weg (Mitte),POINT(9.744139 53.76185),['Station']
Steinfurth,POINT(9.740136 53.756682),['Station']
Am Karpfenteich,POINT(9.75353 53.756221),['Station']
Am Gehölz,POINT(9.760397 53.75695),['Station']
Dannesch,POINT(9.773741 53.739758),['Station']
Barkhörner Weg,POINT(9.785589 53.747695),['Station']
Tannenweg,POINT(9.774433 53.761694),['Station']
Ziegeleiweg (West),POINT(9.768784 53.770374),['Station']
Rosenstraße,POINT(9.744211 53.802731),['Station']
Gemeindezentrum,POINT(9.734769 53.813077),['Station']
Hütten,POINT(9.730246 53.826268),['Station']
Tannenhof,POINT(9.730947 53.817692),['Station']
Dorfstraße (West),POINT(9.718765 53.817406),['Station']
Mühlenplatz,POINT(9.699095 53.852482),['Station']
Lohe,POINT(9.710314 53.85725),['Station']
Halenbruk,POINT(9.701576 53.853645),['Station']
Am Forst,POINT(9.751955 53.791928),['Station']
Friedhof,POINT(9.76992 53.801787),['Station']
Gerberstraße,POINT(9.77555 53.785264),['Station']
Große Gärtnerstraße,POINT(9.761304 53.790315),['Station']
Heidkamp,POINT(9.762721 53.795652),['Station']
Klaus-Groth-Straße,POINT(9.78002 53.784156),['Station']
Küsterkamp,POINT(9.771082 53.788177),['Station']
Meßhorn,POINT(9.771242 53.80017),['Station']
Mühlenstraße,POINT(9.767202 53.796701),['Station']
Nappenhorn,POINT(9.779246 53.795563),['Station']
Neue Straße,POINT(9.767002 53.789092),['Station']
Rantzau,POINT(9.757982 53.784486),['Station']
Reichenstraße,POINT(9.772729 53.789469),['Station']
Weidkamp,POINT(9.773436 53.796535),['Station']
Akazienweg,POINT(9.715749 53.705481),['Station']
Erlenweg,POINT(9.715889 53.712803),['Station']
Immanuel-Kant-Weg,POINT(9.721493 53.707522),['Station']
Kiefernweg,POINT(9.712882 53.70159),['Station']
Pastorendamm,POINT(9.713034 53.707896),['Station']
Pfahlweg,POINT(9.717341 53.710036),['Station']
Ahornring,POINT(9.758061 53.795591),['Station']
An der Hofkoppel,POINT(9.755337 53.787567),['Station']
Düsterlohe,POINT(9.756247 53.790095),['Station']
Feldstraße,POINT(9.769496 53.791897),['Station']
Mühlenweg,POINT(10.813174 53.614542),['Station']
Thesdorf,POINT(9.814014 53.644348),['Station']
Pinneberg,POINT(9.798367 53.65493),['Station']
Barmstedt,POINT(9.773779 53.792912),['Station']
Voßloch,POINT(9.734659 53.790355),['Station']
Bokholt,POINT(9.713876 53.785279),['Station']
Sparrieshoop,POINT(9.685152 53.781322),['Station']
Langenmoor,POINT(9.663728 53.772467),['Station']
Theodor-Heuss-Schule,POINT(9.798474 53.643797),['Station']
IGS Thesdorf,POINT(9.808432 53.642651),['Station']
Goethestraße,POINT(9.793191 53.64668),['Station']
Schule,POINT(9.775929 53.729366),['Station']
Wietingsbek,POINT(10.834197 53.708945),['Station']
Overdamm,POINT(10.093458 53.433054),['Station']
Wiesenweg,POINT(9.483124 53.458452),['Station']
Auf dem Hollen,POINT(9.343608 53.467562),['Station']
Nincoper Straße 160,POINT(9.792199 53.515476),['Station']
Landstraße 42,POINT(9.354497 53.466047),['Station']
Erich-Kästner-Straße,POINT(9.781433 53.461356),['Station']
Rehmkoppel,POINT(10.066782 54.047918),['Station']
Moltsfelde,POINT(10.01508 54.035796),['Station']
Springender Hirsch,POINT(10.018157 54.026175),['Station']
Moislingen,POINT(10.883094 53.192393),['Station']
Schulstraße,POINT(9.766584 54.002887),['Station']
Mühlenweg,POINT(9.59555 53.944532),['Station']
Kirschenallee,POINT(9.791372 54.022411),['Station']
Reuthenberg 16,POINT(9.799685 54.018331),['Station']
Hohenfiert 22,POINT(9.636624 54.00741),['Station']
Hohenfiert 32,POINT(9.636641 54.01254),['Station']
Ridders 15,POINT(9.605821 53.99952),['Station']
Ridders 58,POINT(9.60065 54.0026),['Station']
Ridders Feuerwehr,POINT(9.604549 54.002275),['Station']
Am Elbdeich (West),POINT(9.462423 53.686386),['Station']
Am Elbdeich (Süd),POINT(9.455987 53.686115),['Station']
Ärztezentrum,POINT(9.512272 53.456138),['Station']
Bornweg,POINT(9.489736 53.45351),['Station']
Freibad,POINT(9.490725 53.458323),['Station']
DRK-Seniorenheim,POINT(9.495697 53.444429),['Station']
Südstraße/Querweg,POINT(9.497434 53.446263),['Station']
Mittelfelder Straße,POINT(9.494536 53.449456),['Station']
Kleiner Kamp,POINT(9.724322 53.939601),['Station']
"(IZ), Dorfstraße 6",POINT(9.593471 53.861389),['Station']
Dorfstraße 15,POINT(9.491329 53.811978),['Station']
Dorfstraße (Süderau),POINT(9.514918 53.816631),['Station']
Süderauerdorfstraße (Mitte),POINT(9.552718 53.832366),['Station']
Friedhofstraße,POINT(9.618093 53.81087),['Station']
Johannesstraße,POINT(9.611847 53.806248),['Station']
Tatterhörn,POINT(9.605984 53.801794),['Station']
Moordiek,POINT(9.592502 53.799301),['Station']
Amselweg,POINT(9.524557 53.940245),['Station']
Waldfriedhof,POINT(9.538709 53.934738),['Station']
Grundschule An der Schäferkoppel,POINT(9.519524 53.940797),['Station']
Emil-von-Behring-Straße,POINT(9.509025 53.947751),['Station']
Schule,POINT(9.474538 53.729987),['Station']
Doppelreihe,POINT(9.511196 53.820205),['Station']
Süderauerdorfstraße 20,POINT(9.514568 53.826453),['Station']
Süderauer Riep 3,POINT(9.52864 53.811567),['Station']
Buchholz (Nordheide),POINT(9.876533 53.324843),['Station']
Büchen,POINT(10.620923 53.476634),['Station']
Soltau(Han),POINT(9.830821 52.983016),['Station']
Stade,POINT(9.477128 53.596165),['Station']
Hamburg-Harburg,POINT(9.990948 53.456386),['Station']
Uelzen,POINT(10.553427 52.969654),['Station']
Lüneburg,POINT(10.419986 53.249966),['Station']
Rotenburg (Wümme),POINT(9.390779 53.112536),['Station']
Agathenburg,POINT(9.531536 53.564002),['Station']
Schnega,POINT(10.89038 52.869064),['Station']
Soltendieck,POINT(10.761421 52.874221),['Station']
Ahrensburg,POINT(10.236241 53.669124),['Station']
Gartenholz,POINT(10.251816 53.688694),['Station']
Ashausen,POINT(10.145863 53.36862),['Station']
Bardowick,POINT(10.371931 53.290518),['Station']
Bargteheide,POINT(10.268969 53.727968),['Station']
Hemmoor,POINT(9.165943 53.683994),['Station']
Bavendorf,POINT(10.629369 53.187526),['Station']
Bad Bevensen,POINT(10.574138 53.07822),['Station']
Bienenbüttel,POINT(10.484649 53.142087),['Station']
Bad Bodenteich,POINT(10.672917 52.835059),['Station']
Brockhöfe,POINT(10.258683 53.002169),['Station']
Büsenbachtal,POINT(9.85825 53.269346),['Station']
Cadenberge,POINT(9.058313 53.768031),['Station']
Cuxhaven,POINT(8.703839 53.86069),['Station']
Dahlenburg,POINT(10.708898 53.16931),['Station']
Ost,POINT(11.117405 53.105018),['Station']
Dauenhof,POINT(9.680754 53.852543),['Station']
Dollern,POINT(9.55811 53.54539),['Station']
Ebstorf,POINT(10.416947 53.017201),['Station']
Echem,POINT(10.537297 53.337071),['Station']
Göhrde,POINT(10.851117 53.167749),['Station']
Hamburg Dammtor,POINT(9.989403 53.560792),['Station']
Hamburg-Altona,POINT(9.935405 53.553257),['Station']
Fischbek,POINT(9.819348 53.474768),['Station']
Rahlstedt,POINT(10.154456 53.604815),['Station']
Ottensen,POINT(9.926205 53.559654),['Station']
Hammah,POINT(9.367284 53.612474),['Station']
Handeloh,POINT(9.844717 53.242117),['Station']
Hechthausen,POINT(9.228054 53.638725),['Station']
Himmelpforten,POINT(9.310838 53.623255),['Station']
Hittfeld,POINT(9.974426 53.403534),['Station']
Hitzacker,POINT(11.038293 53.139276),['Station']
Holm-Seppensen,POINT(9.869957 53.284914),['Station']
Horneburg,POINT(9.57638 53.508841),['Station']
Horst (Holst),POINT(9.644966 53.805094),['Station']
Klecken,POINT(9.928875 53.365951),['Station']
Kupfermühle,POINT(10.326351 53.762147),['Station']
Lauenbrück,POINT(9.563745 53.197017),['Station']
Lauenburg(Elbe),POINT(10.568195 53.369783),['Station']
Leitstade,POINT(10.912764 53.169138),['Station']
Maschen,POINT(10.065491 53.40378),['Station']
Meckelfeld,POINT(10.03012 53.424066),['Station']
Mölln(Lauenb),POINT(10.683105 53.624486),['Station']
Müssen,POINT(10.560598 53.499642),['Station']
Munster(Örtze),POINT(10.096505 52.993342),['Station']
Neetzendorf,POINT(10.760549 53.163722),['Station']
Neukloster,POINT(9.639348 53.481376),['Station']
Otterndorf,POINT(8.893992 53.805995),['Station']
Prisdorf,POINT(9.76045 53.67516),['Station']
Radbruch,POINT(10.289674 53.3179),['Station']
Ratzeburg,POINT(10.740575 53.698248),['Station']
Reinfeld,POINT(10.494497 53.830435),['Station']
Scheeßel,POINT(9.497022 53.165874),['Station']
Schneverdingen,POINT(9.798795 53.111223),['Station']
Schwarzenbek,POINT(10.484739 53.503772),['Station']
Nord,POINT(9.861098 53.001284),['Station']
Sottrum,POINT(9.249798 53.101279),['Station']
Sprötze,POINT(9.812201 53.309448),['Station']
Stederdorf(Kreis Uelzen),POINT(10.592685 52.907403),['Station']
Stelle,POINT(10.109099 53.387685),['Station']
Suderburg,POINT(10.432809 52.904902),['Station']
Suerhop,POINT(9.855194 53.31595),['Station']
Tornesch,POINT(9.715495 53.696776),['Station']
Tostedt,POINT(9.731336 53.271765),['Station']
Vastorf,POINT(10.555564 53.199109),['Station']
Visselhövede,POINT(9.566646 52.980068),['Station']
Tonndorf,POINT(10.122996 53.58637),['Station']
Wendisch Evern,POINT(10.462632 53.217621),['Station']
Wieren,POINT(10.65549 52.89265),['Station']
Wingst,POINT(9.098114 53.745237),['Station']
Winsen(Luhe),POINT(10.207927 53.353756),['Station']
Wintermoor,POINT(9.828595 53.186087),['Station']
Wolterdingen(Han),POINT(9.845174 53.02718),['Station']
Barmstedt Brunnenstraße,POINT(9.761498 53.79264),['Station']
dodenhof,POINT(9.939041 53.844859),['Station']
Helgoland Katamaran,POINT(7.89319 54.174585),['Station']
Bremervörde,POINT(9.140254 53.482953),['Station']
Frelsdorf,POINT(8.901289 53.501343),['Station']
Geestenseth,POINT(8.858518 53.506682),['Station']
Heinschenwalde,POINT(8.972904 53.498721),['Station']
Hesedorf,POINT(9.195053 53.472722),['Station']
Oerel,POINT(9.032514 53.494182),['Station']
Sellstedt,POINT(8.723054 53.515539),['Station']
Wehdel,POINT(8.806449 53.512351),['Station']
Rostock Hbf,POINT(12.131074 54.078252),['Station']
Siedlung,POINT(10.753874 52.874908),['Station']
Juliankadamm,POINT(9.468288 53.930604),['Station']
Feuerwehr,POINT(9.442167 54.067455),['Station']
Forstweg,POINT(9.433181 54.062645),['Station']
Dorfstraße (Nord),POINT(9.434666 54.024977),['Station']
Burenbrook 6,POINT(9.44838 54.031692),['Station']
Dorfstraße 17,POINT(9.435814 54.019511),['Station']
Auufer,POINT(9.704039 53.921519),['Station']
Schule,POINT(9.467617 53.942736),['Station']
Schulzentrum,POINT(9.619268 53.96849),['Station']
Hohenfiert 6,POINT(9.638472 53.997661),['Station']
Dorfstraße,POINT(9.584346 53.950301),['Station']
Riep (Nord),POINT(9.39992 53.880143),['Station']
Dodenkopp (Mitte),POINT(9.374047 53.869076),['Station']
Fielweg (West),POINT(9.390412 53.855251),['Station']
Fockendorf,POINT(9.388734 53.88566),['Station']
Groß Kampen (Süd),POINT(9.413565 53.883735),['Station']
Groß Kampen (Nord),POINT(9.42178 53.903706),['Station']
Riep (Süd),POINT(9.400668 53.869296),['Station']
Uhrendorf 28,POINT(9.417482 53.858699),['Station']
Kirchweg,POINT(9.415386 53.877269),['Station']
Bekdorf,POINT(9.424011 53.937606),['Station']
Hauptstraße 26,POINT(9.431217 53.930626),['Station']
Kohlenbek,POINT(9.430137 54.042953),['Station']
Schule,POINT(9.376505 54.02724),['Station']
Schule,POINT(9.375417 54.001387),['Station']
An der Bundesstraße,POINT(9.328654 54.01801),['Station']
Bokhorstdoor,POINT(9.377963 54.021468),['Station']
Bokelrehmer Straße,POINT(9.360269 54.050155),['Station']
An der Chaussee 63,POINT(9.447676 53.80417),['Station']
Am Neuendeich 190,POINT(9.402532 53.82124),['Station']
Am Neuendeich 177,POINT(9.399032 53.814145),['Station']
Am Neuendeich 170,POINT(9.403712 53.809798),['Station']
Am Neuendeich 156,POINT(9.41041 53.803899),['Station']
Dorfstraße 88,POINT(9.381871 54.061552),['Station']
Lohmühler Weg,POINT(9.400321 54.058581),['Station']
Trenthoopsweg,POINT(9.425353 54.054327),['Station']
Stuven 4,POINT(9.253262 53.900803),['Station']
"(Itzehoe), Feuerwehr",POINT(9.415097 53.958409),['Station']
Büttel 1,POINT(9.417238 53.82809),['Station']
Grüner Weg,POINT(9.435912 53.820251),['Station']
Borsflether Mühle,POINT(9.448628 53.820824),['Station']
Dorfstraße,POINT(9.427356 53.826994),['Station']
Jachthafen,POINT(9.409534 53.824621),['Station']
Sportplatz,POINT(9.643576 53.918309),['Station']
Moordiek,POINT(9.655172 53.924033),['Station']
Am Schloss,POINT(9.5716 53.905997),['Station']
Birkenweg,POINT(9.510525 53.901061),['Station']
Arentsee 20,POINT(9.303067 53.870921),['Station']
Dörferdeich (Nord),POINT(9.321299 53.877369),['Station']
Arentsee 28,POINT(9.28659 53.875723),['Station']
Kernkraftwerk,POINT(9.350965 53.85398),['Station']
Friedhof,POINT(9.330039 53.861659),['Station']
Siethwende (Mitte),POINT(9.309707 53.878712),['Station']
Am Teich,POINT(9.324496 53.862195),['Station']
Osterende 12,POINT(9.335547 53.856621),['Station']
Osterende 33,POINT(9.344401 53.848465),['Station']
Peuser (Mitte),POINT(9.347619 53.868213),['Station']
An der Wettern,POINT(9.317148 53.865314),['Station']
Landscheide,POINT(9.346222 53.873931),['Station']
Brokstedt,POINT(9.823813 53.990091),['Station']
Müllereiweg,POINT(9.22528 53.900023),['Station']
Schmiedestraße,POINT(9.227792 53.900404),['Station']
Dorfstraße,POINT(9.532083 54.052751),['Station']
Waldweg,POINT(9.532229 54.049849),['Station']
Dammfleth 14,POINT(9.372409 53.908802),['Station']
Klein Kampen,POINT(9.383563 53.888938),['Station']
Rotenmeer 1,POINT(9.350557 53.888734),['Station']
Auf dem Breuel,POINT(9.363026 53.897133),['Station']
Feuerwehr,POINT(9.373823 53.893335),['Station']
Hochfeld 23,POINT(9.379947 53.891016),['Station']
Klein Kampen,POINT(9.399737 53.897627),['Station']
Neufeld (Nord),POINT(9.336581 53.903976),['Station']
Neufeld (Mitte),POINT(9.347941 53.895956),['Station']
Neumühlen 11,POINT(9.377554 53.878733),['Station']
Poßfeld,POINT(9.325771 53.899118),['Station']
Rotenmeer 13,POINT(9.354114 53.883126),['Station']
Dorfstraße,POINT(9.527858 53.878506),['Station']
Heideweg,POINT(9.52143 53.888588),['Station']
Wellenberg,POINT(9.530194 53.874408),['Station']
Seedorf,POINT(9.255679 53.947768),['Station']
Ackenboer Straße (Nord),POINT(9.288318 53.943256),['Station']
Alte Schule,POINT(9.26265 53.954222),['Station']
Hörner Weg,POINT(9.265653 53.937846),['Station']
Eschenweg,POINT(9.274679 53.937304),['Station']
Hauptstraße 2,POINT(9.257103 53.941494),['Station']
Am Schötenweg,POINT(9.277675 53.961843),['Station']
Doppelreihe,POINT(9.512113 53.819474),['Station']
"St. Margarethen, Stuven 13",POINT(9.257384 53.908053),['Station']
Bäckerweg,POINT(9.768 54.002734),['Station']
Vor den Höfen,POINT(9.792948 53.177281),['Station']
Glückstadt,POINT(9.428316 53.788617),['Station']
Rhinstraße,POINT(9.429519 53.786115),['Station']
Fritz-Lau-Platz,POINT(9.41912 53.793061),['Station']
Anckenstraße,POINT(9.432972 53.788375),['Station']
Bf. Glückstadt,POINT(9.42856 53.788778),['Station']
Detlefsengymnasium,POINT(9.43495 53.791917),['Station']
Elbschule,POINT(9.422733 53.797684),['Station']
Gorch-Fock-Straße,POINT(9.418658 53.795452),['Station']
Grillchaussee 40,POINT(9.439398 53.789152),['Station']
Seniorenzentrum,POINT(9.451625 53.788962),['Station']
Bürgerschule,POINT(9.421314 53.79246),['Station']
Herzhorner Rhin,POINT(9.447721 53.788537),['Station']
Im Lübschen Recht,POINT(9.434953 53.789204),['Station']
Flensburger Straße,POINT(9.416532 53.801336),['Station']
Krankenhaus,POINT(9.431191 53.790835),['Station']
Am Markt,POINT(9.423514 53.787879),['Station']
Hinterm Hofe,POINT(9.434751 53.775566),['Station']
Wiebeke-Kruse-Straße,POINT(9.436741 53.797787),['Station']
Nordmarkstraße (West),POINT(9.427584 53.783795),['Station']
Temmingstraße,POINT(9.432488 53.77826),['Station']
Von-Drathen-Weg,POINT(9.432478 53.794972),['Station']
Nord,POINT(9.466295 54.114558),['Station']
Süd,POINT(9.470434 54.110104),['Station']
Ohrsee,POINT(9.469032 54.102419),['Station']
Grauel,POINT(9.673336 54.071512),['Station']
Am Rundhof,POINT(9.498006 53.836011),['Station']
Grevenkoper Riep,POINT(9.516356 53.84216),['Station']
Fasanenweg,POINT(9.348872 54.025724),['Station']
Niewisch,POINT(9.352406 54.024977),['Station']
Langenklinter Weg,POINT(9.347269 54.029251),['Station']
Ochsenweg,POINT(9.456309 54.033872),['Station']
Lindenweg,POINT(9.457704 54.033049),['Station']
Dorfstraße,POINT(9.47641 54.020614),['Station']
Bahnhof,POINT(9.413867 54.12298),['Station']
Landweg,POINT(9.430855 54.121123),['Station']
Mannhardtstraße,POINT(9.437184 54.120858),['Station']
Markt,POINT(9.414467 54.126427),['Station']
Schule,POINT(9.408419 54.128856),['Station']
Mühlenteich,POINT(9.447667 54.118573),['Station']
"Heber, Kirche",POINT(9.858719 53.080244),['Station']
Wiesengrund,POINT(9.467074 53.929522),['Station']
Max-Tobias-Weg,POINT(9.474005 53.932576),['Station']
Itzehoer Straße (Süd),POINT(9.703629 54.020091),['Station']
Schulstraße,POINT(9.717466 54.030674),['Station']
Stilker,POINT(9.722551 54.030841),['Station']
Seelust,POINT(9.717559 54.025426),['Station']
Sattelkamp,POINT(9.728582 54.033626),['Station']
Borstel,POINT(9.716089 54.026926),['Station']
Herrenfeld,POINT(9.437125 53.773428),['Station']
Herzhorn,POINT(9.483882 53.783553),['Station']
Am Altendeich,POINT(9.486665 53.790667),['Station']
Bf. Herzhorn,POINT(9.48432 53.783372),['Station']
Brunsholt,POINT(9.539637 53.773027),['Station']
Grillchaussee 89,POINT(9.470965 53.788403),['Station']
Schule,POINT(9.484907 53.786909),['Station']
Hingstheide,POINT(9.744606 53.909675),['Station']
Am Burndahl (West),POINT(9.499736 53.983521),['Station']
An der Bekau,POINT(9.49226 53.990713),['Station']
Kaaksburg (Mitte),POINT(9.489016 54.001445),['Station']
"(IZ), Feuerwehrhaus",POINT(9.626237 53.843891),['Station']
"(IZ), Niederreihe 12",POINT(9.594622 53.843953),['Station']
"(IZ), Denkmal",POINT(9.621555 53.843673),['Station']
"(IZ), Niederreihe 29",POINT(9.608925 53.844439),['Station']
"(IZ), Glindesmoor",POINT(9.657855 53.845869),['Station']
"(IZ), Wisch",POINT(9.647899 53.843677),['Station']
"(IZ), Fegefeuer",POINT(9.590599 53.832311),['Station']
"(IZ), Eichenweg",POINT(9.624725 53.842327),['Station']
Birkenallee,POINT(9.621891 53.965566),['Station']
Dresdener Straße,POINT(9.615613 53.97381),['Station']
Breslauer Straße,POINT(9.621388 53.976844),['Station']
Helgolandstraße,POINT(9.61673 53.965871),['Station']
Hungriger Wolf,POINT(9.572124 53.972093),['Station']
Flugplatz,POINT(9.580296 53.983339),['Station']
Bahnhofstraße,POINT(9.614877 53.959043),['Station']
Rathaus,POINT(9.618617 53.96162),['Station']
Ridders (Nord),POINT(9.586232 54.002213),['Station']
Hohenfierter Weg,POINT(9.627982 53.973395),['Station']
Alter Bahnhof,POINT(9.624325 53.960198),['Station']
Fehrsstraße,POINT(9.630579 53.97083),['Station']
Hebbelstraße,POINT(9.626662 53.969782),['Station']
Bahnhof,POINT(9.653277 54.086986),['Station']
Park Wilhelmshöhe,POINT(9.661271 54.091875),['Station']
Schule Hohe Geest,POINT(9.661198 54.090213),['Station']
Schule am Park,POINT(9.663567 54.089238),['Station']
ZOB,POINT(9.649508 54.088318),['Station']
Holstenniendorf,POINT(9.347918 54.041144),['Station']
"Horst (WL), Ort",POINT(9.706441 53.201899),['Station']
Itzehoe,POINT(9.510198 53.924072),['Station']
Bf. Itzehoe (Adenauerallee),POINT(9.511543 53.92332),['Station']
Adler,POINT(9.507071 53.931138),['Station']
Lehmwohldstraße,POINT(9.506817 53.93272),['Station']
Amönenhöhe,POINT(9.547416 53.913629),['Station']
Auguste-Viktoria-Schule,POINT(9.525731 53.919791),['Station']
Amönenwarte,POINT(9.558577 53.95621),['Station']
Poelstraße,POINT(9.508838 53.929954),['Station']
Charlottenhöhe,POINT(9.56301 53.914456),['Station']
Dietrich-Bonhoeffer-Straße,POINT(9.496687 53.933553),['Station']
Dithmarscher Platz,POINT(9.512504 53.927189),['Station']
Dwerweg,POINT(9.493649 53.954796),['Station']
Grundschule Edendorf,POINT(9.498674 53.952053),['Station']
Holtweg,POINT(9.496063 53.94387),['Station']
Ehlersweg,POINT(9.494386 53.946303),['Station']
Elbeblick,POINT(9.534393 53.931774),['Station']
Gorch-Fock-Straße,POINT(9.511352 53.931318),['Station']
Berufsbildungszentrum RBZ,POINT(9.517366 53.931391),['Station']
Kirchweg (Nord),POINT(9.494511 53.950417),['Station']
Klinikum,POINT(9.500951 53.942529),['Station']
Friedrich-Ebert-Straße,POINT(9.529294 53.930701),['Station']
Lehmwohld-Schule,POINT(9.508428 53.936289),['Station']
Buchenweg,POINT(9.538249 53.930966),['Station']
Ostlandplatz,POINT(9.515186 53.939765),['Station']
Bergstraße,POINT(9.52231 53.921297),['Station']
Papenkamp,POINT(9.487025 53.93282),['Station']
Schauenburgerstraße,POINT(9.498608 53.937624),['Station']
Straßenmeisterei,POINT(9.552901 53.938294),['Station']
Schwimmzentrum,POINT(9.516135 53.93773),['Station']
Bf. Itzehoe (Viktoriastraße),POINT(9.512146 53.924082),['Station']
ZOB,POINT(9.515313 53.922909),['Station']
Möhlenholt,POINT(9.582894 53.95436),['Station']
Dorfstraße 42a,POINT(9.583442 53.958634),['Station']
Schenefelder Chaussee,POINT(9.493624 53.950098),['Station']
Neuer Kamp,POINT(9.479245 53.987181),['Station']
Alte Schmiede,POINT(9.464837 53.991146),['Station']
Forstweg,POINT(9.481312 54.013075),['Station']
Clausthal,POINT(9.728791 53.952206),['Station']
Breslauer Straße,POINT(9.719235 53.956352),['Station']
Marienstraße,POINT(9.728599 53.945577),['Station']
Gemeinschaftsschule,POINT(9.715263 53.955657),['Station']
Neumühlener Weg (Mitte),POINT(9.707685 53.954363),['Station']
Grönhude,POINT(9.696878 53.936646),['Station']
Kolberger Straße,POINT(9.713093 53.955292),['Station']
Krützkamp,POINT(9.723461 53.964619),['Station']
Lindenstraße (Mitte),POINT(9.719572 53.95378),['Station']
Preußerstraße,POINT(9.720407 53.954494),['Station']
Bergstraße,POINT(9.718857 53.950307),['Station']
Amtsverwaltung,POINT(9.719833 53.947705),['Station']
Mühlenbeker Straße,POINT(9.733655 53.942078),['Station']
Neumühlener Weg (Süd),POINT(9.707571 53.951246),['Station']
Nordfriedhof,POINT(9.720498 53.958015),['Station']
Eichenallee,POINT(9.735798 53.949603),['Station']
Krimweg,POINT(9.73647 53.955762),['Station']
Grundschule,POINT(9.723928 53.951104),['Station']
Mühlenweg,POINT(9.733929 53.939462),['Station']
Voßbarg,POINT(9.404669 53.965453),['Station']
Hauptstraße (Süd),POINT(9.413836 53.958773),['Station']
Achtern Barg,POINT(9.400521 53.969851),['Station']
Bielenberg 9,POINT(9.435172 53.75179),['Station']
Bielenberg 18,POINT(9.439921 53.746373),['Station']
Bielenberg 67,POINT(9.443377 53.743512),['Station']
Moorhusen,POINT(9.518599 53.760659),['Station']
Kehrweg,POINT(9.498952 53.73678),['Station']
Schulstraße,POINT(9.472521 53.731163),['Station']
Haarsmühle,POINT(9.503825 53.743758),['Station']
Kirchreihe,POINT(9.495162 53.732788),['Station']
Langenbrooker Straße,POINT(9.514551 53.75701),['Station']
Moorhusen 45,POINT(9.536988 53.756867),['Station']
Schleuerweg,POINT(9.457028 53.765312),['Station']
Deichreihe,POINT(9.46383 53.731781),['Station']
Steindeich 73,POINT(9.455888 53.734382),['Station']
Strohdeich,POINT(9.476601 53.760941),['Station']
Wendeplatz,POINT(9.490264 53.727247),['Station']
Borsflether Wisch,POINT(9.460579 53.826421),['Station']
Austraße,POINT(9.473316 53.830055),['Station']
Krempe,POINT(9.481808 53.834217),['Station']
Bf. Krempe,POINT(9.48123 53.834157),['Station']
Neuenbrooker Straße (Süd),POINT(9.488092 53.836474),['Station']
Schulzentrum,POINT(9.493888 53.833324),['Station']
Kremperheide,POINT(9.480327 53.881213),['Station']
Bf. Kremperheide,POINT(9.47931 53.881415),['Station']
An Eck,POINT(9.610556 53.911492),['Station']
Alte Landstraße 28,POINT(9.598454 53.908013),['Station']
Moordorfer Weg,POINT(9.606886 53.908213),['Station']
Alte Landstraße 10,POINT(9.589586 53.907194),['Station']
Krummendiek,POINT(9.418253 53.94653),['Station']
Kudensee,POINT(9.213966 53.930474),['Station']
Alter Bahnhof Kudensee,POINT(9.225888 53.922447),['Station']
Flethseer Straße 23a,POINT(9.250875 53.923952),['Station']
Am Bahnhof,POINT(9.252952 53.920039),['Station']
Landscheider Weg,POINT(9.275958 53.921147),['Station']
Kuhlen 23,POINT(9.235407 53.920668),['Station']
Birkenallee,POINT(9.247994 53.933445),['Station']
Nordbünge,POINT(9.266125 53.916345),['Station']
Bf. Brokstedt (Kirchenstraße),POINT(9.82148 53.990116),['Station']
Maria-Bornheim-Weg (Klinikum),POINT(9.499177 53.940677),['Station']
Am Harr,POINT(9.686678 54.006227),['Station']
Kellinghusener Weg,POINT(9.68544 54.003278),['Station']
Lohbarbek,POINT(9.635827 53.946176),['Station']
Teichkate,POINT(9.536581 54.027404),['Station']
Dorfstraße,POINT(9.579231 53.884586),['Station']
Hermann-Löns-Straße,POINT(9.565838 53.890579),['Station']
Feuerwehr,POINT(9.57589 53.883883),['Station']
Moorburg,POINT(9.585143 53.879975),['Station']
Schule,POINT(9.570975 53.88812),['Station']
Meezen,POINT(9.70693 54.052775),['Station']
Mühlenweg,POINT(9.435007 54.007924),['Station']
Dorfstraße (Mitte),POINT(9.435692 54.003474),['Station']
Oha,POINT(9.440923 53.99766),['Station']
Feuerwehr,POINT(9.666272 53.957619),['Station']
Wischendamm,POINT(9.672141 53.95596),['Station']
Dägelinger Weg,POINT(9.545992 53.898964),['Station']
Sandberg,POINT(9.535282 53.904933),['Station']
Schule,POINT(9.541377 53.902139),['Station']
Schulenburg,POINT(9.519541 53.906701),['Station']
Dorfstraße,POINT(9.52157 54.027803),['Station']
Hauptstraße,POINT(9.533118 53.860478),['Station']
Birkenweg,POINT(9.534631 53.857533),['Station']
Datenhörn,POINT(9.561128 53.751365),['Station']
Achterhörn 1,POINT(9.296688 53.955292),['Station']
Averfleth 33,POINT(9.298093 53.953717),['Station']
Achterhörn (Nord),POINT(9.3021 53.966366),['Station']
Averfleth 6,POINT(9.330076 53.943364),['Station']
Averfleth 11,POINT(9.317775 53.941816),['Station']
Krützfleth,POINT(9.320715 53.944),['Station']
Averfleth 1,POINT(9.340947 53.941168),['Station']
Averfleth 18,POINT(9.316431 53.937381),['Station']
Alte Schmiede,POINT(9.301341 53.949944),['Station']
Bauernmoorweg,POINT(9.314121 53.964277),['Station']
Dorfstraße 6,POINT(9.340714 53.963055),['Station']
Hackeboe 36,POINT(9.354548 53.946825),['Station']
Goldbogen,POINT(9.347696 53.937842),['Station']
Schulweg,POINT(9.32831 53.960798),['Station']
Hinter-Neuendorf,POINT(9.337446 53.956371),['Station']
Dückerstieg,POINT(9.353305 53.947502),['Station']
Abzw. Sachsenbande,POINT(9.359238 53.957323),['Station']
Burger Straße,POINT(9.327497 53.962049),['Station']
"(IZ), Dorfstraße",POINT(9.519356 54.004417),['Station']
"(IZ), Hansch",POINT(9.520237 54.021223),['Station']
Pohlmannstraße,POINT(9.527081 53.995426),['Station']
Schulstraße,POINT(9.528119 53.989491),['Station']
Lise-Meitner-Straße,POINT(9.492268 53.955269),['Station']
Margarete-Steiff-Weg,POINT(9.491569 53.951526),['Station']
Ortsmitte,POINT(9.908942 53.149225),['Station']
Dorfstraße (Süd),POINT(9.413984 54.027359),['Station']
Schotten (Ost),POINT(9.324404 53.916965),['Station']
Dwerfeld 5,POINT(9.329709 53.914201),['Station']
Schotten (Mitte),POINT(9.314565 53.916075),['Station']
Dwerfeld 1,POINT(9.338902 53.918102),['Station']
Kuskoppermoor,POINT(9.350422 53.92336),['Station']
Nortorf 2,POINT(9.293004 53.927495),['Station']
Hackeboe 22,POINT(9.361897 53.944242),['Station']
Kanalstrich,POINT(9.287094 53.929162),['Station']
Duckunder,POINT(9.308574 53.935308),['Station']
Hackeboe 18,POINT(9.364403 53.941746),['Station']
Rehweg 2,POINT(9.346614 53.908466),['Station']
Sandhorstweg,POINT(9.301882 53.92157),['Station']
Dorfstraße,POINT(9.388324 53.988884),['Station']
Obendeich,POINT(9.463878 53.770461),['Station']
Ortsmitte,POINT(9.921442 53.143117),['Station']
Hauptstraße (Nord),POINT(9.727883 53.987512),['Station']
Oeschebüttel,POINT(9.722296 53.991472),['Station']
Oldenborstel,POINT(9.507978 54.060672),['Station']
Abzw. Oldenborstel,POINT(9.506694 54.04933),['Station']
Westermööler Weg,POINT(9.497079 53.971673),['Station']
No de Halloh,POINT(9.506323 53.972389),['Station']
Böverst Dörpstraat,POINT(9.500171 53.980393),['Station']
Dannweg,POINT(9.502453 53.977509),['Station']
Ünnerst Dörpstraat,POINT(9.495985 53.971938),['Station']
Tipohl,POINT(9.603827 54.033437),['Station']
Obere Dorfstraße (Mitte),POINT(9.607804 54.02463),['Station']
Peissener Pohl,POINT(9.592777 54.022702),['Station']
Peuser (West),POINT(9.342946 53.869403),['Station']
Siethwende (Süd),POINT(9.338722 53.871517),['Station']
Meezener Straße,POINT(9.692349 54.040929),['Station']
Am Sportplatz,POINT(9.696428 54.03838),['Station']
Pulserdamm,POINT(9.508256 54.074668),['Station']
Bahnhofstraße,POINT(9.515178 54.083443),['Station']
Breitenfelde (Süd),POINT(9.475677 54.024543),['Station']
Hohenesch 1,POINT(9.51631 54.051526),['Station']
Rade b. Kellinghusen,POINT(9.741708 54.000204),['Station']
Meiereistraße,POINT(9.573209 54.067674),['Station']
Viehorn 17,POINT(9.547757 54.070775),['Station']
Ort,POINT(9.804573 53.151872),['Station']
"(IZ), Kirchweg",POINT(9.591571 53.866799),['Station']
"(IZ), Memeler Weg",POINT(9.583905 53.86539),['Station']
"(IZ), Schinkeler Weg",POINT(9.57696 53.86439),['Station']
"(IZ), Schule",POINT(9.57624 53.865067),['Station']
"(IZ), Op de Wellen",POINT(9.588781 53.874854),['Station']
"(IZ), Dorfstraße",POINT(9.591064 53.866406),['Station']
Hauptstraße (Süd),POINT(9.727274 53.976177),['Station']
Kastanienallee,POINT(9.722707 53.974758),['Station']
Reuthenberg 6,POINT(9.794224 54.022329),['Station']
Kreuzung,POINT(9.908787 53.088085),['Station']
Feldscheide,POINT(9.480723 54.042645),['Station']
Am Markt,POINT(9.48312 54.046579),['Station']
Orchideeneck,POINT(9.480776 54.049859),['Station']
Schule,POINT(9.476259 54.04472),['Station']
Schleuerdeich,POINT(9.439986 53.761279),['Station']
Kreuzung,POINT(9.583582 53.949056),['Station']
Siethwende (Nord),POINT(9.296676 53.893659),['Station']
Ochsenweg,POINT(9.458675 54.046379),['Station']
Kohlenbeker Weg,POINT(9.435447 54.052943),['Station']
Dorfstraße,POINT(9.441217 54.051322),['Station']
Silzen,POINT(9.635178 54.028666),['Station']
Wendeplatz,POINT(9.464602 54.080811),['Station']
Bahnhof,POINT(9.832342 52.983149),['Station']
Brunsholt,POINT(9.553399 53.779155),['Station']
Dückermühle,POINT(9.534509 53.806276),['Station']
Feuerwache Siethwende,POINT(9.571237 53.788038),['Station']
Grönland,POINT(9.583232 53.821368),['Station']
Kamerland,POINT(9.547264 53.798465),['Station']
Kamerlander Au,POINT(9.562151 53.783643),['Station']
Ridders 20,POINT(9.610948 53.989323),['Station']
Springhoe,POINT(9.672545 53.994268),['Station']
Springhoe 19,POINT(9.637668 53.978942),['Station']
Springhoe 35,POINT(9.644983 53.983808),['Station']
Hörstenweg,POINT(9.415327 54.030508),['Station']
Osterbünge-Mitte,POINT(9.277095 53.893005),['Station']
"St. Margarethen, Osterbünge Nord",POINT(9.292857 53.893561),['Station']
Heideducht 32,POINT(9.267449 53.878346),['Station']
Stuven 6,POINT(9.25351 53.904045),['Station']
Holstendamm (Ost),POINT(9.260242 53.910176),['Station']
Heideducht 28,POINT(9.261807 53.880632),['Station']
Kirchducht 23,POINT(9.244282 53.894864),['Station']
Poststraße,POINT(9.255117 53.89061),['Station']
"St. Margarethen, Schule",POINT(9.25672 53.891595),['Station']
Bahnhofstraße 21,POINT(9.254029 53.894377),['Station']
Honigflether Weg,POINT(9.409518 53.925509),['Station']
Stördorf (Mitte),POINT(9.432766 53.916964),['Station']
Stördorf 5,POINT(9.425063 53.912329),['Station']
Stördorf 2,POINT(9.415773 53.911615),['Station']
Störkathen,POINT(9.756775 53.979202),['Station']
Osterkamp,POINT(9.471992 53.990192),['Station']
Eversdorf,POINT(9.494615 53.987451),['Station']
Doratwiete,POINT(9.577227 53.844056),['Station']
Süderauer Dorfstraße,POINT(9.560451 53.841566),['Station']
Lübscher Landweg,POINT(9.573258 53.843815),['Station']
Hauptstraße,POINT(9.386528 53.989213),['Station']
Haupstraße 18,POINT(9.543562 53.841923),['Station']
Heinrich-Wolgast-Straße,POINT(9.36447 53.996398),['Station']
Bollweg,POINT(9.379261 54.001536),['Station']
Norderstraße,POINT(9.373001 53.998995),['Station']
Westende 6,POINT(9.330427 53.978106),['Station']
Vorder-Neuendorf 15,POINT(9.371191 53.958436),['Station']
Wasberger Weg,POINT(9.375176 54.02038),['Station']
Mühlenweg,POINT(9.367985 54.024958),['Station']
Reselithweg,POINT(9.381234 54.020451),['Station']
Steinfurt,POINT(9.382783 54.013007),['Station']
Ost,POINT(9.608744 54.084785),['Station']
West,POINT(9.602039 54.081845),['Station']
Autobahnauffahrt,POINT(9.363792 54.062004),['Station']
Seefelder Weg (Wendeplatz),POINT(9.464286 54.081297),['Station']
Aasbütteler Weg,POINT(9.458372 54.078454),['Station']
Hauptstraße 11,POINT(9.466935 54.072284),['Station']
Laubstraße,POINT(9.748938 53.185366),['Station']
Rechstieg,POINT(9.626052 53.913847),['Station']
An de Wettern,POINT(9.61723 53.91312),['Station']
Wetterndorf,POINT(9.259499 53.913044),['Station']
Hollerwettern 5,POINT(9.373517 53.835287),['Station']
Großwisch (Ost),POINT(9.381352 53.84661),['Station']
Dammducht,POINT(9.390411 53.838818),['Station']
Beesen,POINT(9.365962 53.864133),['Station']
Fielweg (Ost),POINT(9.40413 53.846823),['Station']
Großwisch (West),POINT(9.357831 53.851795),['Station']
Großwisch (Mitte),POINT(9.368832 53.848275),['Station']
Hollerwettern 7,POINT(9.361302 53.838541),['Station']
Hollerwettern 30a,POINT(9.349485 53.844146),['Station']
Deichreihe,POINT(9.401164 53.843382),['Station']
Rosskopp,POINT(9.360187 53.855399),['Station']
Schule,POINT(9.399924 53.844016),['Station']
Schulstraße,POINT(9.525102 54.028371),['Station']
Nordende 15,POINT(9.336474 53.983264),['Station']
Vierth,POINT(9.351534 53.990363),['Station']
Wiedenborstel,POINT(9.750272 54.050697),['Station']
Süderauerdorfstraße 28,POINT(9.530301 53.831281),['Station']
Aukrugstraße,POINT(9.803642 54.014639),['Station']
Arpsdorfer Straße,POINT(9.809206 54.009723),['Station']
Diekdorf,POINT(9.359423 53.927512),['Station']
Wilster,POINT(9.383449 53.926233),['Station']
Kasenort 6,POINT(9.407563 53.910754),['Station']
Haackstraße,POINT(9.365623 53.922785),['Station']
Colosseum Platz,POINT(9.374552 53.923818),['Station']
Kasenort (Schleuse),POINT(9.410609 53.912586),['Station']
Kathener Weg (Nord),POINT(9.389067 53.914895),['Station']
Hans-Prox-Straße,POINT(9.371991 53.919998),['Station']
Allee,POINT(9.378619 53.917435),['Station']
Am Schulzentrum,POINT(9.369147 53.923655),['Station']
Johann-Meyer-Straße,POINT(9.382014 53.924135),['Station']
Vereinsstraße,POINT(9.37 53.932349),['Station']
Oberstraße,POINT(9.606772 53.944404),['Station']
Hauptstraße,POINT(9.608958 53.956423),['Station']
Bahnhof,POINT(9.828964 53.186561),['Station']
Mühlenstraße 34,POINT(9.670348 53.928711),['Station']
Mühlenstraße 3,POINT(9.687278 53.933431),['Station']
Alte Schule,POINT(9.680092 53.933481),['Station']
Wrist,POINT(9.748147 53.932393),['Station']
Schule,POINT(9.752844 53.932004),['Station']
Wulfsmoor,POINT(9.724428 53.910562),['Station']
Aebtissinwisch,POINT(9.288425 53.967567),['Station']
Bf. Itzehoe (Draisine),POINT(9.510372 53.924646),['Station']
Bf. Wilster,POINT(9.380475 53.925614),['Station']
Am Bummel,POINT(9.4507 53.875156),['Station']
Brokreihe (Mitte),POINT(9.460727 53.875818),['Station']
"(IZ), Fritz-Höger-Straße",POINT(9.430786 53.86372),['Station']
Klein Wisch 7,POINT(9.446366 53.858011),['Station']
"(IZ), Kirche",POINT(9.428527 53.864267),['Station']
Groß Wisch 18,POINT(9.455732 53.861184),['Station']
Kuhdamm,POINT(9.439892 53.873893),['Station']
Bohnstraße,POINT(9.420784 53.789524),['Station']
Breslauer Straße,POINT(9.42326 53.803352),['Station']
Stettiner Straße,POINT(9.418422 53.8007),['Station']
Janssenweg,POINT(9.42032 53.791637),['Station']
St. Marien Kirche,POINT(9.422228 53.795772),['Station']
Marienburger Straße,POINT(9.428533 53.803881),['Station']
Königsberger Straße,POINT(9.424643 53.800472),['Station']
Reichenberger Straße,POINT(9.42846 53.80274),['Station']
Alte Landstraße,POINT(9.466494 53.944402),['Station']
Fischdiek,POINT(9.469514 53.940797),['Station']
Sportzentrum,POINT(9.469295 53.932091),['Station']
Neue Straße,POINT(9.470237 53.900804),['Station']
Mittelstraße,POINT(9.466733 53.898984),['Station']
Bäckerstraße,POINT(9.435446 53.976953),['Station']
Galgenberg,POINT(9.429579 53.975608),['Station']
Goldbergweg,POINT(9.505099 53.949304),['Station']
Portland-Cement-Straße,POINT(9.512198 53.914683),['Station']
Christian-Lohse-Straße (Ost),POINT(9.497432 53.907908),['Station']
Krichauffstraße,POINT(9.481339 53.904461),['Station']
Bargkoppel,POINT(9.538598 53.927326),['Station']
Mozartstraße,POINT(9.519933 53.932107),['Station']
Schubertstraße,POINT(9.522273 53.931765),['Station']
Bocksberg,POINT(9.543688 53.927752),['Station']
Brunnenstraße (Holstein-Center),POINT(9.519103 53.926585),['Station']
Friedhof Brunnenstraße,POINT(9.517691 53.92935),['Station']
Buschweg,POINT(9.489395 53.945398),['Station']
Coriansberg,POINT(9.523073 53.923837),['Station']
Grundschule Wellenkamp,POINT(9.486131 53.907002),['Station']
Heinrich-Wessel-Straße,POINT(9.481549 53.906823),['Station']
Graf-Egbert-Ring (Süd),POINT(9.495729 53.933692),['Station']
Lindenstraße (Mitte),POINT(9.498591 53.932386),['Station']
Emmy-Noether-Straße,POINT(9.494066 53.957858),['Station']
Christian-Lohse-Straße (West),POINT(9.490929 53.908744),['Station']
Albert-Schweitzer-Ring (Nord),POINT(9.510216 53.949282),['Station']
Graf-Egbert-Ring (Nord),POINT(9.494491 53.940984),['Station']
Graf-Rantzau-Straße,POINT(9.499449 53.904836),['Station']
Elmshorner Straße,POINT(9.507316 53.906097),['Station']
Mittelweg,POINT(9.503438 53.905071),['Station']
Carl-Zeiss-Straße,POINT(9.508483 53.921995),['Station']
Marie-Curie-Ring,POINT(9.496034 53.959405),['Station']
Hohe Straße,POINT(9.522045 53.922017),['Station']
Holzkamp,POINT(9.522199 53.923382),['Station']
Innovationszentrum,POINT(9.486575 53.956955),['Station']
Johann-Holm-Straße,POINT(9.502269 53.935606),['Station']
Hinter dem Kurhaus,POINT(9.549852 53.927634),['Station']
Gutenbergstraße,POINT(9.528397 53.923607),['Station']
Goldbergweg (Nord),POINT(9.505762 53.95126),['Station']
Karnberg,POINT(9.507607 53.951369),['Station']
Karolingerstraße,POINT(9.494304 53.939349),['Station']
Bachstraße (West),POINT(9.536988 53.92285),['Station']
Bachstraße (Ost),POINT(9.539815 53.9237),['Station']
Kremper Weg (Süd),POINT(9.496015 53.902676),['Station']
Mühlenweg,POINT(9.478238 53.904698),['Station']
Käthe-Kollwitz-Straße (Nord),POINT(9.489146 53.948813),['Station']
Königsberger Allee,POINT(9.513705 53.944362),['Station']
Kösliner Straße,POINT(9.505691 53.939068),['Station']
Liethberg,POINT(9.502938 53.927966),['Station']
Lornsenplatz,POINT(9.513644 53.929556),['Station']
Stadion,POINT(9.538346 53.931361),['Station']
Am Kählerhof,POINT(9.485054 53.908615),['Station']
Masurenweg,POINT(9.51114 53.943879),['Station']
Ochsenmarktskamp,POINT(9.526283 53.92739),['Station']
Oldendorfer Weg,POINT(9.494312 53.943904),['Station']
Rathaus,POINT(9.516271 53.91914),['Station']
Robert-Koch-Straße,POINT(9.506067 53.946263),['Station']
Sanddeich,POINT(9.489233 53.910718),['Station']
Schulenburg,POINT(9.50642 53.908787),['Station']
Sieversbek,POINT(9.491637 53.944383),['Station']
Stadtbibliothek,POINT(9.520101 53.924829),['Station']
Störfischerstraße,POINT(9.493755 53.930313),['Station']
Stettiner Straße,POINT(9.507818 53.941171),['Station']
Brunnenstieg,POINT(9.531464 53.930161),['Station']
Ansgarstraße,POINT(9.494094 53.937086),['Station']
Ahornweg,POINT(9.545041 53.932265),['Station']
Trotzenburg,POINT(9.545831 53.929791),['Station']
Ottensstraße,POINT(9.48946 53.905443),['Station']
Viertkoppel,POINT(9.51456 53.943307),['Station']
Vossbarg,POINT(9.488622 53.931349),['Station']
Wasserwerk,POINT(9.512392 53.947836),['Station']
Kamper Weg (Ost),POINT(9.501425 53.909707),['Station']
Wiesengrund,POINT(9.493745 53.906279),['Station']
Zusestraße,POINT(9.480679 53.952908),['Station']
Klein Bahrenfleth 7,POINT(9.439883 53.871629),['Station']
Gutsweg,POINT(9.415786 53.96032),['Station']
Rahde,POINT(9.41953 53.967513),['Station']
Dorfstraße 94,POINT(9.478875 53.888577),['Station']
Bockwisch,POINT(9.485183 53.881679),['Station']
Kirche,POINT(9.477943 53.886838),['Station']
Neue Reihe,POINT(9.479576 53.900677),['Station']
Heideweg,POINT(9.481963 53.89524),['Station']
Wiesengrund,POINT(9.477538 53.879409),['Station']
"(IZ), Neue Straße",POINT(9.405912 53.958548),['Station']
"(IZ), Hauptstraße 14",POINT(9.385477 53.959613),['Station']
Unterstraße,POINT(9.569269 53.928119),['Station']
Kalbsberg,POINT(9.55706 53.927035),['Station']
Bornstücken,POINT(9.563286 53.92697),['Station']
"(IZ), Am Bad",POINT(9.458225 53.954155),['Station']
"(IZ), Achter Hoef",POINT(9.451576 53.956283),['Station']
"(IZ), Dorfstraße",POINT(9.454849 53.954752),['Station']
"(IZ), Schöne Aussicht",POINT(9.463848 53.946164),['Station']
"(IZ), Sportzentrum",POINT(9.447427 53.967188),['Station']
Veilchenweg,POINT(9.699768 53.955514),['Station']
Ostlandring,POINT(9.516419 53.987727),['Station']
Hauptbahnhof,POINT(10.007267 53.552331),['Station']
Kastanienallee,POINT(10.500186 53.83872),['Station']
Kolberger Straße,POINT(10.495168 53.828378),['Station']
Bücherei,POINT(10.498629 53.836404),['Station']
Feuerwehr,POINT(9.536332 53.842018),['Station']
Billhorner Deich,POINT(10.042491 53.534193),['Station']
HBF/Steintorwall,POINT(10.005926 53.55113),['Station']
Hauptbahnhof/ZOB,POINT(10.010335 53.551901),['Station']
U S Berliner Tor (Beim Strohhause),POINT(10.023077 53.553464),['Station']
U S Berliner Tor (Bürgerweide),POINT(10.025576 53.5532),['Station']
Borgfelder Straße,POINT(10.03364 53.554721),['Station']
U Burgstraße,POINT(10.041448 53.555579),['Station']
Saling,POINT(10.048155 53.558926),['Station']
Beim Hammer Marktplatz,POINT(10.054041 53.557122),['Station']
U Hammer Kirche,POINT(10.055794 53.555399),['Station']
Hübbesweg,POINT(10.061356 53.55455),['Station']
HBF/Spitalerstraße,POINT(10.005389 53.55268),['Station']
Borstelmannsweg,POINT(10.049665 53.550412),['Station']
Diagonalstraße,POINT(10.059458 53.549265),['Station']
Braune Brücke,POINT(10.061086 53.546771),['Station']
Billerhuder Insel,POINT(10.058714 53.544249),['Station']
Bullenhuser Damm (Ost),POINT(10.051935 53.54217),['Station']
Großmannstraße,POINT(10.048892 53.541155),['Station']
S Rothenburgsort,POINT(10.042595 53.539027),['Station']
Billhorner Röhrendamm,POINT(10.030861 53.537843),['Station']
Billhorner Brückenstraße,POINT(10.032009 53.540403),['Station']
Nagelsweg,POINT(10.022158 53.543507),['Station']
Lippeltstraße,POINT(10.015931 53.545537),['Station']
Spaldingstraße,POINT(10.013254 53.547752),['Station']
U Steinstraße (Deichtorplatz),POINT(10.005857 53.548866),['Station']
Billhorner Mühlenweg,POINT(10.034915 53.536461),['Station']
Rothenburgsorter Marktplatz,POINT(10.038461 53.534687),['Station']
Thiedingreihe,POINT(10.046128 53.533667),['Station']
Zollvereinsstraße,POINT(10.051378 53.532516),['Station']
Rothenburgstraße,POINT(10.056225 53.53153),['Station']
S Tiefstack,POINT(10.064707 53.530583),['Station']
Billstraße,POINT(10.033376 53.541416),['Station']
Grüne Brücke,POINT(10.040838 53.543633),['Station']
Billstraße 133,POINT(10.047556 53.538947),['Station']
Billstraße 185,POINT(10.053906 53.53713),['Station']
Billstraße (Mitte),POINT(10.057456 53.536128),['Station']
Gustav-Kunst-Straße,POINT(10.059603 53.537556),['Station']
Sachsenstraße,POINT(10.027374 53.546446),['Station']
S Hammerbrook (Süd),POINT(10.024184 53.546194),['Station']
Süderstraße,POINT(10.030425 53.545341),['Station']
Ausschläger Weg (LBV),POINT(10.038294 53.547582),['Station']
Luisenweg,POINT(10.046548 53.54822),['Station']
Schadesweg,POINT(10.052251 53.547631),['Station']
Wendenstraße (Mitte),POINT(10.036686 53.549672),['Station']
Wendenstraße,POINT(10.028493 53.547802),['Station']
Jungestraße,POINT(10.027173 53.556196),['Station']
Bürgerweide (Ost),POINT(10.038292 53.559209),['Station']
S Landwehr (Ramazan-Avci-Platz),POINT(10.03708 53.561484),['Station']
U Lübecker Straße,POINT(10.028624 53.560057),['Station']
U Lohmühlenstraße,POINT(10.02018 53.557209),['Station']
Böckmannstraße,POINT(10.015144 53.55488),['Station']
HBF/Kirchenallee,POINT(10.008549 53.552923),['Station']
Gurlittstraße,POINT(10.011128 53.557322),['Station']
AK St. Georg,POINT(10.014678 53.559969),['Station']
Graumannsweg,POINT(10.016355 53.561968),['Station']
Normannenweg,POINT(10.035561 53.551191),['Station']
Osterbrookplatz,POINT(10.057519 53.547117),['Station']
Repsoldstraße,POINT(10.015442 53.548425),['Station']
Albertstraße,POINT(10.019774 53.549107),['Station']
Alfredstraße,POINT(10.033017 53.55762),['Station']
S Hammerbrook (Nord),POINT(10.022546 53.548329),['Station']
U Hammer Kirche (Hammer Landstraße),POINT(10.057412 53.554935),['Station']
Ausschläger Allee (Kfz-Verwahrstelle),POINT(10.060043 53.531029),['Station']
Jakobikirchhof,POINT(10.000726 53.550077),['Station']
Kurt-Schumacher-Allee,POINT(10.01622 53.551914),['Station']
Stoeckhardtstraße,POINT(10.049697 53.557798),['Station']
Griesstraße,POINT(10.047138 53.562367),['Station']
Hirschgraben,POINT(10.044489 53.563873),['Station']
Marienkrankenhaus,POINT(10.034301 53.560771),['Station']
S Landwehr (Hasselbrookstraße),POINT(10.037586 53.561785),['Station']
Bethesdastraße,POINT(10.039205 53.558267),['Station']
Bullenhuser Damm (West),POINT(10.04282 53.542673),['Station']
Grevenweg,POINT(10.043417 53.550997),['Station']
Gut,POINT(10.80767 53.716573),['Station']
HBF/Steintordamm,POINT(10.007983 53.551984),['Station']
Abzweigung Anker,POINT(10.631514 53.66871),['Station']
Dorfstraße,POINT(10.471114 53.645468),['Station']
AIRBUS(Osttor/Einfahrt-nur für Betriebsangehörige),POINT(9.846781 53.537852),['Station']
AIRBUS (Fähranleger/Haus 25-nur für Betriebsange.),POINT(9.841063 53.543113),['Station']
Am Rummelsberg,POINT(10.43024 53.674592),['Station']
Poppensaal,POINT(10.882038 53.683356),['Station']
Kirche,POINT(10.623066 53.803442),['Station']
Forstamt Stadtwald,POINT(10.619685 53.79017),['Station']
Haus des KFZ-Gewerbes,POINT(10.036301 53.541319),['Station']
Banksstraße (Großmarkt),POINT(10.015005 53.544664),['Station']
Deichtorhallen,POINT(10.007863 53.546297),['Station']
Oberhafenbrücke,POINT(10.00536 53.544422),['Station']
Pröbenweg,POINT(10.050157 53.55446),['Station']
Dimpfelweg,POINT(10.049257 53.552824),['Station']
Borstelmannsweg 133,POINT(10.051058 53.548198),['Station']
Hammer Deich (Ost),POINT(10.048472 53.545508),['Station']
Kreuzbrook,POINT(10.045477 53.546396),['Station']
Billhorner Deich (Wasserforum),POINT(10.041544 53.533698),['Station']
Entenwerder Stieg,POINT(10.04282 53.530372),['Station']
Kaltehofe-Hinterdeich,POINT(10.046036 53.526893),['Station']
Wasserkunst Kaltehofe,POINT(10.051982 53.524621),['Station']
Uhlandstraße,POINT(10.026803 53.564619),['Station']
Wartenau,POINT(10.035516 53.564768),['Station']
Lübecker Straße,POINT(10.028791 53.5601),['Station']
Lohmühlenstraße,POINT(10.019096 53.556706),['Station']
Hauptbahnhof Nord,POINT(10.005951 53.554095),['Station']
Hauptbahnhof Süd,POINT(10.009463 53.552025),['Station']
Steinstraße,POINT(10.00615 53.549115),['Station']
Burgstraße,POINT(10.041905 53.555754),['Station']
Hammer Kirche,POINT(10.055571 53.555545),['Station']
Joostredder,POINT(10.223131 53.700726),['Station']
Hamburg Hbf,POINT(10.007911 53.552757),['Station']
Hammerbrook (City Süd),POINT(10.023772 53.546593),['Station']
Berliner Tor,POINT(10.024622 53.553047),['Station']
Landwehr,POINT(10.037905 53.56127),['Station']
Rothenburgsort,POINT(10.044405 53.5384),['Station']
HBF/Mönckebergstraße,POINT(10.003899 53.551551),['Station']
Gerhart-Hauptmann-Platz,POINT(9.998418 53.550752),['Station']
Rathausmarkt,POINT(9.994564 53.550488),['Station']
U Rödingsmarkt (Großer Burstah),POINT(9.988917 53.548369),['Station']
Michaeliskirche,POINT(9.978528 53.549255),['Station']
Brandstwiete,POINT(9.997064 53.547053),['Station']
Museum für Hamburgische Geschichte,POINT(9.974015 53.550495),['Station']
Handwerkskammer,POINT(9.976721 53.553376),['Station']
Johannes-Brahms-Platz,POINT(9.978751 53.555012),['Station']
Axel-Springer-Platz,POINT(9.985522 53.552216),['Station']
Parkallee,POINT(9.983987 53.572554),['Station']
U Gänsemarkt,POINT(9.988477 53.555382),['Station']
U Stephansplatz,POINT(9.98901 53.558154),['Station']
Sievekingplatz,POINT(9.97755 53.555957),['Station']
Museum am Rothenbaum,POINT(9.988378 53.567962),['Station']
U Feldstraße,POINT(9.969041 53.55732),['Station']
Neuer Pferdemarkt,POINT(9.963346 53.558408),['Station']
