name,description,tags,node_type,location,centroid
Jugendclub Heimfeld,,"['community_centre', 'AWO Landesverband Hamburg e.V.', 'public', 'AWO Jugendclub Heimfeld']",['POI'],POINT(9.956510900962325 53.46846007447076),
Abenteuerspielplatz am Brunnenhof e.V.,,"['social_facility', 'civic']",['POI'],POINT(9.958813577889725 53.554096777534554),
Rettungswache Millerntor,Außenstelle der Feuer- und Rettungswache Innenstadt der Feuerwehr Hamburg.,"['Feuerwehr Hamburg', 'civic']",['POI'],POINT(9.971152397358274 53.55154085083381),
Kindertreff Heimfeld,,"['community_centre', 'BI Beruf und Integration Elbinseln gGmbH', 'civic']",['POI'],POINT(9.961032417760581 53.46763957186314),
Hafenamt Süd,,['civic'],['POI'],POINT(9.984983833154688 53.47308499617683),
Haus der Jugend Steinikestraße,offene Kinder- und Jugendarbeit,"['community_centre', 'youth_centre', 'Bezirksamt Harburg', 'civic']",['POI'],POINT(9.973881925611826 53.45529194626362),
Agentur für Arbeit,,"['employment_agency', 'public']",['POI'],POINT(9.9792704726871 53.46057846200804),
Schwanenquartier,,['civic'],['POI'],POINT(9.987032926333468 53.59986225446847),
Vereinshaus Gartenfreunde Püttkuhl e.V. 210,,"['community_centre', 'club_home', 'civic']",['POI'],POINT(9.865402300000001 53.56900175),
Schulungszentrum Deichverteidigung,ehem. Hafenamt 3,"['LSBG', 'civic', 'Ensembleteil']",['POI'],POINT(10.026079492966264 53.540246749061104),
Stadtteilhaus Neuwiedenthal,,"['Bezirksamt Harburg', 'civic']",['POI'],POINT(9.877457874090581 53.47925037388235),
Bauspielplatz und Spielhaus Eppendorfer Park,,"['community_centre', 'youth_centre', 'Bezirksamt Hamburg-Nord', 'civic', 'public']",['POI'],POINT(9.981581819228403 53.59016276572776),
Technisches Rathaus - Bezirksamt Hamburg-Nord,,"['government', 'public']",['POI'],POINT(9.985381464120382 53.59056735254483),
Rathaus,,"['government', 'townhall', 'public', 'Ensembleteil', 'attraction']",['POI'],POINT(9.992400088323125 53.55041280989229),
Haus der Familie St. Pauli,,"['community_centre', 'Verein für stadtteilbezogene milieunahe Erziehungshilfen e.V.', 'civic', 'ngo']",['POI'],POINT(9.96242186569669 53.557507857835716),
Hauptgebäude Altes Allgemeines Krankenhaus Altona,,['civic'],['POI'],POINT(9.946897018853416 53.55704396386598),
Haus der Jugend Lattenkamp,,"['community_centre', 'youth_centre', 'Bezirksamt Hamburg-Nord', 'civic', 'public']",['POI'],POINT(9.99297041122254 53.598590797225825),
Gemeindehaus,,['public'],['POI'],POINT(9.96016699264256 53.59764859609698),
Gartenbauverein Finkenwerder,,"['community_centre', 'club_home', '-101- Gartenbauverein Finkenwerder e.V.', 'civic']",['POI'],POINT(9.84677105501284 53.52841872503984),
Polizeikommissariat 25,,"['police', 'Polizei Hamburg', 'civic', 'Polizeikommissariat 25']",['POI'],POINT(9.880241167442264 53.572482856189794),
Kinder- und Jugendzentrum Alsterdorf,Offene Kinder- und Jugendarbeit,"['community_centre', 'youth_centre', 'Deutscher Kinderschutzbund Landesverband Hamburg e.v:', 'civic']",['POI'],POINT(10.00390767092642 53.606430932691424),
Altes Deichhaus,,['civic'],['POI'],POINT(9.987300379520493 53.51756288447151),
Vereinshaus Klgv. 436,,"['community_centre', 'club_home', 'Kleingartenverein Groß Borstel 436 e.V.', 'civic']",['POI'],POINT(9.98395361703185 53.610329396558406),
Haus der Jugend Kirchdorf,,"['community_centre', 'youth_centre', 'Bezirksamt Hamburg-Mitte', 'public', 'public']",['POI'],POINT(10.013661100426708 53.49768465299328),
Kleingartenverein Elbinsel,,"['community_centre', 'club_home', 'Kleingartenverein Elbinsel e.V.', 'civic']",['POI'],POINT(10.013725751170952 53.51830327418984),
Haus der Jugend Manshardtstraße,"Offene Kinder- und Jugendarbeit, OKJA, Kinder- und Jugendtreff","['community_centre', 'youth_centre', 'Jugendzentrum Horner Geest e.V.', 'civic']",['POI'],POINT(10.094289337178417 53.55517768647927),
Vereinhaus Kleingartenverein Fürstenmoor,,"['community_centre', 'club_home', 'civic']",['POI'],POINT(9.943006183846673 53.473315390120575),
Gut vernetzt,,"['Stromnetz Hamburg', 'public', 'museum']",['POI'],POINT(9.996434428442694 53.54090433330553),
Bürgerhaus Lenzsiedlung,,"['community_centre', 'Lenzsiedlung e.V.', 'civic']",['POI'],POINT(9.95067108821433 53.584791716446986),
Haus am Feuerteich - Tagespflegestätte,,"['social_facility', 'Johanniter-Unfall-Hilfe e.V.', 'civic']",['POI'],POINT(9.964594691534467 53.435838987817014),
Freizeitzentrum Feuervogel,offene Kinder- und Jugendarbeit,"['community_centre', 'youth_centre', 'IN VIA Hamburg e.V.', 'public']",['POI'],POINT(9.980852853928896 53.45366288508031),
Vereinsheim VfL 93,Vereinsheim des VfL93 Hamburg,['civic'],['POI'],POINT(10.016958104028713 53.58815789309211),
DLRG Bezirk Wandsbek,,"['lifeguard', 'community_centre', 'club_home', 'Deutsche Lebens- Rettungs- Gesellschaft Bezirk Wandsbek e.V.', 'civic']",['POI'],POINT(10.082359380443732 53.57452932441537),
Cruise Center Altona,,['public'],['POI'],POINT(9.937450892684728 53.5435580737001),
Katholisches Gemeindehaus,,"['community_centre', 'parish_hall', 'civic']",['POI'],POINT(9.999586975703311 53.68034013103253),
Haus der Jugend Horn,,"['community_centre', 'youth_centre', 'Bezirksam Hamburg-Mitte', 'civic']",['POI'],POINT(10.07279874438795 53.55714293625706),
Haus Drei,,"['community_centre', 'HausDrei e.V.', 'civic']",['POI'],POINT(9.947245950719685 53.556197516819196),
Vereinshaus Kleingartenverein Groß-Sand,,"['community_centre', 'club_home', 'civic']",['POI'],POINT(9.987131776492188 53.50229806996826),
Vereinshaus KGV Eichenallee,,"['community_centre', 'club_home', 'civic']",['POI'],POINT(9.994717383481161 53.487428618854864),
"Wasserschutzpolizei, Alster",,"['Polizei Hamburg', 'civic', 'Wasserschutzpolizeikommissariat 2, Polizeibedarfsaußenstelle Alster']",['POI'],POINT(10.001413669259305 53.56754109292067),
Logenhaus,Logenhaus der Hamburger Logen des Freimaurerordens,['civic'],['POI'],POINT(9.98639744811703 53.56415453596928),
Kinderkulturhaus Lohbrügge,,"['community_centre', 'cultural_centre', 'Kinderkulturhaus Lohbrügge des Kulturzentrums LOLA UG', 'public']",['POI'],POINT(10.206496891224694 53.49547380985727),
Vereinshaus Biller Ruder Club,,"['community_centre', 'club_home', 'civic']",['POI'],POINT(10.054237659040714 53.544105196806086),
"Stadtteiltreff ""Das Blaue Haus""",,"['community_centre', 'civic']",['POI'],POINT(9.996231983183902 53.655457597370315),
Polizeikommissariat 41,,"['police', 'Polizei Hamburg', 'civic', 'Polizeikommissariat 41']",['POI'],POINT(10.045888668002043 53.557755549167),
Gemeindehaus von St. Franziskus,,"['community_centre', 'parish_hall', 'civic']",['POI'],POINT(10.055127009018397 53.585127938194795),
Bürgerhaus Allermöhe,,"['community_centre', 'village_hall', 'civic']",['POI'],POINT(10.17970706283971 53.48617780496296),
ReeWie-Haus,,"['community_centre', 'einfal GmbH', 'civic']",['POI'],POINT(9.909188665886745 53.615286918836055),
Bürgerhaus Moorfleet,,"['Attraktive Bille-Siedlung e.V.', 'public']",['POI'],POINT(10.079010674667993 53.50211258352911),
DLRG Wasserrettungsstation Hamburg-Wittenbergen,,"['Deutsche Lebens-Rettungs-Gesellschaft Bezirk Altona e.V.', 'civic']",['POI'],POINT(9.755666122847659 53.563955974966795),
Jugendclub Weissenhof,,"['community_centre', 'youth_centre', 'Aktivspielplatz Farmsen e.V.', 'civic']",['POI'],POINT(10.125551500833614 53.60294798754321),
Bauspielplatz Berne,Offene Kinder- und Jugendarbeit mit offenen Spielangeboten für Kinder,"['community_centre', 'youth_centre', 'Kinder- und Jugendarbeit Berne e.V.', 'civic']",['POI'],POINT(10.12478644598995 53.62424921414207),
Rote Hütte,,"['DRK gemeinnützige Gesellschaft für Pädagogik Hamburg-Harburg mbH', 'civic']",['POI'],POINT(9.781769136923032 53.520920575275376),
Freiwillige Feuerwehr Neuenfelde-Süd,,"['fire_station', 'public']",['POI'],POINT(9.793617541260351 53.514917074226595),
Freiwillige Feuerwehr Neuenfelde-Nord,,"['fire_station', 'public']",['POI'],POINT(9.81108212053117 53.517997475641074),
Jugendclub Trabrennbahn,,"['community_centre', 'youth_centre', 'Voll in Bewegung e.V.', 'civic']",['POI'],POINT(10.0992735 53.59443430000001),
Haus der Jugend Jenfeld,,"['community_centre', 'Bezirksamt Wandsbek', 'civic']",['POI'],POINT(10.133025644403846 53.57622027185041),
Spielhaus Horner Rennbahn,"offene Kinder- und Jugendarbeit, Spielhaus, Kinderfreizeitstätte","['community_centre', 'youth_centre', 'Kinder- und Jugendtraum e.V.', 'civic']",['POI'],POINT(10.083378248468822 53.560201505737375),
Jugendclub Berner Au,,"['community_centre', 'youth_centre', 'Kinder- und Jugendarbeit Berne e.V.', 'civic']",['POI'],POINT(10.132675302450203 53.62172031769736),
Altes Gemeindehaus,"Ehemaliges Gemeindehaus der Reiherstieg-Kirchengemeinde (Rotenhäuser Damm 11, (Gemeindehaus / 1907 / Entwurf: Mohrmann, Karl))","['civic', 'Baudenkmal']",['POI'],POINT(9.991907960831355 53.51430450618371),
Gemeindehaus St. Johannis,,"['community_centre', 'parish_hall', 'civic']",['POI'],POINT(10.228047950000004 53.44975680000001),
Haus der Projekte,,['civic'],['POI'],POINT(10.019945263539313 53.52065424371467),
Bücherhalle Rahlstedt,,"['library', 'civic']",['POI'],POINT(10.15598461009093 53.603169808397105),
Seniorentreff,,"['community_centre', 'civic']",['POI'],POINT(10.045636741792055 53.595999943767076),
KiFaZ Schnelsen-Süd,,"['community_centre', 'Verband Kinder und Jugendarbeit Hamburg e.V.', 'civic']",['POI'],POINT(9.915171508534467 53.62539317488772),
Neugrabener Tennis-Club e.V.,,"['community_centre', 'club_home', 'civic']",['POI'],POINT(9.838357973423859 53.47508497735737),
Hamburg Pioneers,,"['Sportvereinigung Polizei Hamburg von 1920 e.V.', 'civic', 'american_football']",['POI'],POINT(10.018529160386553 53.599759600449374),
Rettungswache Meiendorf,,"['Feuerwehr Hamburg', 'civic']",['POI'],POINT(10.15243064696364 53.62382857680596),
Freiwillige Feuerwehr Finkenwerder,,"['fire_station', 'public']",['POI'],POINT(9.873312546563326 53.53505231987774),
Jugendcafé Eißendorf,,"['community_centre', 'Harburger Turnerbund', 'civic']",['POI'],POINT(9.954924925071312 53.455565815462755),
Spielhaus Sonnenland,"offene Kinder- und Jugendarbeit, Kinderfreizeitstätte, OKJA","['community_centre', 'Bezirksamt Hamburg-Mitte', 'civic']",['POI'],POINT(10.137567680238043 53.53638304301459),
Trollhaus,,"['Streetlife e.V. -Straßensozialarbeit in Rahlstedt', 'civic']",['POI'],POINT(10.15005405831095 53.58454534926207),
Elternschule Horner Geest,Familienförderung,"['community_centre', 'Bezirksamt Hamburg-Mitte', 'civic', 'public']",['POI'],POINT(10.112733100000002 53.56263645),
Haus der Jugend Billstedt,,"['community_centre', 'youth_centre', 'Bezirksamt Hamburg-Mitte', 'civic']",['POI'],POINT(10.104508884450647 53.54136343631377),
Haus der Jugend Rothenburgsort,,"['community_centre', 'youth_centre', 'Jugend und Kulturzentrum Neustadt e. V. - JUKZ am Stintfang', 'civic']",['POI'],POINT(10.041590991302769 53.53651875256699),
Gemeindehaus,,"['community_centre', 'parish_hall', 'civic']",['POI'],POINT(10.045777042491022 53.60267657061295),
Kundenzentrum Harburg,,"['government', 'public']",['POI'],POINT(9.97800494768456 53.45905279179665),
DLRG Bezirk Bergedorf,,"['association', 'DLRG Bezirk Bergedorf e.V.', 'civic', 'Deutsche Lebens-Rettungs-Gesellschaft']",['POI'],POINT(10.181963006286706 53.49860586596079),
Rettungswache Süderelbe,,"['DLRG Bezirk Harburg e.V.', 'civic']",['POI'],POINT(10.00178725 53.474400700000004),
Lißy-Haus,,"['community_centre', 'SVE Hamburg Bildungspartner gGmbH', 'civic']",['POI'],POINT(9.901987486568538 53.61900537916112),
Bürgerhäuschen Eppendorf,"Martinistraße o.Nr., (Toilettenhaus / 1890, um), Teil des Ensembles Eppendorfer Park, Parkanlage mit Wegenetz, Bodenmodellierung, Toilettenhaus u.a., in den Grenzen von Breitenfelder Straße, Curschmannstraße, Frickestraße und Martinistraße","['community_centre', 'Bürgerhäuschen Eppendorf e.V.', 'civic', 'Baudenkmal']",['POI'],POINT(9.979710772937192 53.590380443764325),
Treffpunkt Meilerstraße,,"['social_facility;community_centre', 'F&W Fördern & Wohnen AöR', 'civic']",['POI'],POINT(10.113805313255744 53.614560034306486),
OHLE,,"['community_centre', 'CVJM Oberalster e.V.', 'civic']",['POI'],POINT(10.086764021023317 53.66929706319125),
Info-Pavillon Hannoverscher Bahnhof,Info-Pavillon zum Gedenkort denk.mal Hannoverscher Bahnhof,"['public', 'museum']",['POI'],POINT(10.00467865 53.54357754999999),
Sicherheitswache,,"['police', 'Polizei Hamburg;Bundespolizei', 'civic']",['POI'],POINT(10.007838526900704 53.55275035225088),
Kleingartenverein 303 Waldfrieden e.V.,,"['community_centre', 'club_home', 'civic']",['POI'],POINT(9.92651957729309 53.611100737192324),
Vereinshaus Grüner Deich,,"['community_centre', 'club_home', 'civic']",['POI'],POINT(9.999591935113113 53.492941085696614),
Jugendtreff Triangel,,"['community_centre', 'youth_centre', 'Mehr Platz für Kinder e.V.', 'civic']",['POI'],POINT(10.14812805 53.58389379999999),
Vereinshaus Im Bauernfelde,,"['community_centre', 'Kleingartenverein 761 Im Bauernfelde e.V. von 1953', 'civic']",['POI'],POINT(9.999265999999999 53.48606304999999),
Jugendclub Eimsbüttel,,"['community_centre', 'youth_club', 'Bezirksamt Hamburg-Eimsbüttel', 'civic', 'public']",['POI'],POINT(9.957487314013955 53.571545525115205),
Polizeikommissariat 21,,"['police', 'Polizei Hamburg', 'civic', 'Polizeikommissariat 21']",['POI'],POINT(9.945457849927969 53.54973804297313),
Freiwillige Feuerwehr Lohbrügge,,"['fire_station', 'public']",['POI'],POINT(10.206269533166434 53.495350464529665),
Gemeindezentrum Reiherstieg-Kirchengemeinde,"Räumlichkeiten der Reiherstiegkirchengemeinde inkl. Kirchenbüro, Jugendraum u.a.","['community_centre', 'parish_hall', 'civic']",['POI'],POINT(9.990149145963702 53.51433589714979),
Kleingartenverein 767 Süderelbe e.V.,,"['community_centre', 'civic']",['POI'],POINT(9.999382999407825 53.47760563339922),
Davidwache,,"['police', 'Polizei Hamburg', 'civic', 'Polizeikommissariat 15', 'attraction']",['POI'],POINT(9.962753102236526 53.54887674664391),
Wasserrettungszentrum Außenalster,,['civic'],['POI'],POINT(10.001416935070356 53.56763769598505),
Vereinsbüro Kleingartenverein Bauernweg,,"['association', 'community_centre', 'club_home', 'civic']",['POI'],POINT(9.942198308719012 53.47193288371846),
Kubus,,['civic'],['POI'],POINT(9.944070474161961 53.558177524466295),
Rettungswache Allermöhe,,"['Feuerwehr Hamburg', 'civic']",['POI'],POINT(10.11387615998331 53.488833572530716),
Vereinshaus KGV 720 Steinwerder,,"['community_centre', 'club_home', 'Kleingartenverein Steinwerder e.V.', 'civic']",['POI'],POINT(9.997723402504484 53.48943256832522),
Jugendclub im Quartier,,"['community_centre', 'youth_centre', 'Bezirksamt Bergedorf', 'civic', 'public']",['POI'],POINT(10.20924302357226 53.485069528987125),
Vereinshaus Klgv Niedergeorgswerder von 1921,,"['community_centre', 'club_home', 'civic']",['POI'],POINT(10.021900303265271 53.513099748233394),
Jugendzentrum Horner Geest,,"['community_centre', 'youth_centre', 'Jugendzentrum Horner Geest e.V.', 'civic']",['POI'],POINT(10.109478869436767 53.557922918673114),
De Stuuv,,"['community_centre', 'community_hall', 'DRK gemeinnützige Gesellschaft für Pädagogik Hamburg-Harburg mbH', 'civic']",['POI'],POINT(9.815762669325393 53.47062399901996),
Schulärztlicher Dienst Eimsbüttel (Grindelberg) - Bezirksamt Eimsbüttel,,,['POI'],POINT(9.979213 53.575001),
Schulärztlicher Dienst Eimsbüttel (Lohkampstr) - Bezirksamt Eimsbüttel,,,['POI'],POINT(9.901422 53.609155),
Amt für Immissionsschutz und Betriebe,,,['POI'],POINT(10.004024 53.497556),
Behörde für Stadtentwicklung und Wohnen,,,['POI'],POINT(10.004187 53.497465),
"Behörde für Umwelt, Klima Energie und Agrarwirtschaft",,,['POI'],POINT(10.004217 53.497465),
Behörde für Wirtschaft und Innovation,,,['POI'],POINT(9.983989 53.550549),
Referat Außenwirtschaft,,,['POI'],POINT(9.983685 53.550434),
Agentur für Arbeit Altona,,,['POI'],POINT(9.943907 53.565788),
Agentur für Arbeit Eimsbüttel,,,['POI'],POINT(9.957572 53.569363),
Agentur für Arbeit Hamburg-Mitte,,,['POI'],POINT(10.016151 53.550288),
Agentur für Arbeit Hamburg-Nord,,,['POI'],POINT(10.012973 53.641382),
Agentur für Arbeit Harburg,,,['POI'],POINT(9.978567 53.460712),
Agentur für Arbeit Wandsbek,,,['POI'],POINT(10.060656 53.567567),
team.arbeit.hamburg - Job-Center Altona,,,['POI'],POINT(9.907828 53.555644),
team.arbeit.hamburg - Job-Center Barmbek,,,['POI'],POINT(10.030778 53.571647),
team.arbeit.hamburg - Job-Center Bergedorf,,,['POI'],POINT(10.208387 53.491935),
team.arbeit.hamburg - Job-Center Billstedt,,,['POI'],POINT(10.101053 53.539886),
team.arbeit.hamburg - Job-Center Bramfeld,,,['POI'],POINT(10.053515 53.589977),
team.arbeit.hamburg - Job-Center Eimsbüttel,,,['POI'],POINT(9.964897 53.584759),
team.arbeit.hamburg - Job-Center Harburg,,,['POI'],POINT(9.98064 53.465735),
team.arbeit.hamburg - Job-Center Lokstedt,,,['POI'],POINT(9.947542 53.595338),
team.arbeit.hamburg - Job-Center Mitte,,,['POI'],POINT(10.016046 53.550325),
team.arbeit.hamburg - Job-Center Mümmelmannsberg,,,['POI'],POINT(10.148596 53.528602),
team.arbeit.hamburg - Job-Center Nord,,,['POI'],POINT(10.011653 53.648797),
team.arbeit.hamburg - Job-Center Osdorf,,,['POI'],POINT(9.8502 53.587211),
team.arbeit.hamburg - Job-Center Rahlstedt,,,['POI'],POINT(10.182973 53.634826),
team.arbeit.hamburg - Job-Center St.Pauli,,,['POI'],POINT(9.961241 53.551417),
team.arbeit.hamburg - Job-Center Süderelbe,,,['POI'],POINT(9.85293 53.469349),
team.arbeit.hamburg - Job-Center Wandsbek,,,['POI'],POINT(10.099698 53.588806),
team.arbeit.hamburg - Job-Center Wilhelmsburg,,,['POI'],POINT(9.99687 53.499036),
team.arbeit.hamburg - Job-Center für Personen ohne festen Wohnsitz und Haftentlassene,,,['POI'],POINT(9.998605 53.548442),
team.arbeit.hamburg - Job-Center für schwerbehinderte Menschen,,,['POI'],POINT(9.949523 53.562445),
team.arbeit.hamburg - Zentrale,,,['POI'],POINT(10.000995 53.553822),
Bezirksamt Altona,,,['POI'],POINT(9.935586 53.547118),
Bezirksamt Bergedorf,,,['POI'],POINT(10.220398 53.487293),
Bezirksamt Eimsbüttel,,,['POI'],POINT(9.979144 53.575298),
Bezirksamt Hamburg-Mitte,,,['POI'],POINT(9.984663 53.554245),
Bezirksamt Hamburg-Nord Kundenzentrum,,,['POI'],POINT(9.983471 53.589352),
Bezirksamt Harburg (Harburger Rathausplatz),,,['POI'],POINT(9.979792 53.459632),
Bezirksamt Wandsbek,,,['POI'],POINT(10.070949 53.571699),
Bundesamt für Migration und Flüchtlinge,,,['POI'],POINT(10.027129 53.545693),
Bundesamt für Seeschifffahrt und Hydrographie,,,['POI'],POINT(9.965579 53.547123),
Bundesanstalt für Landwirtschaft und Ernährung,,,['POI'],POINT(9.945647 53.560562),
Bundesanstalt für Wasserbau,,,['POI'],POINT(9.762132 53.581425),
Deutscher Wetterdienst,,,['POI'],POINT(9.966732 53.546745),
Eichdirektion Nord - Dienststelle Hamburg,,,['POI'],POINT(10.02364 53.550512),
"Institut für Holzforschung, Johann Heinrich von Thünen-Institut",,,['POI'],POINT(10.201642 53.504924),
"Johann Heinrich von Thünen Institut, Bundesforschungsinstitut für Ländliche Räume, Wald und Fischerei",,,['POI'],POINT(9.9433 53.545953),
Seewetteramt,,,['POI'],POINT(9.966722 53.546952),
Senatskoordinatorin fuer die Gleichstellung behinderter Menschen,,,['POI'],POINT(10.035741 53.584462),
Adoptionsvermittlungsstelle Hamburg,,,['POI'],POINT(10.016422 53.591781),
Elternschule Altona - Bezirksamt Altona,,,['POI'],POINT(9.946836 53.557022),
Elternschule Barmbek (Alter Teichweg) - Bezirksamt Hamburg-Nord,,,['POI'],POINT(10.06999 53.587521),
Elternschule Bergedorf-West (Friedrich-Frank-Bogen) - Bezirksamt Bergedorf,,,['POI'],POINT(10.181553 53.488735),
Elternschule Billstedt (Lorenzenweg ) - Bezirksamt Hamburg-Mitte,,,['POI'],POINT(10.104892 53.541306),
Elternschule Eidelstedt (Alte Elbgaustraße) - Bezirksamt Eimsbüttel,,,['POI'],POINT(9.90321 53.607299),
Elternschule Eimsbüttel (Doormannsweg 12) - Bezirksamt Eimsbüttel,,,['POI'],POINT(9.957423 53.572087),
Elternschule Eimsbüttel (Oberstraße) - Bezirksamt Eimsbüttel,,,['POI'],POINT(9.98059 53.577083),
Elternschule Farmsen-Berne(Bekassinenau) - Bezirksamt Wandsbek,,,['POI'],POINT(10.134592 53.620693),
Elternschule Finkenwerder - Bezirksamt Hamburg-Mitte,,,['POI'],POINT(9.876482 53.532085),
Elternschule Harburg(Kapellenweg) - Bezirksamt Harburg,,,['POI'],POINT(9.98767 53.444903),
Elternschule Hohenhorst(Potsdamer Straße) - Bezirksamt Wandsbek,,,['POI'],POINT(10.150914 53.58402),
Elternschule Horner Geest(Spliedtring) - Bezirksamt Hamburg-Mitte,,,['POI'],POINT(10.111996 53.562554),
Elternschule Jenfeld (Charlottenburger Str.) - Bezirksamt Wandsbek,,,['POI'],POINT(10.141791 53.586732),
Elternschule Kirchdorf-Süd(Karl-Arnold-Ring) - Bezirksamt Harburg,,,['POI'],POINT(10.020014 53.483826),
Elternschule Langenhorn(Holitzberg) - Bezirksamt Hamburg-Nord,,,['POI'],POINT(10.024298 53.673192),
Elternschule Lohbrügge(Max-Eichholz-Ring) - Bezirksamt Bergedorf,,,['POI'],POINT(10.216823 53.506604),
Elternschule Mümmelmannsberg(Kirchnerweg) - Bezirksamt Hamburg-Mitte,,,['POI'],POINT(10.147783 53.530892),
Elternschule Niendorf (Friedrich-Ebert-Str.) - Bezirksamt Eimsbüttel,,,['POI'],POINT(9.946626 53.619875),
Elternschule Rothenburgsort /Veddel(Marckmannstr.) - Bezirksamt Hamburg-Mitte,,,['POI'],POINT(10.039564 53.535971),
Elternschule Steilshoop (Gropiusring) - Bezirksamt Wandsbek,,,['POI'],POINT(10.057561 53.613474),
Elternschule Süderelbe (Rehrstieg) - Bezirksamt Harburg,,,['POI'],POINT(9.874056 53.478765),
Elternschule Wilhelmsburg (Zeidlerstraße) - Bezirksamt Hamburg-Mitte,,,['POI'],POINT(9.994818 53.510474),
Erziehungsberatung Altona (Osdorfer Landstr) - Bezirksamt Altona,,,['POI'],POINT(9.864745 53.571831),
Erziehungsberatung Altona Altstadt (Virchowstraße) - Bezirksamt Altona,,,['POI'],POINT(9.948071 53.552852),
Erziehungsberatung Barmbek-Uhlenhorst (Mühlendamm) - Bezirksamt Hamburg-Nord,,,['POI'],POINT(10.025311 53.560337),
Erziehungsberatung Dulsberg (Elsässer Str) - Bezirksamt Hamburg-Nord,,,['POI'],POINT(10.064339 53.579593),
Erziehungsberatung Eimsbüttel (Kieler Str) - Bezirksamt Eimsbüttel,,,['POI'],POINT(9.940087 53.57456),
Erziehungsberatung Fuhlsbüttel (Fuhlsbütteler Damm) - Bezirksamt Hamburg-Nord,,,['POI'],POINT(10.022664 53.625737),
Erziehungsberatung Hamburg-Nord (Lattenkamp) - Bezirksamt Hamburg-Nord,,,['POI'],POINT(9.995425 53.598678),
Erziehungsberatung Harburg (Hermann-Maul-Str) - Bezirksamt Harburg,,,['POI'],POINT(9.980857 53.462759),
Erziehungsberatung Neu-Allermöhe (Oberer Landweg) - Bezirksamt Bergedorf,,,['POI'],POINT(10.185586 53.486422),
Erziehungsberatung Niendorf (Friedrich-Ebert-Str) - Bezirksamt Eimsbüttel,,,['POI'],POINT(9.944457 53.620207),
Erziehungsberatung Rahlstedt (Amtstr) - Bezirksamt Wandsbek,,,['POI'],POINT(10.159087 53.602344),
Erziehungsberatung Schnelsen (Graf-Johann-Weg) - Bezirksamt Eimsbüttel,,,['POI'],POINT(9.917758 53.62533),
Erziehungsberatung Steilshoop (Gropiusring) - Bezirksamt Wandsbek,,,['POI'],POINT(10.057561 53.613474),
Erziehungsberatung Wandsbek (Bovestr) - Bezirksamt Wandsbek,,,['POI'],POINT(10.083807 53.569786),
Erziehungsberatung Wilhelmsburg (Vogelhüttendeich) - Bezirksamt Harburg,,,['POI'],POINT(9.985026 53.517905),
Mütterberatungsstelle Altona Altstadt (Scheplerstr) - Bezirksamt Altona,,,['POI'],POINT(9.954154 53.554996),
Mütterberatungsstelle Bahrenfeld (Norburger Stieg) - Bezirksamt Altona,,,['POI'],POINT(9.910676 53.566692),
Mütterberatungsstelle Bergedorf (Lamprechtstr) - Bezirksamt Bergedorf,,,['POI'],POINT(10.219933 53.489454),
Mütterberatungsstelle Billstedt (Dringsheide) - Bezirksamt Hamburg-Mitte,,,['POI'],POINT(10.119851 53.561663),
Mütterberatungsstelle Billstedt (Schleemer Weg) - Bezirksamt Hamburg-Mi,,,['POI'],POINT(10.112767 53.537909),
Mütterberatungsstelle Billstedt (Spliedtring) - Bezirksamt Hamburg-Mitte,,,['POI'],POINT(10.112126 53.562328),
Mütterberatungsstelle Blankenese (Sülldorfer Kirchenweg) - Bezirksamt Altona,,,['POI'],POINT(9.812675 53.563697),
Mütterberatungsstelle Bramfeld (Herthastr) - Bezirksamt Wandsbek,,,['POI'],POINT(10.074895 53.611774),
Mütterberatungsstelle Eidelstedt (Lohkampstr) - Bezirksamt Eimsbüttel,,,['POI'],POINT(9.901422 53.609155),
Mütterberatungsstelle Eimsbüttel (Grindelberg) - Bezirksamt Eimsbüttel,,,['POI'],POINT(9.978994 53.575308),
Mütterberatungsstelle Farmsen-Berne (Berner Heerweg) - Bezirksamt Wandsbek,,,['POI'],POINT(10.121592 53.60749),
Mütterberatungsstelle Finkenwerder (Norderschulweg) - Bezirksamt Hamburg-Mitte,,,['POI'],POINT(9.876529 53.532174),
Mütterberatungsstelle Harburg (Am Irrgarten) - Bezirksamt Harburg,,,['POI'],POINT(9.971149 53.459622),
Mütterberatungsstelle Harburg (Kapellenweg) - Bezirksamt Harburg,,,['POI'],POINT(9.987926 53.444928),
Mütterberatungsstelle Harburg (Lühmannstr) - Bezirksamt Harburg,,,['POI'],POINT(9.953322 53.457573),
Mütterberatungsstelle Harburg (Ohrnsweg) - Bezirksamt Harburg,,,['POI'],POINT(9.817161 53.471495),
Mütterberatungsstelle Hohenhorst (Dahlemer Ring) - Bezirksamt Wandsbek,,,['POI'],POINT(10.141901 53.585742),
Mütterberatungsstelle Lokstedt (Garstedter Weg) - Bezirksamt Eimsbüttel,,,['POI'],POINT(9.954058 53.621721),
Mütterberatungsstelle Lurup (Netzestr) - Bezirksamt Altona,,,['POI'],POINT(9.867022 53.605653),
Mütterberatungsstelle Meiendorf/Oldenfelde (Hermann-Balk-Str) - Bezirksamt Wandsbek,,,['POI'],POINT(10.144061 53.618725),
Mütterberatungsstelle Osdorf (Kroonhorst) - Bezirksamt Altona,,,['POI'],POINT(9.850422 53.58924),
Mütterberatungsstelle Poppenbüttel (Wentzelplatz) - Bezirksamt Wandsbek,,,['POI'],POINT(10.09223 53.652303),
Mütterberatungsstelle Rahlstedt (Hoffmannstieg) - Bezirksamt Wandsbek,,,['POI'],POINT(10.180691 53.60401),
Mütterberatungsstelle Rahlstedt (Mehlandsredder) - Bezirksamt Wandsbek,,,['POI'],POINT(10.177292 53.605661),
Mütterberatungsstelle Rothenburgsort/Veddel (Marckmannstr.) - Bezirksamt Hamburg-Mitte,,,['POI'],POINT(10.042105 53.53505),
Mütterberatungsstelle Steilshoop (Gropiusring) - Bezirksamt Wandsbek,,,['POI'],POINT(10.057341 53.614348),
Mütterberatungsstelle Süderelbe (Rehrstieg) - Bezirksamt Harburg,,,['POI'],POINT(9.874056 53.478765),
Mütterberatungsstelle Wandsbek (Robert-Schuman-Brücke) -Bezirksamt Wandsbek,,,['POI'],POINT(10.071358 53.571165),
Handwerkskammer Hamburg,,"['government', 'public']",['POI'],POINT(9.9769408 53.5530432),
Spielhaus Alsenpark,Offene Freizeiteinrichtung für Kinder/ Offene Kinder- und Jugendarbeit,"['community_centre', 'youth_centre', 'Bezirksamt Altona', 'civic']",['POI'],POINT(9.9503402 53.5657474),
Bewegungsinsel Bramfelder See,,"['public', 'gymnastics']",['POI'],POINT(10.0712285 53.6190671),
Elternschule Farmsen-Berne,"Familienförderung, Erwachsenenbildung, Offener Treffpunkt für Eltern mit Säuglingen und Kleinkindern","['community_centre', 'Bezirksamt Wandsbek', 'public']",['POI'],POINT(10.1349663 53.620653),
Justizbehörde,,"['government', 'public']",['POI'],POINT(9.985139058640938 53.556948204122236),
Einwohner-Zentralamt,,"['government', 'public']",['POI'],POINT(10.061788816346775 53.5682659454463),
Hamburg-Haus Eimsbüttel,,"['community_centre', 'Bezirksamt Eimsbüttel', 'public']",['POI'],POINT(9.956538289329911 53.57187615094258),
Finanzamt für Großunternehmen in Hamburg,,"['government', 'public']",['POI'],POINT(10.017382480549605 53.548602398849724),
Bezirksamt Hamburg-Nord,,"['government', 'public']",['POI'],POINT(9.9844811911117 53.589908152523954),
Standort Nord Einwohnerangelegenheiten,,"['government', 'Behörde für Wissenschaft, Forschung, Gleichstellung und Bezirke', 'public', 'Hamburg Service vor Ort – Standort Nord Einwohnerangelegenheiten']",['POI'],POINT(9.983437155829751 53.58947005856746),
Spielhaus Zeiseweg,,"['community_centre', 'civic']",['POI'],POINT(9.945491694077662 53.559127874494074),
Amtsgericht Hamburg-Altona,,"['courthouse', 'public']",['POI'],POINT(9.94306296405268 53.55625350172331),
Hamburg Dammtor Bahnhof,,['public'],['POI'],POINT(9.989592264735405 53.56083428484313),
Bäderland Elbgaustraße,,"['Bäderland Hamburg GmbH', 'civic', 'swimming']",['POI'],POINT(9.888350218881108 53.602444173790396),
Centro Sociale,Autonomer Nachbarschaftstreff,"['community_centre', 'public']",['POI'],POINT(9.967372358566072 53.55820928104747),
Wasserschutzpolizeikommissariat 2,,"['police', 'Polizei Hamburg', 'civic']",['POI'],POINT(9.972543584956538 53.525030432326325),
Polizeikommissariat 38,,"['police', 'Polizei Hamburg', 'civic', 'Polizeikommissariat 38']",['POI'],POINT(10.15108163558637 53.5999869009635),
Rathaus Harburg,,"['townhall', 'public']",['POI'],POINT(9.979547333512519 53.45965444476453),
Bezirksamt Eimsbüttel,,['civic'],['POI'],POINT(9.979073897657406 53.57503173525031),
Polizeikommissariat 23,,"['police', 'Polizei Hamburg', 'civic', 'Polizeikommissariat 23']",['POI'],POINT(9.966369919522215 53.58519942519028),
Feuer- und Rettungswache Süderelbe,,"['fire_station', 'Berufsfeuerwehr Hamburg', 'public']",['POI'],POINT(9.89850119529995 53.47621024982578),
Vereinshaus Gartenkolonie Billerhude,,"['community_centre', 'club_home', 'Gartenkolonie Billerhude von 1921 e.V.', 'civic']",['POI'],POINT(10.060776470069069 53.54296870034451),
"Zollamt Hamburg, Dienstort Pinkertweg",,"['government', 'Bundeszollverwaltung', 'civic', 'Hauptzollamt Hamburg, Zollamt Hamburg, Dienstort Pinkertweg']",['POI'],POINT(10.095138099168832 53.524961177677326),
Staatsanwaltschaft Hamburg,,['public'],['POI'],POINT(9.982274396002913 53.55673423413516),
Hamburgische Staatsoper,,"['theatre', 'Hamburgische Staatsoper GmbH', 'public', 'Baudenkmal']",['POI'],POINT(9.98892444516007 53.55666143940254),
Helmut Grützmacher Haus,,"['community_centre', 'club_home', 'civic']",['POI'],POINT(10.13395631243789 53.671259526854236),
Sport Werk,,"['civic', 'squash;fitness']",['POI'],POINT(9.94207339111603 53.590692298956135),
Deutsches Schauspielhaus,,"['theatre', 'civic', 'Baudenkmal']",['POI'],POINT(10.00896356603321 53.55445123709741),
Thalia Theater,,"['theatre', 'Thalia Theater GmbH', 'civic', 'Baudenkmal']",['POI'],POINT(9.99865918372676 53.55214321499081),
Freizeitzentrum Schnelsen,,"['community_centre', 'Freizeitzentrum Schnelsen e.V.', 'civic']",['POI'],POINT(9.918473479754526 53.632210423894755),
Jugentreff Hamm,,"['community_centre', 'youth_centre', 'Jugendtreff Hamm e.V.', 'civic']",['POI'],POINT(10.05803835 53.54923005),
Polizeikommissariat 33,,"['police', 'Polizei Hamburg', 'civic', 'Polizeikommissariat 33']",['POI'],POINT(10.019184917583884 53.58919106551174),
Polizeikommissariat 36,,"['police', 'Polizei Hamburg', 'civic', 'Polizeikommissariat 36']",['POI'],POINT(10.079809071501879 53.611103847863376),
Polizeikommissariat 16,,"['police', 'Polizei Hamburg', 'civic', 'Polizeikommissariat 16']",['POI'],POINT(9.961861451474485 53.558832062713556),
Polizeikommissariat 14,,"['police', 'Polizei Hamburg', 'civic', 'Polizeikommissariat 14']",['POI'],POINT(9.984858859429368 53.55463018688789),
Polizeikommissariat 42,,"['police', 'Polizei Hamburg', 'civic', 'Polizeikommissariat 42']",['POI'],POINT(10.109296094510247 53.53851699501597),
Polizeikommissariat 44,,"['police', 'Polizei Hamburg', 'civic', 'Polizeikommissariat 44']",['POI'],POINT(9.991737020919683 53.50724135762168),
Wasserschutzpolizeikommissariat 3,,"['police', 'Polizei Hamburg', 'civic']",['POI'],POINT(9.98813170621127 53.472638606315044),
steeedt,"Bis zum Sommer 2022 wird das Gebäude umgebaut und erweitert. Ab Anfang September wird das »steeedt - Haus für Kultur, Bildung und Begegnung« seinen Betrieb aufnehmen und als zentraler Treffpunkt im Stadtteil dienen. Es bündelt vielfältige Angebote. Neben","['community_centre', 'Eidelstedter Buergerhaus e. V.', 'public', 'private_non_profit']",['POI'],POINT(9.903002511148605 53.607431967737625),
Freizeitzentrum Sandbek,,"['community_centre', 'youth_centre', 'IN VIA Hamburg e.V.', 'civic']",['POI'],POINT(9.815880479364347 53.47127664282314),
Bürgerhaus Wilhelmsburg,,"['community_centre', 'village_hall', 'civic']",['POI'],POINT(9.995909203025185 53.50033548012308),
Flaks und Spielhaus Alsenpark,,"['community_centre', 'civic']",['POI'],POINT(9.950425929810057 53.56580063594511),
Spielhaus Fahrenort,Offene Kinder- und Jugendarbeit,"['community_centre', 'Bezirksamt Altona', 'civic', 'public']",['POI'],POINT(9.873113287192405 53.599958055313245),
Spielhaus Wiebelstraße,"Familientreff, Kindertreff, Offene Kinder- und Jugendarbeit, OKJA","['community_centre', 'Bezirksamt Eimsbüttel', 'civic', 'public']",['POI'],POINT(9.907701472514077 53.604646621994426),
Spielhaus Hohenhorst,offene Kinder- und Jugendarbeit,"['community_centre', 'youth_centre', 'Mehr Platz für Kinder e.V.', 'civic']",['POI'],POINT(10.142955805053562 53.588750809975465),
Spielplatzhaus Wandsbek,offene Kinder- und Jugendarbeit,"['community_centre', 'Bezirksamt Wandsbek', 'civic']",['POI'],POINT(10.06234515 53.5747408),
Spielhaus Speckenreye,,"['community_centre', 'youth_centre', 'Bezirksamt Hamburg-Mitte', 'civic', 'public']",['POI'],POINT(10.097297300000001 53.553867800000006),
Bauspielplatz und Spielhaus Damerowsweg,"offene Kinder- und Jugendarbeit, Kinderfreizeitstätte","['community_centre', 'youth_centre', 'Bezirksamt Hamburg-Nord', 'civic', 'public']",['POI'],POINT(10.051184345265199 53.5815387865805),
Spielhaus Essener Straße,"offene Kinder- und Jugendarbeit, Spielplatzpädagogik, Kinderfreizeittreff","['community_centre', 'Bezirksamt Hamburg-Nord', 'civic', 'public']",['POI'],POINT(9.993685169644655 53.67448826245943),
Spielhaus und Bauspielplatz Rotenhäuser Feld,offene Kinder- und Jugendarbeit,"['community_centre', 'Bezirksamt Hamburg-Mitte', 'civic']",['POI'],POINT(9.989813880239476 53.50837708399565),
Spielhaus Friedrich-Frank-Bogen,offene Kinder- und Jugendarbeit,"['community_centre', 'Bezirksamt Bergedorf', 'civic']",['POI'],POINT(10.178885799999998 53.49181495),
Aktivspielplatz-Haus,Offene Freizeitangebote für Kinder (Offene Kinder- und Jugendarbeit),"['social_facility', 'civic']",['POI'],POINT(9.949423480161474 53.56636049834223),
Kundenzentrum Bramfeld - Bezirksamt Wandsbek - Fachamt Einwohnerwesen,,"['government', 'public']",['POI'],POINT(10.079282163570285 53.61157130319883),
Jugendzentrum Farmsen,,"['community_centre', 'youth_centre', 'Voll in Bewegung e.V.', 'civic']",['POI'],POINT(10.12056810025884 53.608310749664845),
Polizeikommissariat 35,,"['police', 'Polizei Hamburg', 'civic', 'Polizeikommissariat 35']",['POI'],POINT(10.09252442646748 53.65122904039043),
Spielhaus Wagrierweg,Offene Kinder- und Jugendarbeit,"['community_centre', 'Bezirksamt Eimsbüttel', 'civic', 'government']",['POI'],POINT(9.940164331439156 53.6423720938999),
Jugendcafé Bahrenfeld,,"['community_centre', 'youth_centre', 'movego Jugendhilfe gemeinnützige GmbH', 'civic']",['POI'],POINT(9.908711074311771 53.560160758852554),
JUCA Lurup,,"['community_centre', 'youth_centre', 'movego Jugendhilfe', 'civic']",['POI'],POINT(9.890637508509002 53.59533199416197),
Freizeittreff Luur-up,,"['community_centre', 'Luur-up e.V.', 'civic']",['POI'],POINT(9.882152021236129 53.601139325419986),
AckerPool.Co,"Kinder- und Jugendtreff, Freizeittreff, Offene Kinder- und Jugendarbeit, OKJA. Freitag ist Mädchentag","['community_centre', 'youth_centre', 'Bezirksamt Eimsbüttel', 'civic', 'public']",['POI'],POINT(9.898646728730872 53.615228487943625),
Polizeikommissariat 26,,"['police', 'Polizei Hamburg', 'civic', 'Polizeikommissariat 26']",['POI'],POINT(9.849833128666539 53.5764387376926),
Jugendhaus Lenzsiedlung,,"['community_centre', 'youth_centre', 'Lenzsiedlung e.V.', 'civic']",['POI'],POINT(9.951047744599617 53.58498252847249),
Staatsarchiv der Freien und Hansestadt Hamburg,,"['archive', 'civic']",['POI'],POINT(10.068736085907098 53.575159748367916),
UNESCO-Institut für Lebenslanges Lernen,,['public'],['POI'],POINT(9.991151866622102 53.56835969831194),
Orang-Utan-Haus,,['civic'],['POI'],POINT(9.941668355775402 53.59695528041583),
Barmbek°Basch,,"['community_centre', 'community_hall', 'Barmbek°Basch e.V.', 'civic']",['POI'],POINT(10.043019575538889 53.576910597708554),
Ruder-Gesellschaft HANSA,,"['community_centre', 'club_home', 'Ruder-Gesellschaft HANSA e.V.', 'civic', 'rowing']",['POI'],POINT(10.007028934794306 53.57474370380681),
Norddeutscher Regatta Verein,,"['community_centre', 'club_home', 'civic', 'sail']",['POI'],POINT(10.007226954332353 53.574515629065345),
Polizeikommissariat 27,,"['police', 'Polizei Hamburg', 'civic', 'Polizeikommissariat 27']",['POI'],POINT(9.935286991171694 53.592269978662166),
Haus Marie,,['civic'],['POI'],POINT(10.118126754544997 53.612293350879625),
Hallen- und Freibad Finkenwerder,Hallenbad,"['Bäderland Hamburg', 'public', 'swimming']",['POI'],POINT(9.872068611774832 53.538723410151924),
Spielhaus Langenfort,"Offene Kinder- und Jugendarbeit, OKJA","['community_centre', 'Bezirksamt Hamburg-Nord', 'civic', 'public']",['POI'],POINT(10.049156560799796 53.60001542724482),
MSK Insel Biker,,['civic'],['POI'],POINT(9.998554396292922 53.47526854633434),
Millerntorwache,,"['civic', 'Baudenkmal']",['POI'],POINT(9.97139866547416 53.55041709838389),
Freizeittreff Eberhofstieg,,"['community_centre', 'youth_centre', 'Bezirksamt Hamburg-Nord', 'civic', 'public']",['POI'],POINT(10.012488812320978 53.65259083819952),
Schwimmhalle Bramfelder Weg,,"['civic', 'swimming']",['POI'],POINT(10.108064857092117 53.613190054976805),
Ortsamt Lokstedt,,"['government', 'public']",['POI'],POINT(9.95367858297709 53.621602825874895),
Polizeikommissariat 24,,"['police', 'Polizei Hamburg', 'civic', 'Polizeikommissariat 24']",['POI'],POINT(9.956055832759768 53.62443487136197),
Brakula,Bramfelder Kulturladen,['civic'],['POI'],POINT(10.075751799999997 53.615239450000004),
THW Ortsverband Hamburg-Wandsbek,,"['Bundesanstalt Technisches Hilfswerk', 'public']",['POI'],POINT(10.11295416536284 53.57882564809771),
Rathaus Wilhelmsburg,,"['townhall', 'public']",['POI'],POINT(9.996860406922393 53.498925727583995),
Rimberthaus (Kirchengemeinde Philippus und Rimbert),,['civic'],['POI'],POINT(10.103945669509981 53.559123015440754),
Haus 12,Fachgebäude,['public'],['POI'],POINT(10.102750710299018 53.55558049797895),
Haus 11,Fachgebäude,['public'],['POI'],POINT(10.103053297884852 53.55551751480937),
Haus 10,Fachgebäude,['public'],['POI'],POINT(10.103250098147909 53.555848915171374),
Haus 9,Fachgebäude,['public'],['POI'],POINT(10.103564700000002 53.55578300000001),
Haus 1,Fachgebäude,['public'],['POI'],POINT(10.104104000000001 53.55658255),
Haus 2,Fachgebäude,['public'],['POI'],POINT(10.104470897422978 53.55650550067293),
Haus 3,Fachgebäude,['public'],['POI'],POINT(10.10484069613716 53.556429550881425),
Vereinsheim Klgv. Gartengemeinschaft Windmühle e.V.,,"['community_centre', 'club_home', 'civic']",['POI'],POINT(10.026861342078176 53.50311962926615),
Mutzenbecher Villa,,"['community_centre', 'cultural_centre', 'Werte erleben e.V.', 'civic', 'Baudenkmal', 'private_non_profit']",['POI'],POINT(9.936244520295917 53.611609483805225),
Künstlerhaus Sootbörn,,"['arts_centre', 'civic']",['POI'],POINT(9.954492894545918 53.61562451187787),
Malhaus,,"['arts_centre', 'Kulturinitiative Jenfeld e.V.', 'civic']",['POI'],POINT(10.131293329943244 53.57785578594681),
Bücherhalle Kirchdorf,,"['library', 'Stiftung Hamburger Öffentliche Bücherhallen', 'civic', 'public']",['POI'],POINT(10.008244636015311 53.49739994073392),
Amtsgericht Hamburg-Barmbek,,"['courthouse', 'civic']",['POI'],POINT(10.029592453932654 53.581048342925826),
Jugendhaus Lemsahl,,"['community_centre', 'youth_centre', 'CVJM Oberalster', 'civic']",['POI'],POINT(10.093954227739658 53.68811933251401),
Jugendhaus Quo Vadis,,"['community_centre', 'youth_centre', 'Spielepark e.V.', 'civic']",['POI'],POINT(10.12812204116975 53.541679660664144),
Stadtteilbüro Hohenhorst,,"['Lawaetz-Stiftung', 'civic']",['POI'],POINT(10.141912225024003 53.58577800271542),
Gemeindezentrum der Christuskirche Othmarschen,,"['community_centre', 'parish_hall', 'civic']",['POI'],POINT(9.893003962156971 53.553574698440634),
Vereinshaus Gartengemeinschaft Bachstücken,,"['community_centre', 'club_home', 'Gartengemeinschaft Bachstücken e.V.', 'civic']",['POI'],POINT(10.185735522111177 53.59838775715819),
"PK 14, Außenstelle",,"['police', 'Polizei Hamburg', 'civic', 'Polizeikommissariat 14, Polizeiaußenstelle Klingberg']",['POI'],POINT(10.000837500499744 53.5481999888409),
Bürgerhaus in Meiendorf e.V.,,"['community_centre', 'civic']",['POI'],POINT(10.163099475290911 53.62343411407124),
"Polizeikommissariat 25, Außenstelle Volkspark",Nur bei Veranstaltungen besetzt,"['police', 'Polizei Hamburg', 'civic', 'Polizeikommissariat 25, Polizeiaußenstelle Volkspark']",['POI'],POINT(9.897621503767313 53.589016816327245),
Nationalpark-Haus Neuwerk,,"['civic', 'information']",['POI'],POINT(8.497615102393244 53.91392610234463),
Kinder- und Jugendnotdienst,,"['social_facility', 'Landesbetrieb Erziehung und Beratung', 'public']",['POI'],POINT(10.030000219538504 53.612862777113286),
Jugendzentrum Manna,,"['community_centre', 'youth_centre', 'Malteser Hamburg', 'civic']",['POI'],POINT(10.171308781446227 53.65272626590311),
Wasserschutzpolizeikommissariat 1,,"['police', 'Polizei Hamburg', 'civic']",['POI'],POINT(9.928740783853922 53.52676788865678),
Feuer- und Rettungswache Finkenwerder,,"['fire_station', 'Berufsfeuerwehr Hamburg', 'public']",['POI'],POINT(9.879435950000001 53.53457695),
Freiwillige Feuerwehr Moorfleet,,"['fire_station', 'Freiwillige Feuerwehr Hamburg', 'public']",['POI'],POINT(10.087244427731262 53.51214621939562),
Haus der Jugend Hammer Park,,"['community_centre', 'youth_centre', 'Bezirksamt Hamburg-Miitte', 'civic']",['POI'],POINT(10.060541201541879 53.55866441305823),
Landesinstitut für Lehrerbildung und Schulentwicklung,,['public'],['POI'],POINT(9.958689989028066 53.60422991688788),
Treffpunkt Elbinsel Alsterdorf Assistenz West,,"['community_centre', 'community_hall', 'civic']",['POI'],POINT(9.988903822502461 53.51574672689489),
Spielhaus Eimsbütteler Marktplatz,Offene Freizeitangebote für Kinder (Offene Kinder- und Jugendarbeit),"['community_centre', 'Bezirksamt Eimsbüttel', 'civic']",['POI'],POINT(9.948262090869136 53.57273785819344),
Polizeikommissariat 37,"Das Polizeikommissariat 37, zuständig für die Hamburger Stadtteile Wandsbek, Marienthal und Dulsberg.","['police', 'Polizei Hamburg', 'civic', 'Polizeikommissariat 37']",['POI'],POINT(10.070663130537515 53.570850288472855),
Clubhaus Hamburger Polo Club,"Jenischstraße 26 (Clubhaus; Sportgelände (Polospielfeld) / 1927 / Entwurf: Amsinck, Heinrich), Ensemble Jenischstraße 26, Clubhaus und Spielfeld des Hamburger Poloclubs","['community_centre', 'club_home', 'Hamburger Polo Club e.V.', 'civic', 'Baudenkmal;Ensembleteil']",['POI'],POINT(9.85518178626151 53.56042687900614),
Jugendzentrum Rissen,,"['community_centre', 'Vereinigung Pestalozzi gGmbH', 'civic']",['POI'],POINT(9.77692225 53.580159200000004),
Viktoria-Kaserne,,"['arts_centre', 'fux e.G.', 'civic']",['POI'],POINT(9.944020782569718 53.55843732203286),
Finanzamt Hamburg-Harburg,,"['government', 'public']",['POI'],POINT(9.976335794556286 53.4609563883612),
Nachbarschaftstreff,,"['community_centre', 'community_hall', 'civic']",['POI'],POINT(9.863337550000002 53.573439900000004),
Polizeikommissariat 47,,"['police', 'Polizei Hamburg', 'civic', 'Polizeikommissariat 47']",['POI'],POINT(9.853383355866127 53.4695615584884),
Haus am See,,"['community_centre', 'civic']",['POI'],POINT(10.145730938134003 53.584046933450956),
Kinderhaus ASP Linse,,"['community_centre', 'DRK Hamburg KiJu gGmbH', 'civic']",['POI'],POINT(9.923980499999999 53.58280954999999),
AWO Seniorentreff Wilhelmsburg,,"['social_facility', 'Arbeiterwohlfahrt', 'civic']",['POI'],POINT(9.989550496970214 53.51233634323449),
Jugendclub Linse,,"['community_centre', 'youth_centre', 'Deutsches Rotes Kreuz Hamburg gemeinnützige Gesellschaft zur Förderung der Kinder- und Jugendhilfe mbH', 'civic']",['POI'],POINT(9.923845082275653 53.58349879418073),
Jugendzentrum Kiebitz,,"['community_centre', 'movego Jugendhilfe gemeinnützige GmbH', 'civic', 'business']",['POI'],POINT(9.824490529959162 53.57675605241076),
Hamburger Verein für Luftfahrt,,"['association', 'community_centre', 'club_home', 'Hamburger Verein für Luftfahrt e.V.', 'civic']",['POI'],POINT(10.152339730730844 53.513922532693044),
Hamburger Aero-Club Boberg,,"['association', 'community_centre', 'club_home', 'Hamburger Aero-Club Boberg e.V.', 'civic', 'multi']",['POI'],POINT(10.152316785472895 53.51351623854331),
Rettungswache Bahrenfeld,,"['DRK Ambulanzdienst Hamburg gGmbH;DRK Rettungsdienst Altona und Mitte gGmbH', 'civic']",['POI'],POINT(9.917086589615936 53.56727147286492),
Mütterzentrum Hohenfelde (Ifflandstr.) - freier Träger - Bezirksamt Hamburg-Nord,,,['POI'],POINT(10.023474 53.563012),
Anliegerbeiträge Hamburg,,,['POI'],POINT(9.987601 53.555317),
Finanzbehörde,,,['POI'],POINT(9.987826 53.55527),
Hamburgische Münze,,,['POI'],POINT(10.153837 53.623663),
Finanzamt Altona,,,['POI'],POINT(9.947467 53.561617),
Finanzamt Am Tierpark,,,['POI'],POINT(9.944931 53.594757),
Finanzamt Barmbek-Uhlenhorst,,,['POI'],POINT(10.028985 53.57178),
Finanzamt Eimsbüttel,,,['POI'],POINT(9.947758 53.595534),
Finanzamt Hamburg-Mitte,,,['POI'],POINT(10.00333 53.550451),
Finanzamt Hamburg-Nord,,,['POI'],POINT(9.983697 53.604885),
Finanzamt Hansa,,,['POI'],POINT(10.00333 53.550451),
Finanzamt Harburg,,,['POI'],POINT(9.979685 53.460882),
Finanzamt Oberalster,,,['POI'],POINT(10.016357 53.548804),
Finanzamt Ost,,,['POI'],POINT(10.016357 53.548804),
Finanzamt für Großunternehmen,,,['POI'],POINT(10.016357 53.548804),
Finanzamt für Verkehrssteuern und Grundbesitz,,,['POI'],POINT(9.983554 53.557174),
Finanzamt für Verkehrssteuern und Grundbesitz - Hundesteuerstelle,,,['POI'],POINT(9.983554 53.557174),
Amt für Soziales und Integration,,,['POI'],POINT(10.037352 53.576272),
Behörde für Stadtentwicklung und Umwelt - Rufbereitschaft -,,,['POI'],POINT(10.003265 53.497985),
Beratungsstelle für Körperbehinderte - Fachamt Gesundheit - Bezirksamt Wandsbek,,,['POI'],POINT(10.0715 53.570831),
Bezirksamt Hamburg - Mitte - Zentrale Schwarzarbeitsbekämpfung (ZLS),,,['POI'],POINT(10.027324 53.546248),
Gemeinsame Servicestelle für Rehabilitation - DAK,,,['POI'],POINT(9.99439 53.549492),
Gemeinsame Servicestelle für Rehabilitation - LVA,,,['POI'],POINT(10.105911 53.590789),
Gemeinsame Servicestelle für Rehabilitation - Techniker Krankenkasse,,,['POI'],POINT(9.934652 53.549902),
Gemeinsame Servicestelle für Rehabilitation BKK Philips Medizin Systeme,,,['POI'],POINT(10.014427 53.623866),
"Gemeinsame Servicestelle für Rehabilitation der LVA, der BfA und der Seekasse",,,['POI'],POINT(10.028001 53.556144),
Hygiene Institut Hamburg (Beltgens Garten),,,['POI'],POINT(10.043315 53.554817),
Hygiene Institut Hamburg (Marckmannstraße),,,['POI'],POINT(10.047451 53.534698),
Kinder- und Familienhilfezentrum (Hoffmannsstieg) - Fachamt Gesundheit - Bezirksamt Wandsbek,,,['POI'],POINT(10.180697 53.603687),
Landessozialamt,,,['POI'],POINT(9.981312 53.554821),
Behörde für Inneres und Sport,,,['POI'],POINT(10.004823 53.549135),
Einwohnerzentralamt,,,['POI'],POINT(10.061814 53.568626),
"Beratungsstelle für Kinder, Jugendliche und Eltern (Fuhlsbütteler Damm) - Bezirksamt Hamburg-Nord",,,['POI'],POINT(10.022608 53.62589),
"Beratungsstelle für Kinder, Jugendliche und Eltern (Mühlendamm)",,,['POI'],POINT(10.025358 53.560399),
"Beratungsstelle für Kinder, Jugendliche und Eltern(Elsässer Str) - Bezirksamt Hamburg-Nord",,,['POI'],POINT(10.063374 53.580859),
"Beratungsstelle für Kinder, Jugendliche und Eltern(Ludolfsstr) - Bezirksamt Hamburg-Nord",,,['POI'],POINT(9.991375 53.593429),
Erziehungs- und Familienberatungsstelle (Kieler Straße) - Bezirksamt Eimsbüttel,,,['POI'],POINT(9.938404 53.576245),
Jugend- und Familienhilfe-Niendorf/Schnelsen/Lokstedt - Bezirksamt Eimsbüttel,,,['POI'],POINT(9.946548 53.619786),
Jugend- und Sozialdezernat,,,['POI'],POINT(9.984503 53.590224),
Jugendamt Altona (Mörkenstr.) - Bezirksamt Altona,,,['POI'],POINT(9.942813 53.549847),
Jugendamt Altona (Osdorfer Landstraße) - Bezirksamt Altona,,,['POI'],POINT(9.871307 53.570876),
Jugendamt Altona (Platz der Republik) - Bezirksamt Altona,,,['POI'],POINT(9.935558 53.547191),
Jugendamt Bergedorf (Herzog-Carl-Friedrich-Platz) - Bezirksamt Bergedorf,,,['POI'],POINT(10.208591 53.49169),
Jugendamt Eimsbüttel (Basselweg) - Bezirksamt Eimsbüttel,,,['POI'],POINT(9.933382 53.589537),
Jugendamt Eimsbüttel - Region II (Friedrich-Ebert-Str.) - Bezirksamt Eimsbüttel,,,['POI'],POINT(9.946593 53.619759),
Jugendamt Eimsbüttel - Region II (Graf-Ernst-Weg) - Bezirksamt Eimsbüttel,,,['POI'],POINT(9.913138 53.625554),
Jugendamt Eimsbüttel - Region II (Vielohweg) - Bezirksamt Eimsbüttel,,,['POI'],POINT(9.949271 53.636702),
Jugendamt Eimsbüttel - Region II (Wagrierweg) - Bezirksamt Eimsbüttel,,,['POI'],POINT(9.940311 53.642388),
Jugendamt Hamburg-Mitte (Bei der Schilleroper) - Bezirksamt Hamburg-Mitte,,,['POI'],POINT(9.962482 53.55758),
Jugendamt Hamburg-Mitte (Billstedter Hauptstr) - Bezirksamt Hamburg-Mitte,,,['POI'],POINT(10.097087 53.541657),
Jugendamt Hamburg-Mitte (Butendeichsweg) - Bezirksamt Hamburg-Mitte,,,['POI'],POINT(9.877537 53.535689),
Jugendamt Hamburg-Mitte (Große Freiheit),,,['POI'],POINT(9.958021 53.551811),
Jugendamt Hamburg-Mitte (Klosterwall) - Bezirksamt Hamburg-Mitte,,,['POI'],POINT(10.006483 53.549157),
Jugendamt Hamburg-Nord (Kümmellstr.) - Bezirksamt Hamburg-Nord,,,['POI'],POINT(9.985017 53.590246),
Jugendamt Hamburg-Nord (Poppenhusenstr.) - Bezirksamt Hamburg-Nord,,,['POI'],POINT(10.04284 53.585767),
"Jugendamt Hamburg-Nord, Region Barmbek-Uhlenhorst",,,['POI'],POINT(10.06794 53.585868),
Jugendamt Harburg (Harburger Ring) - Bezirksamt Harburg,,,['POI'],POINT(9.978808 53.460737),
Jugendamt Harburg (Neugrabener Markt) - Bezirksamt Harburg,,,['POI'],POINT(9.852815 53.469619),
Jugendamt Harburg (Reinstorfweg) - Bezirksamt Harburg,,,['POI'],POINT(9.992636 53.501614),
Jugendamt Wandsbek (Am Alten Posthaus) - Bezirksamt Wandsbek,,,['POI'],POINT(10.070594 53.571414),
Jugendamt Wandsbek (Bramfelder Chaussee) - Bezirksamt Wandsbek,,,['POI'],POINT(10.080401 53.618535),
Jugendamt Wandsbek (Rahlstedter Straße) - Bezirksamt Wandsbek,,,['POI'],POINT(10.156973 53.601259),
Kinder- und Jugendarbeit / Jugendsozialarbeit (Am Alten Posthaus) - Fachamt Jugend- und Familienhilfe - Bezirksamt Wands,,,['POI'],POINT(10.070609 53.571396),
Kinder- und Jugendarbeit / Jugendsozialarbeit (Bramfelder Chaussee)- Fachamt Jugend- und Familienhilfe - Region 2 - Bezi,,,['POI'],POINT(10.079742 53.618173),
Kinder- und Jugendarbeit / Jugendsozialarbeit 2 (Billstedter Hauptstraße) - Fachamt Jugend- und Familienhilfe - Region 2,,,['POI'],POINT(10.097087 53.541657),
Koordinator Jugendschutz (Billstedter Hauptstraße) - Fachamt Jugend- und Familienhilfe - Region 2 - Bezirksamt Hamburg-M,,,['POI'],POINT(10.097391 53.541771),
Koordinator für Kinderschutz - Fachamt Jugend- und Familienhilfe (Platz der Republik) - Region 1 - Bezirksamt Altona,,,['POI'],POINT(9.935412 53.549501),
Mobile Kinder- und Jugendarbeit Eidelstedt (Pinneberger Chaussee) - Fachamt Jugend- und Familienhilfe - Bezirksamt Eimsb,,,['POI'],POINT(9.901981 53.609879),
Offene Kinder- und Jugendarbeit / Jugendsozialarbeit (Kümmelstr. 7) - Fachamt Jugend- und Familienhilfe - Region 1 - Bez,,,['POI'],POINT(9.985416 53.590513),
Offene Kinder- und Jugendarbeit / Jugendsozialarbeit (Kümmelstr. 7) - Fachamt Jugend- und Familienhilfe - Region 2- Bezi,,,['POI'],POINT(9.985416 53.590513),
Behörde für Justiz und Verbraucherschutz,,,['POI'],POINT(9.98517 53.556559),
Justizprüfungsamt bei dem Hanseatischen Oberlandesgericht,,,['POI'],POINT(9.98535 53.557151),
Behörde für Kultur und Medien,,,['POI'],POINT(9.987375 53.55407),
Bürgerservice Altona - Bezirkamt Altona,,,['POI'],POINT(9.93368 53.547556),
Bürgerzentrum Bergedorf - Kundenzentrum Bergedorf,,,['POI'],POINT(10.20781 53.489137),
Bürgerzentrum Vier- und Marschlande - Bezirksamt Bergedorf,,,['POI'],POINT(10.222326 53.445903),
Kundenzentrum Alstertal - Bezirksamt Wandsbek,,,['POI'],POINT(10.091857 53.651902),
Kundenzentrum Altona - Bezirksamt Altona,,,['POI'],POINT(9.933665 53.547574),
Kundenzentrum Barmbek-Uhlenhorst - Bezirksamt Hamburg-Nord,,,['POI'],POINT(10.042788 53.585524),
Kundenzentrum Billstedt - Bezirksamt Hamburg-Mitte,,,['POI'],POINT(10.106815 53.540435),
Kundenzentrum Blankenese (Sülldorfer Kirchenweg) - Bezirksamt Altona,,,['POI'],POINT(9.812702 53.563544),
Kundenzentrum Bramfeld - Bezirksamt Wandsbek,,,['POI'],POINT(10.079211 53.611573),
Kundenzentrum Eimsbüttel - Bezirksamt Eimsbüttel,,,['POI'],POINT(9.979182 53.574983),
Kundenzentrum Finkenwerder - Bezirksamt Hamburg-Mitte,,,['POI'],POINT(9.880486 53.532442),
Kundenzentrum Fuhlsbüttel - Bezirksamt Hamburg-Nord,,,['POI'],POINT(10.026166 53.630514),
Kundenzentrum Hamburg-Mitte - Altstadt - Bezirksamt Hamburg-Mitte,,,['POI'],POINT(9.98462 53.554326),
Kundenzentrum Hamburg-Nord - Bezirksamt Hamburg-Nord,,,['POI'],POINT(9.982074 53.588348),
Kundenzentrum Harburg - Bezirksamt Harburg,,,['POI'],POINT(9.979517 53.458835),
Kundenzentrum Lokstedt - Bezirksamt Eimsbüttel,,,['POI'],POINT(9.953884 53.620743),
Kundenzentrum Rahlstedt - Bezirksamt Wandsbek,,,['POI'],POINT(10.156867 53.601817),
Kundenzentrum Stellingen - Bezirksamt Eimsbüttel,,,['POI'],POINT(9.933382 53.589537),
Kundenzentrum Süderelbe - Bezirksamt Harburg,,,['POI'],POINT(9.851644 53.46978),
Kundenzentrum Walddörfer - Bezirksamt Wandsbek,,,['POI'],POINT(10.161363 53.650016),
Kundenzentrum Wandsbek - Bezirksamt Wandsbek,,,['POI'],POINT(10.071163 53.571795),
Kundenzentrum Wilhelmsburg - Bezirksamt Hamburg-Mitte,,,['POI'],POINT(9.997095 53.498971),
Kundenzentrum zentrales Schülerregister Hamburg,,,['POI'],POINT(10.045626 53.57629),
Liegenschaftsamt Bergedorf,,,['POI'],POINT(10.210225 53.490344),
Liegenschaftsamt Eimsbüttel,,,['POI'],POINT(9.979242 53.574974),
Liegenschaftsamt Hamburg-Nord,,,['POI'],POINT(9.985066 53.590381),
Liegenschaftsamt Harburg,,,['POI'],POINT(9.977516 53.459561),
Liegenschaftsamt Wandsbek,,,['POI'],POINT(10.070594 53.571414),
Altonaer Rathaus,,,['POI'],POINT(9.935379 53.547318),
Rathaus Hamburg,,,['POI'],POINT(9.992419 53.550371),
Jugendinformationszentrum (Info-Laden),,,['POI'],POINT(9.988558 53.557555),
Struensee Gymnasium,,,['POI'],POINT(9.962528 53.555602),
Schulzahnärztlicher Dienst Altona (Bahrenfelder Str) - Bezirksamt Altona,,,['POI'],POINT(9.928828 53.557459),
Schulzahnärztlicher Dienst Altona (Jessenstraße) - Bezirksamt Altona,,,['POI'],POINT(9.943136 53.550114),
Schulzahnärztlicher Dienst Eimsbüttel (Grindelberg) - Bezirksamt Eimsbüttel,,,['POI'],POINT(9.979242 53.574974),
Schulzahnärztlicher Dienst Hamburg-Mitte (Besenbinderhof) - Bezirksamt Hamburg-Mitte,,,['POI'],POINT(10.014638 53.551397),
Schulzahnärztlicher Dienst Hamburg-Nord (Alter Teichweg) - Bezirksamt Hamburg-Nord,,,['POI'],POINT(10.06999 53.587521),
Schulzahnärztlicher Dienst Hamburg-Nord (Dieckmoorweg) - Bezirksamt Hamburg-Nord,,,['POI'],POINT(10.015444 53.65988),
Schulzahnärztlicher Dienst Hamburg-Nord (Eckermannsweg/Herbstsweg) - Bezirksamt Hamburg-Nord,,,['POI'],POINT(10.048348 53.596007),
Schulzahnärztlicher Dienst Hamburg-Nord (Eppendorfer Landstr) - Bezirksamt Hamburg-Nord,,,['POI'],POINT(9.986846 53.589018),
Schulzahnärztlicher Dienst Hamburg-Nord (Fuhlsbütteler Damm) - Bezirksamt Hamburg-Nord,,,['POI'],POINT(10.022937 53.625744),
Schulzahnärztlicher Dienst Hamburg-Nord (Hans-Henny-Jahnn-Weg) - Bezirksamt Hamburg-Nord,,,['POI'],POINT(10.018372 53.581179),
Schulzahnärztlicher Dienst Hamburg-Nord (Holitzberg) - Bezirksamt Hamburg-Nord,,,['POI'],POINT(10.026115 53.675099),
Schulzahnärztlicher Dienst Hamburg-Nord (Kümmellstr.) - Bezirksamt Hamburg-Nord,,,['POI'],POINT(9.985021 53.59039),
Schulzahnärztlicher Dienst Hamburg-Nord (Zeisigstr.) - Bezirksamt Hamburg-Nord,,,['POI'],POINT(10.047214 53.577624),
Schulzahnärztlicher Dienst Wandsbek (Herthastr) - Bezirksamt Wandsbek,,,['POI'],POINT(10.079331 53.611527),
Schulzahnärztlicher Dienst Wandsbek (Wentzelplatz ) - Bezirksamt Wandsbek,,,['POI'],POINT(10.09223 53.652303),
Schulärztlicher Dienst (Rhiemsweg) - Bezirksamt Hamburg-Mitte,,,['POI'],POINT(10.076695 53.559013),
Schulärztlicher Dienst Altona (Bahrenfelder Str) - Bezirksamt Altona,,,['POI'],POINT(9.928723 53.557487),
Schulärztlicher Dienst Altona (Glückstädter Weg) - Bezirksamt Altona,,,['POI'],POINT(9.855854 53.589776),
Schulärztlicher Dienst Altona (Jessenstraße) - Bezirksamt Altona,,,['POI'],POINT(9.943136 53.550123),
Schulärztlicher Dienst Altona (Norburger Stieg) - Bezirksamt Altona,,,['POI'],POINT(9.910355 53.566515),
Schulärztlicher Dienst Altona (Oesterley Str.) - Bezirksamt Altona,,,['POI'],POINT(9.807802 53.562193),
Schulärztlicher Dienst Altona (Sülldorfer Kirchenweg) - Bezirksamt Altona,,,['POI'],POINT(9.812675 53.563697),
Schulärztlicher Dienst Eimsbüttel (Garstedter Weg) - Bezirksamt Eimsbüttel,,,['POI'],POINT(9.953798 53.621598),
Schulärztlicher Dienst Hamburg-Mitte (Besenbinderhof) - Bezirksamt Hamburg-Mitte,,,['POI'],POINT(10.014638 53.551397),
Schulärztlicher Dienst Hamburg-Mitte (Mümmelmannsberg) -Bezirksamt Hamburg-Mitte,,,['POI'],POINT(10.148616 53.529887),
Schulärztlicher Dienst Hamburg-Mitte (Vogelhüttendeich) - Bezirksamt Hamburg-Mitte,,,['POI'],POINT(9.991284 53.516676),
Schulärztlicher Dienst Hamburg-Mitte (Wilhelmsburger Str.) - Bezirksamt Hamburg-Mitte,,,['POI'],POINT(10.020045 53.527145),
Schulärztlicher Dienst Hamburg-Nord (Alter Teichweg) - Bezirksamt Hamburg-Nord,,,['POI'],POINT(10.06999 53.587521),
Schulärztlicher Dienst Hamburg-Nord (Eppendorfer Landstr) - Bezirksamt Hamburg-Nord,,,['POI'],POINT(9.986846 53.589018),
Schulärztlicher Dienst Hamburg-Nord (Fuhlsbütteler Damm) - Bezirksamt Hamburg-Nord,,,['POI'],POINT(10.022937 53.625744),
Schulärztlicher Dienst Hamburg-Nord (Hans-Henny-Jahnn-Weg) - Bezirksamt Hamburg-Nord,,,['POI'],POINT(10.017861 53.581291),
Schulärztlicher Dienst Hamburg-Nord (Herbstsweg) - Bezirksamt Hamburg-Nord,,,['POI'],POINT(10.048974 53.595669),
Schulärztlicher Dienst Hamburg-Nord (Holitzberg) - Bezirksamt Hamburg-Nord,,,['POI'],POINT(10.025051 53.674884),
Schulärztlicher Dienst Wandsbek (August-Krogmann-Str) - Bezirksamt Wandsbek,,,['POI'],POINT(10.116645 53.607815),
Schulärztlicher Dienst Wandsbek (Berner Heerweg) - Bezirksamt Wandsbek,,,['POI'],POINT(10.121592 53.60749),
Schulärztlicher Dienst Wandsbek (Dahlemer Ring) - Bezirksamt Wandsbek,,,['POI'],POINT(10.141901 53.585742),
Schulärztlicher Dienst Wandsbek (Gropiusring) - Bezirksamt Wandsbek,,,['POI'],POINT(10.057318 53.613449),
Schulärztlicher Dienst Wandsbek (Hermann-Balk-Str) - Bezirksamt Wandsbek,,,['POI'],POINT(10.143773 53.619267),
Schulärztlicher Dienst Wandsbek (Herthastr) - Bezirksamt Wandsbek,,,['POI'],POINT(10.079345 53.611509),
Schulärztlicher Dienst Wandsbek (Hoffmannstieg) - Bezirksamt Wandsbek,,,['POI'],POINT(10.180691 53.60401),
Schulärztlicher Dienst Wandsbek (Mehlandsredder) - Bezirksamt Wandsbek,,,['POI'],POINT(10.177292 53.605661),
Schulärztlicher Dienst Wandsbek (Robert-Schuman-Brücke) - Bezirksamt Wandsbek,,,['POI'],POINT(10.071358 53.571165),
Schulärztlicher Dienst Wandsbek (Wentzelplatz) - Bezirksamt Wandsbek,,,['POI'],POINT(10.09223 53.652303),
Der Hamburgische Datenschutzbeauftragte,,,['POI'],POINT(9.981407 53.544603),
Europäisches Beratungs- und Koordinationsbüro,,,['POI'],POINT(9.967175 53.557578),
Hamburgische Bürgerschaft,,,['POI'],POINT(9.99262 53.550549),
Rechnungshof,,,['POI'],POINT(9.987811 53.555288),
Senat Personalamt,,,['POI'],POINT(9.993662 53.545473),
"Senate government office, state office, arrangement office",,,['POI'],POINT(9.992708 53.550449),
Senatskanzlei,,,['POI'],POINT(9.992708 53.550449),
Senatskanzlei - Pressestelle,,,['POI'],POINT(9.992723 53.550449),
Senatskoordinator für die Gleichstellung behinderter Menschen,,,['POI'],POINT(10.032927 53.584244),
Sportamt,,,['POI'],POINT(10.032595 53.573734),
Staatsarchiv,,,['POI'],POINT(10.069079 53.574779),
Statistisches Amt Nord,,,['POI'],POINT(9.99332 53.545682),
"Servicezentrum f.Wirtschaftsförderung, Bauen u.Umwelt Alstertal - Bezirksamt Wandsbek",,,['POI'],POINT(10.092184 53.652258),
"Servicezentrum f.Wirtschaftsförderung, Bauen u.Umwelt Altona - Bezirksamt Altona",,,['POI'],POINT(9.946822 53.551019),
"Servicezentrum f.Wirtschaftsförderung, Bauen u.Umwelt Bergedorf - Bezirksamt Bergedorf",,,['POI'],POINT(10.220819 53.487244),
"Servicezentrum f.Wirtschaftsförderung, Bauen u.Umwelt Hamburg-Nord - Bezirksamt Hamburg-Nord",,,['POI'],POINT(9.984455 53.590071),
"Servicezentrum f.Wirtschaftsförderung, Bauen u.Umwelt Harburg - Bezirksamt Harburg",,,['POI'],POINT(9.980436 53.459519),
"Servicezentrum f.Wirtschaftsförderung, Bauen u.Umwelt Wandsbek - Bezirksamt Wandsbek",,,['POI'],POINT(10.07116 53.568111),
BUND-Landesverband Hamburg e.V.,,,['POI'],POINT(10.010179 53.556737),
"Behörde für Arbeit, Gesundheit, Soziales, Familie und Integration (Sozialbehörde)",,,['POI'],POINT(10.033714 53.574452),
Behörde für Verkehr und Mobilitätswende,,,['POI'],POINT(9.984247 53.550627),
Welcome Center Airport,,,['POI'],POINT(10.005884 53.631953),
"Welcome Center, Süderstraße",,,['POI'],POINT(10.029868 53.544178),
Hamburgische Wohnungsbaukreditanstalt,,,['POI'],POINT(10.015363 53.5514),
Landesbetrieb Geoinformation und Vermessung,,,['POI'],POINT(10.004157 53.497457),
Landesbetrieb Verkehr (LBV) – Bergedorf,,,['POI'],POINT(10.202719 53.490258),
Landesbetrieb Verkehr (LBV) – Harburg,,,['POI'],POINT(9.986865 53.465343),
Landesbetrieb Verkehr (LBV) – Mitte,,,['POI'],POINT(10.038834 53.546841),
Landesbetrieb Verkehr (LBV) – Nord,,,['POI'],POINT(10.001778 53.6673),
Landesbetrieb Verkehr (LBV) – West,,,['POI'],POINT(9.917848 53.578642),
Naturschutzbund Landesverband Hamburg e.V,,,['POI'],POINT(10.030033 53.555282),
PMC Immobilienmanagement GmbH,,,['POI'],POINT(9.997096 53.550988),
Stadtreinigung Hamburg,,,['POI'],POINT(10.036821 53.54472),
Techn. Prüfstelle Bergedorf,,,['POI'],POINT(10.217564 53.483018),
Techn. Prüfstelle Großmoordamm,,,['POI'],POINT(10.000958 53.455063),
Versorgungsamt Hamburg,,,['POI'],POINT(10.034337 53.57522),
Zentrale Ausländerbehörde,,,['POI'],POINT(10.061993 53.568517),
Soziales Dienstleistungszentrum Allermöhe - Bezirksamt Bergedorf,,,['POI'],POINT(10.158783 53.489659),
Soziales Dienstleistungszentrum Alstertal - Bezirksamt Wandsbek,,,['POI'],POINT(10.092199 53.652258),
Soziales Dienstleistungszentrum Altona (Achtern Born) - Bezirksamt Altona,,,['POI'],POINT(9.849347 53.587612),
Soziales Dienstleistungszentrum Altona (Alte Königstr) - Bezirksamt Altona,,,['POI'],POINT(9.937669 53.547156),
Soziales Dienstleistungszentrum Barmbek-Uhlenhorst - Bezirksamt Hamburg-Nord,,,['POI'],POINT(10.044314 53.586167),
Soziales Dienstleistungszentrum Bergedorf - Kundenzentrum Bergedorf,,,['POI'],POINT(10.20781 53.489137),
Soziales Dienstleistungszentrum Billstedt - Bezirksamt Hamburg-Mitte,,,['POI'],POINT(10.110597 53.542592),
Soziales Dienstleistungszentrum Bramfeld - Bezirksamt Wandsbek,,,['POI'],POINT(10.079345 53.611509),
Soziales Dienstleistungszentrum Eimsbüttel - Bezirksamt Eimsbüttel,,,['POI'],POINT(9.979227 53.574974),
Soziales Dienstleistungszentrum Fuhlsbüttel - Bezirksamt Hamburg-Nord,,,['POI'],POINT(10.026166 53.630514),
Soziales Dienstleistungszentrum Hamburg-Mitte - Bezirksamt Hamburg-Mitte,,,['POI'],POINT(10.018551 53.552218),
Soziales Dienstleistungszentrum Hamburg-Nord - Bezirksamt Hamburg-Nord,,,['POI'],POINT(9.984334 53.590072),
Soziales Dienstleistungszentrum Harburg - Bezirksamt Harburg,,,['POI'],POINT(9.979664 53.460631),
Soziales Dienstleistungszentrum Lokstedt - Bezirksamt Eimsbüttel,,,['POI'],POINT(9.953891 53.621705),
Soziales Dienstleistungszentrum Rahlstedt - Bezirksamt Wandsbek,,,['POI'],POINT(10.156797 53.602024),
Soziales Dienstleistungszentrum Stellingen - Bezirksamt Eimsbüttel,,,['POI'],POINT(9.933472 53.593616),
Soziales Dienstleistungszentrum Süderelbe - Bezirksamt Harburg,,,['POI'],POINT(9.85293 53.469349),
Soziales Dienstleistungszentrum Wandsbek - Bezirksamt Wandsbek,,,['POI'],POINT(10.070321 53.574319),
Soziales Dienstleistungszentrum Wilhelmsburg - Bezirksamt Harburg,,,['POI'],POINT(9.997094 53.498944),
Soziales Dienstleistungszentrum für Wohnungslose ohne bezirklichen Bezug,,,['POI'],POINT(9.981349 53.554488),
Hauptstandesamt Hamburg,,,['POI'],POINT(10.027871 53.553872),
Standesamt Altona,,,['POI'],POINT(9.935558 53.547191),
Standesamt Bergedorf,,,['POI'],POINT(10.219843 53.486858),
Standesamt Eimsbüttel,,,['POI'],POINT(9.979213 53.575001),
Standesamt Hamburg-Mitte,,,['POI'],POINT(9.984634 53.55429),
Standesamt Hamburg-Nord,,,['POI'],POINT(9.984504 53.590233),
Standesamt Harburg,,,['POI'],POINT(9.978482 53.458331),
Standesamt Wandsbek,,,['POI'],POINT(10.070594 53.571414),
"Behörde für Wissenschaft, Forschung, Gleichstellung und Bezirke",,,['POI'],POINT(10.037397 53.57628),
Fachschule für Heilerzieher der evang. Stiftung Alsterdorf,,,['POI'],POINT(10.020137 53.613089),
Gewerbeförderungsanstalt d. Handwerkskammer Hamburg,,,['POI'],POINT(9.938505 53.554931),
Heinrich-Hertz-Straße (Bildungseinrichtung),,,['POI'],POINT(10.020199 53.572421),
Helbingtwiete (Bildungseinrichtung),,,['POI'],POINT(10.096121 53.587141),
Jugendparkweg (Bildungseinrichtung),,,['POI'],POINT(9.993055 53.645709),
Jugendwerkstatt Rosenallee,,,['POI'],POINT(10.013918 53.549049),
Marmstorfer Weg (Bildungseinrichtung),,,['POI'],POINT(9.970242 53.449539),
"Praxisausb.stätte I, Staatl. Fachschule f. Sozialpäd. Wagnerstraße",,,['POI'],POINT(10.032401 53.567644),
"Praxisausb.stätte II, Staatl. Fachschule f. Sozialpäd. Wagnerstraße",,,['POI'],POINT(10.061227 53.564462),
Praxisausb.stätte II. Staatl. Kinderpflegeschule Isestraße,,,['POI'],POINT(9.983513 53.586602),
Praxisausb.stätte Staatl. Schule Ernährung-u-Hauswirtsch. Harburg,,,['POI'],POINT(9.963936 53.466222),
"Praxisausb.stätte, Staatl. Fachschule f. Sozialpäd. Altona",,,['POI'],POINT(9.955842 53.5542),
Rackow-Schule,,,['POI'],POINT(10.024825 53.548345),
Altenpflegeschule & Schule für Gesundheits-und Pflegeassistenz der Fortbildungsakademie (FAW) der Wirtschaft gGmbH,,,['POI'],POINT(10.02396 53.581248),
Altenpflegeschule Hamburg-Alstertal,,,['POI'],POINT(10.076198 53.650525),
H6 - Staatl. Handelsschule,,,['POI'],POINT(9.934273 53.546428),
Am Lämmermarkt H2 - Staatl. Handelsschule mit Wirtschaftsgymnasium,,,['POI'],POINT(10.023696 53.557817),
Anckelmannstraße H1 - Staatl. Handelsschule,,,['POI'],POINT(10.032278 53.553295),
Ausschläger Weg H12 - Staatl. Handelsschule,,,['POI'],POINT(10.034046 53.553424),
Bautechnik G19 - Staatl. Gewerbeschule,,,['POI'],POINT(10.182832 53.495156),
Bergedorf H17 - Staatl. Handelsschule,,,['POI'],POINT(10.217659 53.486881),
Berliner Tor H18 - Staatl. Handelsschule,,,['POI'],POINT(10.02366 53.555103),
Berufliche Medienschule Hamburg-Wandsbek - H8,,,['POI'],POINT(10.048023 53.572513),
Berufliche Schule Bramfelder See - H20,,,['POI'],POINT(10.057561 53.613474),
Berufliche Schule Burgstraße - W8,,,['POI'],POINT(10.039418 53.557717),
Berufliche Schule Farmsen - G16,,,['POI'],POINT(10.120312 53.614484),
Berufliche Schule Recycling- und Umwelttechnik - G8,,,['POI'],POINT(9.992354 53.583653),
Berufliche Schule Steinhauerdamm - G5,,,['POI'],POINT(10.025587 53.558034),
Berufliche Schule für Sozialpädagogik - Anna-Warburg-Schule - W3,,,['POI'],POINT(9.950652 53.61748),
Berufsförderungswerk Hamburg GmbH,,,['POI'],POINT(10.115837 53.612127),
Caritas Berufsschule für Pflege,,,['POI'],POINT(9.937827 53.572017),
"Chemie, Pharmazie, Agrarwirtschaft G13 - Staatl. Gewerbeschule",,,['POI'],POINT(10.182365 53.495718),
City Nord H7 - Staatl. Handelsschule mit Wirtschaftsgymnasium,,,['POI'],POINT(10.027809 53.608558),
Eidelstedt Berufsbildungswerk G12 - Staatl.Berufsschule,,,['POI'],POINT(9.906098 53.60035),
Energietechnik G10 - Staatl. Gewerbeschule,,,['POI'],POINT(9.934273 53.546428),
Erika Klütz Schule für Theatertanz und Tanzpädagogik,,,['POI'],POINT(9.919548 53.5617),
Ernährung und Hauswirtschaft G3 - Staatl. Gewerbeschule,,,['POI'],POINT(10.035212 53.554213),
Evangelische Berufsfachschule für Sozialpädagogische Assistenz Alsterdorf,,,['POI'],POINT(10.020137 53.613089),
Evangelische Berufsschule für Altenpflege des Rauhen Hauses,,,['POI'],POINT(10.072326 53.553356),
Evangelische Fachschule für Sozialpädagogik - Alten Eichen,,,['POI'],POINT(9.931202 53.598216),
Fachschule für Heilerziehung der Evangelischen Stiftung Alsterdorf,,,['POI'],POINT(10.020137 53.613089),
Fertigungs- und Flugzeugtechnik Ernst Mittelbach G15 - Staatl. Gewerbeschule,,,['POI'],POINT(10.035524 53.554004),
Gastronomie und Ernährung G11 - Staatl. Gewerbeschule,,,['POI'],POINT(10.027759 53.558591),
Gesundheitspflege W1 - Staatl. Schule,,,['POI'],POINT(10.000233 53.499781),
Gesundheitspflege W4 - Staatl. Schule,,,['POI'],POINT(10.003194 53.498803),
Grone Altenpflegeschule Hamburg,,,['POI'],POINT(10.022629 53.546765),
Hamburger Berufsfachschule für Kosmetik GmbH Lore Krüger,,,['POI'],POINT(9.969885 53.584314),
Handelsschule Weber,,,['POI'],POINT(9.985989 53.463939),
Handelsschule und höhere Handelsschule Brecht,,,['POI'],POINT(10.005852 53.555641),
Harburg H10 - Staatl. Handelsschule mit Wirtschaftsgymnasium,,,['POI'],POINT(9.965779 53.454508),
Haus- und Krankenhausunterricht Hamburg,,,['POI'],POINT(10.045626 53.57629),
Holstenwall H14 - Staatl. Handelsschule,,,['POI'],POINT(9.975163 53.551241),
Holzdamm H11 - Staatl. Handelsschule,,,['POI'],POINT(10.004613 53.556846),
"Holztechnik, Farbtechnik, Raumgestaltung, Textil u. Bekleidung G6 - Staatl. Gewerbeschule",,,['POI'],POINT(10.034515 53.573232),
"Informations- u. Elektrotechnik, Chemie- u. Automatisierungst. G 18 - Staatl. Gewerbeschule",,,['POI'],POINT(10.000464 53.499985),
Installationstechnik G2 - Staatl. Gewerbeschule,,,['POI'],POINT(9.974729 53.569089),
Kellinghusenstraße H13 - Staatl. Handelsschule,,,['POI'],POINT(9.991707 53.590191),
Kieler Straße H19 - Staatl. Handelsschule mit Wirtschaftsgymnasium,,,['POI'],POINT(9.945253 53.565211),
Kraftfahrzeugtechnik G9 - Staatl. Gewerbeschule,,,['POI'],POINT(10.046929 53.554507),
Lola Rogge Schule,,,['POI'],POINT(10.036127 53.563236),
Metalltechnik G17 - Staatl. Gewerbeschule mit Techn. Gymnasium,,,['POI'],POINT(10.00071 53.50019),
Schlankreye H3 - Staatl. Handelsschule mit Wirtschaftsgymnasium,,,['POI'],POINT(9.970753 53.572788),
School of Life Science (Berufsfachschule für biologisch technische Assistenz),,,['POI'],POINT(9.932284 53.598639),
Schule für Gesundheitsberufe (SfG) im HSB e.V.,,,['POI'],POINT(10.021945 53.614745),
Schulungszentrum für Altenpflege,,,['POI'],POINT(10.073062 53.574654),
Sozialpädagogik Harburg W5 - Staatl. Schule,,,['POI'],POINT(9.963918 53.465404),
Sozialpädagogik-Altona FSP II - Staatl. Fachschule,,,['POI'],POINT(9.944908 53.556489),
Sozialpädagogik-Wagnerstraße FSP I - Staatl. Fachschule,,,['POI'],POINT(10.038982 53.571334),
St. Pauli - Staatliche Handelsschule mit Wirtschaftsgymnasium,,,['POI'],POINT(9.964591 53.555406),
Staatl. anerkannte Berufsfachschule f. med. Kosmetik Pieper,,,['POI'],POINT(9.817277 53.56442),
Staatliche Fremdsprachenschule H15,,,['POI'],POINT(9.993361 53.573806),
Stahl- und Maschinenbau G1 - Staatl. Gewerbeschule,,,['POI'],POINT(10.032512 53.557957),
Stahl- und Metallbau (Berufsschule),,,['POI'],POINT(10.032512 53.557957),
Technische Fachschule Heinze für technisches Zeichnen und Bauzeichnen,,,['POI'],POINT(10.023577 53.602852),
Uferstraße - W2 - Berufliche Schule,,,['POI'],POINT(10.039169 53.570973),
"Verkehrstechnik, Arbeitstechnik, Ernährung G20 - Staal. Gewerbeschule",,,['POI'],POINT(10.182715 53.495301),
Weidenstieg H5 - Staatl. Handelsschule mit Wirtschaftsgymnasium,,,['POI'],POINT(9.962795 53.570013),
Wendenstraße H9 - Staatl. Handelsschule mit Wirtschaftsgymnasium,,,['POI'],POINT(10.033714 53.549078),
Werft und Hafen G7 - Staatl. Gewerbeschule,,,['POI'],POINT(9.964056 53.552481),
Werft- und Hafen (Berufsschule),,,['POI'],POINT(9.964056 53.552481),
Anglo-English School,,,['POI'],POINT(9.992811 53.549047),
UNESCO-Institut für Lebenslanges Lernen,,,['POI'],POINT(9.99088 53.568435),
FH Hamburg,,,['POI'],POINT(10.022935 53.573835),
FHS für Architektur,,,['POI'],POINT(10.025633 53.605441),
FHS für Bauingenieurwesen,,,['POI'],POINT(10.025633 53.605441),
FHS für Bibliotekswesen,,,['POI'],POINT(9.984018 53.569355),
FHS für Bio-Ingenieurswesen,,,['POI'],POINT(10.198885 53.496425),
FHS für Chemie-Ingenieurswesen,,,['POI'],POINT(10.022302 53.555726),
FHS für Elektrotechnik,,,['POI'],POINT(10.020896 53.556843),
FHS für Ernährung,,,['POI'],POINT(10.198734 53.496381),
FHS für Fahrzeugtechnik,,,['POI'],POINT(10.021192 53.556625),
FHS für Gestaltung,,,['POI'],POINT(10.020421 53.565321),
FHS für Hauswirtschaft,,,['POI'],POINT(10.198688 53.496364),
FHS für Maschinenbau,,,['POI'],POINT(10.022302 53.555726),
FHS für Produktionstechnik,,,['POI'],POINT(10.198489 53.496258),
FHS für Schiffsbetriebstechnik,,,['POI'],POINT(10.017638 53.556287),
FHS für Seefahrt,,,['POI'],POINT(9.931215 53.54594),
FHS für Sozialpädagogik,,,['POI'],POINT(10.032665 53.592711),
FHS für Verfahrenstechnik,,,['POI'],POINT(10.198764 53.496408),
FHS für Vermessungswesen,,,['POI'],POINT(10.025633 53.605441),
Hochschule für Angewandte Wissenschaften Hamburg (HAW),,,['POI'],POINT(10.023088 53.557031),
Präsidialverwaltung,,,['POI'],POINT(10.022935 53.573835),
Studentensekretariat,,,['POI'],POINT(10.022997 53.57388),
Akademie JAK Modedesign,,,['POI'],POINT(10.029866 53.563964),
Der Behindertenbeauftragte der Universität Hamburg,,,['POI'],POINT(9.977139 53.569519),
Evangelische Hochschule für Soziale Arbeit & Diakonie,,,['POI'],POINT(10.06707 53.554966),
Führungsakademie,,,['POI'],POINT(9.830515 53.560654),
HFH Hamburger Fern-Hochschule,,,['POI'],POINT(10.054746 53.582418),
HafenCity Universität,,,['POI'],POINT(10.004921 53.540571),
Helmut-Schmidt-Universität - Universität der Bundeswehr,,,['POI'],POINT(10.106213 53.569392),
Hochschule für Bildende Künste,,,['POI'],POINT(10.029941 53.567674),
Hochschule für Musik,,,['POI'],POINT(9.999872 53.572098),
Hochschule für Musik und Theater,,,['POI'],POINT(9.998779 53.570544),
Hochschule für Politik,,,['POI'],POINT(9.984845 53.565295),
Hochschule für Wirtschaft,,,['POI'],POINT(9.98462 53.56536),
Hochschule für darstellende Kunst,,,['POI'],POINT(9.999872 53.572098),
Kunst- und Mediencampus Hamburg,,,['POI'],POINT(10.03296 53.568888),
Missionsakademie an der Universität Hamburg,,,['POI'],POINT(9.838284 53.556646),
Staats- und Universitätsbibliothek Hamburg -Bibliotheksauskunft-,,,['POI'],POINT(9.985641 53.566448),
Sternwarte Bergedorf der Uni Hamburg,,,['POI'],POINT(10.239206 53.479713),
Studentenwerk Hamburg / Amt für Ausbildungsförderung,,,['POI'],POINT(9.985641 53.566448),
Technische Universität Hamburg,,,['POI'],POINT(9.970099 53.463737),
Technische Universität Hamburg-Harburg,,,['POI'],POINT(9.969672 53.459526),
Uni Hamburg - Absolventenservice,,,['POI'],POINT(9.989541 53.565391),
Uni Hamburg - Akademisches Auslandsamt,,,['POI'],POINT(9.989089 53.573186),
Uni Hamburg - Behindertenbeauftragter,,,['POI'],POINT(9.99325 53.560068),
Uni Hamburg - Bibliotheken,,,['POI'],POINT(9.985613 53.565226),
Uni Hamburg - Career Center,,,['POI'],POINT(9.97665 53.569927),
Uni Hamburg - Druckerei,,,['POI'],POINT(9.982449 53.567427),
Uni Hamburg - Eingang Edmund-Siemers-Allee,,,['POI'],POINT(9.985715 53.56377),
Uni Hamburg - Eingang Martinistr.,,,['POI'],POINT(9.976203 53.589178),
Uni Hamburg - Hochschulsport,,,['POI'],POINT(9.990784 53.57079),
Uni Hamburg - Marketing GmbH,,,['POI'],POINT(9.990705 53.564807),
Uni Hamburg - Pressestelle,,,['POI'],POINT(9.988047 53.562798),
Uni Hamburg - Uni-Shop,,,['POI'],POINT(9.983576 53.565261),
Öffentliche Verwaltung der Uni,,,['POI'],POINT(9.951189 53.580187),
Abendschule St.Georg,,,['POI'],POINT(10.017123 53.558115),
Abendschule Vor dem Holstentor,,,['POI'],POINT(9.977055 53.558027),
Privates Abendgymnasium Brecht,,,['POI'],POINT(10.005704 53.555768),
Akademie für Gestaltung,,,['POI'],POINT(10.001053 53.551791),
Brecht-Realschule - Grund-/Haupt- und Realschule,,,['POI'],POINT(10.00563 53.555841),
Bugenhagen-Schule - Sonderschule,,,['POI'],POINT(10.02667 53.617023),
Christophorus-Schule,,,['POI'],POINT(10.136 53.674763),
Domschule St. Marien - Grund- und Stadtteilschule mit Vorschulklasse,,,['POI'],POINT(10.014208 53.558005),
Friedrich-Robbe-Institut e.V.,,,['POI'],POINT(10.063694 53.569553),
Griechisches Lyzeum,,,['POI'],POINT(10.048702 53.599319),
Hermanneum Studienschule,,,['POI'],POINT(9.852776 53.562204),
Höhere Handelschule St. Georg,,,['POI'],POINT(10.016977 53.557667),
Jenisch-Gymnasium,,,['POI'],POINT(9.854379 53.562328),
Skandinavische Schule in Hamburg,,,['POI'],POINT(9.98153 53.579214),
Stadtteilschule St.Georg,,,['POI'],POINT(10.017007 53.557676),
"Wichern-Schule - Grund- und Stadtteilschule, Gymnasium",,,['POI'],POINT(10.069458 53.555089),
Deutsch als Fremdsprache,,,['POI'],POINT(10.013408 53.559881),
"Hamburger Volkshochschule, Deutsch als Fremdsprache",,,['POI'],POINT(10.013515 53.559952),
"Hamburger Volkshochschule, Projekt Schulabschlüsse in Bahrenfeld",,,['POI'],POINT(9.872798 53.564863),
"Hamburger Volkshochschule, Stadtbereich Bergedorf/Billstedt",,,['POI'],POINT(10.208106 53.497949),
"Hamburger Volkshochschule, Stadtbereich Harburg/Finkenwerder",,,['POI'],POINT(9.985409 53.457744),
"Hamburger Volkshochschule, Stadtbereich Mitte",,,['POI'],POINT(9.965363 53.562804),
"Hamburger Volkshochschule, Stadtbereich Nord",,,['POI'],POINT(10.038072 53.587803),
"Hamburger Volkshochschule, Stadtbereich Ost",,,['POI'],POINT(10.120172 53.606929),
"Hamburger Volkshochschule, Stadtbereich West",,,['POI'],POINT(9.881591 53.559479),
VHS Bereich Ost,,,['POI'],POINT(10.120172 53.606929),
VHS Bereich West,,,['POI'],POINT(9.881591 53.559479),
VHS Bergedorf,,,['POI'],POINT(10.207551 53.497514),
VHS Billstedt,,,['POI'],POINT(10.105812 53.53844),
VHS Harburg/Finkenwerder,,,['POI'],POINT(9.983997 53.45657),
VHS Mitte,,,['POI'],POINT(9.965345 53.562696),
VHS Nord,,,['POI'],POINT(10.039245 53.587568),
Volkshochschule - Zentrale,,,['POI'],POINT(9.965363 53.562804),
Bernhard-Nocht-Institut - Tropenmedizin,,,['POI'],POINT(9.965147 53.546704),
Biozentrum Klein Flottbek - Pflanzenkrankheiten,,,['POI'],POINT(9.859803 53.559665),
Biozentrum Klein Flottbek - Pilzberatung,,,['POI'],POINT(9.859803 53.559665),
Biozentrum Klein Flottbek - allgemeine Pflanzenberatung,,,['POI'],POINT(9.859803 53.559665),
Biozentrum Klein Flottbek - gärtnerische Beratung,,,['POI'],POINT(9.859803 53.559665),
DESY,,,['POI'],POINT(9.880298 53.574953),
Hamburger Institut für Sozialforschung,,,['POI'],POINT(9.994827 53.5694),
"Heinrich-Pette-Institut, Leibniz-Institut für Experimentelle Virologie",,,['POI'],POINT(9.973401 53.593415),
Institut für Bildungsmonitoring und Qualitätsentwicklung,,,['POI'],POINT(10.043264 53.553343),
Institut für Hormon- und Fortpflanzungsforschung - IHF -,,,['POI'],POINT(9.96138 53.592146),
Institut für Kontaktstudien,,,['POI'],POINT(10.020749 53.557015),
Landeszentrale für politische Bildung,,,['POI'],POINT(9.988608 53.557088),
Observ. Geophysik Institut,,,['POI'],POINT(9.923289 53.464575),
UNESCO-Institut für Pädagogik,,,['POI'],POINT(9.991068 53.570015),
ZBW - Deutsche Zentralbibliothek für Wirtschaftswissenschaften Leibniz-Informationszentrum Wirtschaft,,,['POI'],POINT(9.992743 53.557098),
Adolph-Diesterweg-Schule,,,['POI'],POINT(10.148213 53.48658),
Adolph-Schönfelder-Schule - Grundschule mit Vorschulklasse,,,['POI'],POINT(10.047214 53.577624),
Ahrensburger Weg - Grundschule mit Vorschulklasse,,,['POI'],POINT(10.174167 53.653629),
Albert-Schweitzer-Gymnasium,,,['POI'],POINT(10.031287 53.627244),
Albert-Schweitzer-Schule - Gesamtschule mit Vorschulklasse,,,['POI'],POINT(10.047335 53.632577),
Albrecht-Thaer-Gymnasium,,,['POI'],POINT(9.92597 53.600009),
Alexander-von-Humboldt-Gymnasium,,,['POI'],POINT(9.993337 53.438782),
Allee - Gymnasium,,,['POI'],POINT(9.940237 53.554091),
Allermöhe - Gymnasium,,,['POI'],POINT(10.155617 53.485188),
Allermöhe - Haupt- und Realschule,,,['POI'],POINT(10.15267 53.485378),
Alsterdorfer Straße - Grundschule mit Vorschulklasse,,,['POI'],POINT(9.997298 53.596767),
Alsterredder - Grundschule mit Vorschulklasse,,,['POI'],POINT(10.099568 53.658768),
Alsterring Gymnasium,,,['POI'],POINT(10.0489 53.596945),
Alstertal - Gymnasium,,,['POI'],POINT(10.019108 53.632443),
Altengamme-Deich - Grundschule mit Vorschulklasse,,,['POI'],POINT(10.269425 53.428842),
- Gymnasium,,,['POI'],POINT(9.916465 53.551705),
Am See - kooperative Gesamtschule mit Vorschulklasse,,,['POI'],POINT(10.06344 53.617124),
Am Sooren - Grundschule mit Vorschulklasse,,,['POI'],POINT(10.181899 53.59318),
Am Walde - Grund-/Haupt- und Realschule mit Vorschulklasse,,,['POI'],POINT(10.136329 53.698211),
An den Teichwiesen - Grundschule mit Vorschulklasse,,,['POI'],POINT(10.148899 53.6494),
An der Burgweide - Grundschule mit Vorschulklasse,,,['POI'],POINT(10.024358 53.487167),
An der Gartenstadt - Grund-/Haupt- und Realschule mit Vorschulklasse,,,['POI'],POINT(10.084312 53.588947),
An der Glinder Au - Grund-/Haupt- und Realschule mit Vorschulklasse,,,['POI'],POINT(10.133347 53.534166),
An der Isebek - Grundschule mit Vorschulklasse,,,['POI'],POINT(9.968517 53.575331),
An der Osterkirche - Evangelische Grundschule - Ottensen,,,['POI'],POINT(9.932386 53.555257),
An der Seebek - Grund-/Haupt- und Realschule mit Vorschulklasse,,,['POI'],POINT(10.066442 53.605524),
An der Twiete - Förderschule,,,['POI'],POINT(10.203266 53.502653),
Anna-Siemsen-Schule,,,['POI'],POINT(9.974106 53.549237),
Anna-Susanna-Stieg - Grundschule mit Vorschulklasse,,,['POI'],POINT(9.918438 53.642711),
Anne-Frank-Schule - Förderschule,,,['POI'],POINT(10.090583 53.623061),
Anton-Rée-Schule Allermöhe - Grundschule mit Vorschulklasse,,,['POI'],POINT(10.173767 53.481758),
Appelhoff - Grundschule mit Vorschulklasse,,,['POI'],POINT(10.058584 53.607876),
Arbeitsgruppe für Haus- und Krankenhausunterricht,,,['POI'],POINT(10.018073 53.58571),
Arp-Schnitger-Stieg - Grundschule mit Vorschulklasse,,,['POI'],POINT(9.809964 53.515042),
Astrid-Lindgren-Schule - Förderschule,,,['POI'],POINT(9.96779 53.571931),
Aueschule Finkenwerder - Grundschule mit Vorschulklasse,,,['POI'],POINT(9.878609 53.532824),
August-Hermann-Francke-Schule - kooperative Gesamtschule,,,['POI'],POINT(10.118142 53.651857),
Bildungszentrum für Blinde und Sehbehinderte,,,['POI'],POINT(10.01572 53.590843),
Billwerder Straße - Sonderschule,,,['POI'],POINT(10.193758 53.492522),
Bindfeldweg - Förderschule,,,['POI'],POINT(9.946666 53.623694),
Bindfeldweg - Grundschule mit Vorschulklasse,,,['POI'],POINT(9.946312 53.622726),
Blankenese - Gymnasium,,,['POI'],POINT(9.807116 53.562656),
Blankenese - Stadtteilschule mit Vorschulklasse,,,['POI'],POINT(9.822849 53.563789),
Bondenwald - Gymnasium,,,['POI'],POINT(9.94006 53.621617),
Bonhoefferstraße - Grundschule mit Vorschulklasse,,,['POI'],POINT(10.137335 53.545072),
Bornbrook - Gymnasium,,,['POI'],POINT(10.19443 53.507863),
Bovestraße - Grundschule mit Vorschulklasse,,,['POI'],POINT(10.081276 53.571776),
Bramfelder Dorfplatz - Stadtteilschule mit Vorschulklasse,,,['POI'],POINT(10.076941 53.613813),
Brüder-Grimm-Schule,,,['POI'],POINT(10.10659 53.551453),
Buckhorn - Grundschule mit Vorschulklasse,,,['POI'],POINT(10.148648 53.664641),
Buckhorn - Gymnasium,,,['POI'],POINT(10.153091 53.665003),
Bugenhagen-Schule - Grund- und Gesamtschule mit Vorschulklasse,,,['POI'],POINT(10.02667 53.617023),
Böttcherkamp - Sonderschule,,,['POI'],POINT(9.865823 53.59134),
Carl-Cohn-Straße - Grundschule mit Vorschulklasse,,,['POI'],POINT(10.01254 53.600601),
Carl-Götze-Schule - Grundschule mit Vorschulklasse,,,['POI'],POINT(9.977913 53.606963),
Carl-von-Ossietzky-Gymnasium,,,['POI'],POINT(10.067739 53.655102),
Charlotte-Paulsen-Gymnasium,,,['POI'],POINT(10.079829 53.573047),
Christian-Morgenstern-Schule,,,['POI'],POINT(9.957636 53.566146),
Christianeum,,,['POI'],POINT(9.87446 53.558364),
Christophorus-Schule - Sonderschule,,,['POI'],POINT(10.136 53.674763),
Clara-Grunwald-Schule - Grundschule mit Vorschulklasse,,,['POI'],POINT(10.160813 53.486764),
Corveystraße - Gymnasium,,,['POI'],POINT(9.969013 53.597673),
Dempwolffstraße - Grundschule mit Vorschulklasse,,,['POI'],POINT(9.965369 53.45833),
Duvenstedter Markt - Grundschule mit Vorschulklasse,,,['POI'],POINT(10.108195 53.703318),
Döhrnstraße - Grundschule mit Vorschulklasse,,,['POI'],POINT(9.954918 53.596915),
Dörpsweg - Gymnasium,,,['POI'],POINT(9.911365 53.607822),
Eduardstraße - Grundschule mit Vorschulklasse,,,['POI'],POINT(9.947653 53.571967),
Eenstock - Grundschule mit Vorschulklasse,,,['POI'],POINT(10.094507 53.605324),
Ehestorfer Weg - Stadtteilschule mit Vorschulklasse,,,['POI'],POINT(9.952836 53.455358),
Eidelstedt - Stadtteilschule mit Vorschulklasse,,,['POI'],POINT(9.888951 53.613211),
"Eimsbüttler Modell, Oberstufenhaus",,,['POI'],POINT(9.970766 53.575339),
Elbinselschule - Grundschule mit Vorschulklasse,,,['POI'],POINT(10.010078 53.501216),
Elbkinder Grundschule,,,['POI'],POINT(9.829301 53.56644),
Elbschule - Bildungszentrum Hören und Kommunikation,,,['POI'],POINT(9.898804 53.55281),
Elfenwiese - Sonderschule,,,['POI'],POINT(9.970489 53.43994),
Emil-Krause-Gymnasium,,,['POI'],POINT(10.057886 53.579363),
Emilie-Wüstenfeld-Gymnasium,,,['POI'],POINT(9.9715 53.57111),
Eppendorf - Gymnasium,,,['POI'],POINT(9.98468 53.58484),
Erich-Kästner-Grund- und Stadtteilschule mit Vorschulklasse,,,['POI'],POINT(10.120012 53.614011),
Eschenweg - Sprachheilschule,,,['POI'],POINT(10.01629 53.625917),
Eulenkrugstraße - Grundschule mit Vorschulklasse,,,['POI'],POINT(10.184201 53.64574),
Fahrenkrön - Grundschule mit Vorschulklasse,,,['POI'],POINT(10.097014 53.616344),
Farmsen - Gymnasium,,,['POI'],POINT(10.108845 53.611132),
Finkenwerder - Gymnasium,,,['POI'],POINT(9.876529 53.532174),
Finkenwerder - Stadtteilschule,,,['POI'],POINT(9.876529 53.532174),
- Stadtteilschule,,,['POI'],POINT(9.835611 53.473865),
Forsmannstraße - Primarschule mit Vorschulklasse,,,['POI'],POINT(10.014219 53.583686),
Fraenkelstraße - Stadtteilschule mit Vorschulklasse,,,['POI'],POINT(10.03752 53.599165),
Franz-von-Assisi-Schule - Haupt- und Realschule,,,['POI'],POINT(10.055298 53.585765),
Franzosenkoppel - Grundschule mit Vorschulklasse,,,['POI'],POINT(9.871653 53.607471),
Freie Schule Hamburg e.V. - Hauptschule,,,['POI'],POINT(9.985553 53.511386),
Fridtjof-Nansen-Schule - Grundschule mit Vorschulklasse,,,['POI'],POINT(9.869609 53.59992),
Frieda-Stoppenbrink-Schule - Sonderschule,,,['POI'],POINT(9.863485 53.47665),
Friedrich-Ebert-Gymnasium,,,['POI'],POINT(9.963019 53.465618),
Friedrich-Frank-Bogen - Grundschule mit Vorschulklasse,,,['POI'],POINT(10.17824 53.492056),
Friedrich-Robbe-Institut - Sonderschule,,,['POI'],POINT(10.063937 53.569596),
Fritz-Köhne-Schule - Grundschule mit Vorschulklasse,,,['POI'],POINT(10.039115 53.536128),
Fritz-Schumacher-Schule - Stadtteilschule,,,['POI'],POINT(10.022929 53.657902),
Frohmestraße - Grundschule mit Vorschulklasse,,,['POI'],POINT(9.920858 53.633051),
Fuchsbergredder - Grundschule mit Vorschulklasse,,,['POI'],POINT(10.121721 53.562176),
Furtweg - Grundschule mit Vorschulklasse,,,['POI'],POINT(9.900411 53.604966),
Fünfhausen-Warwisch,,,['POI'],POINT(10.134347 53.44855),
"GBS ""Global Kids"" Schule Potsdamer Straße",,,['POI'],POINT(10.150763 53.584004),
"GBS ""Radau"" Schule ""Am Soren""",,,['POI'],POINT(10.181099 53.592649),
"GBS ""Schülernest"" Schuel Hasenweg",,,['POI'],POINT(10.119565 53.638222),
"GBS Schule ""Nydamer Weg""",,,['POI'],POINT(10.155125 53.617684),
"GBS Schule ""Ochsenwerder""",,,['POI'],POINT(10.073629 53.471926),
"GBS Schule ""Sachsenweg""",,,['POI'],POINT(9.959821 53.641263),
"GBS Schule ""Tonndorf""",,,['POI'],POINT(10.130729 53.586989),
"GBS Schule ""Wesperloh""",,,['POI'],POINT(9.862486 53.575792),
"GBS Schule ""Windmühlenweg""",,,['POI'],POINT(9.871776 53.567288),
Ganztagsgrundschule Am Eichtalpark,,,['POI'],POINT(10.095326 53.582674),
Ganztagsgrundschule Arnkielstraße mit Vorschulklasse,,,['POI'],POINT(9.952686 53.564181),
Ganztagsschule Bernstorffstraße - Sprachheilschule,,,['POI'],POINT(9.959208 53.558954),
Ganztagsschule Carsten-Rehder-Straße - Sonderschule,,,['POI'],POINT(9.94911 53.545368),
Ganztagsschule Ernst-Henning-Straße - Grundschule mit Vorschulklasse,,,['POI'],POINT(10.226938 53.484189),
Ganztagsschule Fährstraße - Grundschule mit Vorschulklasse,,,['POI'],POINT(9.981681 53.516693),
Gelehrtenschule des Johanneums,,,['POI'],POINT(10.005444 53.589951),
Genslerstraße - Grundschule mit Vorschulklasse,,,['POI'],POINT(10.039452 53.592939),
Gesamtschule Alter Teichweg - Grund- und Stadtteilschule,,,['POI'],POINT(10.06999 53.587521),
Geschwister-Scholl-Stadtteilschule,,,['POI'],POINT(9.856422 53.592459),
Goethe-Gymnasium,,,['POI'],POINT(9.891749 53.598274),
Goosacker - Stadtteilschule mit Vorschulklasse,,,['POI'],POINT(9.84858 53.571956),
Gorch-Fock-Schule - Grundschule mit Vorschulklasse,,,['POI'],POINT(9.802397 53.564476),
Gretel-Bergmann-Schule - Stadtteilschule Allermöhe,,,['POI'],POINT(10.166002 53.487019),
Griesstraße - Stadtteilschule mit Vorschulklasse,,,['POI'],POINT(10.061227 53.564462),
Grootmoor - Gymnasium,,,['POI'],POINT(10.097444 53.630025),
Groß Flottbek - Grundschule mit Vorschulklasse,,,['POI'],POINT(9.893901 53.566441),
Großlohering - Grundschule mit Vorschulklasse,,,['POI'],POINT(10.178937 53.600721),
Grumbrechtstraße - Grundschule mit Vorschulklasse,,,['POI'],POINT(9.956588 53.46824),
Grund- und Stadtteilschule Eppendorf - mit Vorschulklasse,,,['POI'],POINT(9.974337 53.586821),
Grund- und Stadtteilschule Maretstraße - mit Vorschulklasse,,,['POI'],POINT(9.982597 53.455934),
Grundschule Archenholzstraße,,,['POI'],POINT(10.119258 53.543787),
Grundschule Brehmweg mit Vorschulklasse,,,['POI'],POINT(9.941104 53.584301),
Grundschule Curslack-Neuengamme,,,['POI'],POINT(10.219514 53.448609),
Grundschule Edwin-Scharff-Ring - mit Vorschulklasse,,,['POI'],POINT(10.047757 53.61542),
Grundschule Hegholt - mit Vorschulklasse,,,['POI'],POINT(10.081152 53.605329),
Grundschule Rotenhäuser Damm,,,['POI'],POINT(9.990788 53.511541),
Grundschule am Kiefernberg,,,['POI'],POINT(9.95675 53.460709),
Grundschule beim Pachthof - Grundschule mit Vorschulklasse,,,['POI'],POINT(10.08327 53.551146),
Grützmühlenweg - Grundschule mit Vorschulklasse,,,['POI'],POINT(10.040541 53.645827),
Gymnasium Langenhorn,,,['POI'],POINT(9.996735 53.652364),
Gymnasium Oberalster,,,['POI'],POINT(10.10082 53.658639),
Gyula Trebitsch Stadtteilschule Tonndorf,,,['POI'],POINT(10.122673 53.594685),
Hamm - Gymnasium,,,['POI'],POINT(10.046991 53.554569),
Hanhoopsfeld - Stadtteilschule,,,['POI'],POINT(9.98993 53.438531),
Hansa-Gymnasium Bergedorf,,,['POI'],POINT(10.22107 53.49336),
Hansa-Kolleg Gymnasium,,,['POI'],POINT(10.045475 53.576291),
Harburg - Stadtteilschule mit Vorschulklasse,,,['POI'],POINT(9.973369 53.459909),
Hasselbrook - Grundschule mit Vorschulklasse,,,['POI'],POINT(10.045059 53.564964),
Haus des Lernens - Stadtteilschule,,,['POI'],POINT(10.125538 53.629153),
Hausbruch - Grundschule mit Vorschulklasse,,,['POI'],POINT(9.894057 53.474376),
Hauskoppelstieg - Sonderschule,,,['POI'],POINT(10.103752 53.541577),
Heidacker - Grundschule mit Vorschulklasse,,,['POI'],POINT(9.89063 53.619021),
Heidberg - Gymnasium,,,['POI'],POINT(10.030831 53.67053),
Heidhorst - Grundschule mit Vorschulklasse,,,['POI'],POINT(10.169524 53.516421),
Heidstücken - Sonderschule,,,['POI'],POINT(10.091662 53.615701),
Heilwig-Gymnasium,,,['POI'],POINT(9.998458 53.604952),
Heinrich-Heine-Gymnasium,,,['POI'],POINT(10.073679 53.665041),
Heinrich-Hertz-Schule - Stadtteilschule,,,['POI'],POINT(10.011085 53.593443),
Heinrich-Wolgast-Schule - Grundschule mit Vorschulklasse,,,['POI'],POINT(10.012048 53.556002),
Heisenberg-Gymnasium,,,['POI'],POINT(9.946751 53.456592),
Helene-Lange-Gymnasium,,,['POI'],POINT(9.973826 53.573796),
Helmut-Schmidt-Gymnasium,,,['POI'],POINT(10.013348 53.499949),
Hermannstal - Haupt-und Realschule mit Vorschulklasse,,,['POI'],POINT(10.095336 53.550973),
Hinsbleek - Grundschule mit Vorschulklasse,,,['POI'],POINT(10.0735 53.650262),
Hinter der Lieth - Grundschule mit Vorschulklasse,,,['POI'],POINT(9.944842 53.603599),
Hirtenweg - Sonderschule,,,['POI'],POINT(9.899152 53.552124),
Hochallee - Katholische Grundschule,,,['POI'],POINT(9.985776 53.573509),
Hochrad - Gymnasium,,,['POI'],POINT(9.876581 53.553658),
Hohe Landwehr - Grundschule mit Vorschulklasse,,,['POI'],POINT(10.041119 53.557558),
- Grundschule mit Vorschulklasse,,,['POI'],POINT(9.96799 53.581337),
Horn - Stadtteilschule mit Vorschulklasse,,,['POI'],POINT(10.07265 53.556624),
Humboldtstraße - Grundschule mit Vorschulklasse,,,['POI'],POINT(10.026598 53.572977),
Hummelsbüttel - Gymnasium,,,['POI'],POINT(10.041424 53.647266),
Ida-Ehre-Stadtteilschule,,,['POI'],POINT(9.974645 53.574616),
Immanuel-Kant-Gymnasium,,,['POI'],POINT(9.966542 53.432451),
In der Alten Forst - Grundschule mit Vorschulklasse,,,['POI'],POINT(9.935325 53.449063),
Inselschule Neuwerk - Grund-/Haupt- und Realschule mit Vorschulklasse,,,['POI'],POINT(8.490128 53.919344),
Internationale Schule - Gesamtschule mit Vorschulklasse,,,['POI'],POINT(9.860504 53.565195),
Irena-Sendler-Stadtteilschule,,,['POI'],POINT(10.103507 53.639925),
Iserbarg - Grundschule mit Vorschulklasse,,,['POI'],POINT(9.76068 53.57457),
Iserbrook - Grundschule mit Vorschulklasse,,,['POI'],POINT(9.812332 53.580439),
Jenfelder Straße - Grundschule mit Vorschulklasse,,,['POI'],POINT(10.133525 53.575246),
Johannes-Brahms-Gymnasium,,,['POI'],POINT(10.082853 53.612771),
Joseph-Carlebach-Schule - Grundschule mit Vorschulklasse,,,['POI'],POINT(9.983907 53.568439),
Jugendmusikschule,,,['POI'],POINT(9.993695 53.571943),
Julius-Leber-Schule - Stadtteilschule,,,['POI'],POINT(9.903623 53.625914),
Kaiser-Friedrich-Ufer - Gymnasium,,,['POI'],POINT(9.966545 53.573604),
Kamminer Straße - Grundschule mit Vorschulklasse,,,['POI'],POINT(10.140842 53.618199),
Kapellenweg - Grundschule mit Vorschulklasse,,,['POI'],POINT(9.987655 53.444894),
Karl-Arnold-Ring - Sonderschule,,,['POI'],POINT(10.024499 53.486789),
- Grundschule mit Vorschulklasse,,,['POI'],POINT(10.117176 53.627345),
Katharina-von-Siena-Schule - Grundschule mit Vorschulklasse,,,['POI'],POINT(10.015734 53.651844),
Katharinenschule in der Hafencity - Grundschule mit Vorschulklasse,,,['POI'],POINT(9.994725 53.541915),
Katholische Bonifatiusschule - Grund- und Stadtteilschule mit Vorschulklasse,,,['POI'],POINT(9.987145 53.505299),
Katholische Schule Altona - Grundschule mit Vorschule und Stadtteilschule,,,['POI'],POINT(9.956234 53.559571),
Katholische Schule Am Weiher - St. Bonifatius Grundschule mit Vorschulklasse,,,['POI'],POINT(9.957585 53.577953),
Katholische Schule Bergedorf - Grundschule mit Vorschulklasse,,,['POI'],POINT(10.215352 53.491523),
Katholische Schule Blankenese - Grundschule mit Vorschulklasse,,,['POI'],POINT(9.822 53.562797),
Katholische Schule Farmsen - Grundschule mit Vorschulklasse,,,['POI'],POINT(10.121813 53.606716),
Katholische Schule Hammer Kirche - Grundschule mit Vorschulklasse und Stadtteilschule,,,['POI'],POINT(10.054868 53.556378),
Katholische Schule Harburg - Grundschule mit Vorschulklasse und Stadtteilschule,,,['POI'],POINT(9.970014 53.458032),
Katholische Schule Neugraben - Grundschule mit Vorschulklasse und Stadtteilschule,,,['POI'],POINT(9.845544 53.472016),
Katholische Schule St. Antonius - Grundschule mit Vorschulklasse,,,['POI'],POINT(9.996556 53.598588),
Katholische Schule St. Joseph - Wandsbek - Grundschule mit Vorschulklasse,,,['POI'],POINT(10.076244 53.573951),
Katholische Schule St. Marien - Eulenstraße - Grundschule mit Vorschulklasse,,,['POI'],POINT(9.924202 53.550891),
Katholische Schule St. Paulus - Grundschule mit Vorschulklasse und Stadtteilschule,,,['POI'],POINT(10.107739 53.54057),
Katholische Sophienschule - Grundschule mit Vorschulklasse,,,['POI'],POINT(10.034681 53.578173),
Kerschensteinerstraße - Grundschule mit Vorschulklasse,,,['POI'],POINT(9.973288 53.461617),
Kielkamp - Sonderschule,,,['POI'],POINT(9.90021 53.572828),
Kielkoppelstraße - Stadtteilschule,,,['POI'],POINT(10.167971 53.589255),
Kielortallee - Grundschule mit Vorschulklasse,,,['POI'],POINT(9.973935 53.571998),
Kirchdorf - Stadtteilschule,,,['POI'],POINT(10.014935 53.492549),
Kirchwerder - Grund- und Stadtteilschule,,,['POI'],POINT(10.202455 53.420208),
Klein Flottbeker Weg - Grundschule mit Vorschulklasse,,,['POI'],POINT(9.881699 53.553045),
Klosterschule - Gymnasium,,,['POI'],POINT(10.023506 53.555581),
Knauerstraße - Grundschule mit Vorschulklasse,,,['POI'],POINT(9.99002 53.590403),
Kroonhorst - Grundschule mit Vorschulklasse,,,['POI'],POINT(9.847343 53.588606),
Kurt-Juster-Schule - Sonderschule,,,['POI'],POINT(10.021198 53.613826),
Kurt-Körber-Gymnasium,,,['POI'],POINT(10.12011 53.540625),
Kurt-Tucholsky-Gymnasium,,,['POI'],POINT(9.949074 53.565989),
Königstraße - Grund-/Haupt-und Realschule mit Vorschulklasse,,,['POI'],POINT(9.946401 53.547671),
Landesbetrieb Hamburger Volkshochschule Zentrale,,,['POI'],POINT(9.965363 53.562804),
Landespolizeischule,,,['POI'],POINT(10.006284 53.605587),
Langbargheide - Grundschule mit Vorschulklasse,,,['POI'],POINT(9.889266 53.596568),
Lange Striepen - Grundschule mit Vorschulklasse,,,['POI'],POINT(9.886387 53.477066),
Lehmkuhlenweg - Grundschule mit Vorschulklasse,,,['POI'],POINT(9.791206 53.585127),
Lemsahl-Mellingstedt - Grundschule mit Vorschulklasse,,,['POI'],POINT(10.104543 53.681841),
Lerchenfeld - Gymnasium,,,['POI'],POINT(10.029603 53.568054),
Lessing-Gymnasium,,,['POI'],POINT(9.977574 53.462723),
Leuschnerstraße - Grundschule mit Vorschulklasse,,,['POI'],POINT(10.207891 53.497295),
Lise-Meitner-Gymnasium,,,['POI'],POINT(9.856617 53.57375),
Lohbrügge - Gymnasium,,,['POI'],POINT(10.206169 53.504564),
Lohbrügge - Stadtteilschule,,,['POI'],POINT(10.206379 53.505047),
Lohmühlen-Gymnasium,,,['POI'],POINT(10.017123 53.558115),
Loki-Schmidt-Schule - Grundschule mit Vorschulklasse,,,['POI'],POINT(9.90314 53.552337),
Lokstedter Damm - Sonderschule,,,['POI'],POINT(9.971754 53.607202),
Ludwigstraße - Grundschule mit Vorschulklasse,,,['POI'],POINT(9.965583 53.559882),
Luisen-Gymnasium Bergedorf,,,['POI'],POINT(10.227844 53.491575),
Lutterothstraße - Grundschule mit Vorschulklasse,,,['POI'],POINT(9.952101 53.580449),
Lycée Francais de Hambourg Antoine de St. Exupéry,,,['POI'],POINT(9.957511 53.604047),
Lämmersieth - Grundschule mit Vorschulklasse,,,['POI'],POINT(10.060146 53.588229),
Marckmannstraße - Sonderschule,,,['POI'],POINT(10.041523 53.535909),
Margaretha-Rothe-Gymnasium,,,['POI'],POINT(10.042944 53.598588),
Marie-Beschütz-Schule - Grundschule mit Vorschulklasse,,,['POI'],POINT(9.985715 53.591651),
- Gymnasium,,,['POI'],POINT(10.106596 53.566719),
Marion Dönhoff Gymnasium,,,['POI'],POINT(9.807329 53.571433),
Marmstorf - Grundschule mit Vorschulklasse,,,['POI'],POINT(9.964556 53.439099),
Marschweg - Grundschule mit Vorschulklasse,,,['POI'],POINT(9.761941 53.585083),
Matthias-Claudius-Gymnasium,,,['POI'],POINT(10.072853 53.572984),
Max-Brauer-Schule - Stadtteilschule mit Vorschulklasse,,,['POI'],POINT(9.920871 53.559372),
Max-Eichholz-Ring - Grundschule mit Vorschulklasse,,,['POI'],POINT(10.216823 53.506604),
Max-Schmeling Stadtteilschule,,,['POI'],POINT(10.103784 53.567123),
Max-Schmeling-Stadtteilschule - Standort Denksteinweg,,,['POI'],POINT(10.131245 53.571844),
Max-Traeger-Schule - Grundschule mit Vorschulklasse,,,['POI'],POINT(9.897295 53.616167),
Meiendorf - Gymnasium,,,['POI'],POINT(10.152562 53.624574),
Mendelssohnstraße - Grundschule mit Vorschulklasse,,,['POI'],POINT(9.905979 53.563718),
Michael Schule - Sonderschule,,,['POI'],POINT(9.959448 53.465521),
Mittlerer Landweg - Offene Ganztagsgrundschule (GBS) mit Vorschulklasse,,,['POI'],POINT(10.134174 53.498512),
Molkenbuhrstraße - Grundschule mit Vorschulklasse,,,['POI'],POINT(9.924975 53.590438),
Montessorischule Hamburg-Bergedorf - Grundschule,,,['POI'],POINT(10.24133 53.481281),
Moorflagen - Grundschule mit Vorschulklasse,,,['POI'],POINT(9.945333 53.641145),
Mümmelmannsberg - Grundschule mit Vorschulklasse,,,['POI'],POINT(10.14131 53.52966),
Mümmelmannsberg - Stadtteilschule,,,['POI'],POINT(10.148616 53.529887),
Müssenredder - Grundschule mit Vorschulklasse,,,['POI'],POINT(10.066679 53.655058),
Nettelnburg - Grundschule mit Vorschulklasse,,,['POI'],POINT(10.196321 53.480267),
Neubergerweg - Grundschule mit Vorschulklasse,,,['POI'],POINT(10.002356 53.66867),
Neue Schule Hamburg - Gesamtschule,,,['POI'],POINT(10.181182 53.59183),
Neugraben - Grundschule mit Vorschulklasse,,,['POI'],POINT(9.863644 53.474861),
- Grundschule mit Vorschulklasse,,,['POI'],POINT(10.037371 53.46788),
Neurahlstedt - Primarschule mit Vorschulklasse,,,['POI'],POINT(10.166105 53.604854),
Niels-Stensen-Gymnasium,,,['POI'],POINT(9.971016 53.457745),
- Stadtteilschule,,,['POI'],POINT(9.951191 53.634045),
Nydamer Weg - Grundschule mit Vorschulklasse,,,['POI'],POINT(10.154525 53.617304),
Nymphenweg - Sonderschule,,,['POI'],POINT(9.971073 53.44113),
Ochsenwerder - Grundschule mit Vorschulklasse,,,['POI'],POINT(10.074519 53.471352),
Ohkamp - Grundschule mit Vorschulklasse,,,['POI'],POINT(10.021343 53.637339),
Ohlstedt - Gymnasium,,,['POI'],POINT(10.142558 53.692267),
Ohmoor - Gymnasium,,,['POI'],POINT(9.959461 53.640718),
Ohrnsweg - Grundschule mit Vorschulklasse,,,['POI'],POINT(9.816686 53.472657),
Oldenfelde - Gymnasium,,,['POI'],POINT(10.160076 53.61087),
Oldenfelde - Stadtteilschule mit Vorschulklasse,,,['POI'],POINT(10.158053 53.612579),
Oppelner Straße - Grundschule mit Vorschulklasse,,,['POI'],POINT(10.144008 53.573214),
Osterbek - Gymnasium,,,['POI'],POINT(10.095142 53.600107),
Osterbrook - Grundschule mit Vorschulklasse,,,['POI'],POINT(10.056042 53.549008),
Othmarschen - Gymnasium,,,['POI'],POINT(9.884014 53.554834),
Otto-Hahn-Schule - Stadtteilschule,,,['POI'],POINT(10.126143 53.580365),
Paracelsusstraße - Sonderschule,,,['POI'],POINT(10.136422 53.597655),
Phorms Campus Hamburg - Bilinguale Grundschule und Gymnasium,,,['POI'],POINT(10.027034 53.547994),
Poppenbüttel - Stadtteilschule mit Vorschulklasse,,,['POI'],POINT(10.080839 53.659289),
Potsdamer Straße - Grundschule mit Vorschulklasse,,,['POI'],POINT(10.150321 53.584403),
Privates Gymnasium Brecht,,,['POI'],POINT(10.005704 53.555768),
Privatschule Weber,,,['POI'],POINT(9.985767 53.456941),
Pröbenweg - Sonderschule,,,['POI'],POINT(10.05064 53.553863),
Quellmoor - Grundschule mit Vorschulklasse,,,['POI'],POINT(9.870961 53.478393),
Rahewinkel - Grundschule mit Vorschulklasse,,,['POI'],POINT(10.154785 53.526619),
Rahlstedt - Gymnasium,,,['POI'],POINT(10.145226 53.600384),
Rahlstedter Höhe - Grundschule mit Vorschulklasse,,,['POI'],POINT(10.131249 53.600247),
Raphael-Schule - Sonderschule,,,['POI'],POINT(9.860476 53.551942),
Ratsmühlendamm - Grundschule mit Vorschulklasse,,,['POI'],POINT(10.021817 53.626948),
Reinbeker Redder - Sprachheilschule,,,['POI'],POINT(10.206045 53.511889),
Rellinger Straße - Grundschule mit Vorschulklasse,,,['POI'],POINT(9.942463 53.57411),
Richardstraße - Grundschule mit Vorschulklasse,,,['POI'],POINT(10.039374 53.567601),
Rissen - Gymnasium,,,['POI'],POINT(9.752587 53.580407),
Robert-Koch-Schule - Sonderschule,,,['POI'],POINT(10.020137 53.613089),
Rothestraße - Grundschule mit Vorschulklasse,,,['POI'],POINT(9.928113 53.548264),
Rudolf-Roß-Grundschule mit Vorschulklasse,,,['POI'],POINT(9.978763 53.552919),
Rudolf-Steiner-Schule Bergedorf,,,['POI'],POINT(10.217084 53.485745),
Rudolf-Steiner-Schule Hamburg-Altona,,,['POI'],POINT(9.922363 53.550959),
Rudolf-Steiner-Schule Hamburg-Bergstedt,,,['POI'],POINT(10.135831 53.676328),
Rudolf-Steiner-Schule Harburg,,,['POI'],POINT(9.892144 53.461416),
Rudolf-Steiner-Schule Nienstedten,,,['POI'],POINT(9.855262 53.549257),
Rudolf-Steiner-Schule Wandsbek,,,['POI'],POINT(10.128107 53.60308),
Rungwisch - Grundschule mit Vorschulklasse,,,['POI'],POINT(9.909746 53.610539),
Rönneburg - Grundschule mit Vorschulklasse,,,['POI'],POINT(10.007324 53.438458),
Rönnkamp - Grundschule mit Vorschulklasse,,,['POI'],POINT(9.919626 53.646584),
Röthmoorweg - Grundschule mit Vorschulklasse,,,['POI'],POINT(9.923271 53.625863),
Sachsenweg - Stadtteilschule mit Vorschulklasse,,,['POI'],POINT(9.959472 53.64052),
Sander Straße - Grundschule mit Vorschulklasse,,,['POI'],POINT(10.216342 53.495062),
Sankt-Ansgar-Schule,,,['POI'],POINT(10.031746 53.557469),
Scheeßeler Kehre - Grundschule mit Vorschulklasse,,,['POI'],POINT(9.987127 53.426703),
Schenefelder Landstraße - Grundschule mit Vorschulklasse,,,['POI'],POINT(9.825858 53.577237),
Schimmelmannstraße - Grundschule mit Vorschulklasse,,,['POI'],POINT(10.100904 53.571328),
Schnuckendrift - Grundschule mit Vorschulklasse,,,['POI'],POINT(9.838713 53.466987),
Schule An der Twiete,,,['POI'],POINT(10.204314 53.502939),
Schule Ballerstaedtweg,,,['POI'],POINT(10.034473 53.611672),
Schule Bandwirkerstraße - Grundschule mit Vorschulklasse,,,['POI'],POINT(10.067225 53.576674),
Schule Barlsheide - Ganztagsgrundschule mit Vorschulklasse,,,['POI'],POINT(9.856805 53.583021),
Schule Bekassinenau - Grundschule mit Vorschulklasse,,,['POI'],POINT(10.13711 53.610893),
Schule Bekkamp - Sonderschule,,,['POI'],POINT(10.142567 53.575169),
Schule Bergstedt - Grundschule mit Vorschulklasse,,,['POI'],POINT(10.131126 53.672464),
Schule Brockdorffstraße - Ganztagsgrundschule mit Vorschulklasse,,,['POI'],POINT(10.163036 53.595413),
Schule Brucknerstraße - Sonderschule,,,['POI'],POINT(10.037348 53.583496),
Schule Burgunderweg - Grundschule mit Vorschulklasse,,,['POI'],POINT(9.965049 53.628516),
Schule Charlottenburger Straße - Grundschule mit Vorschulklasse,,,['POI'],POINT(10.140393 53.585819),
Schule Cranz - Grundschule mit Vorschulklasse,,,['POI'],POINT(9.773175 53.529653),
Schule Eberhofweg,,,['POI'],POINT(10.013924 53.650781),
Schule am Schleemer Park - Standort Billbrookdeich,,,['POI'],POINT(10.11116 53.531822),
Schule am Schleemer Park - Standort Möllner Landstraße,,,['POI'],POINT(10.118914 53.537033),
Schule auf der Uhlenhorst - Grundschule mit Vorschulklasse,,,['POI'],POINT(10.01767 53.577717),
Schule bei der Katharinenkirche,,,['POI'],POINT(9.994484 53.54578),
Schule der Islamischen Republik Iran,,,['POI'],POINT(10.055807 53.551077),
Schulkamp - Grundschule mit Vorschulklasse,,,['POI'],POINT(9.845961 53.552675),
Schwarzenbergstraße - Sonderschule,,,['POI'],POINT(9.973592 53.4644),
Sethweg - Grundschule mit Vorschulklasse,,,['POI'],POINT(9.941727 53.631981),
Landstraße - Sonderschule,,,['POI'],POINT(10.170181 53.606378),
Sinstorf - Stadtteilschule,,,['POI'],POINT(9.971592 53.430883),
Skandinaviska skolan Hamburg,,,['POI'],POINT(9.98149 53.578792),
Slomanstieg - Grund- und Stadtteilschule mit Vorschulklasse,,,['POI'],POINT(10.019244 53.527053),
Sophie-Barat-Schule,,,['POI'],POINT(9.995687 53.562294),
Speckenreye - Grundschule mit Vorschulklasse,,,['POI'],POINT(10.094615 53.554618),
Sportplatzring - Stadtteilschule,,,['POI'],POINT(9.931241 53.593777),
Sprachheilschule Baererstraße,,,['POI'],POINT(9.975107 53.454279),
St. Pauli - Ganztagsschule mit Vorschulklasse,,,['POI'],POINT(9.959505 53.548043),
Staatl. Jugend-Musikschule,,,['POI'],POINT(9.993117 53.572442),
Staatl. Schule Ernährung u. Hauswirtschaft Harburg,,,['POI'],POINT(9.963019 53.465618),
Stadtteil- und Ganztagsschule Langenhorn,,,['POI'],POINT(9.996855 53.652309),
Stadtteilschule Altrahlstedt,,,['POI'],POINT(10.152727 53.594588),
Stadtteilschule Bahrenfeld,,,['POI'],POINT(9.909569 53.56786),
Stadtteilschule Bergedorf,,,['POI'],POINT(10.188338 53.493753),
Stadtteilschule Bergstedt,,,['POI'],POINT(10.136888 53.671771),
Stadtteilschule Fischbek-Falkenberg,,,['POI'],POINT(9.861435 53.464678),
Stadtteilschule Helmuth Hübener,,,['POI'],POINT(10.047085 53.601121),
Stadtteilschule Lurup - Standort Luruper Hauptstraße,,,['POI'],POINT(9.873038 53.590389),
Stadtteilschule Lurup - Standort Veermoor,,,['POI'],POINT(9.874081 53.606563),
Stadtteilschule Lurup - Standort Vorhornweg,,,['POI'],POINT(9.882377 53.589952),
Stadtteilschule Meiendorf mit Vorschulklasse,,,['POI'],POINT(10.164416 53.629095),
Stadtteilschule Poppenbüttel,,,['POI'],POINT(10.049901 53.64517),
Stadtteilschule Richard-Linde-Weg,,,['POI'],POINT(10.189828 53.501224),
Stadtteilschule Wilhelmsburg mit Grundschule und Vorschulklasse,,,['POI'],POINT(9.989762 53.505709),
Stadtteilschule am Heidberg,,,['POI'],POINT(10.030829 53.670441),
Steilshoop - Stadtteilschule,,,['POI'],POINT(10.057561 53.613474),
Steinbeker Marktstraße - Sonderschule,,,['POI'],POINT(10.126998 53.53135),
Stellingen - Stadtteilschule,,,['POI'],POINT(9.941316 53.584354),
Stengelestraße - Grundschule mit Vorschulklasse,,,['POI'],POINT(10.09206 53.549745),
Sterntalerstraße - Grundschule mit Vorschulklasse,,,['POI'],POINT(10.112875 53.559832),
Stockflethweg - Grundschule mit Vorschulklasse,,,['POI'],POINT(10.019662 53.679216),
Strenge - Grundschule mit Vorschulklasse,,,['POI'],POINT(10.078578 53.637098),
Studienkolleg für ausländische Studierende,,,['POI'],POINT(9.977055 53.558027),
Stübenhofer Weg - Grund- und Stadtteilschule mit Vorschulklasse,,,['POI'],POINT(10.014618 53.483072),
Surenland - Grundschule mit Vorschulklasse,,,['POI'],POINT(10.106613 53.614162),
Süderelbe - Gymnasium,,,['POI'],POINT(9.864055 53.470635),
Süderelbe - Stadtteilschule,,,['POI'],POINT(9.868109 53.478899),
Tegelweg - Sonderschule,,,['POI'],POINT(10.108251 53.600552),
Thadenstraße - Grundschule mit Vorschulklasse,,,['POI'],POINT(9.955975 53.556769),
Theodor-Haubach-Schule - Stadttteilschule mit Vorschulklasse,,,['POI'],POINT(9.942376 53.559348),
Tieloh - Stadtteilschule mit Vorschulklasse,,,['POI'],POINT(10.051563 53.592878),
Tonndorf - Grundschule mit Vorschulklasse,,,['POI'],POINT(10.128374 53.58588),
Tornquiststraße - Grundschule mit Vorschulklasse,,,['POI'],POINT(9.953558 53.573411),
Traberweg - Grundschule mit Vorschulklasse,,,['POI'],POINT(10.11647 53.598894),
Trenknerweg - Grundschule mit Vorschulklasse,,,['POI'],POINT(9.909498 53.548398),
Turmweg - Grundschule mit Vorschulklasse,,,['POI'],POINT(9.990804 53.570988),
Vizelinstraße - Grundschule mit Vorschulklasse,,,['POI'],POINT(9.949153 53.589036),
Vor- und Grundschule Redder,,,['POI'],POINT(10.109953 53.651025),
Walddörfer - Stadtteilschule,,,['POI'],POINT(10.173724 53.653454),
Walddörfer-Gymnasium,,,['POI'],POINT(10.175591 53.652061),
Wegenkamp - Grundschule mit Vorschulklasse,,,['POI'],POINT(9.925438 53.601235),
Weidemoor - Sonderschule,,,['POI'],POINT(10.160042 53.512587),
Wesperloh - Grundschule mit Vorschulklasse,,,['POI'],POINT(9.863861 53.575872),
Westerschule Finkenwerder - Grundschule mit Vorschulklasse,,,['POI'],POINT(9.863288 53.527769),
Wielandstraße - Grund-/Haupt-und Realschule mit Vorschulklasse,,,['POI'],POINT(10.054313 53.569852),
Wildschwanbrook - Grundschule mit Vorschulklasse,,,['POI'],POINT(10.169962 53.627397),
Wilhelm-Gymnasium,,,['POI'],POINT(9.995338 53.573772),
- Sprachheilschule,,,['POI'],POINT(9.991429 53.496422),
Willi-Kraft-Schule - Sonderschule,,,['POI'],POINT(9.994241 53.510937),
Windmühlenweg - Grundschule mit Vorschulklasse,,,['POI'],POINT(9.872189 53.566791),
Winterhude - Stadtteilschule mit Vorschulklasse,,,['POI'],POINT(10.027387 53.587428),
Zitzewitzstraße - Sonderschule,,,['POI'],POINT(10.073988 53.56238),
Zollenspieker - Grundschule mit Vorschulklasse,,,['POI'],POINT(10.18288 53.403241),
Zukunftsschule Alsterpalais - Grundschule,,,['POI'],POINT(10.025285 53.61663),
monaddrei-Schule Hamburg - Grundschule,,,['POI'],POINT(9.967733 53.568122),
Öjendorf - Stadtteilschule,,,['POI'],POINT(10.129508 53.542334),
Öjendorfer Damm - Grundschule mit Vorschulklasse,,,['POI'],POINT(10.133465 53.567896),
Alster,,,['POI'],POINT(9.991141 53.554434),
Astor Film Lounge,,,['POI'],POINT(9.996755 53.543551),
Blankenese,,,['POI'],POINT(9.80636 53.557782),
Bootshaus Marienhof,,,['POI'],POINT(10.086934 53.656915),
Cranz,,,['POI'],POINT(9.778474 53.534866),
Elbstrand,,,['POI'],POINT(9.905292 53.544315),
Finkenwerder,,,['POI'],POINT(9.867816 53.524978),
Gut Karlshöhe,,,['POI'],POINT(10.108358 53.629439),
Hafengeburtstag (9.-12. Mai 2024),,,['POI'],POINT(9.968914 53.54582),
Hagenbecks Tierpark (Haupteingang),,,['POI'],POINT(9.941535 53.594856),
Dungeon,,,['POI'],POINT(9.989473 53.543746),
IBA-Infopoint,,,['POI'],POINT(10.001743 53.497342),
MINTarium,,,['POI'],POINT(10.148357 53.529799),
Miniatur Wunderland,,,['POI'],POINT(9.988734 53.543725),
Planetarium,,,['POI'],POINT(10.009033 53.597315),
Wasserkunst Elbinsel Kaltehofe,,,['POI'],POINT(10.052576 53.524257),
Alster-Einkaufszentrum Poppenbüttel,,,['POI'],POINT(10.090549 53.654564),
Alsterhaus,,,['POI'],POINT(9.992154 53.553231),
Billstedt-Center,,,['POI'],POINT(10.105488 53.541031),
Einkaufspassage Hamburger Hof,,,['POI'],POINT(9.99113 53.553958),
Einkaufstreffpunkt Farmsen,,,['POI'],POINT(10.117161 53.606166),
Einkaufszentrum Jenfeld,,,['POI'],POINT(10.135675 53.571514),
Elbe-Einkaufszentrum,,,['POI'],POINT(9.862398 53.570761),
Europa Passage,,,['POI'],POINT(9.995709 53.551665),
Fischmarkt Altona (So.morgens),,,['POI'],POINT(9.953101 53.545749),
Gänsemarkt-Passage,,,['POI'],POINT(9.989396 53.555302),
Hamburger Meile,,,['POI'],POINT(10.030541 53.572458),
Hanse-Viertel,,,['POI'],POINT(9.98927 53.553156),
Levantehaus (Mö),,,['POI'],POINT(10.002881 53.551245),
Nedderfeld Center,,,['POI'],POINT(9.979779 53.601404),
Phoenix-Center Hamburg-Harburg,,,['POI'],POINT(9.988491 53.45691),
Quarree Wandsbek,,,['POI'],POINT(10.067037 53.572237),
U-Bahn Mönckebergstraße (Station gesperrt),,,['POI'],POINT(10.001446 53.551176),
Westfield Hamburg-Überseequartier,,,['POI'],POINT(9.999007 53.54116),
Freibad Aschberg,,,['POI'],POINT(10.061925 53.547734),
Freibad Duvenstedt,,,['POI'],POINT(10.103434 53.709445),
Freibad Marienhöhe,,,['POI'],POINT(9.791888 53.575553),
Freibad Neugraben,,,['POI'],POINT(9.864545 53.476948),
Freibad Osdorfer Born,,,['POI'],POINT(9.840296 53.58428),
Freibad Ostende,,,['POI'],POINT(10.118422 53.591032),
Freibad Rahlstedt,,,['POI'],POINT(10.176461 53.595336),
"Hohendeicher See, Badestelle Süd",,,['POI'],POINT(10.113811 53.43168),
Naturbad Kiwittsmoor,,,['POI'],POINT(10.020473 53.671419),
Naturbad Stadtparksee,,,['POI'],POINT(10.029177 53.592139),
Sommerbad Volksdorf,,,['POI'],POINT(10.182589 53.661633),
Strandbad Farmsen,,,['POI'],POINT(10.108222 53.61616),
"Allermöher See, Nordspitze",,,['POI'],POINT(10.165279 53.481509),
Alster-Schwimmhalle,,,['POI'],POINT(10.022459 53.560981),
Bartholomäus-Therme,,,['POI'],POINT(10.027512 53.57704),
Bille-Bad,,,['POI'],POINT(10.211221 53.491466),
"Boberger See, Sandstrand",,,['POI'],POINT(10.137103 53.515027),
"Eichbaumsee, Badestelle Nord",,,['POI'],POINT(10.101698 53.486874),
"Eichbaumsee, Badestelle Ost",,,['POI'],POINT(10.110683 53.484814),
Festland Altona,,,['POI'],POINT(9.951889 53.55425),
Freizeitbad Bondenwald,,,['POI'],POINT(9.937644 53.625104),
Hallen- und Freibad Finkenwerder,,,['POI'],POINT(9.871912 53.538696),
Hallen- und Freibad Ohlsdorf,,,['POI'],POINT(10.030785 53.621543),
"Hohendeicher See, Badestelle West",,,['POI'],POINT(10.102836 53.443643),
Holthusenbad,,,['POI'],POINT(9.990452 53.589519),
Kaifu-Bad,,,['POI'],POINT(9.964057 53.571081),
MidSommerland,,,['POI'],POINT(9.980295 53.446878),
Parkbad Volksdorf,,,['POI'],POINT(10.164914 53.650449),
Schwimmbad Billstedt,,,['POI'],POINT(10.11768 53.540603),
Schwimmhalle Inselpark,,,['POI'],POINT(10.001809 53.495041),
See Hinterm Horn,,,['POI'],POINT(10.154627 53.474253),
Sommerbad Altengamme,,,['POI'],POINT(10.296417 53.449605),
"Öjendorfer See, Badestelle Nord",,,['POI'],POINT(10.144318 53.558987),
"Öjendorfer See, Badestelle Süd",,,['POI'],POINT(10.138163 53.554553),
Alsterschwimmhalle,,,['POI'],POINT(10.021843 53.560465),
Hallenbad Blankenese,,,['POI'],POINT(9.822093 53.566804),
Hallenbad Bramfeld,,,['POI'],POINT(10.068479 53.610807),
Hallenbad Elbgaustraße,,,['POI'],POINT(9.88889 53.602375),
Hallenbad Rahlstedt,,,['POI'],POINT(10.153417 53.599388),
Hallenbad St. Pauli,,,['POI'],POINT(9.965745 53.553752),
Hallenbad Süderelbe,,,['POI'],POINT(9.851641 53.46961),
Hallenbad Wandsbek,,,['POI'],POINT(10.073147 53.575659),
Botanischer Garten Alt,,,['POI'],POINT(9.985986 53.559203),
Botanischer Garten Klein Flottbek,,,['POI'],POINT(9.862296 53.559045),
Botanischer Sondergarten Wandsbek,,,['POI'],POINT(10.099122 53.582908),
Dahliengarten Hamburg,,,['POI'],POINT(9.887399 53.581702),
Eichtal Park,,,['POI'],POINT(10.088737 53.578385),
Fischbeker Heide,,,['POI'],POINT(9.849493 53.454844),
Goetheplatz,,,['POI'],POINT(9.940441 53.551753),
Goßlers Park,,,['POI'],POINT(9.811899 53.563361),
Große Wallanlagen,,,['POI'],POINT(9.977486 53.555786),
Hammerpark,,,['POI'],POINT(10.058327 53.558342),
Hessepark,,,['POI'],POINT(9.810003 53.560507),
Hirschpark,,,['POI'],POINT(9.825494 53.556241),
Jenischpark (Punkt),,,['POI'],POINT(9.87267 53.554271),
Kleine Wallanlagen,,,['POI'],POINT(9.980428 53.557721),
Loki-Schmidt-Platz,,,['POI'],POINT(10.030116 53.604009),
Maskottchen Leopold,,,['POI'],POINT(10.051658 53.604595),
Moorweide,,,['POI'],POINT(9.991518 53.562167),
Planten un Blomen,,,['POI'],POINT(9.981223 53.562073),
Stadtpark (Bereich) Hamburg,,,['POI'],POINT(10.025768 53.596059),
Stadtpark (Punkt) Hamburg,,,['POI'],POINT(10.030401 53.598984),
Stadtpark Harburg,,,['POI'],POINT(9.972563 53.450319),
Wohlers Park,,,['POI'],POINT(9.953289 53.558129),
Zeppelin-Park,,,['POI'],POINT(9.935937 53.628576),
Bornsteinplatz,,,['POI'],POINT(9.967369 53.542256),
Gebrüder-Wolf-Platz,,,['POI'],POINT(9.965562 53.547698),
Mairannenruh-Platz,,,['POI'],POINT(9.939272 53.56161),
Platz der Arbeiterinnen,,,['POI'],POINT(9.938307 53.558275),
A MODO MIO Restaurant,,,['POI'],POINT(10.019503 53.574853),
AMARANTO Tapas Vino,,,['POI'],POINT(10.016087 53.577829),
Abaton Bistro,,,['POI'],POINT(9.981995 53.568015),
Akropolis Restaurant Eimsbüttel,,,['POI'],POINT(9.961519 53.568316),
Alsterperle,,,['POI'],POINT(10.015455 53.567861),
Alsterschiff Galatea,,,['POI'],POINT(9.996239 53.553044),
Alt Deutsche Küche Elbbrücken,,,['POI'],POINT(10.033715 53.536732),
Alt Hamburger Aalspeicher,,,['POI'],POINT(9.987024 53.545474),
Alt Helgoländer Fischerstube,,,['POI'],POINT(9.952653 53.545914),
Altes Moskau Restaurant,,,['POI'],POINT(10.019357 53.581333),
American Restaurant Doris` Diner,,,['POI'],POINT(9.984212 53.569245),
Anno 1905,,,['POI'],POINT(9.947967 53.561029),
Apples Restaurant und Bar,,,['POI'],POINT(10.003534 53.550781),
Aqui Restaurant,,,['POI'],POINT(9.965425 53.560916),
Arcada Restaurante,,,['POI'],POINT(10.013151 53.581313),
Arkadasch Restaurant,,,['POI'],POINT(9.982133 53.568103),
Artisan,,,['POI'],POINT(9.968052 53.560958),
Ashoka Indisches Restaurant,,,['POI'],POINT(9.965133 53.55338),
Asia Imbiss Bok Bahrenfelder Straße,,,['POI'],POINT(9.928398 53.555082),
Asia Imbiss Bok Ottenser Hauptstraße,,,['POI'],POINT(9.9331 53.552062),
Asia Wok Eimsbüttel,,,['POI'],POINT(9.937697 53.581156),
Asia Wok Fuhlsbüttel,,,['POI'],POINT(10.014649 53.630567),
Asia Wok Winterhude,,,['POI'],POINT(10.008541 53.579861),
Atlas Restaurant Kochsalon,,,['POI'],POINT(9.928056 53.560826),
Au Quai Restaurant,,,['POI'],POINT(9.935122 53.544561),
Auswärts Espresso Bar,,,['POI'],POINT(9.971726 53.55728),
Azeitona,,,['POI'],POINT(9.965135 53.558771),
BEN Restaurant,,,['POI'],POINT(9.9952 53.567896),
BOGART´S,,,['POI'],POINT(9.926903 53.563315),
Bacco's Grill,,,['POI'],POINT(9.982715 53.555474),
Backatelle Restaurant,,,['POI'],POINT(9.952293 53.576935),
Badisches Weinhaus Michael,,,['POI'],POINT(10.035442 53.555577),
Bagel Brothers Eimsbuettel,,,['POI'],POINT(9.96152 53.573716),
Bagel Brothers Gänsemarkt,,,['POI'],POINT(9.989396 53.555302),
Bagel Brothers Ottensen,,,['POI'],POINT(9.932316 53.552095),
Bahrenfelder Forsthaus,,,['POI'],POINT(9.91068 53.571796),
Bahrenfelder Hof,,,['POI'],POINT(9.915684 53.571461),
Balutschi Pakistanisches Restaurant,,,['POI'],POINT(9.983233 53.565417),
Balutschistan Eppendorf,,,['POI'],POINT(9.988124 53.593294),
Balutschistan Grindel,,,['POI'],POINT(9.980045 53.567887),
Balutschistan Schanzenviertel,,,['POI'],POINT(9.961645 53.562582),
Baradona Bar und Café,,,['POI'],POINT(9.969596 53.576292),
Beira Rio Portugiesische und Spanische Küche,,,['POI'],POINT(9.975296 53.545211),
Bella Roma Ristorante Pizzeria,,,['POI'],POINT(10.014815 53.552456),
Bierlokal Don Antonio,,,['POI'],POINT(10.006711 53.582266),
Bio Dito Bistro,,,['POI'],POINT(9.916031 53.563731),
Bistro Kaiserperle,,,['POI'],POINT(9.987976 53.540982),
Bistro Kneipe Kleine Pause,,,['POI'],POINT(9.962358 53.554777),
Bistro Mademoiselle,,,['POI'],POINT(9.989091 53.590734),
Bistro Vegetario,,,['POI'],POINT(10.021218 53.553318),
Bistrot Vienna,,,['POI'],POINT(9.963726 53.566492),
Bistrot le Souterrain - Café Restaurant Français,,,['POI'],POINT(10.019924 53.554084),
House Alstertal,,,['POI'],POINT(10.091653 53.654545),
House Bergedorf,,,['POI'],POINT(10.211333 53.488499),
House Eidelst.,,,['POI'],POINT(9.903033 53.606807),
House Eppendorf,,,['POI'],POINT(9.975614 53.579352),
House Gänsemarkt,,,['POI'],POINT(9.98947 53.555257),
House Harburg,,,['POI'],POINT(9.980718 53.461934),
House Jungfernstieg,,,['POI'],POINT(9.994439 53.551549),
House Kirchenallee,,,['POI'],POINT(10.008742 53.553442),
House Othmarschen,,,['POI'],POINT(9.886588 53.559541),
House Pöseldorf,,,['POI'],POINT(9.994701 53.571728),
House Volksdorf,,,['POI'],POINT(10.164154 53.647563),
House Wandsbek,,,['POI'],POINT(10.071563 53.572106),
House Winterhude,,,['POI'],POINT(10.007932 53.582813),
Bok Restaurant Schanzenstraße,,,['POI'],POINT(9.965237 53.560594),
Bok Restaurant Schulterblatt,,,['POI'],POINT(9.96376 53.559348),
Bolero Restaurant und Bar Harburg,,,['POI'],POINT(9.979285 53.461829),
Bolero Restaurant und Bar Ottensen,,,['POI'],POINT(9.930398 53.549935),
Bolero Restaurant und Bar Rotherbaum,,,['POI'],POINT(9.989151 53.571954),
Bolero Restaurant und Bar Wandsbek,,,['POI'],POINT(10.096606 53.588377),
Bonbao Restaurant,,,['POI'],POINT(10.011857 53.580866),
Bootshaus Hafencity,,,['POI'],POINT(9.991017 53.541388),
Bootsmann Restaurant,,,['POI'],POINT(10.00893 53.584782),
Boussi Falafel,,,['POI'],POINT(9.99532 53.551821),
Brachmanns Galeron,,,['POI'],POINT(9.963101 53.552947),
Brasserie Cassis,,,['POI'],POINT(9.983206 53.568813),
Brasserie Flum,,,['POI'],POINT(9.990183 53.563167),
Brasserie La Provence,,,['POI'],POINT(9.927043 53.550375),
Brasserie Raval,,,['POI'],POINT(9.965735 53.557266),
Broders` Culinarium,,,['POI'],POINT(9.995561 53.565306),
Broscheks Restaurant,,,['POI'],POINT(9.987907 53.552268),
Brunilandia,,,['POI'],POINT(9.995309 53.550715),
Bullerei,,,['POI'],POINT(9.966623 53.56247),
Burger King Alsterkrugchaussee,,,['POI'],POINT(10.004037 53.615948),
Burger King Borgfelde,,,['POI'],POINT(10.037277 53.552272),
Burger King Bramfeld,,,['POI'],POINT(10.081883 53.620921),
Burger King Elbe-Einkaufszentrum,,,['POI'],POINT(9.863653 53.570096),
Burger King Farmsen Einkaufstreff,,,['POI'],POINT(10.118359 53.605193),
Burger King Friedrich-Ebert-Damm,,,['POI'],POINT(10.100711 53.58886),
Burger King Hamburg Hauptbahnhof,,,['POI'],POINT(10.002679 53.553538),
Burger King Kieler Straße,,,['POI'],POINT(9.936339 53.579127),
Burger King Ottensen,,,['POI'],POINT(9.933553 53.55275),
Burger King St. Pauli Reeperbahn,,,['POI'],POINT(9.962276 53.54918),
Burger King Steilshoop,,,['POI'],POINT(10.051431 53.608838),
Burger Lounge Wandsbek,,,['POI'],POINT(10.028874 53.560414),
Butcher´s american steakhouse,,,['POI'],POINT(9.99721 53.570566),
Byzanthinum Bar und Restaurant,,,['POI'],POINT(10.024687 53.565113),
CARLS Brasserie,,,['POI'],POINT(9.985805 53.541054),
COSMOS Ristorante,,,['POI'],POINT(9.930703 53.551479),
CUNEO,,,['POI'],POINT(9.962552 53.54801),
Caberlo,,,['POI'],POINT(10.034705 53.551971),
Cafe Knuth,,,['POI'],POINT(9.93113 53.553048),
Café Altamira Tapa Bar,,,['POI'],POINT(9.927791 53.55975),
Café Bar Restaurant Elbrausch,,,['POI'],POINT(9.951936 53.545579),
Café Elbterrassen,,,['POI'],POINT(9.914625 53.544783),
Café Funk-Eck,,,['POI'],POINT(9.988292 53.573965),
Café Gnosa,,,['POI'],POINT(10.013003 53.558725),
Café Johanna,,,['POI'],POINT(9.975022 53.547082),
Café Kneipe TROTZDEM,,,['POI'],POINT(10.017914 53.5728),
Café Max B,,,['POI'],POINT(9.949084 53.558334),
Café Möller,,,['POI'],POINT(9.957044 53.549995),
Café Paris,,,['POI'],POINT(9.99449 53.549905),
Café Seeterrassen,,,['POI'],POINT(9.981613 53.560641),
Captain`s Dinner,,,['POI'],POINT(9.968519 53.545697),
Casa Franco,,,['POI'],POINT(9.9762 53.545167),
Casa Ricardo,,,['POI'],POINT(9.9762 53.545167),
Casa de Aragon Restaurant,,,['POI'],POINT(9.975243 53.582896),
Casa del Sabor Portugiesische und Spanische Spezialitäten,,,['POI'],POINT(9.975262 53.545669),
Casse-Croûte,,,['POI'],POINT(9.989511 53.555688),
Cha Cha Thai Street Kitchen,,,['POI'],POINT(9.98975 53.553008),
Chez Bernard,,,['POI'],POINT(9.982618 53.585127),
Chilli Club Asian Brasserie,,,['POI'],POINT(9.992937 53.542837),
China Restaurant Peking,,,['POI'],POINT(9.957426 53.54885),
China Restaurant Shanghai,,,['POI'],POINT(10.006997 53.554948),
China Restaurant Suzy Wong,,,['POI'],POINT(9.99558 53.569969),
China-Tempel,,,['POI'],POINT(9.956735 53.567689),
Chutney Indische Spezialitäten Europapassage,,,['POI'],POINT(9.99532 53.551821),
Cita Rasa Indonesisch-Deutsche Spezialitäten,,,['POI'],POINT(10.016736 53.5558),
Coffee Lounge Hamburg,,,['POI'],POINT(9.999049 53.551906),
Copper House,,,['POI'],POINT(9.96288 53.547872),
Cuba Mia Restaurant und Bar,,,['POI'],POINT(9.977915 53.5652),
Cucina D`Elisa Restaurant,,,['POI'],POINT(9.988987 53.573968),
Cucina Matta Restaurant,,,['POI'],POINT(9.980567 53.585233),
Curry Queen Restaurant Eppendorf,,,['POI'],POINT(9.987028 53.593563),
Curry-Pirates,,,['POI'],POINT(10.021588 53.578052),
Cölln`s Restaurant,,,['POI'],POINT(9.993877 53.548831),
D. José Portugiesisches Spezialitäten,,,['POI'],POINT(9.97572 53.545935),
DAILY Your Coffee and Food Company,,,['POI'],POINT(9.985726 53.549959),
"DIE BANK Bar, Brasserie und Restaurant",,,['POI'],POINT(9.987384 53.553809),
DILARA Restaurant,,,['POI'],POINT(9.960806 53.570828),
Da Mingo Restaurant,,,['POI'],POINT(9.919251 53.576501),
Da Remo Restaurant,,,['POI'],POINT(9.981438 53.583061),
Daniel Wischer Restaurant Spitaler Straße,,,['POI'],POINT(10.001625 53.551732),
Daniel Wischer Restaurant Steinstraße,,,['POI'],POINT(10.00276 53.549961),
Das Dorf Restaurant,,,['POI'],POINT(10.010625 53.557092),
Das Herz von St. Pauli,,,['POI'],POINT(9.965978 53.549411),
Das Seepferdchen am Hafen,,,['POI'],POINT(9.938387 53.544823),
Das Weiße Haus Restaurant,,,['POI'],POINT(9.91506 53.544672),
Deichgraf,,,['POI'],POINT(9.987448 53.546153),
Der Suppenladen,,,['POI'],POINT(10.001587 53.54821),
Die Bucht (Bar Stadtpark),,,['POI'],POINT(10.031573 53.59254),
Die Fischküche,,,['POI'],POINT(9.985033 53.545472),
Die Rösterei Caféhaus,,,['POI'],POINT(10.002881 53.551245),
"Dim Sum Haus Restaurant „China""",,,['POI'],POINT(10.008393 53.55464),
Dionysos,,,['POI'],POINT(9.958547 53.571736),
Dips 'n Stix,,,['POI'],POINT(9.963755 53.549186),
Dock 14,,,['POI'],POINT(9.951976 53.546037),
EINSTEIN Bistro Bahrenfeld,,,['POI'],POINT(9.913716 53.564899),
EINSTEIN Bistro Billstedt,,,['POI'],POINT(10.099687 53.540114),
EINSTEIN Bistro Bramfeld,,,['POI'],POINT(10.082812 53.621218),
EINSTEIN Bistro City,,,['POI'],POINT(9.997555 53.548693),
EINSTEIN Bistro Hoheluft,,,['POI'],POINT(9.976961 53.577499),
76,,,['POI'],POINT(9.966219 53.575197),
East Restaurant,,,['POI'],POINT(9.966768 53.550968),
El Tequito,,,['POI'],POINT(9.953916 53.545725),
Elbwerk,,,['POI'],POINT(9.962584 53.546769),
Engel Restaurant,,,['POI'],POINT(9.863442 53.546439),
Eppendorfer Grillkate,,,['POI'],POINT(9.981075 53.584331),
Erika`s Eck,,,['POI'],POINT(9.967653 53.561303),
Estoril,,,['POI'],POINT(9.979741 53.554124),
FUH Ein Raum zum Speisen Restaurant,,,['POI'],POINT(9.922061 53.548859),
Falafelstern,,,['POI'],POINT(9.965369 53.564412),
Fasan Kneipe,,,['POI'],POINT(9.963299 53.574933),
Filini Restaurant,,,['POI'],POINT(9.987652 53.561409),
Fischbeisl Bistro,,,['POI'],POINT(9.939479 53.544419),
Fischereihafen Restaurant,,,['POI'],POINT(9.93442 53.544845),
Fischrestaurant Hoppe,,,['POI'],POINT(9.913296 53.544676),
Flamingo Lodge-Restaurant,,,['POI'],POINT(9.937044 53.595304),
Fleetschlösschen Café Bistro Bar,,,['POI'],POINT(9.997908 53.544467),
Fleur de Piment Bistro Café,,,['POI'],POINT(9.982603 53.584471),
Fo Bar und Restaurant,,,['POI'],POINT(9.92553 53.559183),
Freischwimmer,,,['POI'],POINT(9.962899 53.569284),
Freudenhaus Restaurant,,,['POI'],POINT(9.962403 53.550086),
Friesenkeller Restaurant,,,['POI'],POINT(9.992466 53.552356),
Frischeparadies,,,['POI'],POINT(9.940406 53.544726),
GALLO NERO Enoteca e Ristorante,,,['POI'],POINT(10.00756 53.581154),
GOLDEN CUT Club Restaurant,,,['POI'],POINT(10.006456 53.555025),
Gaststätte Holli und Toddi,,,['POI'],POINT(9.92668 53.555158),
Gaststätte Zum Schellfischposten,,,['POI'],POINT(9.946105 53.544556),
Gaucho Rodizio,,,['POI'],POINT(9.969321 53.567579),
Gecko mexican kitchen,,,['POI'],POINT(9.99532 53.551821),
Geelhaus Schankwirtschaft,,,['POI'],POINT(10.011709 53.55888),
Generation Bar,,,['POI'],POINT(10.012269 53.558318),
Geo Restaurant Bar Café,,,['POI'],POINT(9.988946 53.589693),
Gobinda Indisches Restaurant,,,['POI'],POINT(10.008943 53.555543),
Goldfisch Restaurant,,,['POI'],POINT(9.988814 53.585327),
Gourmetrestaurant Seven Seas,,,['POI'],POINT(9.800731 53.560165),
Greeni,,,['POI'],POINT(9.984887 53.587866),
Gusto Fino Ristorante,,,['POI'],POINT(10.018073 53.568144),
HANS IM GLÜCK - BRANDSENDE,,,['POI'],POINT(10.002201 53.553767),
Hamborger Veermaster,,,['POI'],POINT(9.958098 53.549869),
60 Bar und Gaststätte,,,['POI'],POINT(10.01356 53.582011),
Hanoi,,,['POI'],POINT(9.962333 53.549018),
Hans im Glück - ALTES RATHAUS,,,['POI'],POINT(9.992559 53.548618),
Hardy`s Restaurantkneipe,,,['POI'],POINT(9.9635 53.574446),
Harms und Schacht Restaurant,,,['POI'],POINT(10.013145 53.579804),
Henssler und Henssler,,,['POI'],POINT(9.943016 53.544715),
Hofbräu an der Alster,,,['POI'],POINT(9.991803 53.557582),
Hoffski Müslibar,,,['POI'],POINT(9.965068 53.561809),
Hollywood Canteen Altona,,,['POI'],POINT(9.934035 53.582173),
Hollywood Canteen Bramfeld,,,['POI'],POINT(10.070751 53.606267),
Hong Kong Express,,,['POI'],POINT(9.99532 53.551821),
Hopi,,,['POI'],POINT(9.978132 53.577885),
IMARA Restaurant Bar Lounge,,,['POI'],POINT(9.970477 53.581173),
Il Vagabondo Italienische Spezialitäten,,,['POI'],POINT(9.928393 53.556933),
IndoChine Restaurant,,,['POI'],POINT(9.923632 53.544121),
Irish Rover,,,['POI'],POINT(9.980717 53.550638),
Jacobs Restaurant,,,['POI'],POINT(9.844241 53.550431),
Jahreszeiten Grill,,,['POI'],POINT(9.991513 53.555491),
Japanisches Restaurant Matsumi,,,['POI'],POINT(9.990141 53.557461),
Jim Block Restaurant Barmbek,,,['POI'],POINT(10.044475 53.592051),
Jim Block Restaurant Bergedorf,,,['POI'],POINT(10.211333 53.488499),
Jim Block Restaurant Jungfernstieg,,,['POI'],POINT(9.994107 53.55157),
Jim Block Restaurant Kirchenallee,,,['POI'],POINT(10.008393 53.55464),
Jim Block Restaurant Othmarschen,,,['POI'],POINT(9.886949 53.558775),
Jim Block Restaurant Wandsbek,,,['POI'],POINT(10.067754 53.572518),
Jolie Restaurant,,,['POI'],POINT(9.961973 53.552417),
Julius Meinl Kaffeehaus,,,['POI'],POINT(9.99778 53.56402),
KITSUNE IZAKAYA,,,['POI'],POINT(9.960065 53.572766),
Kaffee- und Weinhaus Kleinhuis,,,['POI'],POINT(9.991144 53.557148),
Kaisers,,,['POI'],POINT(9.990136 53.541108),
Kajüte Restaurant,,,['POI'],POINT(10.013579 53.560715),
Karatren Café und Restaurant Altona,,,['POI'],POINT(9.930272 53.551096),
Karatren Café und Restaurant Hamburg City,,,['POI'],POINT(10.008542 53.555169),
Karatren Café und Restaurant Harburg,,,['POI'],POINT(9.978571 53.460226),
Karlsons Skandinavische Köstlichkeiten,,,['POI'],POINT(9.981995 53.55043),
Kartoffelkeller,,,['POI'],POINT(9.987525 53.546224),
Kentucky Fried Chicken Billstedt,,,['POI'],POINT(10.098315 53.540747),
Kentucky Fried Chicken Einkaufszentrum Hamburger Meile,,,['POI'],POINT(10.030328 53.572388),
Kentucky Fried Chicken Hamburg Hauptbahnhof,,,['POI'],POINT(10.003335 53.553856),
Kentucky Fried Chicken Heimfeld,,,['POI'],POINT(9.936837 53.471227),
Kentucky Fried Chicken St. Pauli Reeperbahn,,,['POI'],POINT(9.961112 53.549728),
Kentucky Fried Chicken Wandsbek,,,['POI'],POINT(10.084755 53.577334),
Kham Restaurant,,,['POI'],POINT(10.012946 53.558879),
Khan Mongolei,,,['POI'],POINT(10.046843 53.642618),
Killer Shrimp Restaurant,,,['POI'],POINT(10.026436 53.551971),
Kleiner Speisesaal,,,['POI'],POINT(10.009268 53.581203),
Koch Kontor,,,['POI'],POINT(9.975218 53.559516),
Kölsch und Altbierhaus,,,['POI'],POINT(9.985243 53.555822),
Köpke Restaurant,,,['POI'],POINT(9.988585 53.591017),
Küchenwerkstatt,,,['POI'],POINT(10.013808 53.579107),
La Bruschetta,,,['POI'],POINT(10.009048 53.581474),
La Luna,,,['POI'],POINT(9.966059 53.557578),
La Monella italienische vegetarische Küche,,,['POI'],POINT(9.986043 53.572016),
La Pastaia,,,['POI'],POINT(10.104266 53.575187),
La Paz,,,['POI'],POINT(9.95256 53.577382),
La Sorpresa Ristorante,,,['POI'],POINT(10.020032 53.574902),
La Toscana,,,['POI'],POINT(9.954149 53.575518),
La Vela Ristorante & Weinbar,,,['POI'],POINT(9.949919 53.544454),
Landhaus Dill,,,['POI'],POINT(9.922566 53.54642),
Landhaus Scherrer,,,['POI'],POINT(9.916392 53.546252),
Landhaus Walter,,,['POI'],POINT(10.015301 53.593533),
Laufauf Das Auflaufrestaurant,,,['POI'],POINT(9.999732 53.548899),
Le Ciel Restaurant und Bar,,,['POI'],POINT(10.007745 53.558464),
Le Kaschemme,,,['POI'],POINT(9.964544 53.552028),
Le Plat du Jour,,,['POI'],POINT(9.99435 53.549043),
Lincontro Eimsbüttel,,,['POI'],POINT(9.964807 53.566879),
Lincontro Il Bistro Bahrenfeld,,,['POI'],POINT(9.892176 53.573382),
Lincontro al Teatro Ottensen,,,['POI'],POINT(9.925521 53.555311),
Lobsterhouse Hummerspezialist,,,['POI'],POINT(9.94743 53.544437),
Locanda 33 Antipasti Restaurante,,,['POI'],POINT(9.983039 53.568779),
Locores Lounge Coffee Restaurant,,,['POI'],POINT(9.961348 53.580079),
Los Martínez - Spanisches Restaurant,,,['POI'],POINT(9.944292 53.578993),
Louisiana Mundsburg,,,['POI'],POINT(10.027173 53.570546),
Louisiana Othmarschen,,,['POI'],POINT(9.90033 53.557866),
Louisiana Volksdorf,,,['POI'],POINT(10.16691 53.648803),
auf Italien Restaurant,,,['POI'],POINT(9.939012 53.54445),
Löffelchen Essbar,,,['POI'],POINT(10.007134 53.585471),
MANARA Rauchercafé,,,['POI'],POINT(9.927993 53.556549),
MAZZA,,,['POI'],POINT(9.968428 53.569482),
Madame Hu,,,['POI'],POINT(9.962032 53.558365),
Magellan - Terrassen,,,['POI'],POINT(9.994185 53.539457),
Mamma Mia,,,['POI'],POINT(9.92806 53.556171),
Manee Thai Spezialitätenrestaurant,,,['POI'],POINT(9.992639 53.549435),
Mangold Restaurant,,,['POI'],POINT(9.917659 53.562982),
Maral Bar Café Restaurant,,,['POI'],POINT(9.989292 53.552787),
Marblau,,,['POI'],POINT(9.97995 53.554679),
Marco-Polo-Terrassen,,,['POI'],POINT(9.993187 53.541927),
Maria Dolores Restaurant,,,['POI'],POINT(9.960537 53.574299),
Marinehof,,,['POI'],POINT(9.985072 53.549111),
Mario L`Arancio Ristorante Pizzeria,,,['POI'],POINT(9.986191 53.590039),
Marley`s Restaurant,,,['POI'],POINT(9.980992 53.546215),
Massimo Ristorante,,,['POI'],POINT(10.001522 53.588878),
Match Point Restaurant Sportsbar,,,['POI'],POINT(9.992749 53.574764),
Mc Donalds Altona Paul-Nevermann-Platz,,,['POI'],POINT(9.934188 53.552134),
Mc Donalds Eiffestraße,,,['POI'],POINT(10.046404 53.552166),
Mc Donalds Einkaufszentrum Hamburger Meile,,,['POI'],POINT(10.029379 53.571857),
Mc Donalds Hamburg Altstadt Europapassage,,,['POI'],POINT(9.99532 53.551821),
Mc Donalds Hamburg Altstadt Ida-Ehre-Platz,,,['POI'],POINT(9.999529 53.5505),
Mc Donalds Hamburg Hauptbahnhof,,,['POI'],POINT(10.003335 53.553856),
Mc Donalds Hammerbrook,,,['POI'],POINT(10.026541 53.542589),
Mc Donalds Harvestehude Grindelberg,,,['POI'],POINT(9.976216 53.577937),
Mc Donalds Kieler Straße,,,['POI'],POINT(9.937666 53.577032),
Mc Donalds Mundsburger Damm,,,['POI'],POINT(10.026564 53.570309),
Mc Donalds Rotherbaum,,,['POI'],POINT(9.99026 53.561297),
Mc Donalds St. Georg Real,,,['POI'],POINT(10.019918 53.552584),
Mc Donalds St. Georg ZOB,,,['POI'],POINT(10.010928 53.552094),
Mc Donalds St. Pauli Reeperbahn,,,['POI'],POINT(9.963528 53.549799),
Mc Donalds Sternschanze Schulterblatt S-Bahnhof,,,['POI'],POINT(9.965577 53.563584),
Mc Donalds Stresemannstraße,,,['POI'],POINT(9.923504 53.563134),
Meeresparadies Fischbistro,,,['POI'],POINT(9.99532 53.551821),
Meetingpoint Restaurant und Bar,,,['POI'],POINT(10.020993 53.557148),
Metroplois Restaurant Bar Music,,,['POI'],POINT(9.927978 53.556567),
Mikawa Restaurant,,,['POI'],POINT(9.96117 53.562927),
Mio Bistro Caffè Gelato,,,['POI'],POINT(9.993717 53.552966),
Mongo`s Restaurant,,,['POI'],POINT(9.975607 53.580359),
Mooi Café und Restaurant,,,['POI'],POINT(9.975172 53.557531),
Mr. Cherng,,,['POI'],POINT(9.99859 53.549727),
Mr. Wong Chinesisches Restaurant,,,['POI'],POINT(9.985567 53.592425),
- Restaurant Bodega Bierstube,,,['POI'],POINT(10.008924 53.55283),
NIDO Restaurant Hamburg,,,['POI'],POINT(9.988816 53.54598),
NORDSEE GmbH Hamburger Meile,,,['POI'],POINT(10.030781 53.57304),
NORDSEE GmbH Landungsbrücken,,,['POI'],POINT(9.971651 53.5448),
Neo Gastro,,,['POI'],POINT(9.986549 53.592453),
Notorious Café und Bar,,,['POI'],POINT(9.925525 53.557566),
O Pescador Portugisische Spezialitäten,,,['POI'],POINT(9.97533 53.546037),
ONO,,,['POI'],POINT(9.978804 53.581483),
OSHO AYU-LEELA Restaurant,,,['POI'],POINT(10.023928 53.568049),
Ohari Vegetarisches Restaurant,,,['POI'],POINT(10.03797 53.56083),
Okzident Café Restaurant,,,['POI'],POINT(9.989258 53.568781),
Old MacDonald - American Diner & Sportsbar,,,['POI'],POINT(9.949112 53.579143),
Omas Apotheke Café Kneipe Restaurant,,,['POI'],POINT(9.965295 53.563146),
Onkel Willi Hotel Restaurant,,,['POI'],POINT(10.041099 53.54382),
OstWest - Restaurant & Bar,,,['POI'],POINT(9.996687 53.547065),
Osteria Due,,,['POI'],POINT(9.996326 53.56573),
PETER PANE Goldbekplatz,,,['POI'],POINT(10.009645 53.583733),
PETER PANE Hamburg Blankenese,,,['POI'],POINT(9.81588 53.563208),
PETER PANE Hamburg Max-Brauer-Allee,,,['POI'],POINT(9.949898 53.558309),
PETER PANE Hoheluftchaussee,,,['POI'],POINT(9.971081 53.582462),
PETER PANE Schlump,,,['POI'],POINT(9.969502 53.567586),
PIUS` Weinwirtschaft Eppendorf,,,['POI'],POINT(9.981668 53.583229),
PIUS` Weinwirtschaft Pöseldorf,,,['POI'],POINT(9.996332 53.570475),
Pane e Tulipani Restaurant Café Bar,,,['POI'],POINT(10.006513 53.548537),
Pappenheimer Wirtschaft Fränkische Spezialitäten,,,['POI'],POINT(10.019033 53.566599),
Paulaners Miraculum,,,['POI'],POINT(10.008603 53.553947),
Paulaners am Großneumarkt,,,['POI'],POINT(9.981108 53.550599),
Pauli Pizza Eimsbüttel,,,['POI'],POINT(9.958727 53.574367),
Pauli Pizza St. Pauli,,,['POI'],POINT(9.960029 53.550528),
Peter Pane – Hamburg Turnhalle,,,['POI'],POINT(10.013682 53.559376),
Piazza Romana,,,['POI'],POINT(9.990071 53.563527),
Piazza Trapani,,,['POI'],POINT(9.960043 53.573144),
Pizza Hut Billstedt Center,,,['POI'],POINT(10.104496 53.53945),
Pizza Hut Einkaufszentrum Hamburger Meile,,,['POI'],POINT(10.029149 53.571724),
Pizza Hut Hamburg Hauptbahnhof,,,['POI'],POINT(10.003335 53.553856),
Pizza Hut Phoenixcenter,,,['POI'],POINT(9.988127 53.456814),
Pizza Hut Reeperbahn,,,['POI'],POINT(9.959466 53.549688),
Poletto Restaurant,,,['POI'],POINT(9.988844 53.594384),
Poletto Winebar,,,['POI'],POINT(9.980836 53.585096),
Polokantine,,,['POI'],POINT(9.964558 53.561939),
Portugisisches Spezialitäten Restaurant A Varina,,,['POI'],POINT(9.976416 53.545372),
Prima Pane,,,['POI'],POINT(9.987727 53.548415),
Q21 Gasthaus (Quartier 21),,,['POI'],POINT(10.039781 53.603243),
QRITO Restaurant,,,['POI'],POINT(9.946956 53.578621),
Bar,,,['POI'],POINT(9.927448 53.551666),
RIADs,,,['POI'],POINT(9.98002 53.555065),
RIVE Bistro Restaurant,,,['POI'],POINT(9.941844 53.543565),
Rach und Ritchy Das Grillhaus,,,['POI'],POINT(9.918277 53.570588),
Raj Mahal Indische Küche,,,['POI'],POINT(9.956221 53.567684),
Restaurant,,,['POI'],POINT(9.996436 53.567185),
Raw Like Sushi and more,,,['POI'],POINT(9.987179 53.592268),
Red Lounge,,,['POI'],POINT(9.928772 53.553569),
Restaurant Abendmahl,,,['POI'],POINT(9.956704 53.547607),
Restaurant Amadée,,,['POI'],POINT(9.940551 53.554672),
Restaurant Anleger 1870,,,['POI'],POINT(10.019552 53.566227),
Restaurant Aretea,,,['POI'],POINT(10.047986 53.642347),
Restaurant Austernbar,,,['POI'],POINT(9.999778 53.543175),
Restaurant Barcelona Tapas,,,['POI'],POINT(9.936435 53.54731),
Restaurant Bistro Café Zaunkönig,,,['POI'],POINT(10.008154 53.555999),
Restaurant Breitengrad,,,['POI'],POINT(9.950898 53.563854),
Restaurant Brodersen,,,['POI'],POINT(9.988981 53.566627),
Restaurant Brook,,,['POI'],POINT(9.993643 53.545302),
Restaurant China Garten,,,['POI'],POINT(9.980167 53.58361),
Restaurant Christos Eimsbüttel,,,['POI'],POINT(9.963196 53.57372),
Restaurant Christos Ottensen,,,['POI'],POINT(9.925149 53.552079),
Restaurant Classic,,,['POI'],POINT(10.00831 53.554919),
Restaurant Cox,,,['POI'],POINT(10.011617 53.55756),
Restaurant Cremon Insel,,,['POI'],POINT(9.98929 53.546228),
Restaurant Delhi,,,['POI'],POINT(9.948546 53.579489),
Restaurant Don Tapas,,,['POI'],POINT(10.023994 53.580772),
Restaurant Dreitageszeiten,,,['POI'],POINT(10.01149 53.581319),
Restaurant Eisenstein,,,['POI'],POINT(9.92787 53.554403),
Restaurant Feuervogel Holstenstraße,,,['POI'],POINT(9.948773 53.559298),
Restaurant Feuervogel Wandsbek,,,['POI'],POINT(10.058396 53.570166),
Restaurant Fillet of Soul,,,['POI'],POINT(10.006239 53.546527),
Restaurant Fischerhaus,,,['POI'],POINT(9.955731 53.545962),
Restaurant Fischmarkt,,,['POI'],POINT(9.977598 53.546225),
Restaurant Focus,,,['POI'],POINT(10.026234 53.550481),
Restaurant Franziskaner,,,['POI'],POINT(9.990479 53.556434),
Restaurant Galerie Tolernace,,,['POI'],POINT(9.962108 53.559703),
Restaurant HOKKAI,,,['POI'],POINT(9.959975 53.572147),
Restaurant Haerlin,,,['POI'],POINT(9.991513 53.555491),
Restaurant Hasselwander,,,['POI'],POINT(10.004942 53.591698),
Restaurant Herzblut St. Pauli,,,['POI'],POINT(9.964072 53.549857),
Restaurant Inos,,,['POI'],POINT(10.030299 53.57122),
Restaurant Jus,,,['POI'],POINT(9.977522 53.580217),
Restaurant Kleine Brunnenstraße 1,,,['POI'],POINT(9.927082 53.550797),
Restaurant Kouros,,,['POI'],POINT(10.011128 53.559847),
Restaurant Krameramtsstuben,,,['POI'],POINT(9.980025 53.548119),
Restaurant Königliches Proviantamt,,,['POI'],POINT(9.912861 53.565121),
Restaurant L`Auberge,,,['POI'],POINT(9.983423 53.570348),
Restaurant La Mirabelle,,,['POI'],POINT(9.980491 53.564981),
Restaurant LaFayette,,,['POI'],POINT(10.017657 53.574698),
Restaurant Louise,,,['POI'],POINT(9.99636 53.583863),
Restaurant Man-Nam,,,['POI'],POINT(9.974746 53.556707),
Restaurant Marseille,,,['POI'],POINT(9.940919 53.544722),
Restaurant Mess,,,['POI'],POINT(9.970924 53.557835),
Restaurant Molana,,,['POI'],POINT(10.015182 53.555832),
Restaurant Navarra,,,['POI'],POINT(9.92179 53.564127),
Restaurant Nepheli,,,['POI'],POINT(9.914395 53.557876),
Restaurant Nil,,,['POI'],POINT(9.963359 53.556306),
Restaurant Old Commercial Room,,,['POI'],POINT(9.977931 53.548244),
Restaurant Opitz,,,['POI'],POINT(10.018496 53.564987),
Restaurant Pantry,,,['POI'],POINT(9.966377 53.54575),
Restaurant Petit Delice,,,['POI'],POINT(9.989292 53.552787),
Restaurant Piment,,,['POI'],POINT(9.979563 53.582321),
Restaurant Port,,,['POI'],POINT(9.968987 53.547059),
Restaurant Rexrodt,,,['POI'],POINT(10.019008 53.567453),
Restaurant STARTERS,,,['POI'],POINT(9.980357 53.585307),
Restaurant Sagres Portugisische Spezialitäten,,,['POI'],POINT(9.976037 53.544638),
Restaurant Sai gon,,,['POI'],POINT(9.986131 53.592654),
Restaurant Salvatore,,,['POI'],POINT(9.964884 53.5789),
Restaurant Schifferbörse,,,['POI'],POINT(10.008659 53.553757),
Restaurant Season,,,['POI'],POINT(9.993031 53.549422),
Restaurant September,,,['POI'],POINT(9.974746 53.556707),
Restaurant Süßwasser,,,['POI'],POINT(9.908032 53.544725),
Restaurant Tafelhaus,,,['POI'],POINT(9.921232 53.544031),
Restaurant Teheran,,,['POI'],POINT(10.013722 53.552205),
Restaurant Thyme,,,['POI'],POINT(10.024953 53.558633),
Restaurant Trific,,,['POI'],POINT(9.967887 53.580152),
Restaurant Tschebull,,,['POI'],POINT(10.002881 53.551245),
Restaurant Vesper,,,['POI'],POINT(9.962172 53.573837),
Restaurant WANDRAHM,,,['POI'],POINT(9.991503 53.541501),
Restaurant Williamine,,,['POI'],POINT(9.969046 53.566772),
Restaurant Windows,,,['POI'],POINT(9.997597 53.565208),
Restaurant Yin-Yang,,,['POI'],POINT(9.99532 53.551821),
Restaurant Zala Barmbek,,,['POI'],POINT(10.048918 53.587906),
Restaurant Zala Rothenbaum,,,['POI'],POINT(9.988973 53.574031),
Restaurant Zala Wandsbek,,,['POI'],POINT(10.055904 53.569523),
Restaurant Zala Winterhude,,,['POI'],POINT(10.015074 53.575259),
Restaurant Zeus,,,['POI'],POINT(9.950916 53.578132),
Restaurant Zum Alten Senator,,,['POI'],POINT(9.977543 53.551689),
Restaurant und Bar Kobe,,,['POI'],POINT(10.01226 53.559199),
Restaurant Überseebrücke,,,['POI'],POINT(9.975098 53.545131),
Restaurant-Bar Luxor,,,['POI'],POINT(9.95733 53.562626),
Restaurant-Lounge Riverkasematten,,,['POI'],POINT(9.958031 53.546249),
Restaurante Meson Galicia,,,['POI'],POINT(9.975331 53.546046),
Restaurante O`Pote,,,['POI'],POINT(10.012284 53.558336),
Restaurante Picasso,,,['POI'],POINT(9.995637 53.549886),
Restaurante Porto,,,['POI'],POINT(9.975372 53.545866),
Rialto Restaurant und Bar,,,['POI'],POINT(9.984758 53.549239),
Ristorante Amarone,,,['POI'],POINT(9.980445 53.555178),
Ristorante Borsalino,,,['POI'],POINT(9.967824 53.5622),
Ristorante Ciao Ana,,,['POI'],POINT(9.976301 53.546245),
Ristorante Come Prima,,,['POI'],POINT(9.972267 53.582183),
Ristorante Cuore Mio,,,['POI'],POINT(9.92712 53.549754),
Ristorante Der Etrusker,,,['POI'],POINT(9.984258 53.569263),
Ristorante Franco,,,['POI'],POINT(9.98752 53.590037),
Ristorante La Famiglia,,,['POI'],POINT(10.016055 53.553838),
Ristorante La Pergola,,,['POI'],POINT(9.953181 53.57611),
Ristorante La Scala,,,['POI'],POINT(9.975208 53.583336),
Ristorante Little Italy,,,['POI'],POINT(9.954822 53.577274),
Ristorante Made In Italy,,,['POI'],POINT(10.008319 53.579405),
Ristorante Marilù,,,['POI'],POINT(9.929964 53.550783),
Ristorante Michelangelo,,,['POI'],POINT(9.976484 53.552883),
Ristorante Opera,,,['POI'],POINT(9.988036 53.556499),
Ristorante Palazzo,,,['POI'],POINT(9.98849 53.577279),
Ristorante Piccobello,,,['POI'],POINT(10.018962 53.576861),
Ristorante Pizzeria Casa Ferraro,,,['POI'],POINT(9.937667 53.552538),
Ristorante Pizzeria Mamma Leone,,,['POI'],POINT(9.96948 53.581127),
Ristorante Portonovo,,,['POI'],POINT(9.996386 53.559287),
Ristorante Trattoria Salento,,,['POI'],POINT(9.957223 53.575296),
Ristorante Vito,,,['POI'],POINT(9.912238 53.550938),
Ristorante da Benito,,,['POI'],POINT(9.964909 53.550174),
Roaten Caribbean Restaurant,,,['POI'],POINT(9.954082 53.54575),
Rote Sonne Chinarestaurant,,,['POI'],POINT(9.992938 53.548695),
Roxie Bar Bistro Cocktails,,,['POI'],POINT(9.977915 53.5652),
SAUSALITOS Hamburg,,,['POI'],POINT(10.001543 53.548282),
Foxy Food City,,,['POI'],POINT(10.000128 53.552859),
Foxy Food Schanze,,,['POI'],POINT(9.961248 53.562379),
Foxy Food Winterhude,,,['POI'],POINT(9.998357 53.594278),
SGROI Restaurant,,,['POI'],POINT(10.01064 53.557101),
SHIAWASE Tee Kultur Bistro,,,['POI'],POINT(9.993268 53.552458),
Sagres Plus Portugisische Küche und Meeresspezialitäten,,,['POI'],POINT(9.976577 53.544499),
Sakura Sushi,,,['POI'],POINT(9.999828 53.552969),
Sala Thai Restaurant Hafen City,,,['POI'],POINT(9.992966 53.541516),
Sala Thai Restaurant Hamburg-Altstadt,,,['POI'],POINT(10.002201 53.553767),
Schanzenstern Bio-Restaurant,,,['POI'],POINT(9.964943 53.561603),
Schatto Pauli,,,['POI'],POINT(9.963332 53.548497),
Schauermann Restaurant,,,['POI'],POINT(9.958701 53.54654),
Schifferstube Unter Deck,,,['POI'],POINT(10.012773 53.560489),
Schröders Kartoffelhaus,,,['POI'],POINT(9.965881 53.561694),
Schweinske Bahrenfeld,,,['POI'],POINT(9.902101 53.565203),
Schweinske Barmbek,,,['POI'],POINT(10.043491 53.582158),
Schweinske Bergedorfer Straße,,,['POI'],POINT(10.209947 53.487462),
Schweinske Billstedt,,,['POI'],POINT(10.104256 53.539488),
Schweinske Bramfeld,,,['POI'],POINT(10.077701 53.616358),
Schweinske Eidelstedt,,,['POI'],POINT(9.904307 53.609825),
Schweinske Eimsbuettel,,,['POI'],POINT(9.933933 53.583019),
Schweinske Eppendorf,,,['POI'],POINT(9.980565 53.584496),
Schweinske Farmsen,,,['POI'],POINT(10.116439 53.608024),
Schweinske Fuhlsbüttel,,,['POI'],POINT(10.02446 53.627483),
Schweinske Hamburg Hauptbahnhof,,,['POI'],POINT(10.003335 53.553856),
Schweinske Hamm,,,['POI'],POINT(10.066882 53.553476),
Schweinske Harburg,,,['POI'],POINT(9.967621 53.458078),
Schweinske Harvestehude,,,['POI'],POINT(9.97915 53.569017),
Schweinske Hohenfelde,,,['POI'],POINT(10.031274 53.56104),
Schweinske Jenfeld,,,['POI'],POINT(10.135129 53.570855),
Schweinske Langenhorn,,,['POI'],POINT(10.027613 53.675078),
Schweinske Lohbrügge,,,['POI'],POINT(10.206945 53.494232),
Schweinske Lurup,,,['POI'],POINT(9.871305 53.592782),
Schweinske Neugraben,,,['POI'],POINT(9.853299 53.472716),
Schweinske Ottensen Bahnhof Altona,,,['POI'],POINT(9.9331 53.552062),
Schweinske Poppenbüttel,,,['POI'],POINT(10.085161 53.659735),
Schweinske Rahlstedt,,,['POI'],POINT(10.157262 53.60521),
Schweinske St. Pauli Reeperbahn,,,['POI'],POINT(9.956534 53.549451),
Schweinske Wandsbeker Marktstraße,,,['POI'],POINT(10.07171 53.573749),
Schweinske am Stadtpark,,,['POI'],POINT(10.011513 53.59999),
Schweinske in der Neustadt,,,['POI'],POINT(9.984942 53.55064),
Scubar Café Restaurant Bar,,,['POI'],POINT(9.9616 53.573886),
Shalimar The Indian Restaurant,,,['POI'],POINT(9.986006 53.554216),
Signatures Restaurant,,,['POI'],POINT(9.997597 53.565208),
Slowman Restaurant,,,['POI'],POINT(10.002754 53.548416),
Sonnenseite Café Bar,,,['POI'],POINT(9.964806 53.56687),
Soup City Baumwall Elbhof,,,['POI'],POINT(9.982599 53.545241),
Soup City Hafencity Kesselhaus,,,['POI'],POINT(9.990382 53.543245),
Soup City Hamburg-Altstadt,,,['POI'],POINT(10.002382 53.549937),
Soup City Landungsbrücken,,,['POI'],POINT(9.971479 53.545197),
Soup City Speicherstadt Kornhausbrücke Am Zoll,,,['POI'],POINT(9.996941 53.545688),
Soup and Friends,,,['POI'],POINT(9.986201 53.555463),
Souper Salad,,,['POI'],POINT(9.985723 53.546599),
52,,,['POI'],POINT(9.987161 53.554593),
Stadthaus Restaurant und Bar,,,['POI'],POINT(9.985756 53.549303),
Stammheim Restaurant und Bar,,,['POI'],POINT(9.946733 53.5558),
Ständige Vertretung,,,['POI'],POINT(9.985726 53.549959),
Subway Sandwiches Altona Bahnhof,,,['POI'],POINT(9.93582 53.552265),
Subway Sandwiches Billstedt Center,,,['POI'],POINT(10.105624 53.54103),
Subway Sandwiches Eimsbüttel,,,['POI'],POINT(9.951255 53.577752),
Subway Sandwiches Fulsbüttler Straße,,,['POI'],POINT(10.044489 53.592042),
Subway Sandwiches Gänsemarkt,,,['POI'],POINT(9.988135 53.555564),
Subway Sandwiches Hamburg Altstadt Europapassage,,,['POI'],POINT(9.99563 53.55215),
Subway Sandwiches Hamburg Hauptbahnhof Georgsplatz,,,['POI'],POINT(10.002679 53.553538),
Subway Sandwiches Hamburg Hauptbahnhof Wandelhalle,,,['POI'],POINT(10.003335 53.553856),
Subway Sandwiches Hammerbrook,,,['POI'],POINT(10.025271 53.544334),
Subway Sandwiches Harburg Lüneburger Straße,,,['POI'],POINT(9.982567 53.45987),
Subway Sandwiches Harburg Phoenix Center,,,['POI'],POINT(9.988127 53.456814),
Subway Sandwiches Heegbarg,,,['POI'],POINT(10.093403 53.652615),
Subway Sandwiches Hoheluft,,,['POI'],POINT(9.974662 53.579953),
Subway Sandwiches Kieler Straße,,,['POI'],POINT(9.915577 53.598607),
Subway Sandwiches Mundsburger Damm,,,['POI'],POINT(10.026011 53.569909),
Subway Sandwiches St. Pauli Reeperbahn,,,['POI'],POINT(9.960961 53.54973),
Sushi 153,,,['POI'],POINT(9.979603 53.550099),
Sushi Bar Comon,,,['POI'],POINT(9.981179 53.554939),
Sushi Circle Eppendorf,,,['POI'],POINT(9.987735 53.592129),
Sushi Circle Hamburg Neustadt Colonnaden,,,['POI'],POINT(9.990738 53.555273),
Sushi Dreams Restaurant Bramfeld,,,['POI'],POINT(10.072186 53.60806),
Sushi Dreams Restaurant Eimsbüttel,,,['POI'],POINT(9.960132 53.574383),
Sushi Dreams Restaurant Norderstedt,,,['POI'],POINT(10.076196 53.662907),
Sushi Factory Bahnhof Altona,,,['POI'],POINT(9.936255 53.552136),
Sushi Factory Elbe Einkaufszentrum,,,['POI'],POINT(9.862032 53.569838),
Sushi Factory Hamburg Fabrikverkauf,,,['POI'],POINT(9.938387 53.544823),
Sushi Factory Hamburg Neustadt Colonnaden,,,['POI'],POINT(9.990108 53.556725),
Sushi Factory Hamburg Rotherbaum,,,['POI'],POINT(9.985325 53.571006),
Sushi im Lamberg Hamburg Osdorf,,,['POI'],POINT(9.843236 53.572695),
Sweet Virginia Restaurant Café,,,['POI'],POINT(9.96159 53.572125),
Sylter Milchbar,,,['POI'],POINT(9.991221 53.548809),
TASSAJARA Restaurant,,,['POI'],POINT(9.982468 53.585155),
Taberna El Paisa,,,['POI'],POINT(9.974804 53.548746),
Taberna Flamenca Tapas y Musica,,,['POI'],POINT(9.927493 53.554379),
Tagesstätte MAhL ZEIT,,,['POI'],POINT(9.947259 53.553658),
Tai Tan Restaurant,,,['POI'],POINT(9.986692 53.541577),
Tapame,,,['POI'],POINT(9.975193 53.558438),
Taparia Con Carvalho,,,['POI'],POINT(9.977407 53.545795),
Tarantella Bistro Restaurant,,,['POI'],POINT(9.989802 53.558471),
Taverna Akropolis Eppendorf,,,['POI'],POINT(9.964431 53.578904),
Taverna Kreta Griechische Spezialitäten Ottensen,,,['POI'],POINT(9.925013 53.549339),
Taverna Romana,,,['POI'],POINT(9.962355 53.561283),
Taverna Yia Mas,,,['POI'],POINT(9.946211 53.592555),
Teatro Lounge Bar Bistro Restaurant,,,['POI'],POINT(9.958939 53.54971),
Teeteria,,,['POI'],POINT(9.947518 53.576721),
Teufels Küche Restaurant,,,['POI'],POINT(9.927633 53.551853),
Ti Breizh Haus der Bretagne,,,['POI'],POINT(9.987089 53.545644),
Tibet Restaurant Altona,,,['POI'],POINT(9.93926 53.558339),
Tibet Restaurant Sülldorf,,,['POI'],POINT(9.792047 53.580817),
Tiefenthal Bar Restaurant,,,['POI'],POINT(9.986201 53.583354),
Tokio Sushi,,,['POI'],POINT(9.947034 53.578019),
Tonis Elbcafe,,,['POI'],POINT(9.756718 53.564909),
Trattoria Remo`s,,,['POI'],POINT(9.963076 53.553828),
Tropical Point Afrikanische Spezialitaeten,,,['POI'],POINT(9.936717 53.552546),
Tsao Yang,,,['POI'],POINT(10.005248 53.557515),
Turnhalle St. Georg Restaurant Bar Bistro Lounnge,,,['POI'],POINT(10.0137 53.559483),
Uhlenhorster Weinstube,,,['POI'],POINT(10.018917 53.566825),
VLET Restaurant,,,['POI'],POINT(9.99312 53.543554),
Vapiano Hamburg-Altstadt,,,['POI'],POINT(10.002759 53.553124),
Vapiano Neustadt,,,['POI'],POINT(9.987376 53.553441),
Vapiano Rothenbaum,,,['POI'],POINT(9.989109 53.571433),
Vasco da Gama,,,['POI'],POINT(10.01167 53.557874),
Veddeler Fischgaststätte,,,['POI'],POINT(10.019335 53.528957),
Viale Antico,,,['POI'],POINT(9.98683 53.545565),
Vier Rosen Französische Küche,,,['POI'],POINT(9.947715 53.580116),
Vitello Restaurant,,,['POI'],POINT(9.999434 53.551588),
Vümpf,,,['POI'],POINT(9.979739 53.584692),
Waku Waku Bio Wok Restaurant,,,['POI'],POINT(9.992805 53.549433),
Warsteiner Elbspeicher,,,['POI'],POINT(9.948847 53.54439),
Watergate Café Bar Restaurant,,,['POI'],POINT(9.966453 53.54575),
Waterkant Restaurant,,,['POI'],POINT(9.964479 53.547176),
Weinrestaurant Schoppenhauer,,,['POI'],POINT(9.991287 53.545196),
Westminster Restaurant Am Baumwall,,,['POI'],POINT(9.982667 53.544935),
White Lounge Design Restaurant,,,['POI'],POINT(10.019775 53.582407),
Wiekenberg Restaurant,,,['POI'],POINT(9.961995 53.574683),
X.O.K. Restaurant Café Bar,,,['POI'],POINT(10.009607 53.556193),
XXL HOUSE Restaurant,,,['POI'],POINT(10.051257 53.595748),
Yu Yuan Restaurant,,,['POI'],POINT(9.991059 53.568964),
ZWICK - ROCKIN` RESTAURANT,,,['POI'],POINT(9.9948 53.572096),
Zars Kneipe Café und Restaurant,,,['POI'],POINT(10.024586 53.573426),
Zimmer 34,,,['POI'],POINT(10.018817 53.5752),
Zipang Restaurant,,,['POI'],POINT(9.966068 53.579807),
Zippelhaus Restaurant,,,['POI'],POINT(9.995988 53.546226),
Zum Alten Lotsenhaus,,,['POI'],POINT(9.912003 53.544884),
Zum Anleger Biergarten,,,['POI'],POINT(9.999529 53.514676),
Zum Grindelhof Küche und Wein,,,['POI'],POINT(9.985103 53.570577),
Zum Seeteufel Seemannskneipe,,,['POI'],POINT(9.931531 53.546557),
Zum tanzenden Einhorn Mittelalter- und Rollenspieltaverne,,,['POI'],POINT(10.054879 53.560475),
Zur Fischmarkt-Apotheke Bistro-Weinkontor,,,['POI'],POINT(9.996468 53.548684),
Zur Schlachterbörse,,,['POI'],POINT(9.967944 53.560833),
[m]eatery,,,['POI'],POINT(9.987193 53.556605),
grill and green Restaurant,,,['POI'],POINT(9.987632 53.55148),
lütt’n grill - imbiss delüx,,,['POI'],POINT(9.959467 53.563705),
mama trattoria Hamburg City,,,['POI'],POINT(9.993291 53.549573),
mama trattoria Poeseldorf,,,['POI'],POINT(9.995581 53.570625),
maritimo,,,['POI'],POINT(9.939012 53.54445),
unsicht-Bar Dunkelrestaurant,,,['POI'],POINT(9.967531 53.566524),
Alsterwanderweg (Drachenschlucht),,,['POI'],POINT(10.083452 53.646776),
Alsterwanderweg (Höhe Lattenkamp),,,['POI'],POINT(9.992592 53.600247),
Alsterwanderweg (Poppenbüttler Schleuse),,,['POI'],POINT(10.087178 53.657578),
Bille Wanderweg Ost,,,['POI'],POINT(10.246844 53.505953),
Bille Wanderweg West,,,['POI'],POINT(10.210659 53.499235),
Duvenstedter Brook,,,['POI'],POINT(10.175516 53.727565),
Elbufer Mühlenberg,,,['POI'],POINT(9.820826 53.554377),
Elbufer Teufelsbrück,,,['POI'],POINT(9.864279 53.54753),
Elbufer Övelgönne,,,['POI'],POINT(9.901736 53.545195),
Harburger Berge,,,['POI'],POINT(9.869885 53.444975),
Klövensteen,,,['POI'],POINT(9.769411 53.618056),
Kollauwanderweg,,,['POI'],POINT(9.918708 53.602994),
Rodenbeker Quellental,,,['POI'],POINT(10.117411 53.685379),
Wanderweg Mellingburger Schleuse,,,['POI'],POINT(10.098473 53.670746),
Wanderweg Sachsenwald,,,['POI'],POINT(10.315412 53.530324),
Wandse-Wanderweg Ost,,,['POI'],POINT(10.113699 53.587715),
Wandse-Wanderweg West,,,['POI'],POINT(10.10117 53.580958),
Bachstraße - Mädchentreff,,,['POI'],POINT(10.02343 53.578045),
Barmbek-Süd (Bramfelder Straße) - Haus der Jugend,,,['POI'],POINT(10.046022 53.583151),
Barmbek-Süd (Wohldorfer Str.) - Haus der Jugend,,,['POI'],POINT(10.04257 53.577287),
Barmbeker Str. - Betreuungsprojekt,,,['POI'],POINT(10.015454 53.589228),
Bergedorf-Heckkaten (Oberer Landweg) - Haus der Jugend,,,['POI'],POINT(10.186152 53.490504),
Billstedt (Lorenzenweg) - Haus der Jugend,,,['POI'],POINT(10.104844 53.541217),
Bornbachstieg - Stadtteilhaus,,,['POI'],POINT(10.033119 53.678687),
Bramfeld (Herthastraße) - Haus der Jugend,,,['POI'],POINT(10.078139 53.611026),
Bramfeld (Steilshooper Allee) - Gruppenhaus,,,['POI'],POINT(10.082701 53.608595),
Böv 38 e.V. (Böverstland) - Haus der Jugend,,,['POI'],POINT(9.872717 53.596815),
Container - Jugendclub Essener Straße,,,['POI'],POINT(9.99374 53.67354),
Dulsberg (Alter Teichweg) - Haus der Jugend,,,['POI'],POINT(10.06999 53.587521),
Dulsberg Nord (Stapelholmer Str.) - Spielhaus,,,['POI'],POINT(10.058913 53.57876),
Eidelstedt (Baumacker) - Haus der Jugend,,,['POI'],POINT(9.898599 53.61499),
Eimsbüttel (Doormannsweg) - Jugendclub,,,['POI'],POINT(9.956056 53.571082),
Farmsen (Berner Heerweg) - Haus der Jugend,,,['POI'],POINT(10.120677 53.60829),
Finkenwerder (Norderschulweg) - Haus der Jugend,,,['POI'],POINT(9.876529 53.532174),
Groß Borstel (Beerboomstücken) - Jugendclub,,,['POI'],POINT(9.976481 53.611675),
Hammer Park (Caspar-Voght-Straße) - Haus der Jugend,,,['POI'],POINT(10.060806 53.55911),
Harburg (Schneverdingerweg) - Kinderzentrum,,,['POI'],POINT(9.992756 53.440323),
Harburg (Steinikestraße) - Haus der Jugend,,,['POI'],POINT(9.974093 53.455357),
Haus Eimsbüttel (Doormannsweg) - Mädchenzentrum,,,['POI'],POINT(9.957549 53.571654),
(Dahlemer Ring) - Haus der Jugend,,,['POI'],POINT(10.141959 53.58567),
Holitzberg (Holitzberg) - Jugendkeller,,,['POI'],POINT(10.026847 53.674707),
Horn (Manshardtstraße) - Haus der Jugend,,,['POI'],POINT(10.094419 53.555195),
Horn (Snitgerreihe) - Haus der Jugend,,,['POI'],POINT(10.072944 53.556891),
JUNO Jugendzentrum Notkestraße,,,['POI'],POINT(9.886034 53.572754),
Jarrestadt (Kaemmererufer) - Jugendtreff,,,['POI'],POINT(10.029682 53.584946),
Jenfeld (Jenfelder Str) - Haus der Jugend,,,['POI'],POINT(10.134563 53.575074),
Jugendclub sit.com(Tweeltenbek),,,['POI'],POINT(10.01662 53.677948),
Jugendhaus der ESA (Dorothea-Kasten-Str.),,,['POI'],POINT(10.02181 53.614153),
KG Alt-Barmbek (Wohldorfer Str.) - Jugendkeller,,,['POI'],POINT(10.04257 53.577287),
Kennedy-Haus (Kalischerstr) - Kinderzentrum,,,['POI'],POINT(9.98281 53.455375),
Kirchdorf-Süd (Krieterstr.) - Haus der Jugend,,,['POI'],POINT(10.01276 53.499289),
Kiwittsmoor (Tweeltenbek) - Haus der Jugend,,,['POI'],POINT(10.018707 53.677903),
(Eberhofstieg) - Haus der Jugend,,,['POI'],POINT(10.012621 53.652572),
Lattenkamp (Bebelallee) - Haus der Jugend,,,['POI'],POINT(9.993035 53.598518),
Lichtwarkhaus (Holzhude) - Jugendclub,,,['POI'],POINT(10.20885 53.487015),
Mümmelmannsberg (Kirchnerweg) - Haus der Jugend,,,['POI'],POINT(10.147895 53.531107),
Nettelnburg (Oberer Landweg) - Haus der Jugend,,,['POI'],POINT(10.185586 53.486422),
Neuwiedenthal (Lange Striepen) - Mädchenclub,,,['POI'],POINT(9.886877 53.474565),
Neuwiedenthal (Rehrstieg) - Haus der Jugend,,,['POI'],POINT(9.875688 53.47462),
Neuwiedenthal (Stubbenhof) - Stadtteilhaus,,,['POI'],POINT(9.877499 53.479917),
Osdorfer Born (Böttcherkamp) - Haus der Jugend,,,['POI'],POINT(9.855211 53.593105),
Poppenbüttel (In der alten Wache) - Gruppenhaus,,,['POI'],POINT(10.091894 53.652764),
Poppenbüttel (Tegelsbarg) - Haus der Jugend,,,['POI'],POINT(10.067513 53.652157),
Schreyerring - Madchentreff,,,['POI'],POINT(10.060544 53.610114),
Spiel-Werk-Stadt Schleemer Bach,,,['POI'],POINT(10.112582 53.536589),
St.Pauli (Auf dem Stintfang) - Haus der Jugend,,,['POI'],POINT(9.972077 53.546908),
Steilshoop (Gropiusring) - Haus der Jugend,,,['POI'],POINT(10.059452 53.613583),
Stellingen (Sportplatzring) - Haus der Jugend,,,['POI'],POINT(9.929995 53.594155),
Suckweg (Suckweg) - Kinder- und Jugendclub,,,['POI'],POINT(9.994428 53.658421),
Veddel (Uffelnsweg) - Haus der Jugend,,,['POI'],POINT(10.021769 53.52359),
Volksdorf (Ahrensburger Weg) - Haus der Jugend,,,['POI'],POINT(10.170922 53.653338),
Wilde Göre (Breite Straße) - Mädchentreff,,,['POI'],POINT(9.946109 53.546092),
(Rotenhäuser Damm) - Haus der Jugend,,,['POI'],POINT(9.9914 53.510026),
Öjendorf (Merkenstraße) - Haus der Jugend,,,['POI'],POINT(10.127711 53.542279),
Suse-König-Kindergarten (Waldorfkindergarten),,,['POI'],POINT(9.853155 53.559281),
Waldorfkindergarten Altona Blücherstraße,,,['POI'],POINT(9.948244 53.550487),
Waldorfkindergarten Altona Große Rainstraße,,,['POI'],POINT(9.931446 53.552991),
Waldorfkindergarten Bergedorf,,,['POI'],POINT(10.198561 53.462489),
Waldorfkindergarten Bergedorf - Brookkehre,,,['POI'],POINT(10.220202 53.481517),
Waldorfkindergarten Blankenese,,,['POI'],POINT(9.826193 53.563424),
Waldorfkindergarten Eimsbüttel/Eppendorf,,,['POI'],POINT(9.972223 53.574321),
Waldorfkindergarten Farmsen,,,['POI'],POINT(10.127272 53.602908),
Waldorfkindergarten Hamburg Bergstedt,,,['POI'],POINT(10.136816 53.675258),
Waldorfkindergarten Hamburg-Mitte,,,['POI'],POINT(9.998057 53.566821),
Waldorfkindergarten Harburg,,,['POI'],POINT(9.889408 53.460933),
Waldorfkindergarten Kanzleistraße,,,['POI'],POINT(9.857953 53.556983),
Waldorfkindergarten Neugraben,,,['POI'],POINT(9.865629 53.465097),
Waldorfkindergarten Nienstedten,,,['POI'],POINT(9.857058 53.550044),
Waldorfkindergarten Schanzenviertel,,,['POI'],POINT(9.957649 53.566083),
Waldorfkindergarten Tonndorf,,,['POI'],POINT(10.105119 53.578971),
Waldorfkindergarten Volksdorf,,,['POI'],POINT(10.159074 53.654792),
Waldorfkindergarten Wilhelmsburg,,,['POI'],POINT(9.993481 53.514537),
Alt-Barmbek 2 - ev. Kita,,,['POI'],POINT(10.041306 53.584199),
Alt-Rahlstedt - ev. Kita,,,['POI'],POINT(10.151881 53.596788),
Am Kirchberg Wohldorf-Ohlstedt - ev. Kita,,,['POI'],POINT(10.13008 53.696671),
An der Christianskirche - ev. Kita,,,['POI'],POINT(9.932371 53.547737),
An der Osterkirche - ev. Kita,,,['POI'],POINT(9.931864 53.554884),
Ansgar-Gemeinde Langenhorn - ev. Kindergarten,,,['POI'],POINT(10.009505 53.653191),
Ansgar-Kindergarten Altona - ev. Kindergarten,,,['POI'],POINT(9.908413 53.549862),
Apostelkirche Eimsbüttel - ev. Kita,,,['POI'],POINT(9.947062 53.57526),
Arche Noah Billstedt- ev. Kita,,,['POI'],POINT(10.108213 53.558734),
Barmbek-Nord - ev. Kita,,,['POI'],POINT(10.04709 53.590321),
Bergstedt - ev. Kindergarten,,,['POI'],POINT(10.127573 53.671994),
Bethlehem-Gemeinde Eimsbüttel - ev. Kindergarten,,,['POI'],POINT(9.962538 53.576655),
Billrothstraße - ev. Kita,,,['POI'],POINT(9.946958 53.553687),
Binsenort - ev. Kindertagesheim,,,['POI'],POINT(9.865457 53.592654),
Blankenese - ev. Kindergarten,,,['POI'],POINT(9.813078 53.56107),
Borgfelde - ev. Kita,,,['POI'],POINT(10.027435 53.554577),
Bugenhagen - ev. Integrations-Kita Groß Flottbek,,,['POI'],POINT(9.868848 53.572422),
Bugenhagen Nettelnburg - ev. Kita,,,['POI'],POINT(10.185822 53.48136),
Bugenhagen Rönneburg - ev. Kita,,,['POI'],POINT(9.995854 53.439596),
Christophorus Am Poppenbüttler Stieg - ev. Integrations-Kita,,,['POI'],POINT(10.052079 53.643992),
Christus-Gemeinde Othmarschen - ev. Kindertagesheim,,,['POI'],POINT(9.891653 53.552864),
Christuskirche Eimsbüttel - ev. Kita,,,['POI'],POINT(9.958749 53.566658),
Christuskirche Wandsbek - ev. Kindergarten,,,['POI'],POINT(10.072975 53.572444),
Cornelius - ev. Kita,,,['POI'],POINT(9.83018 53.474181),
Der Gute Hirte Jenfeld - ev. Kindergarten,,,['POI'],POINT(10.121401 53.571191),
Eirene Langenhorn - ev. Kindergarten,,,['POI'],POINT(10.021333 53.648185),
Emmaus-Gemeinde Lurup - ev. Kindergarten,,,['POI'],POINT(9.8708 53.592463),
Epiphanien-Gemeinde Barmbek-Nord - ev. Kindertagesheim,,,['POI'],POINT(10.047124 53.591686),
Farmsen-Berne - ev.Kita,,,['POI'],POINT(10.112137 53.607597),
Franz-von-Assisi-Gemeinde Allermöhe - ev. Kindergarten,,,['POI'],POINT(10.127541 53.482527),
Friedenskirche Altona - ev Kindergarten,,,['POI'],POINT(9.961909 53.554924),
Friedenskirche Eilbek - ev. Kindergarten,,,['POI'],POINT(10.046018 53.565288),
Friedenskirche Jenfeld - ev. Kindergarten,,,['POI'],POINT(10.139328 53.572091),
Friedrich-Frank-Bogen - ev. Kita,,,['POI'],POINT(10.181185 53.489592),
Führungsakademie Blankenese - ev. Kindergarten,,,['POI'],POINT(9.830333 53.56061),
Georg-Raloff-Ring - ev. Kita,,,['POI'],POINT(10.055843 53.603992),
Gnadenkirche-Gemeinde Lohbrügge - ev. Kita,,,['POI'],POINT(10.19676 53.506016),
Grützmühlenweg - ev. Kita,,,['POI'],POINT(10.045147 53.644358),
Immanuel-Gemeinde Veddel - ev. Kindertagesheim,,,['POI'],POINT(10.01993 53.527999),
Johannes-Gemeinde Eidelstedt - ev. Kindergarten,,,['POI'],POINT(9.897803 53.61876),
Johannes-Gemeinde Rissen - Kindergarten,,,['POI'],POINT(9.762172 53.580275),
Jubilate - ev. Kita,,,['POI'],POINT(10.127258 53.539444),
Kirchwerder 1 - ev. Kita,,,['POI'],POINT(10.129938 53.446912),
Kirchwerder 2 - ev. Kindergarten,,,['POI'],POINT(10.19989 53.418868),
Kreuzkirche Alt-Barmbek 1 - ev. Kindergarten,,,['POI'],POINT(10.042887 53.577275),
Kreuzkirche Wandsbek - Kita,,,['POI'],POINT(10.087155 53.579657),
Langenfelde - ev. Kindergarten,,,['POI'],POINT(9.932312 53.579356),
Lemsahl-Mellingstedt - ev. Kindergarten,,,['POI'],POINT(10.107084 53.687523),
Lokstedt - ev. Kindergarten,,,['POI'],POINT(9.960161 53.596972),
Lucaskirche Sasel - ev.Kindergarten,,,['POI'],POINT(10.104768 53.644182),
Luther-Gemeinde Bahrenfeld - ev. Kindertagesheim,,,['POI'],POINT(9.904731 53.571041),
Luther-Gemeinde Eißendorf - ev. Kita,,,['POI'],POINT(9.952439 53.457778),
Maria-Magdalena-Gemeinde Osdorfer Born - ev. Kita,,,['POI'],POINT(9.849281 53.587352),
Maria-Magdalenen-Gemeinde,,,['POI'],POINT(10.056345 53.633756),
Marienkapelle Stellingen - ev. Kindergarten,,,['POI'],POINT(9.893232 53.606269),
Markus-Gemeinde Hohenhorst (Hegeneck) - ev. Kindergarten,,,['POI'],POINT(10.179884 53.589686),
Markus-Gemeinde Hohenhorst (Steglitzer Str) - ev. Kita,,,['POI'],POINT(10.144192 53.582252),
Martin-Luther-Gemeinde Alsterdorf - ev. Kindergarten,,,['POI'],POINT(10.010213 53.610065),
Martin-Luther-Gemeinde Iserbrook - ev. Kindergarten,,,['POI'],POINT(9.823739 53.576955),
Martin-Luther-Kindergarten - ev. Kita Christuskirche,,,['POI'],POINT(9.890033 53.615063),
Martin-Luther-King Kirche - ev. Kita,,,['POI'],POINT(10.047085 53.613917),
Martinskirche Rahlstedt - ev. Kindergarten,,,['POI'],POINT(10.16835 53.606279),
Meiendorf-Oldenfelde (Dreieckskoppel) - ev. Kita,,,['POI'],POINT(10.145877 53.628879),
Meiendorf-Oldenfelde (Kamminer Straße) - ev. Kindergarten,,,['POI'],POINT(10.141005 53.618053),
Meiendorf-Oldenfelde (Massower Weg) - ev. Kindergarten,,,['POI'],POINT(10.146397 53.610697),
Meiendorf-Oldenfelde (Wildschwanbrook) - ev. Kita,,,['POI'],POINT(10.169919 53.626957),
Melanchthon-Gemeinde Groß-Flottbek - ev. Kindertagesheim,,,['POI'],POINT(9.888221 53.567643),
Michaelis-Gemeinde Neugraben - ev. Kindergarten,,,['POI'],POINT(9.856944 53.471989),
Michaelis-Gemeinde Sülldorf - ev. Kindergarten,,,['POI'],POINT(9.7986 53.579255),
Nathanael-Gemeinde Horn - ev. Kita,,,['POI'],POINT(10.074718 53.546523),
Neu Allermöhe - ev. Kita,,,['POI'],POINT(10.177075 53.482642),
Niendorf-Nordwest - ev. Kindergarten,,,['POI'],POINT(9.946255 53.638406),
Niendorfer Markt - ev. Kindergarten,,,['POI'],POINT(9.951662 53.615352),
Nienstedten - ev. Kindertagesheim,,,['POI'],POINT(9.840451 53.556361),
Ohlsdorf - Kindertagesheim,,,['POI'],POINT(10.035454 53.614108),
Oster-Gemeinde Altona - ev. Kita,,,['POI'],POINT(9.931864 53.554884),
Oster-Gemeinde Bramfeld - ev. Kindergarten,,,['POI'],POINT(10.07343 53.610637),
Oster-Gemeinde Eilbek - ev. Kindergarten,,,['POI'],POINT(10.046018 53.565288),
Paul-Gerhardt-Gemeinde Winterhude - ev. Kita,,,['POI'],POINT(10.002842 53.600593),
Poppenbüttel (Harksheider Straße) - ev. Kindergarten,,,['POI'],POINT(10.066579 53.668474),
Poppenbüttel (Häherweg) - ev. Kita,,,['POI'],POINT(10.066902 53.651911),
Poppenbüttel (Poppenbüttler Markt) - ev. Kita,,,['POI'],POINT(10.08622 53.659123),
Reiherstieg-Gemeinde Wilhelmsburg (Georg-Wilhelm-Straße) - ev. Kita,,,['POI'],POINT(9.991498 53.503888),
Reiherstieg-Gemeinde Wilhelmsburg (Mannesallee) - ev. Kindertagesheim,,,['POI'],POINT(9.991619 53.514202),
Saseler Markt - ev. Kita,,,['POI'],POINT(10.113093 53.653683),
Schnelsen (Anna-Susanna-Stieg) - Kindertagesheim,,,['POI'],POINT(9.919742 53.642881),
Schnelsen (Kriegerdankweg) - Kindertagesheim,,,['POI'],POINT(9.914969 53.631937),
Seestraße - ev. Kita,,,['POI'],POINT(9.875221 53.566732),
Simon-Gemeinde Bramfeld - ev. Kindertagesheim,,,['POI'],POINT(10.112765 53.625732),
Spatzennest Jenfeld - ev. Kindergarten,,,['POI'],POINT(10.137309 53.572209),
St. Bethlehem-Gemeinde - Kita,,,['POI'],POINT(9.963192 53.576838),
St. Bonifatius-Gemeinde Barmbek - ev. Kita,,,['POI'],POINT(10.059829 53.588205),
St. Gabriel-Gemeinde - ev. Kita,,,['POI'],POINT(10.045461 53.603229),
- Kindertagesheim,,,['POI'],POINT(10.016187 53.556829),
St. Gertrud - ev. Kindergarten,,,['POI'],POINT(10.029285 53.567356),
St. Johannes-Gemeinde Volksdorf - ev. Kita,,,['POI'],POINT(10.156349 53.66135),
St. Johannis-Gemeinde - ev. Kindertagesheim,,,['POI'],POINT(9.99337 53.570976),
St. Martinus-Gemeinde - Kindertagesheim,,,['POI'],POINT(9.98265 53.598838),
St. Michael - Gemeinde Bergedorf - ev. Kita,,,['POI'],POINT(10.223612 53.48381),
St. Michaelis-Gemeinde Hamburg-Neustadt - ev. Kita,,,['POI'],POINT(9.977626 53.548759),
St. Nikolai-Gemeinde Altengamme - ev. Kindergarten,,,['POI'],POINT(10.270352 53.428652),
St. Pankratiuskirche Ochsenwerder - ev. Kindergarten,,,['POI'],POINT(10.081966 53.474035),
St. Pauli-Gemeinde - ev. Kindertagesheim,,,['POI'],POINT(10.008881 53.55549),
St. Pauli-Gemeinde St.Pauli - ev. Kita,,,['POI'],POINT(9.964561 53.554112),
St. Paulus-Gemeinde - ev. Kindergarten,,,['POI'],POINT(9.963896 53.465746),
St. Peter-Gemeinde - ev. Kindergarten,,,['POI'],POINT(9.977115 53.608381),
St. Petri und Paulus-Gemeinde - ev. Kindergarten,,,['POI'],POINT(10.211581 53.488749),
St. Petri-Gemeinde Altona - ev. Kindergarten,,,['POI'],POINT(9.937961 53.549436),
St. Petri-Gemeinde Hamburg-Mitte - ev. Kita,,,['POI'],POINT(9.997438 53.550123),
St. Petrus-Gemeinde Heimfeld - ev. Kita,,,['POI'],POINT(9.952606 53.461227),
St. Simeon-Gemeinde Alt-Osdorf - ev. Kindergarten,,,['POI'],POINT(9.844977 53.570679),
St. Stephan Gemeinde Wandsbek-Gartenstadt 1 - ev. Kindergarten,,,['POI'],POINT(10.084834 53.593992),
St. Stephan Gemeinde Wandsbek-Gartenstadt 2 - ev. Kindertagesheim,,,['POI'],POINT(10.081133 53.593963),
St. Stephanus-Gemeinde Eimsbüttel - Kita,,,['POI'],POINT(9.950376 53.578262),
- ev. Kita,,,['POI'],POINT(10.127625 53.530554),
Sülldorf - Kita,,,['POI'],POINT(9.7986 53.579255),
Tabita-Gemeinde Altona 2 - ev. Kindergarten,,,['POI'],POINT(9.918639 53.55318),
Thomas-Gemeinde Bramfeld-Hellbrook - ev. Kita,,,['POI'],POINT(10.061128 53.597871),
Timotheus Billstedt - ev. Kindergarten,,,['POI'],POINT(10.091098 53.548109),
Tonndorf - ev. Kindertagesheim,,,['POI'],POINT(10.135731 53.587688),
Versöhnungskirche Eilbek - ev. Kindergarten,,,['POI'],POINT(10.048501 53.572284),
Vicelinkirche Sasel - ev. Kindergarten,,,['POI'],POINT(10.11303 53.654169),
Villa Sonnenschein - ev. Kita,,,['POI'],POINT(10.066344 53.554874),
Wackelzahn Lohbrügge - ev. Kita,,,['POI'],POINT(10.195893 53.506285),
Wellingsbüttel - ev. Kindergarten,,,['POI'],POINT(10.077009 53.637246),
Windmühlenweg - ev. Kita,,,['POI'],POINT(9.872038 53.567537),
Winterhude-Uhlenhorst - Kinderhaus,,,['POI'],POINT(10.014766 53.588228),
Wohldorf-Ohlstedt - ev. Kita,,,['POI'],POINT(10.13008 53.696671),
Zu den zwölf Aposteln - ev. Kindertagesheim,,,['POI'],POINT(9.885378 53.599849),
Edith-Stein-Gemeinde Bergedorf - kath. Kindertagesstätte,,,['POI'],POINT(10.180562 53.486705),
Heilig Geist Gemeinde Farmsen - kath. Kindergarten,,,['POI'],POINT(10.122119 53.605706),
Heilig Kreuz Gemeinde Volksdorf - kath. Kindergarten,,,['POI'],POINT(10.159243 53.649381),
Herz Jesu-Gemeinde Hamm - kath. Kindergarten,,,['POI'],POINT(10.055905 53.556216),
St. Annen-Gemeinde - kath. Kindergarten,,,['POI'],POINT(9.999627 53.680598),
St. Berhard Gemeinde Poppenbüttel - kath. Kindergarten,,,['POI'],POINT(10.097987 53.654973),
St. Bonifatius-Gemeinde Eimsbüttel - kath. Kindergarten,,,['POI'],POINT(9.957452 53.578053),
St. Elisabeth-Gemeinde Harvestehude - kath.Kindergarten,,,['POI'],POINT(9.985301 53.57779),
St. Joseph-Gemeinde - kath. Kindergarten,,,['POI'],POINT(9.956955 53.551379),
St. Marien-Gemeinde Altona - kath. Kita,,,['POI'],POINT(9.924483 53.551284),
St. Marien-Gemeinde Hamburg-Mitte - kath. Kindergarten,,,['POI'],POINT(10.012701 53.55747),
St. Paulus-Augustinius Gemeinde Blankenese - kath. Kindergarten,,,['POI'],POINT(9.88729 53.564244),
St. Paulus-Gemeinde Bergedorf - kath. Kita,,,['POI'],POINT(10.107839 53.539814),
St. Sophien-Gemeinde Barmbek - kath. Kindergarten,,,['POI'],POINT(10.033986 53.57879),
St. Theresien-Gemeinde Altona - kath.Kindertagesheim,,,['POI'],POINT(9.955162 53.559534),
Gemeinde Bramfeld - kath. Kindergarten,,,['POI'],POINT(10.089799 53.620211),
Abraxas - Kita,,,['POI'],POINT(10.021804 53.585742),
Achtern Born Osdorf - Kita,,,['POI'],POINT(9.846335 53.585783),
Agilo - Kita,,,['POI'],POINT(10.062583 53.552922),
Akademie für Kinder - Kita,,,['POI'],POINT(10.011321 53.586909),
Alsterberg - Kita,,,['POI'],POINT(10.016008 53.617338),
Alte Eichen - Kita,,,['POI'],POINT(9.930128 53.598126),
Alte Post Blankenese - Kita,,,['POI'],POINT(9.757396 53.582524),
- Kinderhaus,,,['POI'],POINT(9.906396 53.547945),
- Kinderstube,,,['POI'],POINT(9.962958 53.563254),
Am Jenischpark - Kindergarten,,,['POI'],POINT(9.870289 53.55586),
Am Pinnasberg - Kinderhaus,,,['POI'],POINT(9.955591 53.54643),
Am Stenvort - Kinderhaus,,,['POI'],POINT(9.946736 53.568766),
Am Werner-Otto-Institut - Kita,,,['POI'],POINT(10.026042 53.611062),
Am Öjendorfer Park - Kita,,,['POI'],POINT(10.145577 53.546934),
Ameisenhaufen - Waldkindergarten,,,['POI'],POINT(10.110288 53.663754),
Antje - Kita,,,['POI'],POINT(9.944216 53.594529),
Auenstraße AWO Hort - Kita,,,['POI'],POINT(10.048209 53.571478),
Auf der Uhlenhorst - Kita,,,['POI'],POINT(10.019033 53.566599),
Augustenpassage - ASB Kita,,,['POI'],POINT(9.966322 53.559211),
Außenmühle - Kindergarten u. Spielhaus,,,['POI'],POINT(9.973277 53.447995),
Babyladen Ottensen - Kita,,,['POI'],POINT(9.926766 53.557044),
Bachstraße Barmbek-Süd - Kita,,,['POI'],POINT(10.024524 53.57711),
Bahrenfeld - Kinderhaus,,,['POI'],POINT(9.892248 53.569653),
Bahrenfelder Straße - Kita,,,['POI'],POINT(9.927068 53.557033),
Bambino e.V. - Kita,,,['POI'],POINT(9.964607 53.568048),
Bandwirker Straße - AWO Hort,,,['POI'],POINT(10.067134 53.576675),
Baruhle - Kita,,,['POI'],POINT(10.045626 53.57629),
Behrmannplatz - DRK-Kita,,,['POI'],POINT(9.95931 53.599441),
Belle 66 - Kinderladen,,,['POI'],POINT(9.961263 53.568381),
Bengel und Engel - Kita,,,['POI'],POINT(9.94732 53.580038),
Bergedorfer Schloßstraße - Kita,,,['POI'],POINT(10.211533 53.489189),
Bergedorfer Straße - Kinderhütte,,,['POI'],POINT(10.213015 53.486748),
Berne - Kinderhaus,,,['POI'],POINT(10.141324 53.629336),
Bilinguale Kita,,,['POI'],POINT(10.017006 53.572727),
Billwerder Straße AWO Hort - Kita,,,['POI'],POINT(10.191021 53.49272),
Binsenort - Kindergarten,,,['POI'],POINT(9.865338 53.592718),
Blankenese - Bilinguale Kita,,,['POI'],POINT(9.823545 53.560756),
Blankenese - Kindergarten,,,['POI'],POINT(9.80704 53.561812),
Blümchen - Kinderhaus,,,['POI'],POINT(9.815635 53.581818),
Bollerwagen - Kindergruppe,,,['POI'],POINT(9.949571 53.582087),
Bornitos - Kita,,,['POI'],POINT(9.85265 53.589682),
Bornstraße - Kita,,,['POI'],POINT(9.980844 53.569803),
Brahmsallee Harvestehude - Kita,,,['POI'],POINT(9.981554 53.575701),
Bramfeld e.V. - Kita,,,['POI'],POINT(10.060371 53.594777),
AWO Hort - Kita,,,['POI'],POINT(9.856215 53.575505),
Brüder-Hornemann-Straße - DRK-Kita,,,['POI'],POINT(9.916729 53.644791),
Bunks Leben - Kita,,,['POI'],POINT(9.962908 53.551062),
Burgunderweg - Kinderstube,,,['POI'],POINT(9.963942 53.628336),
Böckelweg - Kindergarten,,,['POI'],POINT(10.034712 53.610969),
Böckelweg - Kita,,,['POI'],POINT(10.035295 53.610704),
CVJM - Kindertagesheim,,,['POI'],POINT(9.872804 53.595916),
Campus Kids - Kita,,,['POI'],POINT(9.986179 53.565572),
Chamäleon - Kinderclub,,,['POI'],POINT(9.94589 53.555214),
Chemnitzerstraße - AWO Hort,,,['POI'],POINT(9.948313 53.555581),
Chi-Kita - AWO Kita,,,['POI'],POINT(9.856034 53.575515),
Cocorí - Kita,,,['POI'],POINT(9.979836 53.565391),
Curslacker Neuer Deich - Kindergarten,,,['POI'],POINT(10.201763 53.471892),
Das Spielnetz Bergedorf - Kita,,,['POI'],POINT(10.16904 53.517486),
Deelbögenkamp - Kita,,,['POI'],POINT(9.989289 53.601766),
Die Alsterzwerge - Kita,,,['POI'],POINT(9.996884 53.571503),
Die Flottneser - Kita,,,['POI'],POINT(9.885914 53.572782),
Die Hörnchen - Kindergarten,,,['POI'],POINT(10.109427 53.582013),
Die Kindergemeinschaft - Kita,,,['POI'],POINT(9.955408 53.603219),
Die Kindsköpfe - Kita,,,['POI'],POINT(9.917286 53.636996),
Die Kobolde - Kita,,,['POI'],POINT(9.945588 53.550472),
Die Moor-Rüben - Kita,,,['POI'],POINT(9.962227 53.63667),
Die Schatztruhe - Kita,,,['POI'],POINT(9.931268 53.549731),
Die Strolche - Kindergarten,,,['POI'],POINT(9.972672 53.574192),
Die Urmels - Kita,,,['POI'],POINT(10.153418 53.617171),
Die Waldameisen - Kita,,,['POI'],POINT(10.134502 53.697276),
Die halben Meter - Kita,,,['POI'],POINT(9.958289 53.573661),
Die kleinen Borsteler - Kindergarten,,,['POI'],POINT(10.058406 53.629146),
Die wilden Kids - Kindergarten,,,['POI'],POINT(9.902451 53.553268),
Don Bosco - Kita,,,['POI'],POINT(9.88412 53.472321),
Donnerlüttchen - Kinderladen,,,['POI'],POINT(9.924701 53.5544),
Dringsheide - Kita,,,['POI'],POINT(10.119848 53.561546),
Early Learning Center - Kindergarten,,,['POI'],POINT(9.899002 53.552853),
Eilbeker Weg - Kita,,,['POI'],POINT(10.044548 53.569317),
Eimsbütteler Marktplatz - Spielhaus,,,['POI'],POINT(9.948409 53.572716),
Elbpiraten - Kita,,,['POI'],POINT(9.912791 53.561186),
Elbtunnelkids AK Altona - Kita,,,['POI'],POINT(9.898785 53.554733),
Elbvororte - Kindergarten,,,['POI'],POINT(9.826391 53.568167),
Elkes sieben Zwerge - Kita,,,['POI'],POINT(10.149216 53.419474),
Elysee - Kindergarten,,,['POI'],POINT(9.99124 53.563814),
Emilienstraße Eimsbüttel - Kita,,,['POI'],POINT(9.95305 53.572292),
Enfantine - Kinderklub (Alsterkamp),,,['POI'],POINT(9.997299 53.576927),
Enfantine - Kinderklub (Elbchaussee),,,['POI'],POINT(9.815836 53.560108),
Enfantine - Kinderklub (Hallerstraße),,,['POI'],POINT(9.987088 53.572187),
Enfantine - Kinderklub (Oberstraße),,,['POI'],POINT(9.990381 53.577443),
Eppendorf - Kindergruppe,,,['POI'],POINT(9.987465 53.595483),
Ernst-Bergeest-Weg - Kita,,,['POI'],POINT(9.956325 53.445131),
Eulennest - Kita,,,['POI'],POINT(10.032116 53.56956),
Eulenstraße - Kita,,,['POI'],POINT(9.92943 53.550509),
Fahrenort - Hort,,,['POI'],POINT(9.867918 53.599214),
Fakiha - Kita,,,['POI'],POINT(9.988084 53.513908),
Falkennest - Kindergarten,,,['POI'],POINT(10.104517 53.541409),
Feuerwache e.V. - Kita,,,['POI'],POINT(10.022182 53.579538),
Filefant - Kita,,,['POI'],POINT(9.927856 53.553046),
Finkenau - Kindergarten,,,['POI'],POINT(10.048368 53.576679),
Finkenau e.v. Kindergärten,,,['POI'],POINT(10.028402 53.579485),
Finkis - Kindergarten,,,['POI'],POINT(10.029764 53.575915),
Fischers Allee - Kita,,,['POI'],POINT(9.922156 53.546989),
Fledermaus - Kinderhaus,,,['POI'],POINT(9.947981 53.574462),
Fliegenpilz - Kita,,,['POI'],POINT(10.14595 53.594752),
Flitzepipen - Kindergarten,,,['POI'],POINT(9.986487 53.592391),
Flohkiste - Kita,,,['POI'],POINT(10.028402 53.579485),
Flohzirkus - Kita,,,['POI'],POINT(9.975383 53.566685),
Freie Kindergärten Elbvororte - Kita,,,['POI'],POINT(9.910849 53.559278),
Fruchtallee - Kindervilla,,,['POI'],POINT(9.960794 53.569633),
Früchtchen - Kita,,,['POI'],POINT(9.950543 53.572267),
Fuchsbau - Kindergruppe,,,['POI'],POINT(10.116357 53.596883),
Furtweg - Kinderhaus,,,['POI'],POINT(9.903239 53.602977),
Gartenstadtkinder Wandsbek - Kita,,,['POI'],POINT(10.083444 53.586879),
Goethestraße - Kinderhaus,,,['POI'],POINT(9.939753 53.552684),
Gosslers Park - Kita,,,['POI'],POINT(9.81184 53.563415),
Grashüpfer Osdorf - Kita,,,['POI'],POINT(9.843877 53.576105),
Grotefendweg - Kindertagesstätte,,,['POI'],POINT(9.830246 53.566937),
Hafenstraße - Kinderladen,,,['POI'],POINT(9.9611 53.546539),
Happy Little Kids - Kita,,,['POI'],POINT(10.217766 53.482701),
Hasselbrookstraße AWO Hort- Kita,,,['POI'],POINT(10.056184 53.565001),
Haynspark AWO Hort - Kindergarten,,,['POI'],POINT(9.98886 53.594393),
Heidberg - Kinderladen,,,['POI'],POINT(10.01154 53.587833),
Heidberg - Kita,,,['POI'],POINT(10.031857 53.671636),
Heinrich-Helbing-Straße - Kita,,,['POI'],POINT(10.05711 53.596666),
Heußweg - Kita,,,['POI'],POINT(9.951128 53.575452),
Hobbit - Kinderhaus,,,['POI'],POINT(10.097767 53.616266),
Hohenbuchen AWO Hort - Kita,,,['POI'],POINT(10.090123 53.666168),
AWO Hort - Kinderspielhaus,,,['POI'],POINT(10.142991 53.588661),
Hollerbusch AWO Hort - Kita,,,['POI'],POINT(10.065303 53.653884),
Holstentwiete - Kindergarten,,,['POI'],POINT(9.921092 53.552164),
Holzwurm - Kita,,,['POI'],POINT(9.867207 53.602849),
Horner Weg - Kita,,,['POI'],POINT(10.0739 53.554717),
Hort am Wald - Kindergarten,,,['POI'],POINT(10.125538 53.629153),
Höldersallee - Kita,,,['POI'],POINT(10.023102 53.586359),
Im Stadtpark - Kita,,,['POI'],POINT(10.014676 53.593943),
Im Volkspark - Kita,,,['POI'],POINT(9.89453 53.584776),
In der Chocoladenfabrik - Kinderhaus,,,['POI'],POINT(9.933729 53.549775),
In der alten Forst - Kindergarten,,,['POI'],POINT(9.935325 53.449071),
Ise Frösche - Kita,,,['POI'],POINT(9.972556 53.575028),
Iserbrook - Kindergarten,,,['POI'],POINT(9.811809 53.580694),
Iserbrook - Kinderhaus,,,['POI'],POINT(9.831142 53.584883),
Johanna-Kirchner-Haus AWO Hort - Kita,,,['POI'],POINT(10.167474 53.481343),
Jonny-Birckholtz AWO Hort - Kita,,,['POI'],POINT(10.107643 53.614836),
Junior - Kita,,,['POI'],POINT(9.985432 53.581464),
Kahlkamp - Kindergruppe,,,['POI'],POINT(9.804985 53.560883),
Kanalhaus Hamm-Süd (Barmbeker Straße) - Kita,,,['POI'],POINT(10.018234 53.584855),
Kanalhaus Hamm-Süd (Billbrookdeich) - Kita,,,['POI'],POINT(10.110612 53.533364),
Kanalhaus Hamm-Süd (Dakarweg) - Kita,,,['POI'],POINT(10.031042 53.602348),
Kanalhaus Hamm-Süd (Sportallee) - Kita,,,['POI'],POINT(10.000193 53.618253),
Karo Kids St. Pauli - Kita,,,['POI'],POINT(9.97311 53.55974),
Kegelhofstraße - Kinderladen,,,['POI'],POINT(9.978336 53.595207),
Kempa Toni - Kita,,,['POI'],POINT(10.063553 53.618012),
AWO Hort - Kinderspielhaus,,,['POI'],POINT(10.149873 53.488343),
Kielkoppelstraße AWO Hort - Kita,,,['POI'],POINT(10.170213 53.588407),
Kimbim Kindergarten in Meiendorf,,,['POI'],POINT(10.161445 53.628253),
Kind & Kegel - Kita,,,['POI'],POINT(9.973561 53.582631),
Kinder Kinder - Kindergruppe,,,['POI'],POINT(10.005104 53.586431),
Kindergruppe-Hamburg,,,['POI'],POINT(9.974744 53.567112),
Kinderhafen Hamburg - Kita,,,['POI'],POINT(9.996954 53.593068),
Anja Hülsemann,,,['POI'],POINT(9.988398 53.579167),
Korczak,,,['POI'],POINT(9.944732 53.585845),
Strollers,,,['POI'],POINT(9.814549 53.563028),
Kinderladen 100 Blumen,,,['POI'],POINT(9.962565 53.575855),
Kinderladen Karolinenviertel,,,['POI'],POINT(9.964365 53.554788),
Kinderladen Koppel e.V.,,,['POI'],POINT(9.958061 53.562251),
Kinderland Hamburg - Bramfelder Chaussee,,,['POI'],POINT(10.080574 53.619387),
Kinderland Hamburg - Geschäftsstelle,,,['POI'],POINT(9.947507 53.570845),
Kinderland Hamburg - Johannes-Büll-Weg,,,['POI'],POINT(10.059977 53.65439),
Kinderland Hamburg - Osdorfer Landstraße,,,['POI'],POINT(9.874489 53.570718),
Kinderland Hamburg - Rahewinkel,,,['POI'],POINT(10.155302 53.525671),
Kinderstube Peter-Petersen-Schule - Kita,,,['POI'],POINT(10.118784 53.639541),
"Kindertagesstätte  ""Im Stadtpark""",,,['POI'],POINT(10.013758 53.599746),
"Kindertagesstätte ""Am Öjendorfer Park""",,,['POI'],POINT(10.146284 53.548509),
"Kindertagesstätte ""Amsinck-Villa""",,,['POI'],POINT(9.943328 53.600781),
"Kindertagesstätte ""Das Spielnetz""",,,['POI'],POINT(10.169078 53.517216),
"Kindertagesstätte ""De lütten Winterhuder""",,,['POI'],POINT(10.018008 53.583617),
"Kindertagesstätte ""Die Moor-Rüben""",,,['POI'],POINT(9.961685 53.636773),
"Kindertagesstätte ""Die Urmeli's""",,,['POI'],POINT(10.153505 53.617035),
"Kindertagesstätte ""Die kleinen Schätze""",,,['POI'],POINT(10.179232 53.591777),
"Kindertagesstätte ""Im Volkspark""",,,['POI'],POINT(9.896129 53.584683),
"Kindertagesstätte ""Kelloggstraße""",,,['POI'],POINT(10.130933 53.579377),
"Kindertagesstätte ""Kerni-Kids und Co""",,,['POI'],POINT(9.97856 53.45975),
"Kindertagesstätte ""Kerni-Kids""",,,['POI'],POINT(9.976999 53.457993),
"Kindertagesstätte ""Kinderhaus MiLa""",,,['POI'],POINT(10.134538 53.494079),
"Kindertagesstätte ""Kinderhaus Mümmelmaus""",,,['POI'],POINT(10.148673 53.526454),
"Kindertagesstätte ""Kinderland - Haus am Fleet""",,,['POI'],POINT(10.166383 53.488803),
"Kindertagesstätte ""Kinderstube Sasel""",,,['POI'],POINT(10.118462 53.639373),
"Kindertagesstätte ""Kokopelli""",,,['POI'],POINT(10.108349 53.630823),
"Kindertagesstätte ""Pfiffikus""",,,['POI'],POINT(9.85662 53.572384),
"Kindertagesstätte ""Rehagen""",,,['POI'],POINT(10.05643 53.650459),
Kinderwelt Hamburg - Kita,,,['POI'],POINT(10.043838 53.584015),
Kleine Füße - Kita,,,['POI'],POINT(10.027732 53.579257),
Kleine Hexen - Kita,,,['POI'],POINT(9.947546 53.548983),
Knabeweg Osdorf - Kita,,,['POI'],POINT(9.856857 53.574431),
Knickweg - Kita,,,['POI'],POINT(10.018128 53.583589),
Kokopelli - Naturkindergarten,,,['POI'],POINT(10.108683 53.630892),
Konni & Jule - Kita,,,['POI'],POINT(10.096262 53.582683),
Koppelkinder - Kinderhaus,,,['POI'],POINT(10.017403 53.557834),
Krabbelkiste - Kita,,,['POI'],POINT(10.233573 53.483393),
Kratzbürsten - Kita,,,['POI'],POINT(9.938662 53.54704),
Kunterbunt - Kinderhaus,,,['POI'],POINT(9.927493 53.554379),
Kurz und Klein - Kita,,,['POI'],POINT(9.927117 53.552378),
Lek sä in i Norden - Kindergarten,,,['POI'],POINT(9.984451 53.589254),
- ASB Kita,,,['POI'],POINT(9.961033 53.55822),
Leuchtboje - Kita,,,['POI'],POINT(9.911976 53.626345),
Leuchtkäfer - Kita,,,['POI'],POINT(10.206454 53.491245),
Libelle - Kinderladen,,,['POI'],POINT(9.959498 53.567721),
Lollypop - Kinderladen,,,['POI'],POINT(9.958457 53.575771),
Ludolfstraße Eppendorf - Kita,,,['POI'],POINT(9.991294 53.593232),
Löwenzahn - Kita,,,['POI'],POINT(10.062046 53.653689),
Löwenzahn AWO Hort - Kita,,,['POI'],POINT(10.067513 53.652157),
Lütt Iserbrook - Kita,,,['POI'],POINT(9.817072 53.581161),
Lütte Lütt - Kinderladen,,,['POI'],POINT(9.943815 53.573848),
Mafalda - Kinderladen,,,['POI'],POINT(9.967208 53.551737),
Maimouna - Kinderladen,,,['POI'],POINT(9.954336 53.552999),
Manuelita - spanisch-deutsche Kita,,,['POI'],POINT(9.970541 53.581964),
Maria Grün - Kindergarten,,,['POI'],POINT(9.823226 53.561414),
Marienkäfer - Kindergarten,,,['POI'],POINT(9.972672 53.457723),
Martinistraße - Kita,,,['POI'],POINT(9.97509 53.588692),
Meerweinstraße - Kita,,,['POI'],POINT(10.027403 53.587491),
Menschenskinder - Kita,,,['POI'],POINT(10.08254 53.660729),
Mikuteit - Kindergarten,,,['POI'],POINT(10.038585 53.641926),
Mobiles Kinderprojekt Lohbrügge AWO Hort,,,['POI'],POINT(10.210045 53.507814),
Montessori-Kinderhaus AWO,,,['POI'],POINT(10.092184 53.686196),
Moorburg - Kinderland,,,['POI'],POINT(9.92801 53.494595),
Morgenröte AWO Hort - Kindergarten,,,['POI'],POINT(9.890204 53.595186),
Mottenkiste - Kita,,,['POI'],POINT(9.926814 53.553009),
Mottenlos - Kita,,,['POI'],POINT(9.928876 53.547971),
Mozartstraße - Kinderladen,,,['POI'],POINT(10.022884 53.578589),
Murmeltier - Kindergarten,,,['POI'],POINT(10.033849 53.583068),
Mäuseburg - Kita,,,['POI'],POINT(10.227677 53.487865),
Mügge Eimsbüttel - Kita,,,['POI'],POINT(9.940894 53.580314),
Mümmelmannsberg - Kinderland,,,['POI'],POINT(10.154746 53.524086),
Mümmelmaus - Kita,,,['POI'],POINT(10.148487 53.526797),
Noldering - Kita,,,['POI'],POINT(10.045144 53.606296),
Osterbrook Hamm-Süd - Kita,,,['POI'],POINT(10.053744 53.546989),
Osteresch - Kinderhaus,,,['POI'],POINT(9.881838 53.569874),
PAS - Kita,,,['POI'],POINT(9.954603 53.554165),
Panini - Kita,,,['POI'],POINT(9.932627 53.548409),
Papelucho - Kinderladen,,,['POI'],POINT(9.955794 53.602946),
Papilon - Kindergarten,,,['POI'],POINT(9.955255 53.56098),
Paracelsiusstraße - Kinderstube,,,['POI'],POINT(10.094818 53.605088),
Park-Kita Alt-Rahlstedt,,,['POI'],POINT(10.151945 53.599699),
Pfefferminzkamp - Kinderhaus,,,['POI'],POINT(10.089863 53.652576),
Pfiffikus - Kita,,,['POI'],POINT(9.856126 53.572594),
Pirateninsel - Kinderladen,,,['POI'],POINT(10.023594 53.575483),
Poppenbüttel Gesamtschule - AWO Hort,,,['POI'],POINT(10.08229 53.658081),
Poppenbütteler Weg Poppenbüttel - Kita,,,['POI'],POINT(10.084654 53.657646),
Prickelkids - Kita,,,['POI'],POINT(9.945169 53.576344),
Profund - Kindertheater,,,['POI'],POINT(10.04123 53.563281),
Pusteblume - Kindergarten,,,['POI'],POINT(10.159713 53.406128),
Rahlstedt - Kinderhaus,,,['POI'],POINT(10.156799 53.600452),
Rappelkiste - Kita,,,['POI'],POINT(9.8864 53.475494),
Rasselbande - Kinderkrippe,,,['POI'],POINT(10.012649 53.582441),
Rasselbande Altona - Kita,,,['POI'],POINT(9.885914 53.572782),
Rasselbande Horn - Kindergruppe,,,['POI'],POINT(9.948524 53.554888),
Ratz und Rübe - Kita,,,['POI'],POINT(10.075817 53.642675),
Raupe Nimmersatt - Kinderladen,,,['POI'],POINT(9.998991 53.600005),
Ringelsocke Ottensen - Kita,,,['POI'],POINT(9.920222 53.552422),
Rolfincken - Kindergarten,,,['POI'],POINT(10.082136 53.64083),
Rotznasen Kinderhaus,,,['POI'],POINT(9.922156 53.546989),
Räuberhöhle - Kindergruppe,,,['POI'],POINT(10.122336 53.595659),
Räuberhöhle in Bahrenfeld - ASB-Kita,,,['POI'],POINT(9.91386 53.561061),
Röthmoorweg - Schülerladen,,,['POI'],POINT(9.923195 53.627193),
Sartorius - Kita,,,['POI'],POINT(9.943275 53.580753),
Schaukelpferd - Kindergarten,,,['POI'],POINT(9.957738 53.554634),
Schedestraße Eppendorf - Kita,,,['POI'],POINT(9.982286 53.593566),
Schefflerstraße - Kindergarten,,,['POI'],POINT(10.01464 53.582963),
Schmuddelkinder - Kita,,,['POI'],POINT(9.956539 53.568392),
Schmusebacke - Kita,,,['POI'],POINT(10.179809 53.486712),
Schneewittchen - Kindergarten,,,['POI'],POINT(10.076169 53.616129),
Schrammsweg - Kindergruppe,,,['POI'],POINT(9.990192 53.590644),
- Kita,,,['POI'],POINT(10.233907 53.485564),
Seepferdchen AWO Hort - Kita,,,['POI'],POINT(10.166683 53.481073),
Sibeliusstraße - Kita,,,['POI'],POINT(9.904974 53.5605),
Sievekingplatz - Kindergarten,,,['POI'],POINT(9.97675 53.555927),
Sillem - Kita,,,['POI'],POINT(9.947005 53.576069),
Sommerweg Lurup - Kita,,,['POI'],POINT(9.885229 53.596337),
Mond und Sterne Kindergruppe,,,['POI'],POINT(9.948564 53.555346),
Sonnenblume - Kindergarten,,,['POI'],POINT(10.156168 53.608859),
Sonnenhügel AWO Hort - Kindergarten,,,['POI'],POINT(10.125519 53.62732),
Sonnenland - Spielhaus,,,['POI'],POINT(10.13821 53.536627),
Sonnenland AWO Hort - Kita,,,['POI'],POINT(10.133035 53.534915),
Sonnenschein - Kita,,,['POI'],POINT(10.048114 53.542024),
Speckenreye - Kita in der Schule Speckenreye,,,['POI'],POINT(10.094726 53.555399),
Spielnetz - Kita,,,['POI'],POINT(10.169025 53.517468),
Spokis - Kita,,,['POI'],POINT(10.016803 53.588174),
Stadtnasen - Kita,,,['POI'],POINT(9.983975 53.568807),
Stahltwiete - Kita,,,['POI'],POINT(9.92548 53.561709),
Stammannstraße - Kita,,,['POI'],POINT(10.021804 53.585742),
Sterntaler - Kindergarten,,,['POI'],POINT(9.988116 53.572879),
Stoltenstraße AWO Hort - Kita,,,['POI'],POINT(10.094905 53.559971),
Strubbelkinder - Kinderladen,,,['POI'],POINT(9.984446 53.572802),
Susettestraße - Kindergarten,,,['POI'],POINT(9.924605 53.547195),
Swattenweg Lurup - Kita,,,['POI'],POINT(9.85768 53.599395),
TDKG-Türkisch-Deutscher Kindergarten,,,['POI'],POINT(9.957168 53.564837),
Teddybär - Kindergarten,,,['POI'],POINT(9.861896 53.597981),
Telemannstraße- Kita,,,['POI'],POINT(9.95318 53.579453),
Thedestraße - Kinderladen,,,['POI'],POINT(9.94968 53.553962),
Tigerente - Kita,,,['POI'],POINT(10.127606 53.658498),
Tigerente AWO Hort - Kita,,,['POI'],POINT(9.992119 53.496263),
Tigerente Sasel - Kita,,,['POI'],POINT(10.111233 53.654248),
Tilomann Hort Hasselbrook - Kindertagesheim,,,['POI'],POINT(10.045299 53.566723),
Tobekatzen - Kindergarten,,,['POI'],POINT(9.960576 53.571342),
Tornquiststraße Eimsbüttel - Kita,,,['POI'],POINT(9.957512 53.572688),
Turmweg - Kita,,,['POI'],POINT(9.991741 53.571043),
Uhlenhoffweg - Kita,,,['POI'],POINT(9.877588 53.529417),
Unizwerge - Kindergarten,,,['POI'],POINT(9.975928 53.457274),
Villa Kunterbunt AWO Hort - Kita,,,['POI'],POINT(10.084587 53.659147),
Villa Wackelzahn - Kita,,,['POI'],POINT(9.956501 53.568697),
Vogelweide - Kindergarten,,,['POI'],POINT(10.04114 53.575619),
Wabe - Kita,,,['POI'],POINT(10.026123 53.587016),
Wackelzahn - Kita,,,['POI'],POINT(9.956119 53.567146),
Waldkindergarten - Die Schlaufüchse - Kindergarten,,,['POI'],POINT(10.032262 53.651712),
Waldkindergarten Bergedorf AWO - Kindergarten,,,['POI'],POINT(10.262784 53.47226),
Waldkindergarten Bergstedt - Kindergarten,,,['POI'],POINT(10.036057 53.634409),
Waldkindergarten Berne - Kindergarten,,,['POI'],POINT(10.129824 53.633426),
Waldkindergarten Harburg - Kindergarten,,,['POI'],POINT(9.930961 53.436059),
Waldkindergarten Ohlstedt - Kindergarten,,,['POI'],POINT(10.133762 53.697337),
Waldkindergarten Volksdorf - Kindergarten,,,['POI'],POINT(10.159657 53.655101),
Waldkindergarten Wentorf - Kindergarten,,,['POI'],POINT(10.275444 53.496126),
Wichtel K.G. - Kita,,,['POI'],POINT(9.989647 53.617703),
Wilde 13 - Kinderladen,,,['POI'],POINT(9.922226 53.561994),
Wirbelwind - Kita,,,['POI'],POINT(10.235852 53.475758),
Wrangelstraße Hoheluft-West - Kita,,,['POI'],POINT(9.967798 53.582174),
Wurzelkinder - Kinderladen,,,['POI'],POINT(9.957006 53.566995),
Wurzelzwerge - Kindergarten,,,['POI'],POINT(9.94968 53.618584),
Zappellott - Kita,,,['POI'],POINT(9.965098 53.550532),
Zauberburg - AWO Hort - Kita,,,['POI'],POINT(9.911304 53.649163),
Zaubermäuse - Kindergarten,,,['POI'],POINT(9.754101 53.581485),
von-Halem-straße AWO Hort - Kita,,,['POI'],POINT(10.1655 53.48519),
Öjendorfer Höhe - Kita,,,['POI'],POINT(10.127968 53.542313),
Ahrensburger Weg Volksdorf - Kita,,,['POI'],POINT(10.171127 53.653614),
Allermöhe - Kita,,,['POI'],POINT(10.173116 53.483292),
Alsterredder Wandsbek - Kita,,,['POI'],POINT(10.101569 53.657797),
Alter Teichweg Dulsberg - Kita,,,['POI'],POINT(10.07485 53.589212),
Am Blumenacker Fuhlsbüttel - Kita,,,['POI'],POINT(10.016921 53.628257),
Am Husarendenkmal - Marienthal - Kita,,,['POI'],POINT(10.074295 53.564345),
Am Waldesrand Rahlstedt - Kita,,,['POI'],POINT(10.178126 53.599794),
An der Falkenbek Neugraben-Fischbnek - Kita,,,['POI'],POINT(9.860292 53.470734),
Auf der Höhe Wilhelmsburg - Kita,,,['POI'],POINT(10.014833 53.50468),
Baererstraße Eißendorf - Kita,,,['POI'],POINT(9.974271 53.454583),
Bauerberg Horn - Kita,,,['POI'],POINT(10.081487 53.552231),
Baumacker Eidelstedt - Kita,,,['POI'],POINT(9.896462 53.617531),
Behringstraße Ottensen - Kita,,,['POI'],POINT(9.912015 53.553869),
Bei der Paul-Gerhardt-Kirche Bahrenfeld - Kita,,,['POI'],POINT(9.920896 53.560531),
Bekasinenau Rahlstedt - Kita,,,['POI'],POINT(10.134656 53.61912),
Bekkamp 60 Jendeld - Kita,,,['POI'],POINT(10.143613 53.577028),
Bengelsdorfstraße Bramfeld - Kita,,,['POI'],POINT(10.094144 53.598903),
Bergedorfer Kids Bergedorf - Kita,,,['POI'],POINT(10.219951 53.485375),
Bernadottestraße Othmarschen - Kita,,,['POI'],POINT(9.898352 53.549264),
Bille-Kids Billbrook - Kita,,,['POI'],POINT(10.106651 53.531271),
Bindfeldweg Niendorf - Kita,,,['POI'],POINT(9.947181 53.622405),
Bissingstraße Heimfeld - Kita,,,['POI'],POINT(9.964392 53.468366),
Blostwiete Horn - Kita,,,['POI'],POINT(10.090359 53.546948),
Boberger Füchse Lohbrügge - Kita,,,['POI'],POINT(10.160042 53.512587),
Brödermannsweg Groß Borstel - Kita,,,['POI'],POINT(9.975139 53.605252),
Charlo Jenfeld - Kita,,,['POI'],POINT(10.144604 53.582392),
City Nord Alsterdorf- Kita,,,['POI'],POINT(10.02299 53.606101),
Club Martinistraße Hoheluft-Ost - Kita,,,['POI'],POINT(9.974764 53.588956),
Curslack - Kita,,,['POI'],POINT(10.229283 53.448599),
Cuxhavener Straße 400 Neugraben-Fischbek - Kita,,,['POI'],POINT(9.839565 53.471995),
Cuxi Kids Hausbruch - Kita,,,['POI'],POINT(9.881076 53.472235),
Dahlemer Ring Jenfeld - Kita,,,['POI'],POINT(10.143101 53.585479),
Denksteinweg Jenfeld - Kita,,,['POI'],POINT(10.129973 53.570562),
Die Eule Ottensen - Kita,,,['POI'],POINT(9.927768 53.550441),
Dietzweg Billstedt - Kita,,,['POI'],POINT(10.10966 53.560383),
Dortmunder Straße Langenhorn - Kita,,,['POI'],POINT(9.996192 53.672944),
Druckerstraße Billstedt - Kita,,,['POI'],POINT(10.120482 53.535896),
Dschungelkinder Langenhorn - Kita,,,['POI'],POINT(10.023885 53.675478),
Eckermannstraße Wilhelmsburg - Kita,,,['POI'],POINT(9.989574 53.513797),
Eddelbüttelstraße Harburg - Kita,,,['POI'],POINT(9.985335 53.452596),
Elb-Kinder Wilhelmsburg - Kita,,,['POI'],POINT(10.010313 53.493343),
Elbchaussee Othmarschen - Kita,,,['POI'],POINT(9.909466 53.546179),
Elfenwiese Marmstorf - Kita,,,['POI'],POINT(9.969906 53.438795),
Elise Hohenfelde - Kita,,,['POI'],POINT(10.032771 53.561135),
Erdkampsweg Fuhlsbüttel - Kita,,,['POI'],POINT(10.011315 53.635942),
Erich-Ziegel-Ring Steilshoop - Kita,,,['POI'],POINT(10.062724 53.615091),
Ernst-Bergeest-Weg Marmstorf - Kita,,,['POI'],POINT(9.958332 53.442033),
Fabricius Bramfeld - Kita,,,['POI'],POINT(10.072672 53.616475),
Feldbrunnen Rotherbaum - Kita,,,['POI'],POINT(9.991058 53.568946),
Flughafenstraße Hummelsbüttel - Kita,,,['POI'],POINT(10.023824 53.640526),
Franz-Marc-Straße Billstedt - Kita,,,['POI'],POINT(10.146574 53.52633),
Friedrich-Frank-Bogen Bergedorf - Kita,,,['POI'],POINT(10.176564 53.493555),
Fritz-Flinte-Ring Steilshoop - Kita,,,['POI'],POINT(10.052343 53.610887),
Fö Stellingen - Kita,,,['POI'],POINT(9.933623 53.579903),
Försterweg Stellingen - Kita,,,['POI'],POINT(9.929134 53.579669),
Glückstädter Weg Osdorf - Kita,,,['POI'],POINT(9.854344 53.59127),
Grasweg Winterhude - Kita,,,['POI'],POINT(10.003879 53.592749),
Greifswalder Straße St. Georg - Kita,,,['POI'],POINT(10.011731 53.557272),
Gropiusring Steilshoop - Kita,,,['POI'],POINT(10.057309 53.614294),
Großlohering 52e Rahlstedt - Kita,,,['POI'],POINT(10.182429 53.600246),
Hammer Straße Marienthal - Kita,,,['POI'],POINT(10.069124 53.560986),
Harnackring Lohbrügge - Kita,,,['POI'],POINT(10.212459 53.508957),
Hartzloh - Barmbek-Nord - Kita,,,['POI'],POINT(10.043427 53.601621),
Haus Kinderwelt Schnelsen - Kita,,,['POI'],POINT(9.916275 53.62385),
Hegholt Bramfeld - Kita,,,['POI'],POINT(10.077278 53.603908),
Heilholtkamp Alsterdorf - Kita,,,['POI'],POINT(10.022893 53.610837),
Hermannstal Horn - Kita,,,['POI'],POINT(10.096854 53.550159),
Hinrichsenstraße Borgfelde - Kita,,,['POI'],POINT(10.033216 53.558346),
Hirtenweg Othmarschen - Kita,,,['POI'],POINT(9.899152 53.552124),
Hohnerredder Bramfeld - Kita,,,['POI'],POINT(10.09432 53.62088),
Horner Hummeln - Kita,,,['POI'],POINT(10.066792 53.555301),
Horner Strolche Horn - Kita,,,['POI'],POINT(10.073683 53.555087),
Hospitalstraße Altona- Kita,,,['POI'],POINT(9.946496 53.556009),
Hummelsbüttel - Kita,,,['POI'],POINT(10.040986 53.647296),
Höhenstieg Alsterdorf - Kita,,,['POI'],POINT(10.011269 53.618825),
Immenbusch Osdorf - Kita,,,['POI'],POINT(9.853572 53.584437),
Inselkinder Finkenwerder - Kita,,,['POI'],POINT(9.881069 53.530002),
Iserbrooker Weg Sülldorf - Kita,,,['POI'],POINT(9.812028 53.578742),
Jarrestraße Winterhude - Kita,,,['POI'],POINT(10.027913 53.585456),
Jenfelder Allee Jenfeld - Kita,,,['POI'],POINT(10.128365 53.576499),
Jenfelder Spatzen Jenfeld - Kita,,,['POI'],POINT(10.143019 53.575695),
Jordanstraße Hamm-Nord - Kita,,,['POI'],POINT(10.04101 53.558638),
JuKiCo Billstedt - Kita,,,['POI'],POINT(10.110428 53.53554),
Jugendstraße Stellingen - Kita,,,['POI'],POINT(9.932599 53.591682),
Jungborn Schnelsen - Kita,,,['POI'],POINT(9.921053 53.630184),
Justus-Strandes-Weg Ohlsdorf - Kita,,,['POI'],POINT(10.03002 53.62491),
KAP-Strolche Lohbrügge - Kita,,,['POI'],POINT(10.209487 53.507801),
Kaifu Eimsbüttel - Kita,,,['POI'],POINT(9.965796 53.573187),
Kandinskyallee Billstedt - Kita,,,['POI'],POINT(10.149156 53.532586),
Karoline St. Pauli - Kita,,,['POI'],POINT(9.975328 53.561007),
Kiddie's Oase Wilhelmsburg - Kita,,,['POI'],POINT(9.986278 53.515325),
Kirchdorfer Straße Wilhelmsburg - Kita,,,['POI'],POINT(10.01406 53.485566),
Kleiberweg Lurup - Kita,,,['POI'],POINT(9.875877 53.60283),
Kleine Horst Klein Borstel - Kita,,,['POI'],POINT(10.048175 53.630485),
Kleine Schlossgeister Farmsen-Berne - Kita,,,['POI'],POINT(10.1275 53.622234),
Kohlhöfen Neustadt - Kita,,,['POI'],POINT(9.980005 53.553124),
Koldingstraße Altona-Nord - Kita,,,['POI'],POINT(9.946166 53.563496),
Ladenbeker Furtweg Bergedorf - Kita,,,['POI'],POINT(10.181369 53.492412),
r Chaussee Langenhorn - Kita,,,['POI'],POINT(10.004838 53.656016),
Lothringer Straße Dulsberg - Kita,,,['POI'],POINT(10.057036 53.582209),
Marckmammstraße Rothenburgsort - Kita,,,['POI'],POINT(10.045471 53.534536),
Maria-Louisen-Straße Winterhude - Kita,,,['POI'],POINT(10.006692 53.592249),
Marienhöhe Blankenese - Kita,,,['POI'],POINT(9.802651 53.572301),
Markusstraße Neustadt - Kita,,,['POI'],POINT(9.979286 53.551396),
Mendelstraße Lohbügge - Kita,,,['POI'],POINT(10.186562 53.50787),
Mennonitenstraße - Kita,,,['POI'],POINT(9.948716 53.566846),
Moltkestraße Hoheluft-West - Kita,,,['POI'],POINT(9.971971 53.580469),
Mondrianweg Billstedt - Kita,,,['POI'],POINT(10.144788 53.53279),
Monetastraße - Kita,,,['POI'],POINT(9.97704 53.569798),
Neuwiedenthaler Straße Neugraben-Fischbek - Kita,,,['POI'],POINT(9.861482 53.476655),
Norderstraße Klostertor - Kita,,,['POI'],POINT(10.012304 53.549701),
Oldenburger Straße Stellingen - Kita,,,['POI'],POINT(9.925252 53.60377),
Ottenser Hauptstraße Ottensen - Kita,,,['POI'],POINT(9.926438 53.551709),
Otto-Brenner-Straße Wilhelmsburg - Kita,,,['POI'],POINT(10.017037 53.486565),
Pinelsweg Barmbek-Süd - Kita,,,['POI'],POINT(10.054386 53.58128),
Planet 266 Billstedt - Kita,,,['POI'],POINT(10.142967 53.543554),
Rabenhorst Wellingsbüttel - Kita,,,['POI'],POINT(10.085017 53.641757),
Rahlstedter Bahnhofstraße/Haus Christiansen - Kita,,,['POI'],POINT(10.152473 53.600781),
Ratz und Rübe Lohbrügge - Kita,,,['POI'],POINT(10.198357 53.496403),
Rauchstraße Marienthal - Kita,,,['POI'],POINT(10.084919 53.570207),
Reemstückenkamp Eidelstedt - Kita,,,['POI'],POINT(9.910234 53.613545),
Rehrstieg Hausbruch - Kita,,,['POI'],POINT(9.873578 53.477457),
Rellinger Straße Eimsbüttel - Kita,,,['POI'],POINT(9.942691 53.574207),
Rodenbeker Straße Bergstedt - Kita,,,['POI'],POINT(10.120159 53.675442),
Rotenhäuser Damm Wilhelmsburg - Kita,,,['POI'],POINT(9.99049 53.506538),
Rübe 1-2-3 Barmbek-Nord - Kita,,,['POI'],POINT(10.036472 53.599552),
Rübenkamp 15 Barmbek-Nord - Kita,,,['POI'],POINT(10.039812 53.590366),
Sandfoort - Langenhorn - Kita,,,['POI'],POINT(10.006794 53.651147),
Saseler Park Sasel - Kita,,,['POI'],POINT(10.109459 53.65351),
Scheplerstraße Altona-Altstadt - Kita,,,['POI'],POINT(9.954666 53.554938),
Schlicksweg Barmbek-Nord - Kita,,,['POI'],POINT(10.057333 53.594086),
Schneverdinger Weg Wilstorf - Kita,,,['POI'],POINT(9.992841 53.440098),
Schulenburgring Lohbrügge - Kita,,,['POI'],POINT(10.187598 53.508812),
Schulkinderclub Billbrookdeich Billstedt,,,['POI'],POINT(10.110936 53.532489),
Schulkinderclub Spliedtring Billstedt,,,['POI'],POINT(10.11083 53.562996),
Schulkinderclub Öjendorfer Höhe Billstedt,,,['POI'],POINT(10.12821 53.542337),
Schweidnitzer Straße Jenfeld - Kita,,,['POI'],POINT(10.139974 53.576452),
Sinstorfer Kirchweg - Kita,,,['POI'],POINT(9.980255 53.424189),
Spatzennest Lohbrügge - Kita,,,['POI'],POINT(10.210147 53.501891),
Spitzbergenweg Rahlstedt - Kita,,,['POI'],POINT(10.166681 53.627905),
Stadtoase Eidelstedt - Kita,,,['POI'],POINT(9.898577 53.60968),
Steilshooper Allee Steilshoop - Kita,,,['POI'],POINT(10.048485 53.608217),
Struenseestraße Altona-Altstadt - Kita,,,['POI'],POINT(9.94411 53.547087),
Sturmvogelweg - Kita,,,['POI'],POINT(10.108799 53.553427),
Swebengrund - Farmsen-Berne - Kita,,,['POI'],POINT(10.118513 53.609882),
Südring Winterhude - Kita,,,['POI'],POINT(10.020731 53.591376),
Tangstedter Landstraße Langenhorn - Kita,,,['POI'],POINT(10.018647 53.6566),
Tannenweg Langenhorn - Kita,,,['POI'],POINT(10.016291 53.6467),
Tegelweg Farmsen-Berne - Kita,,,['POI'],POINT(10.108373 53.602312),
Tondernstraße - Dulsberg - Kita,,,['POI'],POINT(10.063545 53.586465),
Tonndorfer Schulstraße - Kita,,,['POI'],POINT(10.128447 53.585807),
Uffelnsweg Veddel - Kita,,,['POI'],POINT(10.021769 53.52359),
Vizelinstraße - Kita,,,['POI'],POINT(9.951835 53.58879),
Wagnerstraße Barmbek-Süd - Kita,,,['POI'],POINT(10.038376 53.573091),
Wagrierweg Niendorf - Kita,,,['POI'],POINT(9.943533 53.641123),
Wedeler Landstraße Rissen - Kita,,,['POI'],POINT(9.76266 53.581386),
Wernigeroder Weg Niendorf - Kita,,,['POI'],POINT(9.948857 53.634432),
Wichmannstraße Bahrenfeld - Kita,,,['POI'],POINT(9.893694 53.569489),
Wiesnerring Bergedorf - Kita,,,['POI'],POINT(10.197377 53.483554),
Winterhuder Weg Uhlenhorst - Kita,,,['POI'],POINT(10.026076 53.571373),
Wümmeweg Neugraben-Fischbek - Kita,,,['POI'],POINT(9.869668 53.475572),
Zeiseweg Altona-Nord - Kita,,,['POI'],POINT(9.945139 53.55876),
"r Friedhof, Träger Kirchengemeinde Ahrensburg",,,['POI'],POINT(10.219028 53.663038),
"Alter Friedhof Curslack, Träger Kirchengemeinde St.Johannis zu Curslack",,,['POI'],POINT(10.22785 53.449009),
"Alter Friedhof Finkenwerder, Träger Bezirksamt Hamburg-Mitte",,,['POI'],POINT(9.864981 53.527937),
"Alter Friedhof Kirchwerder, Träger Ev.-Luth.Kirchengemeinde Kirchwerder",,,['POI'],POINT(10.198811 53.418483),
"Alter Friedhof Neugraben, Träger Bezirksamt Harburg",,,['POI'],POINT(9.86626 53.476863),
"Alter Friedhof Wandsbek v. 1850, Träger Kirchengemeindeverband Wandsbek",,,['POI'],POINT(10.069356 53.577374),
"Alter und Neuer Friedhof Niendorf, Träger Ev.-Luth. Kirchengemeide Niendorf-Markt",,,['POI'],POINT(9.949917 53.617046),
"Bernadottestraße, Friedhof Träger ev.-luth.Kirchengemeindeverband Altona",,,['POI'],POINT(9.920712 53.548555),
"Friedhof Allermöhe, Träger Ev.-Luth. Dreieinigkeitskirche Allermöhe-Reitbrook",,,['POI'],POINT(10.127661 53.482517),
"Friedhof Altengamme, Träger Kirchengemeinde St.Nicolai zu Altengamme",,,['POI'],POINT(10.269941 53.428989),
"Friedhof Altenwerder, Träger Bezirk Harburg",,,['POI'],POINT(9.917827 53.505888),
"Friedhof Altona, Träger Bezirk Altona",,,['POI'],POINT(9.889244 53.582551),
"Friedhof Bergedorf, Träger Bezirksamt Bergedorf",,,['POI'],POINT(10.245697 53.480724),
"Friedhof Bergstedt, Träger ev.-luth.Kirchengemeindeverband Bergstedt",,,['POI'],POINT(10.128632 53.670834),
"Friedhof Billwerder, Träger Ev.-Luth. Kirchengemeinde St. Nicolai zu Hamburg-Billwerder a. d. Bille",,,['POI'],POINT(10.126822 53.513938),
"Friedhof Blankenese, Träger Kirchengemeinde Blankenese",,,['POI'],POINT(9.801972 53.576312),
"Friedhof Bornkamp, Träger ev.-luth. Kirchengemeindeverband Altona",,,['POI'],POINT(9.921952 53.569526),
"Friedhof Bramfeld, Träger Kirchengemeindeverband Bramfeld",,,['POI'],POINT(10.088183 53.617908),
"Friedhof Diebsteich, Träger ev.-luth. Kirchengemeindeverband Altona",,,['POI'],POINT(9.932679 53.568598),
"Friedhof Eidelstedt, Träger Kirchengemeinde Eidelstedt",,,['POI'],POINT(9.909354 53.607747),
"Friedhof Finkenriek, Träger Bezirksamt Hamburg-Mitte",,,['POI'],POINT(10.004376 53.475503),
"Friedhof Fischbek, Träger Bezirksamt Harburg",,,['POI'],POINT(9.843425 53.47071),
"Friedhof Groß Flottbek, Träger Ev.-Luth. Kirchengemeinde Groß Flottbek",,,['POI'],POINT(9.87247 53.573096),
"Friedhof Hinschenfelde, Träger Kirchengemeindeverband Wandsbek",,,['POI'],POINT(10.107815 53.589091),
"Friedhof Holstenkamp, Träger ev.-luth.Kirchengemeindeverband Altona",,,['POI'],POINT(9.912669 53.571646),
"Friedhof Kirchdorf-Amtshof, Träger Bezirksamt Hamburg-Mitte",,,['POI'],POINT(10.017672 53.487952),
"Friedhof Langenbek, Träger Bezirksamt Harburg",,,['POI'],POINT(9.993164 53.42623),
"Friedhof Moorburg, Träger Ev.-Luth. Kirchengemeinde Moorburg",,,['POI'],POINT(9.939686 53.488403),
"Friedhof Moorfleet, Ev.-Luth.St. Nicolaikirchengemeinde Hamburg-Moorfleet",,,['POI'],POINT(10.08241 53.511563),
"Friedhof Neuenfelde, Träger Ev.-Luth. St.Pankratius Kirchengemeinde in Hamburg-Neuenfelde",,,['POI'],POINT(9.807414 53.520432),
"Friedhof Neuengamme, Träger Ev.-Luth.Kirchengemeinde St.Johannis zu Neuengamme",,,['POI'],POINT(10.221932 53.44526),
"Friedhof Nienstedten, Träger Ev.-Luth. Kirchengemeinde Nienstedten",,,['POI'],POINT(9.842997 53.555373),
"Friedhof Ochsenwerder, Träger Ev.-Luth. Kirchengemeinde St.Pankratius zu Ochsenwerder",,,['POI'],POINT(10.084953 53.475975),
"Friedhof Ohlsdorf, Träger Hamburger Friedhöfe -AöR-",,,['POI'],POINT(10.034745 53.61973),
"Friedhof Rahlstedt, Träger ev.-luth.Kirchengemeindeverband Rahlstedt",,,['POI'],POINT(10.153557 53.594571),
"Friedhof Schiffbek, Träger Ev.-Luth. Kirchengemeinde Schiffbek zu Hamburg-Billstedt",,,['POI'],POINT(10.112521 53.553231),
"Friedhof Sinstorf, Träger Kirchengemeinde Sinstorf",,,['POI'],POINT(9.972199 53.423851),
"Friedhof Tonndorf, Träger Kirchengemeindeverband Wandsbek",,,['POI'],POINT(10.114153 53.583191),
"Friedhof Volksdorf, Träger Hamburger Friedhöfe -AöR-",,,['POI'],POINT(10.159912 53.667112),
"Friedhof Wilstorf, Träger Ev.-Luth. Paul-Gerhardt-Kirchengemeinde in Hamburg Harburg",,,['POI'],POINT(9.981842 53.437574),
"Friedhof Öjendorf, Träger Hamburger Friedhöfe -AöR-",,,['POI'],POINT(10.128797 53.55643),
Garten- und Friedhofsabteilung Harburg,,,['POI'],POINT(9.980436 53.459519),
Hamburger Friedhöfe -AÖR (Ohlsdorf),,,['POI'],POINT(10.032981 53.623609),
"Harburger neuer Friedhof, Träger Ev.-Luth.Gesamtverband Harburg",,,['POI'],POINT(9.954783 53.445512),
"Heidefriedhof Neugraben, Träger Bezirk Harburg",,,['POI'],POINT(9.868836 53.448846),
"Jüdischer Friedhof, Träger Jüdische Gemeinde in Hamburg",,,['POI'],POINT(10.041443 53.614918),
"Lüneburger Friedhof, Träger Ev.-Luth. KirchengemeindeFinkenwerder",,,['POI'],POINT(9.866244 53.52702),
"Mennonitenfriedhof, Träger Mennonitengemeinde zu Hamburg und Altona",,,['POI'],POINT(9.916614 53.571149),
"Neuer Friedhof Curslack, Träger Ev.-Luth. Kirchengemeinde St.Johannis zu Curslack",,,['POI'],POINT(10.230223 53.454565),
"Neuer Friedhof Finkenwerder, Träger Hamburger Friedhöfe (AÖR)",,,['POI'],POINT(9.875432 53.527231),
"Neuer Friedhof Harburg, Träger Ev.-Luth. Gesamtverband Harburg",,,['POI'],POINT(9.955698 53.446736),
"Neuer Friedhof Kirchwerder, Träger Ev.-Luth. Kirchengemeinde Kirchwerder",,,['POI'],POINT(10.195714 53.415846),
"Neuer Friedhof Steinbek, Träger Ev.-Luth. Kirchengemeinde Kirche Steinbek",,,['POI'],POINT(10.125672 53.53254),
"r neuer Friedhof, Träger Ev.-Luth. Kirchengemeinde Niendorf",,,['POI'],POINT(9.953896 53.61856),
"Ottenser Friedhof, Träger Kirchengemeinde Altona",,,['POI'],POINT(9.92078 53.548923),
"Rellinger Friedhof, Träger ev.-luth.Kirchengemeinde Rellingen",,,['POI'],POINT(9.831593 53.650085),
"alter Friedhof, Träger Kirchengemeinde Kirche in Steinbek",,,['POI'],POINT(10.127565 53.530545),
"Stellinger Friedhof, Träger ev.-luth.Kirchengemeinde Stellingen",,,['POI'],POINT(9.925225 53.590131),
"Südfriedhof Kirchwerder, Träger Ev.-Luth. Kirchengemeinde Kirchwerder",,,['POI'],POINT(10.194624 53.415578),
"Waldfriedhof Wohldorf, Träger Hamburger Friedhöfe -AöR-",,,['POI'],POINT(10.15476 53.708853),
"r Friedhof, Träger ev.-luth.Kirchengemeinde Wentorf",,,['POI'],POINT(10.250937 53.496511),
Baptisten-Gemeinde,,,['POI'],POINT(9.832826 53.573002),
British Sailors Soc.,,,['POI'],POINT(9.974838 53.544981),
Brüdergemeinde Predigtst.,,,['POI'],POINT(9.999847 53.553131),
Buddhistische Gesellschaft Hamburg,,,['POI'],POINT(10.040823 53.609991),
Bugenhagenhaus Groß Flottbek,,,['POI'],POINT(9.869535 53.571347),
Christengemeinde Elim,,,['POI'],POINT(10.028828 53.572796),
Eng.Mission T.Seaman,,,['POI'],POINT(10.116281 53.571113),
Ev.-Luth. Kirchengemeinde Wentorf,,,['POI'],POINT(10.249677 53.495679),
Ev.Freikirche,,,['POI'],POINT(10.146907 53.590501),
Freie Evangelische Gemeinde Holstenwall,,,['POI'],POINT(9.982498 53.549348),
Freie evangelische Gemeinde Farmsen,,,['POI'],POINT(10.116321 53.596101),
Griechisch-Orthodoxe Gemeinde,,,['POI'],POINT(9.992341 53.572808),
Heilsarmee,,,['POI'],POINT(10.034565 53.622858),
Herrnhuter Brüdergemeine Hamburg,,,['POI'],POINT(10.021006 53.565172),
Jüdische Gemeinde,,,['POI'],POINT(9.966894 53.569045),
Jüdische Synagoge,,,['POI'],POINT(9.967942 53.572631),
Mennonitengemeinde,,,['POI'],POINT(9.94831 53.567613),
Methodistische Kirche,,,['POI'],POINT(10.046836 53.570295),
Pfingstgemeinde,,,['POI'],POINT(9.956529 53.565256),
Adventistenkirche Schnelsen,,,['POI'],POINT(9.914688 53.631526),
Albert-Schweitzer-Kirche,,,['POI'],POINT(10.00546 53.725286),
Allerheiligen Kirche,,,['POI'],POINT(9.870988 53.480441),
Ansgar Kirche Langenhorn,,,['POI'],POINT(10.008473 53.652418),
Apostelgemeinde Eißendorf,,,['POI'],POINT(9.940745 53.45114),
Apostelkirche Eimsbüttel,,,['POI'],POINT(9.94513 53.575922),
Auferstehungsgemeinde Marmstorf,,,['POI'],POINT(9.968081 53.439259),
Auferstehungskirche Barmbek,,,['POI'],POINT(10.052051 53.591823),
Auferstehungskirche Lohbrügge,,,['POI'],POINT(10.209402 53.508018),
Auferstehungskirche Lurup,,,['POI'],POINT(9.870639 53.592742),
Auferstehungskirche Marmstorf,,,['POI'],POINT(9.968275 53.439167),
Bergstedter Kirche,,,['POI'],POINT(10.126308 53.672231),
Blankeneser Kirche am Marktplatz,,,['POI'],POINT(9.81261 53.561864),
Bodelschwingh-Kirche,,,['POI'],POINT(10.013433 53.584285),
Broder-Hinrick-Kirche,,,['POI'],POINT(10.023382 53.662849),
Bugenhagengemeinde Groß Flottbek,,,['POI'],POINT(9.877419 53.56571),
Bugenhagengemeinde Rönneburg,,,['POI'],POINT(9.995572 53.43976),
Bugenhagenkirche Barmbek,,,['POI'],POINT(10.032151 53.581546),
Bugenhagenkirche Nettelnburg,,,['POI'],POINT(10.185606 53.481183),
Cantate Kirche Duvenstedt,,,['POI'],POINT(10.106836 53.704634),
Christ-König-Kirche,,,['POI'],POINT(9.960746 53.597488),
Christianskirche Ottensen,,,['POI'],POINT(9.933139 53.547659),
Christopheruskirche Bergedorf,,,['POI'],POINT(10.176492 53.493152),
Christophorusgemeine,,,['POI'],POINT(10.180259 53.602604),
Christophoruskirche,,,['POI'],POINT(9.946191 53.558536),
Christophoruskirche Hummelsbüttel,,,['POI'],POINT(10.051917 53.644173),
Christuskirche Eidelstedt,,,['POI'],POINT(9.891117 53.614857),
Christuskirche Eimsbüttel,,,['POI'],POINT(9.961911 53.569651),
Christuskirche Hamm,,,['POI'],POINT(10.04676 53.558668),
Christuskirche Harburg,,,['POI'],POINT(9.98194 53.455517),
Christuskirche Nord,,,['POI'],POINT(9.97172 53.674736),
Christuskirche Othmarschen,,,['POI'],POINT(9.891669 53.552872),
Christuskirche Wandsbek,,,['POI'],POINT(10.071365 53.572647),
Corneliuskirche Fischbek,,,['POI'],POINT(9.828514 53.47369),
Dankes Kirche Rahlstedt,,,['POI'],POINT(10.180065 53.589703),
Dankeskirche Hamm,,,['POI'],POINT(10.054981 53.547598),
Der Gute Hirte Jenfeld,,,['POI'],POINT(10.120875 53.571304),
Die Jugendkirche,,,['POI'],POINT(9.869205 53.572913),
Dietrich-Bonhoeffer-Kirche,,,['POI'],POINT(10.073288 53.585955),
Dietrich-Bonhoeffer-Kirche Rahlstedt,,,['POI'],POINT(10.141804 53.618001),
Domkirche St. Marien,,,['POI'],POINT(10.013444 53.557626),
Dreifaltigkeitskirche Hamm,,,['POI'],POINT(10.056637 53.555922),
Dreifaltigkeitskirche Harburg,,,['POI'],POINT(9.980599 53.462645),
Eben-Ezer Kirche Eppendorf,,,['POI'],POINT(9.976872 53.584787),
Edith-Stein Kirche Bergedorf,,,['POI'],POINT(10.180709 53.486542),
Eirenekirche,,,['POI'],POINT(10.020682 53.648154),
Elisabethkirche Eidelstedt,,,['POI'],POINT(9.909603 53.607413),
Emmaus Kirche Hinschenfelde,,,['POI'],POINT(10.108191 53.589609),
Emmaus Kirche Lurup,,,['POI'],POINT(9.873019 53.601953),
Emmausgemeinde Harburg,,,['POI'],POINT(9.989612 53.514129),
Epiphanien-Kirche Barmbek-Nord,,,['POI'],POINT(10.022993 53.588723),
Erlöserkirche Borgfelde,,,['POI'],POINT(10.027756 53.555383),
Erlöserkirche Farmsen,,,['POI'],POINT(10.11329 53.607775),
Erlöserkirche Lohbrügge,,,['POI'],POINT(10.20135 53.497775),
Erzbistum Hamburg,,,['POI'],POINT(10.012831 53.557208),
Ev. Gemeindezentrum Mümmelmannsberg,,,['POI'],POINT(10.149464 53.527255),
Evangelisch-reformierte Kirche,,,['POI'],POINT(10.000413 53.554069),
Evangelisch-reformierte Kirche in Hamburg,,,['POI'],POINT(10.00055 53.554113),
Flußschiffer Kirche,,,['POI'],POINT(9.986226 53.54486),
Freie evangelische Gemeinde Bahrenfeld,,,['POI'],POINT(9.896361 53.572821),
Freie evangelische Gemeinde Bergedorf,,,['POI'],POINT(10.21842 53.486603),
Freie evangelische Gemeinde Hamburg-Mitte,,,['POI'],POINT(9.982454 53.549411),
Freie evangelische Gemeinde Horn,,,['POI'],POINT(10.099923 53.55448),
Freie evangelische Gemeinde Jenfeld,,,['POI'],POINT(10.138808 53.568439),
Freie evangelische Gemeinde Lokstedt,,,['POI'],POINT(9.95387 53.594659),
Freie evangelische Gemeinde Neuallermöhe,,,['POI'],POINT(10.158879 53.48379),
Freie evangelische Gemeinde Niendorf,,,['POI'],POINT(9.940434 53.622117),
Freie evangelische Gemeinde Sasel,,,['POI'],POINT(10.102373 53.644536),
Friedenskirche,,,['POI'],POINT(9.959232 53.555341),
Friedenskirche Berne,,,['POI'],POINT(10.123513 53.627456),
Friedenskirche Jenfeld,,,['POI'],POINT(10.138711 53.572142),
Friedenskirche Wilhelmsburg,,,['POI'],POINT(9.988868 53.514576),
Friedhofskapelle Bergstedt,,,['POI'],POINT(10.129628 53.670187),
Friedhofskapelle Rahlstedt,,,['POI'],POINT(10.153223 53.594493),
Friedhofskapelle Tonndorf,,,['POI'],POINT(10.113054 53.583858),
Friedhofskirche Sülldorf,,,['POI'],POINT(9.797528 53.579217),
Frohbotschaftskirche,,,['POI'],POINT(10.062176 53.581256),
Gnadenkirche Karolinenstr.,,,['POI'],POINT(9.975328 53.557098),
Gnadenkirche Lohbrügge,,,['POI'],POINT(10.187198 53.50851),
Hauptkirche St. Jacobi,,,['POI'],POINT(10.000805 53.550256),
Hauptkirche St. Michaelis,,,['POI'],POINT(9.978987 53.548226),
Hauptkirche St. Nikolai,,,['POI'],POINT(9.990362 53.581118),
Heilandskirche Winterhude,,,['POI'],POINT(10.017186 53.578341),
Heilig Kreuz Kirche Neugraben,,,['POI'],POINT(9.862231 53.469794),
Heilig-Geist Kirche Farmsen,,,['POI'],POINT(10.120855 53.606464),
Heilig-Kreuz-Kirche Volksdorf,,,['POI'],POINT(10.160708 53.6504),
Heilige Dreieinigkeits-Kirche St. Georg,,,['POI'],POINT(10.008048 53.55662),
"Heilige Familie, Kirche Langenhorn",,,['POI'],POINT(10.015396 53.644695),
Herz-Jesu-Kirche,,,['POI'],POINT(10.249313 53.510959),
Herz-Jesu-Kirche Hamm,,,['POI'],POINT(10.055233 53.5565),
Immanuel Haus Niendorf,,,['POI'],POINT(9.945364 53.637793),
Immanuel Kirche Veddel,,,['POI'],POINT(10.017761 53.52561),
"Iranische Moschee ""Ali Camii""",,,['POI'],POINT(10.008385 53.574579),
Jerusalem Gemeinde,,,['POI'],POINT(9.967037 53.569359),
Johannes-Gemeinde Rissen,,,['POI'],POINT(9.762909 53.580953),
Johanneskapelle Rothenburgsort,,,['POI'],POINT(10.032506 53.535394),
Johanneskirche Eidelstedt,,,['POI'],POINT(9.898027 53.618624),
Jubilate Kirche,,,['POI'],POINT(10.127716 53.539053),
Jubilatekirche Lemsahl-Mellingstedt,,,['POI'],POINT(10.106378 53.687728),
Kath. Pfarramt St. Ansgar,,,['POI'],POINT(9.983157 53.549163),
Kirche Alt-Rahlstedt,,,['POI'],POINT(10.150436 53.596425),
Kirche am Albertinen Krankenhaus,,,['POI'],POINT(9.90463 53.630605),
Kirche am Markt Niendorf,,,['POI'],POINT(9.949421 53.617158),
Kirche am Rockenhof Volksdorf,,,['POI'],POINT(10.165 53.650844),
Kreuzkirche Barmbek,,,['POI'],POINT(10.043307 53.577163),
Kreuzkirche Fuhlsbüttel,,,['POI'],POINT(10.012256 53.624064),
Kreuzkirche Harburg,,,['POI'],POINT(10.022166 53.494986),
Kreuzkirche Ottensen,,,['POI'],POINT(9.917931 53.55324),
Kreuzkirche Stellingen,,,['POI'],POINT(9.926074 53.599236),
Kreuzkirche Wandsbek,,,['POI'],POINT(10.086876 53.57939),
Kulturkirche Rahlstedt,,,['POI'],POINT(10.180492 53.589303),
Käkenflur-Kirche,,,['POI'],POINT(9.997746 53.671458),
Lukas Kirche Sasel,,,['POI'],POINT(10.105546 53.64501),
Luthergemeinde Eißendorf,,,['POI'],POINT(9.960461 53.455683),
Lutherkirche Bahrenfeld,,,['POI'],POINT(9.904797 53.571292),
Lutherkirche Wellingsbüttel,,,['POI'],POINT(10.074971 53.640922),
Mahnmal St. Nikolai,,,['POI'],POINT(9.991762 53.54742),
Maria Grün Kirche Blankenese,,,['POI'],POINT(9.823648 53.561375),
Maria-Magdalena Kirche,,,['POI'],POINT(9.847906 53.587308),
Maria-Magdalena-Kirche Ohlsdorf,,,['POI'],POINT(10.056227 53.6339),
Marienkapelle,,,['POI'],POINT(9.893404 53.605846),
Mariä Himmelfahrt Kirche Rahlstedt,,,['POI'],POINT(10.15584 53.608476),
Marktkirche Poppenbüttel,,,['POI'],POINT(10.086212 53.658809),
Martin-Luther Kirche Bergedorf,,,['POI'],POINT(10.219229 53.490657),
Martin-Luther Kirche Iserbrook,,,['POI'],POINT(9.824095 53.577402),
Martin-Luther-King Kirche Steilshoop,,,['POI'],POINT(10.063411 53.611176),
Martin-Luther-Kirche Alsterdorf,,,['POI'],POINT(10.010842 53.609826),
Martinikirche Rahlstedt,,,['POI'],POINT(10.167397 53.606774),
Martinskirche Horn,,,['POI'],POINT(10.082758 53.550027),
Matthias-Claudius-Kirche Rahlstedt,,,['POI'],POINT(10.140606 53.608865),
Matthias-Claudius-Kirche Wohldorf-Ohlstedt,,,['POI'],POINT(10.129871 53.69679),
Matthäuskirche,,,['POI'],POINT(10.009266 53.58875),
Melanchtonkirche Groß-Flottbek,,,['POI'],POINT(9.886644 53.563692),
Michaeliskirche Neugraben,,,['POI'],POINT(9.856019 53.471654),
Mutter-Eva. Kirche,,,['POI'],POINT(10.244337 53.498575),
Neuapostolische Kirche,,,['POI'],POINT(9.978995 53.585839),
Neuapostolische Kirche Hamburg-Alstertal,,,['POI'],POINT(10.111918 53.65213),
Neuapostolische Kirche Hamburg-Altona,,,['POI'],POINT(9.939635 53.552828),
Neuapostolische Kirche Hamburg-Barmbek,,,['POI'],POINT(10.047041 53.588965),
Neuapostolische Kirche Hamburg-Bergedorf,,,['POI'],POINT(10.226929 53.487028),
Neuapostolische Kirche Hamburg-Billstedt,,,['POI'],POINT(10.100148 53.543956),
Neuapostolische Kirche Hamburg-Billwerder,,,['POI'],POINT(10.136107 53.500363),
Neuapostolische Kirche Hamburg-Blankenese,,,['POI'],POINT(9.816395 53.561713),
Neuapostolische Kirche Hamburg-Borgfelde,,,['POI'],POINT(10.033171 53.555911),
Neuapostolische Kirche Hamburg-Eidelstedt,,,['POI'],POINT(9.896548 53.610908),
Neuapostolische Kirche Hamburg-Eimsbüttel,,,['POI'],POINT(9.960222 53.576377),
Neuapostolische Kirche Hamburg-Eppendorf,,,['POI'],POINT(9.978833 53.585355),
Neuapostolische Kirche Hamburg-Farmsen,,,['POI'],POINT(10.102753 53.607531),
Neuapostolische Kirche Hamburg-Finkenwerder,,,['POI'],POINT(9.864323 53.530448),
Neuapostolische Kirche Hamburg-Fuhlsbüttel,,,['POI'],POINT(10.013017 53.629341),
Neuapostolische Kirche Hamburg-Harburg,,,['POI'],POINT(9.963989 53.462573),
Neuapostolische Kirche Hamburg-Iserbrook,,,['POI'],POINT(9.818152 53.576913),
Neuapostolische Kirche Hamburg-Jenfeld,,,['POI'],POINT(10.126283 53.568575),
Neuapostolische Kirche Hamburg-Kirchdorf,,,['POI'],POINT(10.011928 53.489681),
Neuapostolische Kirche Hamburg-Langenhorn,,,['POI'],POINT(10.018114 53.654556),
Neuapostolische Kirche Hamburg-Lurup,,,['POI'],POINT(9.870137 53.585935),
Neuapostolische Kirche Hamburg-Neugraben,,,['POI'],POINT(9.855888 53.471897),
Neuapostolische Kirche Hamburg-Niendorf,,,['POI'],POINT(9.94635 53.626446),
Neuapostolische Kirche Hamburg-Rahlstedt,,,['POI'],POINT(10.154529 53.600851),
Neuapostolische Kirche Hamburg-Schnelsen,,,['POI'],POINT(9.902518 53.63081),
Neuapostolische Kirche Hamburg-Sinstorf,,,['POI'],POINT(9.97493 53.426839),
Neuapostolische Kirche Hamburg-Stellingen,,,['POI'],POINT(9.932521 53.596364),
Neuapostolische Kirche Hamburg-Volksdorf,,,['POI'],POINT(10.169603 53.648831),
Neuapostolische Kirche Hamburg-Wandsbek,,,['POI'],POINT(10.078867 53.592734),
Neuapostolische Kirche Lohbrügge,,,['POI'],POINT(10.207166 53.500933),
Neuapostolische Kirche Sasel,,,['POI'],POINT(10.111918 53.65213),
Nienstedtener Kirche,,,['POI'],POINT(9.842783 53.551448),
Nikodemus-Kirche Ohlsdorf,,,['POI'],POINT(10.036036 53.614408),
Nordelbisches Kirchenamt,,,['POI'],POINT(9.992032 53.547382),
Osterkirche,,,['POI'],POINT(9.933052 53.555342),
Osterkirche Bramfeld,,,['POI'],POINT(10.074072 53.609724),
Osterkirche Eilbek,,,['POI'],POINT(10.05332 53.568198),
Osterkirche Stellingen,,,['POI'],POINT(9.940625 53.584494),
Paul-Gerhard-Kirche Wilhelmsburg,,,['POI'],POINT(9.991498 53.503888),
Paul-Gerhard-Kirche Wilstorf,,,['POI'],POINT(9.987533 53.446135),
Paul-Gerhard-Kirche Winterhude,,,['POI'],POINT(10.005703 53.600237),
Paul-Gerhardt-Kirche Altona,,,['POI'],POINT(9.922356 53.561742),
Paul-Kirche Schenefeld,,,['POI'],POINT(9.855059 53.606467),
Paulskirche Hamm,,,['POI'],POINT(10.06028 53.561586),
Petruskirche Lokstedt,,,['POI'],POINT(9.953012 53.588718),
Philemon Kirche Poppenbüttel,,,['POI'],POINT(10.067948 53.651417),
Philippuskirche Billstedt,,,['POI'],POINT(10.104219 53.558933),
Rogatekirche Meiendorf,,,['POI'],POINT(10.169671 53.627274),
Simeonkirche Bramfeld,,,['POI'],POINT(10.098556 53.625127),
Simon-Petrus Kirche Poppenbüttel,,,['POI'],POINT(10.066306 53.669033),
Sinstorfgemeinde,,,['POI'],POINT(9.976135 53.425598),
St. Agnes Kirche Tonndorf,,,['POI'],POINT(10.124648 53.584917),
St. Andreas Kirche Harvestehude,,,['POI'],POINT(9.975463 53.573414),
Kirche Ochsenzoll,,,['POI'],POINT(9.999597 53.680616),
St. Anschar Eppendorf,,,['POI'],POINT(9.982426 53.598319),
St. Ansgar Kirche Altona,,,['POI'],POINT(9.908362 53.549566),
St. Ansgar Kirche Niendorf,,,['POI'],POINT(9.949765 53.620372),
St. Antonius Kirche Winterhude,,,['POI'],POINT(9.996536 53.599046),
St. Bernhard Kirche Poppenbüttel,,,['POI'],POINT(10.098691 53.65529),
St. Bonifatius Kirche Eimsbüttel,,,['POI'],POINT(9.957789 53.577619),
St. Bonifatius Kirche Wilhelmsburg,,,['POI'],POINT(9.98613 53.504436),
St. Bonifatius Kirche Winterhude-Uhlenhorst,,,['POI'],POINT(10.055213 53.585397),
St. Bruder Konrad Kirche Osdorf,,,['POI'],POINT(9.85322 53.594737),
St. Christophorus Kirche Lohbrügge,,,['POI'],POINT(10.196271 53.496711),
St. Elisabeth Kirche Harvestehude,,,['POI'],POINT(9.985547 53.577959),
St. Erich Kirche Rothenburgsort,,,['POI'],POINT(10.038055 53.535957),
St. Franz-Joseph Kirche Harburg,,,['POI'],POINT(9.989083 53.449375),
St. Franziskus Kirche Barmbek,,,['POI'],POINT(10.055255 53.585253),
St. Gabriel Kirche Barmbek,,,['POI'],POINT(10.04563 53.602761),
St. Gabriel Kirche Eidelstedt,,,['POI'],POINT(9.898188 53.608407),
St. Gabriel Kirche Volksdorf,,,['POI'],POINT(10.16884 53.660061),
St. Getrud Kirche Mundsburg,,,['POI'],POINT(10.027972 53.567376),
St. Jakobus Kirche Lurup,,,['POI'],POINT(9.873664 53.597312),
St. Johannes Kirche Volksdorf,,,['POI'],POINT(10.148356 53.663907),
St. Johannis - Kulturkirche Altona,,,['POI'],POINT(9.953475 53.559691),
St. Johannis Altona,,,['POI'],POINT(9.953537 53.559727),
St. Johannis Curslack,,,['POI'],POINT(10.227834 53.449),
St. Johannis Kirche Curslack,,,['POI'],POINT(10.227819 53.44901),
St. Johannis Kirche Eppendorf,,,['POI'],POINT(9.993498 53.592512),
St. Johannis Kirche Harburg,,,['POI'],POINT(9.980604 53.45764),
St. Johannis Kirche Harvestehude,,,['POI'],POINT(9.993596 53.570956),
St. Johannis Kirche Steilshoop,,,['POI'],POINT(10.063442 53.611184),
St. Johannis Neuengamme,,,['POI'],POINT(10.221946 53.445251),
St. Joseph Kirche Altona,,,['POI'],POINT(9.957692 53.551283),
St. Joseph Kirche Wandsbek,,,['POI'],POINT(10.074522 53.573302),
St. Jürgen Kirche Langenhorn,,,['POI'],POINT(10.016112 53.679462),
St. Katharinen Kirche Altstadt,,,['POI'],POINT(9.994459 53.545978),
St. Lukaskirche Fuhlsbüttel,,,['POI'],POINT(10.018874 53.634045),
St. Maria Kirche St. Georg,,,['POI'],POINT(10.014953 53.557595),
St. Maria-Magdalena-Kirche Moorburg,,,['POI'],POINT(9.939893 53.488877),
St. Marien - St. Joseph Kirche Harburg,,,['POI'],POINT(9.976791 53.458785),
St. Marien Kirche Altona,,,['POI'],POINT(9.924877 53.551371),
St. Marien Kirche Bergedorf,,,['POI'],POINT(10.216899 53.488227),
St. Marien Kirche Fuhlsbüttel,,,['POI'],POINT(10.02681 53.622188),
St. Markus Kirche Hoheluft,,,['POI'],POINT(9.974096 53.58224),
St. Martinuskirche Eppendorf,,,['POI'],POINT(9.983288 53.59186),
St. Michael Kirche Bergedorf,,,['POI'],POINT(10.225075 53.482294),
St. Michael Kirche Sülldorf,,,['POI'],POINT(9.797747 53.579647),
St. Nikolai Kirche Billwerder,,,['POI'],POINT(10.126836 53.513902),
St. Nikolai Kirche Finkenwerder,,,['POI'],POINT(9.865586 53.527294),
St. Nikolai Kirche Moorfleet,,,['POI'],POINT(10.082306 53.511618),
St. Olaf Kirche Horn,,,['POI'],POINT(10.098461 53.552795),
St. Pankratius Kirche Neuenfelde,,,['POI'],POINT(9.810933 53.520768),
St. Pankratius Kirche Ochsenwerder,,,['POI'],POINT(10.084953 53.475984),
St. Pauli Kirche,,,['POI'],POINT(9.956673 53.546916),
St. Paulus Kirche Heimfeld,,,['POI'],POINT(9.963834 53.465684),
St. Paulus Kirche Schiffbek,,,['POI'],POINT(10.109558 53.539205),
St. Pauluskirche Altona,,,['POI'],POINT(9.946275 53.567728),
St. Peter Kirche Großborstel,,,['POI'],POINT(9.976938 53.607906),
St. Petri Kirche Altona,,,['POI'],POINT(9.938514 53.549198),
St. Petri Kirche Altstadt,,,['POI'],POINT(9.996866 53.550208),
St. Petri und Paul Kirche Bergedorf,,,['POI'],POINT(10.211227 53.489022),
St. Petrus Kirche Finkenwerder,,,['POI'],POINT(9.864307 53.530412),
St. Petrus Kirche Heimfeld,,,['POI'],POINT(9.96399 53.4626),
St. Prokopius,,,['POI'],POINT(9.947005 53.584183),
St. Raphaelgemeinde Harburg,,,['POI'],POINT(10.010854 53.500868),
St. Severin Kirche Kirchwerder,,,['POI'],POINT(10.198501 53.418675),
St. Simeon Kirche Osdorf,,,['POI'],POINT(9.845072 53.570903),
St. Sophien Kirche Barmbek,,,['POI'],POINT(10.034854 53.57969),
St. Stephan Kirche Wandsbek,,,['POI'],POINT(10.083925 53.590334),
St. Stephanus Kirche Eimsbüttel,,,['POI'],POINT(9.943615 53.581802),
St. Theresien Kirche Altona,,,['POI'],POINT(9.956464 53.559048),
St. Thomas Morus Kirche Stellingen,,,['POI'],POINT(9.936521 53.592855),
St. Trinitatis-Kirche Altona,,,['POI'],POINT(9.950597 53.548429),
St. Trinitatis-Kirche Harburg,,,['POI'],POINT(9.981507 53.458297),
Kirche Bramfeld,,,['POI'],POINT(10.090511 53.620259),
St.-Johannes-Kirche,,,['POI'],POINT(10.202888 53.561108),
St.-Nicolai-Kirche Altengamme,,,['POI'],POINT(10.269974 53.4296),
Stellinger Kirche,,,['POI'],POINT(9.925674 53.59064),
Tabita-Gemeinde Ottensen/Othmarschen,,,['POI'],POINT(9.917964 53.553374),
Thomas Kirche Rothenburgsort,,,['POI'],POINT(10.039907 53.53462),
Thomaskirche Bramfeld,,,['POI'],POINT(10.061063 53.597701),
Thomaskirche Hausbruch,,,['POI'],POINT(9.886393 53.474433),
Thomaskirche Meiendorf,,,['POI'],POINT(10.162025 53.619648),
Timotheuskirche,,,['POI'],POINT(10.091824 53.548749),
Tonndorfer Kirche,,,['POI'],POINT(10.123854 53.587432),
Trinitatis Kirche Rahlstedt,,,['POI'],POINT(10.147925 53.587374),
United Methodist Church,,,['POI'],POINT(9.938499 53.549189),
Verheißungskirche Niendorf,,,['POI'],POINT(9.957886 53.635285),
Versöhnungskirche Eilbek,,,['POI'],POINT(10.047723 53.572578),
Vicelinkirche Sasel,,,['POI'],POINT(10.113063 53.653674),
Wichernkirche Hamm,,,['POI'],POINT(10.064858 53.553387),
Zionskirche,,,['POI'],POINT(10.029171 53.561418),
Zionskirche Wandsbek,,,['POI'],POINT(10.029078 53.56132),
Zu den zwölf Apostelnkirche Lurup,,,['POI'],POINT(9.887081 53.599666),
Zum Guten Hirten Langenfelde,,,['POI'],POINT(9.923548 53.585229),
ev.-meth. Erlöserkirche Eimsbüttel,,,['POI'],POINT(9.955407 53.568383),
"Argentinien, Generalkonsulat der Republik",,,['POI'],POINT(9.995615 53.570157),
"Chile, Generalkonsulat der Republik",,,['POI'],POINT(10.042268 53.565006),
"Chile, Republik, Generalkonsulat, Handels- und Wirtschaftsabteilung",,,['POI'],POINT(9.998615 53.548226),
"China, Generalkonsulat der Volksrepublik",,,['POI'],POINT(9.87878 53.54693),
"Dominikanischen Republik, Generalkonsulat",,,['POI'],POINT(9.99071 53.551463),
"Dänemark, Königreich, Generalkonsulat",,,['POI'],POINT(10.004258 53.553336),
"Ecuador, Generalkonsulat der Republik",,,['POI'],POINT(9.988384 53.57985),
"Finnland, Generalkonsulat der Republik",,,['POI'],POINT(9.992809 53.557978),
"Frankreich, Republik, Generalkonsulat",,,['POI'],POINT(9.992487 53.567443),
"Griechenland, Generalkonsulat der Hellenischen Republik",,,['POI'],POINT(9.98637 53.554941),
Griechisches Generalkonsulat Arbeits- und Sozialabteilung,,,['POI'],POINT(9.9873 53.554088),
Griechisches Generalkonsulat Presse- und Informationsbüro,,,['POI'],POINT(9.984449 53.572307),
Griechisches Generalkonsulat Schifffahrtsabteilung,,,['POI'],POINT(9.987555 53.574061),
"Honduras, Generalkonsulat der Republik",,,['POI'],POINT(10.012156 53.55991),
"Indien, Generalkonsulat der Republik",,,['POI'],POINT(10.023032 53.564094),
"Indonesien, Generalkonsulat der Republik",,,['POI'],POINT(9.99519 53.595122),
"Iran, Generalkonsulat der Islamischen Republik",,,['POI'],POINT(9.994834 53.596015),
"Italien, Generalkonsulat der Republik",,,['POI'],POINT(9.991237 53.56757),
"Italien,Republik, Generalkonsulat, Kulturabteilung",,,['POI'],POINT(9.991794 53.574574),
"Japan, Generalkonsulat",,,['POI'],POINT(9.994163 53.550114),
"Korea, Generalkonsulat der Republik",,,['POI'],POINT(9.984336 53.552478),
"Kroatien, Generalkonsulat der Republik",,,['POI'],POINT(9.996178 53.551732),
"Neuseeland, Generalkonsulat",,,['POI'],POINT(9.994533 53.547873),
"Niederlande, Generalkonsulat des Königreichs",,,['POI'],POINT(9.995987 53.543602),
"Norwegen, Generalkonsulat des Königreichs",,,['POI'],POINT(9.984477 53.554669),
"Panama, Generalkonsulat der Republik",,,['POI'],POINT(9.988499 53.555642),
"Peru, Generalkonsulat der Republik",,,['POI'],POINT(10.000596 53.582938),
"Polen, Generalkonsulat der Republik",,,['POI'],POINT(10.053864 53.609454),
"Portugal, Generalkonsulat der Republik",,,['POI'],POINT(9.989991 53.556232),
"Russische Föderation, Generalkonsulat",,,['POI'],POINT(10.012666 53.573051),
"Serbien, Generalkonsulat der Republik",,,['POI'],POINT(9.99174 53.580001),
"Spanien, Generalkonsulat des Königreichs",,,['POI'],POINT(9.995022 53.569336),
"Türkei, Generalkonsulat der Republik",,,['POI'],POINT(9.992975 53.563791),
"Türkei, Generalkonsulat der Republik, Abt. Arbeit und Soziale Sicherheit",,,['POI'],POINT(9.994927 53.565913),
"Türkei, Generalkonsulat der Republik, Abt. Erziehung und Schulwesen",,,['POI'],POINT(9.994911 53.565904),
"Türkei, Generalkonsulat der Republik, Abt. Finanz- und Zollangelegenheiten",,,['POI'],POINT(9.994911 53.565913),
"Türkei, Generalkonsulat der Republik, Handelsabteilung",,,['POI'],POINT(9.994911 53.565904),
"Türkei, Generalkonsulat der Republik, Religionsabteilung",,,['POI'],POINT(9.994911 53.565913),
"USA, Vereinigten Staaten von Amerika, Generalkonsulat",,,['POI'],POINT(9.997071 53.562103),
"Ukraine, Generalkonsulat",,,['POI'],POINT(10.01756 53.564375),
"Uruguay, Generalkonsulat der Republik",,,['POI'],POINT(9.985849 53.57731),
"Venezuela, Generalkonsulat der Bolivarischen Republik",,,['POI'],POINT(9.989876 53.564859),
"Zypern, Generalkonsulat der Republik",,,['POI'],POINT(9.989123 53.564281),
"Ägypten, Arabische Republik, Generalkonsulat, Handels- und Wirtschaftsabteilung",,,['POI'],POINT(10.018327 53.563011),
"Ägypten, Generalkonsulat der Arabischen Republik",,,['POI'],POINT(9.994727 53.563219),
Amerikazentrum Hamburg e.V.,,,['POI'],POINT(9.994771 53.543226),
Aussenwirtschaftsbüro der Stadt St. Petersburg,,,['POI'],POINT(10.001042 53.555178),
Czech Trade Hamburg,,,['POI'],POINT(10.022794 53.55361),
Estnische Investitions-u.Wirtschaftsförderung (Enterprise Estonia),,,['POI'],POINT(9.995004 53.550565),
Indonesian Trade Promotion Center,,,['POI'],POINT(10.002501 53.554339),
Institut Francais,,,['POI'],POINT(9.992503 53.567461),
Instituto Cervantes Hamburg - Spanisches Kulturinstitut,,,['POI'],POINT(10.001975 53.548036),
Invest in Lithuania (IL)/Enterprise Lithuania (EL),,,['POI'],POINT(9.988972 53.55394),
Istituto Italiano di Cultura,,,['POI'],POINT(9.991809 53.574574),
Konfuzius-Institut an der Universität Hamburg e.V.,,,['POI'],POINT(9.939074 53.553372),
Korea Business Center Hamburg (KOTRA),,,['POI'],POINT(9.979091 53.549484),
Litauische Wirtschaftsförderungsagentur,,,['POI'],POINT(9.993905 53.548732),
Netherlands Business Support Office,,,['POI'],POINT(9.985726 53.549959),
Taipeh Wirtschafts- und Kulturbüro,,,['POI'],POINT(9.996077 53.569273),
Vertretung der Stadt Helsingborg im Treffpunkt Schweden,,,['POI'],POINT(9.976691 53.579541),
"Bangladesch, Honorargeneralkonsulat der Voplksrepublik",,,['POI'],POINT(10.039745 53.537209),
"Bolivien, Honorargeneralkonsulat der Republik",,,['POI'],POINT(9.992267 53.565773),
"Bulgarien, Honorargeneralkonsulat der Republik",,,['POI'],POINT(9.997384 53.552324),
"Costa Rica, Honorargeneralkonsulat der Republik",,,['POI'],POINT(9.842695 53.565232),
"Madagaskar, Honorargeneralkonsulat der Republik",,,['POI'],POINT(10.055367 53.591551),
"Malaysien, Honorargeneralkonsulat",,,['POI'],POINT(9.986455 53.545002),
"Mali, Republik, Honorargeneralkonsulat",,,['POI'],POINT(10.023716 53.558643),
"Paraguay, Honorargeneralkonsulat der Republik",,,['POI'],POINT(9.837101 53.554822),
"Senegal, Honorargeneralkonsulat der Republik",,,['POI'],POINT(10.02392 53.548344),
"Seychellen, Honorargeneralkonsulat der Republik",,,['POI'],POINT(10.031909 53.535058),
"Sri Lanka, Honorargeneralkonsulat der Demokratischen Sozialistischen Republik",,,['POI'],POINT(9.994842 53.544331),
"Thailand, Honorargeneralkonsulat des Königreichs",,,['POI'],POINT(10.003491 53.556622),
"Tonga, Honorargeneralkonsulat des Königreichs",,,['POI'],POINT(10.055337 53.59156),
"Ungarn, Honorargeneralkonsulat der Republik",,,['POI'],POINT(10.000099 53.566337),
"Albanien, Honorarkonsulat der Republik",,,['POI'],POINT(10.183966 53.646524),
"Belgien, Königreich, Honorarkonsulat",,,['POI'],POINT(10.016204 53.649971),
"Belgien, Königreich, Wirtschaft u. Handel Region Wallonien",,,['POI'],POINT(10.012894 53.650089),
"Botswana, Honorarkonsulat der Republik",,,['POI'],POINT(10.094766 53.534741),
"Brasilien, Honorarkonsulat der Förderativen Republik",,,['POI'],POINT(9.995987 53.543602),
"El Salvador, Honorarkonsulat der Republik",,,['POI'],POINT(9.98683 53.545565),
"Estland, Honorarkonsulat der Republik",,,['POI'],POINT(10.000087 53.566481),
"Ghana, Honorarkonsulat der Republik",,,['POI'],POINT(10.023685 53.558634),
"Großbritannien und Nordirland, Honorarkonsulat des Vereinigtes Königreichs",,,['POI'],POINT(9.991988 53.55582),
"Guatemala, Honorarkonsulat der Republik",,,['POI'],POINT(9.991934 53.557348),
"Haiti, Honorarkonsulat der Republik",,,['POI'],POINT(9.74983 53.571368),
"Irland, Honorarkonsulat der Republik",,,['POI'],POINT(9.990545 53.567028),
"Island, Honorarkonsulat der Republik",,,['POI'],POINT(9.999828 53.552969),
"Jamaika, Honorarkonsulat",,,['POI'],POINT(10.000832 53.555198),
"Jemen, Honorarkonsulat der Republik",,,['POI'],POINT(9.996826 53.551071),
"Jordanien, Honorarkonsulat des Haschemitischen Königreichs",,,['POI'],POINT(9.988094 53.570669),
"Kap Verde, Honorarkonsulat der Republik",,,['POI'],POINT(9.988046 53.54657),
"Kasachstan, Honorarkonsulat der Republik",,,['POI'],POINT(9.989713 53.565642),
"Kenia, Honorarkonsulat der Republik",,,['POI'],POINT(9.994173 53.549862),
"Kirgisische Republik, Honorarkonsulat",,,['POI'],POINT(9.990164 53.542968),
"Kiribati, Honorarkonsulat der Republik",,,['POI'],POINT(9.922994 53.543883),
"Kolumbien, Honorarkonsulat der Republik",,,['POI'],POINT(10.026457 53.547217),
Konsulat von Kanada (ist zur Zeit geschlossen),,,['POI'],POINT(9.996058 53.552425),
"Lettland, Honorarkonsulat der Republik",,,['POI'],POINT(9.988188 53.55073),
"Litauen, Honorarkonsulat der Republik",,,['POI'],POINT(9.993861 53.548778),
"Luxemburg, Honorarkonsulat des Großherzogtums",,,['POI'],POINT(10.01433 53.561194),
"Malta, Honorarkonsulat der Republik",,,['POI'],POINT(9.938251 53.544824),
"Marokko, Honorarkonsulat des Königreichs",,,['POI'],POINT(9.77856 53.567509),
"Mazedonien, Honorarkonsulat der ehem. jugoslawische Republik",,,['POI'],POINT(10.014747 53.552798),
"Mexiko, Honorarkonsulat der Vereinigten Mexikanischen Staaten",,,['POI'],POINT(9.998615 53.548235),
"Moldau, Honorarkonsulat der Republik",,,['POI'],POINT(10.073324 53.597519),
"Monaco, Honorarkonsulat des Fürstentums",,,['POI'],POINT(9.992571 53.556857),
"Mosambik, Honorarkonsulat der Republik",,,['POI'],POINT(9.944719 53.544648),
"Namibia, Honorarkonsulat der Republik",,,['POI'],POINT(10.003843 53.556826),
"Nepal, Honorarkonsulat des Königreichs",,,['POI'],POINT(9.989699 53.554698),
"Niger, Honorarkonsulat der Republik",,,['POI'],POINT(10.001587 53.54821),
"Pakistan, Honorarkonsulat der Islamischen Republik",,,['POI'],POINT(9.936088 53.550709),
"Palau, Honorarkonsulat der Republik",,,['POI'],POINT(9.979616 53.570909),
"Papua-Neuguinea, Honorarkonsulat des Unabhängigen Staates",,,['POI'],POINT(9.98959 53.545515),
"Rumänien, Honorarkonsulat",,,['POI'],POINT(10.02863 53.570246),
"Sambia, Honorarkonsulat der Republik",,,['POI'],POINT(9.991807 53.551949),
"Samoa, Honorarkonsulat des Unabhängigen Staates",,,['POI'],POINT(9.988026 53.584552),
Honorarkonsulat des Königreichs,,,['POI'],POINT(9.973254 53.545623),
"Slowakei, Honorarkonsulat Slowakische Republik",,,['POI'],POINT(9.990468 53.554044),
"Slowenien, Honorarkonsulat der Republik",,,['POI'],POINT(9.999687 53.554659),
"St. Kitts and Nevis, Honorarkonsulat der Förderation",,,['POI'],POINT(9.941661 53.543495),
"Syrien, Honorarkonsulat der Arabischen Republik",,,['POI'],POINT(9.999567 53.541874),
"Südafrika, Honorarkonsulat der Republik",,,['POI'],POINT(9.939815 53.545962),
"Trinidad und Tobago, Honorarkonsulat der Republik",,,['POI'],POINT(10.002351 53.55435),
"Tschechien, Honorarkonsulat der Tschechischen Republik",,,['POI'],POINT(9.991322 53.569258),
"Tuvalu, Honorarkonsulat",,,['POI'],POINT(10.009036 53.558831),
"Uganda, Honorarkonsulat der Republik",,,['POI'],POINT(10.059389 53.645455),
Repräsentanz der Vereinten Nationen,,,['POI'],POINT(9.834779 53.555682),
"Tunesien, Konsulat der Republik",,,['POI'],POINT(10.023746 53.558634),
Alten- und Pflegeheim St. Maximilian Kolbe,,,['POI'],POINT(10.013061 53.499897),
Alten- und Pflegepension Else Günther,,,['POI'],POINT(10.103496 53.616321),
Altenheim St. Johannis St. Nikolai,,,['POI'],POINT(9.993087 53.574374),
Altenheimstiftung Flottbek-Nienstedten,,,['POI'],POINT(9.853972 53.566859),
Altenpension Philipps,,,['POI'],POINT(10.228178 53.488013),
Altenwohnanlage Johann August Gärtner-Stiftung,,,['POI'],POINT(9.886334 53.615953),
Chistophorus Haus,,,['POI'],POINT(10.053241 53.645707),
ELIM Seniorencentrum Niendorf,,,['POI'],POINT(9.939951 53.618724),
Elisabeth Alten- und Pflegeheim der Freimaurer,,,['POI'],POINT(9.968412 53.566796),
Else Voss Stiftung Seniorenwohnanlage,,,['POI'],POINT(9.764297 53.576712),
und Claere Jung Stiftung,,,['POI'],POINT(9.891067 53.555123),
Gast- und Krankenhaus,,,['POI'],POINT(10.076905 53.650968),
Georg-Behrmann-Stiftung Bergedorf,,,['POI'],POINT(10.234144 53.485417),
HAUS ST. JOHANNIS Alten- und Pflegeheim,,,['POI'],POINT(9.99392 53.570621),
Hanna Reemtsma Haus,,,['POI'],POINT(9.759621 53.590444),
Haus Alstertal,,,['POI'],POINT(10.05137 53.634941),
Haus Birkengrund,,,['POI'],POINT(10.147642 53.6187),
Haus Duvenstedt,,,['POI'],POINT(10.103964 53.70714),
Haus Fröhlich,,,['POI'],POINT(10.122514 53.672383),
Haus Ilse,,,['POI'],POINT(10.005657 53.682767),
Haus Johannes XXIII,,,['POI'],POINT(10.197379 53.506054),
Haus Lebensabend Alten- und Pflegeheim,,,['POI'],POINT(9.851751 53.56373),
Haus Marienthal,,,['POI'],POINT(10.074514 53.568216),
Haus Sieberling,,,['POI'],POINT(9.844432 53.55167),
Haus Weinberg,,,['POI'],POINT(10.076975 53.552209),
Haus Winterhude,,,['POI'],POINT(9.999543 53.585633),
Heinrich-Sengelmann-Haus,,,['POI'],POINT(10.017628 53.556503),
Hesse-Diederichsen-Heim,,,['POI'],POINT(10.010678 53.587139),
Hospital zum Heiligen Geist,,,['POI'],POINT(10.077312 53.650919),
J. Janssen Seniorenpflegepension,,,['POI'],POINT(9.820339 53.562764),
zum Husaren,,,['POI'],POINT(10.083325 53.568065),
Malteserstift St. Elisabeth,,,['POI'],POINT(10.121141 53.605868),
Margarethenhof,,,['POI'],POINT(10.129563 53.684717),
Marie Kroos-Stiftung,,,['POI'],POINT(9.935918 53.454827),
Martha Haus,,,['POI'],POINT(10.169016 53.597008),
Matthias-Claudius-Heim,,,['POI'],POINT(10.086731 53.579607),
Max Brauer Haus,,,['POI'],POINT(10.093443 53.620861),
Mutter Eva von Tiele-Winckler-Pflegeheim,,,['POI'],POINT(10.249783 53.495184),
Parkresidenz Alstertal,,,['POI'],POINT(10.090487 53.65275),
Pflegehaus Sonnenhof,,,['POI'],POINT(9.881546 53.567459),
Pflegeheim Adalbert,,,['POI'],POINT(10.16405 53.609762),
Pflegen & Wohnen Horn,,,['POI'],POINT(10.07919 53.550922),
Hamburg - Seniorenwohnanlage,,,['POI'],POINT(9.831106 53.570012),
Ruckteschell-Heim,,,['POI'],POINT(10.05439 53.568728),
Schilling-Stift,,,['POI'],POINT(9.828752 53.568492),
"Seefahrer Alten- und Pflegeheim ""Fallen Anker""",,,['POI'],POINT(9.901879 53.549786),
Senioren-Pflegepension Bärenallee Dieter Wurm,,,['POI'],POINT(10.064677 53.569634),
Seniorenheim Scheffler,,,['POI'],POINT(9.988289 53.514275),
Seniorenpflegepension Haus Fangdieck,,,['POI'],POINT(9.893754 53.6002),
Seniorenresidenz Eveline Maack,,,['POI'],POINT(9.88777 53.559784),
Seniorenresidenz Uhlenhorst,,,['POI'],POINT(10.011102 53.575832),
Seniorenresidenz Wellingsbüttel,,,['POI'],POINT(10.091481 53.634429),
Seniorensitz am Hegen,,,['POI'],POINT(10.169703 53.59347),
Seniorenwohnanlage der Wilhelm Carstens Gedächtnis-Stiftung,,,['POI'],POINT(9.995321 53.505581),
Seniorenwohnsitz am Sachsenwald,,,['POI'],POINT(10.239405 53.498419),
Seniorenzentrum Böttcherkamp,,,['POI'],POINT(9.858347 53.592094),
Seniorenzentrum Dr. Carl Kellinghusen,,,['POI'],POINT(10.223738 53.487133),
Seniorenzentrum Röweland,,,['POI'],POINT(10.014586 53.656311),
St. Gertrud Gemeindepflege,,,['POI'],POINT(10.024586 53.575897),
Taubstummen Altenheim,,,['POI'],POINT(10.163165 53.644608),
Theodor Fliedner Haus,,,['POI'],POINT(10.086537 53.617968),
Villa Eilersweg,,,['POI'],POINT(10.160339 53.602826),
Wilhelm Leuschner Seniorenzentrum,,,['POI'],POINT(10.19903 53.507413),
vhw - Seniorenwohnanlage Kiefhörn,,,['POI'],POINT(10.068658 53.58978),
vhw - Seniorenwohnanlage Langenhorn,,,['POI'],POINT(9.99527 53.672341),
vhw - Seniorenwohnanlage Lokstedt,,,['POI'],POINT(9.950773 53.598646),
vhw - Seniorenwohnanlage Neuwiedenthal,,,['POI'],POINT(9.875849 53.478042),
vhw - Seniorenwohnanlage Walddörfer,,,['POI'],POINT(10.139136 53.62889),
Corona Impfzentrum Hamburg Messe (Halle A3),,,['POI'],POINT(9.970375 53.562862),
Corona Impfzentrum Hamburg-Harburg,,,['POI'],POINT(10.208391 53.351595),
Kinderschutzhaus Südring,,,['POI'],POINT(10.018775 53.591662),
Agaplesion Diakonieklinikum Hamburg (DKH),,,['POI'],POINT(9.966318 53.571611),
Albertinen Krankenhaus,,,['POI'],POINT(9.905253 53.631427),
Albertinen-Haus Medizinisch-Geriatrische Klinik,,,['POI'],POINT(9.927802 53.627777),
Altonaer Kinderkrankenhaus,,,['POI'],POINT(9.913181 53.551982),
Amalie Sieveking-Krankenhaus,,,['POI'],POINT(10.151634 53.640981),
Arthro-Clinic Bergedorf,,,['POI'],POINT(10.208186 53.489646),
Arthro-Clinic Rahlstedt,,,['POI'],POINT(10.155575 53.604858),
Asklepios Klinik Altona,,,['POI'],POINT(9.900703 53.554099),
Asklepios Klinik Barmbek,,,['POI'],POINT(10.035795 53.606413),
Asklepios Klinik Harburg,,,['POI'],POINT(9.949636 53.460388),
Asklepios Klinik Nord (BT Heidberg),,,['POI'],POINT(10.030407 53.674874),
Asklepios Klinik Nord (BT Ochsenzoll),,,['POI'],POINT(10.008149 53.672413),
Asklepios Klinik St. Georg,,,['POI'],POINT(10.017962 53.559744),
Asklepios Klinik Wandsbek,,,['POI'],POINT(10.088649 53.569643),
Asklepios Westklinikum Hamburg,,,['POI'],POINT(9.777128 53.582407),
Berufsgenossenschaftliches Unfallkrankenhaus Bergedorf,,,['POI'],POINT(10.177444 53.506297),
Bethesda Krankenhaus Bergedorf,,,['POI'],POINT(10.235934 53.48583),
Bundeswehrkrankenhaus Hamburg,,,['POI'],POINT(10.076975 53.594377),
Diagnostik Zentrum Fleetinsel Hamburg,,,['POI'],POINT(9.985766 53.550381),
Estetica Clinic,,,['POI'],POINT(10.003905 53.552432),
Euro Eyes Augenlaserzentrum,,,['POI'],POINT(9.986706 53.555783),
EuroEyes AugenLaserZentrum,,,['POI'],POINT(9.987636 53.55617),
Evangelisches Krankenhaus Alsterdorf,,,['POI'],POINT(10.024697 53.61358),
Facharztklinik Hamburg,,,['POI'],POINT(9.971285 53.58743),
Fachklinik Helmsweg,,,['POI'],POINT(9.974947 53.464389),
Helios Endo-Klinik Hamburg,,,['POI'],POINT(9.955422 53.550978),
Israelitisches Krankenhaus,,,['POI'],POINT(9.991335 53.60591),
Katholisches Kinderkrankenhaus Wilhelmstift,,,['POI'],POINT(10.164906 53.587093),
Kinderwunschzentrum Altonaer Straße,,,['POI'],POINT(9.963447 53.564814),
Klinik Berner Stieg,,,['POI'],POINT(10.144536 53.627364),
Klinik Dr. Guth,,,['POI'],POINT(9.851678 53.5571),
Klinik Fleetinsel Hamburg,,,['POI'],POINT(9.985193 53.548463),
Krankenhaus Jerusalem,,,['POI'],POINT(9.967551 53.569399),
Krankenhaus Mariahilf,,,['POI'],POINT(9.93847 53.469489),
Krankenhaus Reinbek - St. Adolf-Stift,,,['POI'],POINT(10.241294 53.509937),
Krankenhaus Tabea,,,['POI'],POINT(9.791529 53.56445),
Marienkrankenhaus,,,['POI'],POINT(10.032778 53.559581),
Moser Klinik,,,['POI'],POINT(9.971726 53.581639),
PET/CT Zentrum Hamburg Krebsdiagnostikzentrum,,,['POI'],POINT(9.944024 53.549352),
Praxis Klinik Pöseldorf,,,['POI'],POINT(9.978489 53.580919),
Praxis Klosterstern - Dr. Siedler & Partner,,,['POI'],POINT(9.988971 53.582352),
Praxis-Klinik Bergedorf,,,['POI'],POINT(10.206626 53.494118),
Praxis-Klinik Mümmelmannsberg,,,['POI'],POINT(10.147538 53.528522),
Praxisklinik am Rothenbaum,,,['POI'],POINT(9.993105 53.566773),
Privatklinik Medical One,,,['POI'],POINT(9.982907 53.605359),
Psychiatrische Tagesklinik Hamburg-Mitte,,,['POI'],POINT(9.964685 53.554228),
"Radiologische Allianz, Quartier 21",,,['POI'],POINT(10.036853 53.601534),
Schön Klinik Hamburg-Eilbek,,,['POI'],POINT(10.053105 53.577733),
Universitäres Herzzentrum,,,['POI'],POINT(9.975729 53.5922),
Universitätsklinikum Hamburg-Eppendorf,,,['POI'],POINT(9.973421 53.590997),
Werner Otto Institut,,,['POI'],POINT(10.026271 53.614897),
Wilhelmsburger Krankenhaus Groß-Sand,,,['POI'],POINT(9.985883 53.503521),
Zahnklinik ABC Bogen,,,['POI'],POINT(9.986281 53.55371),
Zahnklinik MEDECO,,,['POI'],POINT(9.90971 53.559682),
Pflegeheim Groß Borstel,,,['POI'],POINT(9.974061 53.617472),
Pflegen & Wohnen Alsterberg,,,['POI'],POINT(10.016008 53.617338),
Pflegen & Wohnen Farmsen,,,['POI'],POINT(10.114377 53.614063),
Pflegen & Wohnen Finkenau,,,['POI'],POINT(10.030882 53.570352),
Pflegen & Wohnen Heimfeld,,,['POI'],POINT(9.958648 53.466067),
Pflegen & Wohnen Holstenhof,,,['POI'],POINT(10.11986 53.568878),
Pflegen & Wohnen Husarendenkmal,,,['POI'],POINT(10.073477 53.564245),
Pflegen & Wohnen Lutherpark,,,['POI'],POINT(9.919412 53.570705),
Pflegen & Wohnen Moosberg,,,['POI'],POINT(10.180649 53.499023),
Pflegen & Wohnen Wilhelmsburg,,,['POI'],POINT(9.995028 53.502744),
Pflegezentrum Lokstedt,,,['POI'],POINT(9.953512 53.592838),
Abendbummel Pöseldorf,,,['POI'],POINT(9.99794 53.570812),
Alsterarkaden,,,['POI'],POINT(9.992759 53.552004),
Am Jungfernstieg,,,['POI'],POINT(9.99287 53.553494),
Großneumarkt,,,['POI'],POINT(9.979481 53.550684),
Karolinenviertel,,,['POI'],POINT(9.972396 53.558847),
Reeperbahn,,,['POI'],POINT(9.963751 53.549689),
3001,,,['POI'],POINT(9.965816 53.562162),
Abaton,,,['POI'],POINT(9.982093 53.567681),
Alabama,,,['POI'],POINT(10.020859 53.582883),
Audimax,,,['POI'],POINT(9.98537 53.566441),
B-Movie,,,['POI'],POINT(9.961291 53.554291),
Blankeneser Kino,,,['POI'],POINT(9.812159 53.562766),
CinemaxX - Holi,,,['POI'],POINT(9.97683 53.57706),
CinemaxX Hamburg-Dammtor,,,['POI'],POINT(9.990491 53.559525),
CinemaxX Hamburg-Wandsbek,,,['POI'],POINT(10.06603 53.57238),
CinemaxX Harburg,,,['POI'],POINT(9.985495 53.456908),
Elbe-Filmtheater,,,['POI'],POINT(9.851604 53.572204),
Hansa Filmstudio Bergedorf,,,['POI'],POINT(10.207432 53.49331),
Koralle,,,['POI'],POINT(10.166005 53.651642),
Lichtmess-Kino,,,['POI'],POINT(9.933056 53.556222),
Magazin Filmkunsttheater,,,['POI'],POINT(10.00376 53.599813),
Metropolis Kino,,,['POI'],POINT(9.989088 53.55632),
Passage Kino,,,['POI'],POINT(9.999139 53.550621),
Savoy Filmtheater,,,['POI'],POINT(10.015448 53.554976),
UCI Kinowelt Mundsburg,,,['POI'],POINT(10.027203 53.57051),
UCI Kinowelt Othmarschen Park,,,['POI'],POINT(9.900599 53.557747),
UCI Kinowelt Wandsbek,,,['POI'],POINT(10.096573 53.58826),
V6 Kino im Studio Hamburg,,,['POI'],POINT(10.127067 53.586718),
Zeise Kino,,,['POI'],POINT(9.927837 53.554259),
Bürgertreff Altona-Nord,,,['POI'],POINT(9.951032 53.563772),
Elbphilharmonie (Eingang),,,['POI'],POINT(9.984926 53.541511),
Elbphilharmonie Besucherzentrum,,,['POI'],POINT(9.985755 53.541495),
Elsa Brändström Haus,,,['POI'],POINT(9.785008 53.564376),
Freie Akademie der Künste,,,['POI'],POINT(10.006868 53.548875),
Gedenk- u. Bildungsstätte Israelitische Töchterschule,,,['POI'],POINT(9.975278 53.560153),
Gedenkstein KZ-Außenlager Neugraben,,,['POI'],POINT(9.868015 53.460982),
"Messe, Eingang Mitte",,,['POI'],POINT(9.975439 53.562578),
Hamburg-Haus,,,['POI'],POINT(9.956881 53.57148),
Hamburger Dom (Jahrmarkt),,,['POI'],POINT(9.970856 53.554205),
Komponisten-Quartier Hamburg e.V.,,,['POI'],POINT(9.976989 53.551253),
Kosta & Evi (Vereinsheim Hummelsbütteler SV),,,['POI'],POINT(10.04249 53.646349),
Kraftwerk Bille,,,['POI'],POINT(10.036115 53.544214),
Kunstverein,,,['POI'],POINT(10.006917 53.54839),
Logenhaus der Freimaurer Harburg,,,['POI'],POINT(9.974786 53.45997),
Logenhaus der Freimaurer Moorweidenstraße,,,['POI'],POINT(9.986672 53.56404),
Logenhaus der Freimaurer Welckerstraße,,,['POI'],POINT(9.987067 53.557038),
MS Stubnitz,,,['POI'],POINT(10.020061 53.53533),
Nachbarschaftsverein Quartier 21 e.V.,,,['POI'],POINT(10.03599 53.604507),
Rudolf-Steiner-Haus Hamburg,,,['POI'],POINT(9.994801 53.565725),
Teehaus Große Wallanlagen (Planten un Blomen),,,['POI'],POINT(9.974412 53.552676),
Tourist Information am Hafen,,,['POI'],POINT(9.969604 53.545661),
Tourist Information im Hauptbahnhof,,,['POI'],POINT(10.007463 53.553597),
Alsterwanderweg (Alstertal-Museum),,,['POI'],POINT(10.073338 53.643318),
Altonaer Museum für Kunst und Kulturgeschichte,,,['POI'],POINT(9.934844 53.549047),
Archäologisches Museum Hamburg,,,['POI'],POINT(9.979317 53.458648),
BallinStadt Auswandererwelt Hamburg,,,['POI'],POINT(10.017079 53.520422),
Bargheer Museum,,,['POI'],POINT(9.866176 53.554695),
Biozentrum Grindel und Zoologisches Museum,,,['POI'],POINT(9.978163 53.567471),
Bischofsturm,,,['POI'],POINT(9.997785 53.55012),
Brahmsmuseum,,,['POI'],POINT(9.97667 53.551166),
Bucerius Kunst Forum,,,['POI'],POINT(9.991908 53.551085),
Bunkermuseum,,,['POI'],POINT(10.063404 53.553184),
Cap San Diego,,,['POI'],POINT(9.97653 53.543107),
Das Klingende Museum,,,['POI'],POINT(9.981903 53.556253),
Deichtorhallen,,,['POI'],POINT(10.006764 53.547025),
Deutsches Hafenmuseum,,,['POI'],POINT(10.000157 53.525345),
Deutsches Malermuseum,,,['POI'],POINT(10.119739 53.520295),
Deutsches Zollmuseum,,,['POI'],POINT(9.998123 53.545885),
Deutsches Zusatzstoffmuseum,,,['POI'],POINT(10.021852 53.542692),
Dialog im Dunkeln,,,['POI'],POINT(10.001934 53.546311),
Barlach Haus Hamburg,,,['POI'],POINT(9.867677 53.553606),
Fliegende Bauten,,,['POI'],POINT(9.971724 53.551925),
Genuss Speicher Hamburg,,,['POI'],POINT(9.997036 53.544573),
Geologisch-Paläontologisches Museum,,,['POI'],POINT(9.974311 53.567961),
Geschichtsort Stadthaus,,,['POI'],POINT(9.986711 53.550805),
Gipsabguss-Sammlung des Archäologischen Instituts,,,['POI'],POINT(9.988047 53.562798),
HSV-Museum,,,['POI'],POINT(9.900257 53.587806),
HafenCity Infocenter Im Kesselhaus,,,['POI'],POINT(9.990382 53.543245),
Hafenmuseum Hamburg,,,['POI'],POINT(10.000368 53.526619),
Hamburger Kunsthalle,,,['POI'],POINT(10.003051 53.555251),
Hamburger Schulmuseum,,,['POI'],POINT(9.963605 53.550526),
Haus (im Heinepark),,,['POI'],POINT(9.928613 53.546274),
Internationales Maritimes Museum Hamburg,,,['POI'],POINT(9.999934 53.543363),
Jenisch Haus,,,['POI'],POINT(9.866043 53.552656),
KZ-Gedenkstätte Neuengamme,,,['POI'],POINT(10.227497 53.427393),
Kinder-Kunst-Museum,,,['POI'],POINT(10.080286 53.572001),
Klick Kindermuseum,,,['POI'],POINT(9.848547 53.587654),
Kunsthaus Hamburg,,,['POI'],POINT(10.006736 53.549038),
Loki-Schmidt-Haus,,,['POI'],POINT(9.859803 53.559665),
Mineralogisches Museum Hamburg,,,['POI'],POINT(9.982388 53.566088),
Museum Elbinsel Wilhelmsburg,,,['POI'],POINT(10.017834 53.487762),
Museum Friedhof Ohlsdorf,,,['POI'],POINT(10.034535 53.619767),
Museum am Rothenbaum,,,['POI'],POINT(9.989538 53.568482),
Museum der Arbeit,,,['POI'],POINT(10.045335 53.585933),
Museum für Bergedorf und die Vierlande,,,['POI'],POINT(10.212583 53.489556),
Museum für Hamburgische Geschichte,,,['POI'],POINT(9.973335 53.551112),
Museum für Kunst und Gewerbe,,,['POI'],POINT(10.009506 53.551279),
Museumsdorf Volksdorf,,,['POI'],POINT(10.168904 53.649799),
Museumshafen Övelgönne,,,['POI'],POINT(9.914817 53.543865),
Panoptikum Wachsfigurenkabinett,,,['POI'],POINT(9.966612 53.549423),
Prototyp Hamburg,,,['POI'],POINT(10.002662 53.543259),
Puppenmuseum Falkenstein Elke Droescher,,,['POI'],POINT(9.764282 53.565867),
Retro Spiele Club,,,['POI'],POINT(10.078963 53.550304),
Rieck-Haus,,,['POI'],POINT(10.214593 53.459182),
Sammlung Falckenberg,,,['POI'],POINT(9.987606 53.455111),
Speicherstadtmuseum,,,['POI'],POINT(9.987572 53.543061),
Spicy's Gewürzmuseum,,,['POI'],POINT(9.989292 53.54311),
St. Pauli Museum,,,['POI'],POINT(9.962486 53.54845),
Stadtmuseum Harburg,,,['POI'],POINT(9.977487 53.45895),
Telemann-Museum,,,['POI'],POINT(9.976656 53.551211),
U-434 U-Boot-Museum,,,['POI'],POINT(9.955361 53.544949),
Allee Theater Hamburger Kammeroper,,,['POI'],POINT(9.942091 53.554678),
Alma Hoppes Lustspielhaus,,,['POI'],POINT(9.992844 53.592976),
Altonaer Theater,,,['POI'],POINT(9.934437 53.548376),
Centralkomitee,,,['POI'],POINT(10.01469 53.55482),
Commedia Theater,,,['POI'],POINT(9.983246 53.558848),
Die Burg – Theater am Biedermannplatz,,,['POI'],POINT(10.032242 53.581564),
Engelsaal,,,['POI'],POINT(9.982761 53.555501),
Deutsch Theater,,,['POI'],POINT(10.026234 53.569153),
First Stage Theater,,,['POI'],POINT(9.948905 53.552369),
Fundus Theater,,,['POI'],POINT(10.043129 53.556427),
Galli Theater,,,['POI'],POINT(9.978445 53.565303),
Ballett,,,['POI'],POINT(10.06132 53.561541),
Hamburger Kammerspiele,,,['POI'],POINT(9.985601 53.56989),
Hamburger Puppentheater,,,['POI'],POINT(10.046276 53.583059),
Hamburger Sprechwerk,,,['POI'],POINT(10.029807 53.555922),
Hamburgische Staatsoper,,,['POI'],POINT(9.988974 53.556626),
Hansa Varieté Theater,,,['POI'],POINT(10.011262 53.55343),
Harburger Theater,,,['POI'],POINT(9.977215 53.45889),
Hoftheater Ottensen,,,['POI'],POINT(9.930554 53.554984),
Imperial Theater,,,['POI'],POINT(9.967641 53.550215),
Kampnagel-Fabrik,,,['POI'],POINT(10.02188 53.583252),
Kellertheater Hamburg,,,['POI'],POINT(9.979444 53.554944),
Komödie Winterhuder Fährhaus,,,['POI'],POINT(9.99437 53.593655),
LICHTHOF Theater,,,['POI'],POINT(9.91521 53.563495),
Lichtwark Theater Körber Haus,,,['POI'],POINT(10.208427 53.486992),
MUT! Theater,,,['POI'],POINT(9.961739 53.565403),
Mehr! Theater am Großmarkt,,,['POI'],POINT(10.016201 53.542938),
Neue Flora,,,['POI'],POINT(9.950067 53.562495),
Ohnsorg-Theater,,,['POI'],POINT(10.007852 53.554699),
Opernloft,,,['POI'],POINT(9.939985 53.5434),
Polittbüro,,,['POI'],POINT(10.014657 53.554704),
Pulverfass,,,['POI'],POINT(9.958659 53.549353),
Schauspielhaus,,,['POI'],POINT(10.009067 53.554428),
Schmidt Theater,,,['POI'],POINT(9.964103 53.549228),
Schmidt's Tivoli,,,['POI'],POINT(9.963481 53.549089),
St. Pauli Theater,,,['POI'],POINT(9.963073 53.549048),
TUI Operettenhaus,,,['POI'],POINT(9.96705 53.54942),
Thalia-Theater,,,['POI'],POINT(9.998721 53.552089),
The English Theatre,,,['POI'],POINT(10.028943 53.569462),
Theater Imago,,,['POI'],POINT(9.984466 53.548352),
Theater Klabauter,,,['POI'],POINT(10.027096 53.554894),
Theater Mignon,,,['POI'],POINT(10.033203 53.576389),
Theater am Neuen Weg,,,['POI'],POINT(10.211936 53.484827),
Theater an der Marschnerstraße,,,['POI'],POINT(10.040319 53.573505),
Theater das Zimmer,,,['POI'],POINT(10.089391 53.549805),
Theater für Kinder,,,['POI'],POINT(9.942065 53.554876),
Theater im Hafen Hamburg,,,['POI'],POINT(9.97341 53.539934),
Theater in der Speicherstadt,,,['POI'],POINT(9.990083 53.544011),
Theater in der Washingtonallee,,,['POI'],POINT(10.08951 53.549723),
Theaterschiff Hamburg,,,['POI'],POINT(9.990114 53.546625),
das kleine hoftheater,,,['POI'],POINT(10.082067 53.550123),
die 2te Heimat,,,['POI'],POINT(9.928366 53.561201),
monsun theater,,,['POI'],POINT(9.947228 53.553658),
Atisha (Club),,,['POI'],POINT(10.01681 53.588435),
Bramfelder Kulturladen,,,['POI'],POINT(10.076115 53.615186),
CCH,,,['POI'],POINT(9.986386 53.561473),
Centralpark Hamburg (Beach Club),,,['POI'],POINT(9.959759 53.563271),
Cotton Club,,,['POI'],POINT(9.981651 53.550577),
Das Feuerschiff,,,['POI'],POINT(9.978861 53.543438),
Delphi Showpalast,,,['POI'],POINT(9.958124 53.565737),
Docks,,,['POI'],POINT(9.964486 53.549459),
Downtown Blues Club,,,['POI'],POINT(10.015174 53.593912),
Fabrik,,,['POI'],POINT(9.929308 53.556638),
GHS-Klassentreffen,,,['POI'],POINT(10.042811 53.64649),
Goldbekhaus,,,['POI'],POINT(10.00893 53.584782),
Große Freiheit 36,,,['POI'],POINT(9.957939 53.550877),
Gruenspan,,,['POI'],POINT(9.958325 53.551934),
Grüner Jäger,,,['POI'],POINT(9.963791 53.556733),
Hamburger Biergarten,,,['POI'],POINT(10.015301 53.593533),
"Haus Am See, Hohenhorst",,,['POI'],POINT(10.145704 53.584007),
KUNSTKLINIK - Kulturzentrum Eppendorf,,,['POI'],POINT(9.981864 53.591674),
Kaiserkeller,,,['POI'],POINT(9.957939 53.550877),
Klimperkiste,,,['POI'],POINT(9.99033 53.557837),
Knust,,,['POI'],POINT(9.967416 53.557522),
Kultorhaus,,,['POI'],POINT(10.088759 53.578052),
Laeiszhalle,,,['POI'],POINT(9.98119 53.556062),
Logo,,,['POI'],POINT(9.983185 53.564671),
Markthalle,,,['POI'],POINT(10.00693 53.548947),
Mojo Club,,,['POI'],POINT(9.965664 53.549521),
Molotow,,,['POI'],POINT(9.956472 53.550062),
Sierichs Biergarten,,,['POI'],POINT(10.028455 53.591624),
Stadtpark (Freilichtbühne),,,['POI'],POINT(10.03041 53.598732),
Strand Pauli (Beach Club),,,['POI'],POINT(9.962448 53.546096),
Strandkai (Beach Club),,,['POI'],POINT(9.993929 53.53883),
Strandperle,,,['POI'],POINT(9.90557 53.544609),
Terminal Tango,,,['POI'],POINT(10.005657 53.635145),
Veritas Beach (Beach Club),,,['POI'],POINT(9.989017 53.465945),
Bahnhofsmission,,,['POI'],POINT(10.006044 53.552297),
Bahnhofsmission Hamburg Altona,,,['POI'],POINT(9.934446 53.552896),
Bahnhofsmission Hamburg Harburg,,,['POI'],POINT(9.991362 53.456077),
Bahnhofsmission Hamburg Hauptbahnhof,,,['POI'],POINT(10.006044 53.552297),
DUCKDALBEN international seamens club,,,['POI'],POINT(9.921747 53.520548),
Bücherhallen Hamburg - Alstertal,,,['POI'],POINT(10.093486 53.654079),
Bücherhallen Hamburg - Altona,,,['POI'],POINT(9.932169 53.552258),
Bücherhallen Hamburg - Barmbek,,,['POI'],POINT(10.044524 53.586111),
Bücherhallen Hamburg - Bergedorf,,,['POI'],POINT(10.210615 53.488147),
Bücherhallen Hamburg - Billstedt,,,['POI'],POINT(10.104885 53.539329),
Bücherhallen Hamburg - Bramfeld,,,['POI'],POINT(10.078758 53.610984),
Bücherhallen Hamburg - Bücherbusse,,,['POI'],POINT(9.984088 53.456623),
Bücherhallen Hamburg - Dehnhaide,,,['POI'],POINT(10.042909 53.576933),
Bücherhallen Hamburg - Eidelstedt,,,['POI'],POINT(9.904145 53.607221),
Bücherhallen Hamburg - Eimsbüttel,,,['POI'],POINT(9.956647 53.571823),
Bücherhallen Hamburg - Elbvororte,,,['POI'],POINT(9.812283 53.563708),
Bücherhallen Hamburg - Farmsen,,,['POI'],POINT(10.121278 53.60531),
Bücherhallen Hamburg - Finkenwerder,,,['POI'],POINT(9.879062 53.53212),
Bücherhallen Hamburg - Fuhlsbüttel,,,['POI'],POINT(10.025785 53.626007),
Bücherhallen Hamburg - Harburg,,,['POI'],POINT(9.98395 53.456525),
Bücherhallen Hamburg - Hohenhorst,,,['POI'],POINT(10.142345 53.5843),
Bücherhallen Hamburg - Holstenstraße,,,['POI'],POINT(9.952776 53.556759),
Bücherhallen Hamburg - Horn,,,['POI'],POINT(10.081924 53.55397),
Bücherhallen Hamburg - Jugendbibliothek hoeb4u,,,['POI'],POINT(9.927149 53.554543),
Bücherhallen Hamburg - Kinderbibliothek,,,['POI'],POINT(10.008044 53.549476),
Bücherhallen Hamburg - Kirchdorf,,,['POI'],POINT(10.008357 53.497259),
Bücherhallen Hamburg - Langenhorn,,,['POI'],POINT(10.013179 53.649997),
Bücherhallen Hamburg - Lokstedt,,,['POI'],POINT(9.963477 53.599991),
Bücherhallen Hamburg - Mümmelmannsberg,,,['POI'],POINT(10.149127 53.528175),
Bücherhallen Hamburg - Neuallermöhe,,,['POI'],POINT(10.158013 53.489055),
Bücherhallen Hamburg - Neugraben,,,['POI'],POINT(9.851925 53.469545),
Bücherhallen Hamburg - Niendorf,,,['POI'],POINT(9.952103 53.622833),
Bücherhallen Hamburg - Osdorfer Born,,,['POI'],POINT(9.848848 53.588344),
Bücherhallen Hamburg - Rahlstedt,,,['POI'],POINT(10.155978 53.603021),
Bücherhallen Hamburg - Schnelsen,,,['POI'],POINT(9.918009 53.631312),
Bücherhallen Hamburg - Steilshoop,,,['POI'],POINT(10.057319 53.613494),
Bücherhallen Hamburg - Volksdorf,,,['POI'],POINT(10.163664 53.6479),
Bücherhallen Hamburg - Wandsbek,,,['POI'],POINT(10.069674 53.574415),
Bücherhallen Hamburg - Wilhelmsburg,,,['POI'],POINT(9.986293 53.517912),
Bücherhallen Hamburg - Winterhude,,,['POI'],POINT(10.00029 53.594253),
Bücherhallen Hamburg - Zentralbibliothek,,,['POI'],POINT(10.008397 53.549716),
Commerzbibliothek der Handelskammer Hamburg,,,['POI'],POINT(9.991628 53.549425),
Funkhaus NDR,,,['POI'],POINT(9.989305 53.576607),
Landesmedienzentrum,,,['POI'],POINT(9.938977 53.574866),
NDR Fernsehstudio,,,['POI'],POINT(9.947461 53.595752),
RTL Plus,,,['POI'],POINT(10.125219 53.585379),
SAT1 Fernsehen,,,['POI'],POINT(10.023811 53.603165),
Studio Hamburg,,,['POI'],POINT(10.12531 53.585953),
Apothekenkammer,,,['POI'],POINT(9.997192 53.566613),
Börse,,,['POI'],POINT(9.991332 53.549697),
Hamburger Notarkammer,,,['POI'],POINT(9.990148 53.556473),
Hanseatische Rechtsanwaltskammer,,,['POI'],POINT(9.988483 53.55176),
Psychotherapeutenkammer Hamburg,,,['POI'],POINT(10.027593 53.582259),
Tierärztekammer Hamburg,,,['POI'],POINT(9.968127 53.561577),
Wirtschaftsprüfungskammer,,,['POI'],POINT(10.000849 53.554659),
Zahnärztekammer,,,['POI'],POINT(10.10654 53.539161),
Ärztekammer,,,['POI'],POINT(10.028233 53.582479),
Handelskammer Hamburg,,,['POI'],POINT(9.99109 53.549654),
Handwerkskammer Hamburg,,,['POI'],POINT(9.977016 53.553059),
CDU Landesverband Hamburg,,,['POI'],POINT(9.992723 53.550458),
DKP Hamburg,,,['POI'],POINT(9.975027 53.549247),
Die Grünen Hamburg,,,['POI'],POINT(9.962862 53.563669),
FDP Hamburg,,,['POI'],POINT(9.935547 53.551477),
SPD Hamburg,,,['POI'],POINT(10.017933 53.552232),
Anonyme Alkoholiker,,,['POI'],POINT(10.032979 53.585151),
Arbeiter-Samariter-Bund ASB,,,['POI'],POINT(10.030723 53.545824),
Arbeiterwohlfahrt,,,['POI'],POINT(9.989542 53.566092),
Beratungsstelle Charon,,,['POI'],POINT(10.021956 53.575146),
Caritasverband Hamburg,,,['POI'],POINT(10.012507 53.557544),
DLRG Deutsche Lebensrettungsgesellschaft,,,['POI'],POINT(10.11725 53.57867),
DRK Landesverband,,,['POI'],POINT(9.958488 53.599133),
Deutscher Guttempler-Orden,,,['POI'],POINT(10.01695 53.553418),
Diakonisches Werk - Betreuungsverein für den Hamburger Westen,,,['POI'],POINT(9.813239 53.560809),
Diakonisches Werk des Kirchenkreises Blankenese,,,['POI'],POINT(9.850422 53.58924),
Drogenberatungszentrum KÖ16A,,,['POI'],POINT(9.946197 53.548688),
Hamburger Kontakt- und Informationsstelle für Selbsthilfegruppen,,,['POI'],POINT(9.927432 53.558486),
Johanniter-Unfallhilfe Regionalverband Hamburg,,,['POI'],POINT(10.092024 53.585211),
Kinder- und Familienhilfezentrum Neuallermöhe-West,,,['POI'],POINT(10.152242 53.488491),
Kontakt- und Beratungsstelle Männer gegen Männer-Gewalt,,,['POI'],POINT(10.025306 53.56199),
Maltheser Hilfsdienst - Geschäftsstelle Hamburg,,,['POI'],POINT(10.082788 53.554735),
Streetlife Rahlstedt - Straßensozialarbeit,,,['POI'],POINT(10.154982 53.603614),
THW - Landesverband Geschäftsstelle Hamburg,,,['POI'],POINT(10.007552 53.604282),
THW - Ortsverband Altona,,,['POI'],POINT(9.902685 53.596117),
THW - Ortsverband Bergedorf,,,['POI'],POINT(10.261917 53.484642),
THW - Ortsverband Eimsbüttel,,,['POI'],POINT(9.95707 53.599899),
THW - Ortsverband Hamburg-Mitte,,,['POI'],POINT(10.094277 53.536821),
THW - Ortsverband Hamburg-Nord,,,['POI'],POINT(10.008021 53.603676),
THW - Ortsverband Harburg,,,['POI'],POINT(9.993042 53.451966),
THW - Ortsverband Wandsbek,,,['POI'],POINT(10.12064 53.582376),
Postbank Hamburg,,,['POI'],POINT(10.016773 53.603872),
Aktionskreis Alter in Eimsbüttel,,,['POI'],POINT(9.953455 53.578219),
Alsterspende in der Stiftung Alsterdorf,,,['POI'],POINT(10.023219 53.613674),
Alzheimer Gesellschaft Hamburg e.V.,,,['POI'],POINT(10.070284 53.574077),
Ambulante Hilfen (SPFH),,,['POI'],POINT(10.037203 53.575743),
Amputierte e.V. Nord,,,['POI'],POINT(10.11912 53.61171),
Arbeitsausschuss der Organisation ehemals Verfolgter in Hamburg,,,['POI'],POINT(9.989441 53.552714),
Arbeitsgemeinschaft Spina bifida und Hydrocephalus,,,['POI'],POINT(10.04032 53.601836),
Arbeitslosen-Telefonhilfe e.V.,,,['POI'],POINT(10.02477 53.574763),
Autonom Leben e.V.,,,['POI'],POINT(9.955731 53.564013),
Behindertenarbeitsgemeinschaft Altona e. V.,,,['POI'],POINT(9.934368 53.554802),
Behindertenarbeitsgemeinschaft Bergedorf,,,['POI'],POINT(10.207555 53.492357),
Behindertenarbeitsgemeinschaft Harburg,,,['POI'],POINT(9.986507 53.457052),
Beratungsteam Rudolf-Ballin-Stiftung,,,['POI'],POINT(10.037158 53.575734),
Beratungszentrum für Technische Hilfen und Wohnraumanpassung (Barrierefrei Leben e.V.),,,['POI'],POINT(10.035035 53.572257),
Bergedorfer Beschäftigungsträger (Alte Holstenstraße 42),,,['POI'],POINT(10.207454 53.49145),
Bergedorfer Beschäftigungsträger (Alte Holstenstraße 46),,,['POI'],POINT(10.208591 53.49169),
Bergedorfer Beschäftigungsträger (Weidenbaumsweg),,,['POI'],POINT(10.200079 53.481604),
Berufsförderungswerk Hamburg-Vermittlungskontor,,,['POI'],POINT(10.1152 53.611441),
Betreuungsverein Bergedorf e.V.,,,['POI'],POINT(10.213535 53.490697),
Betreuungsverein Hamburg-Mitte,,,['POI'],POINT(10.050925 53.57326),
Betreuungsverein Hamburg-Nord e.V.,,,['POI'],POINT(10.017227 53.586958),
Betreuungsverein Sozial-diakonischer Dienst e.V.,,,['POI'],POINT(9.813076 53.56099),
Betreuungsverein Wandsbek,,,['POI'],POINT(10.050925 53.57326),
Blinden- und Sehbehindertenverein Hamburg e.V.,,,['POI'],POINT(10.039161 53.574917),
Blutspendedienst im UKE Eppendorf,,,['POI'],POINT(9.975813 53.589298),
Blutspendedienst im Zentralinstitut für Transfusionsmedizin,,,['POI'],POINT(10.056602 53.576292),
Bund der Schwerhörigen e.V.,,,['POI'],POINT(10.037951 53.572367),
Bund der Steuerzahler Hamburg e.V.,,,['POI'],POINT(9.995446 53.549492),
Bund gegen Missbrauch der Tiere e.V.,,,['POI'],POINT(9.942618 53.597363),
Bürgerhaus Allermöhe,,,['POI'],POINT(10.179676 53.486264),
Bürgerhaus Bornheide,,,['POI'],POINT(9.854581 53.588815),
Bürgerhaus Eidelstedt,,,['POI'],POINT(9.903242 53.607362),
Bürgerhaus Lokstedt,,,['POI'],POINT(9.962924 53.596249),
Bürgerhaus Meiendorf,,,['POI'],POINT(10.16508 53.622467),
Bürgerhaus Niendorf,,,['POI'],POINT(9.948958 53.620109),
Bürgerhaus Wandsbek,,,['POI'],POINT(10.070498 53.574165),
Bürgerhaus Wilhelmsburg,,,['POI'],POINT(9.996071 53.50031),
DUCKDALBEN / Deutsche Seemannsmission Hamburg-Harburg e.V.,,,['POI'],POINT(9.920388 53.521161),
Deutsche Flugsicherung GmbH,,,['POI'],POINT(10.005884 53.631953),
Deutsche Multiple Sklerose Gesellschaft,,,['POI'],POINT(9.96617 53.578998),
Deutsche Rentenversicherung Bund,,,['POI'],POINT(9.990938 53.552198),
Deutsche Rentenversicherung Nord,,,['POI'],POINT(10.107299 53.592474),
Deutsche Rheuma-Liga - Landesverband Hamburg,,,['POI'],POINT(10.052362 53.578845),
Deutscher Diabetiker Bund,,,['POI'],POINT(10.002685 53.54998),
Deutscher Motoryachtverband e.V.,,,['POI'],POINT(10.053069 53.609704),
Deutscher Segler-Verband,,,['POI'],POINT(10.053069 53.609704),
Elbcampus Kompetenzzentrum,,,['POI'],POINT(9.994054 53.457888),
Elbe-Werkstätten GmbH,,,['POI'],POINT(9.971247 53.441506),
Franziskus Tierheim,,,['POI'],POINT(9.941535 53.594856),
FreiwilligenBörseHamburg,,,['POI'],POINT(10.015105 53.551358),
Gehörlosenverband Hamburg,,,['POI'],POINT(9.90346 53.549666),
Geschäftsstelle Rudolf-Ballin-Stiftung,,,['POI'],POINT(10.02521 53.581103),
Grundeigentümerverband Hamburg v. 1832,,,['POI'],POINT(9.996336 53.551408),
HWF Hamburgische Gesellschaft für Wirtschaftsförderung mbH,,,['POI'],POINT(10.028274 53.571121),
Hamburger Esperanto-Verein e.V.,,,['POI'],POINT(10.036297 53.555983),
Hamburger Landesarbeitsgemeinschaft für behinderte Menschen (LAG) e.V.,,,['POI'],POINT(10.036375 53.571527),
Hamburger Spendenparlament e.V.,,,['POI'],POINT(9.937126 53.547861),
Hamburger Sportbund,,,['POI'],POINT(9.969394 53.567497),
Hamburger Tafel e.V.,,,['POI'],POINT(9.976701 53.570169),
Hamburger Tierheim Süderstraße,,,['POI'],POINT(10.066818 53.546154),
Hamburger Tierschutzverein von 1841,,,['POI'],POINT(10.066818 53.546145),
Hamburger Werkstatt GmbH,,,['POI'],POINT(10.135751 53.637961),
Hamburgischer Anwaltsverein e.V.,,,['POI'],POINT(9.97675 53.555927),
Haus Rissen - Internationales Institut für Politik und Wissenschaft,,,['POI'],POINT(9.773736 53.576903),
Info-Point Europa - Europa-Union Hamburg e.V.,,,['POI'],POINT(9.991047 53.549762),
Informations- und Kontaktstelle Aktiver Ruhestand e.V. - I.K.A.R.U.S.,,,['POI'],POINT(9.998716 53.548656),
Insel e.v. Betreuungsverein für Eimsbüttel,,,['POI'],POINT(9.968151 53.580482),
Insel e.v. Betreuungsverein für Harburg,,,['POI'],POINT(9.980592 53.461683),
KISS - Kontakt- und Informationsstelle für Selbsthilfegruppen - Altona,,,['POI'],POINT(9.93323 53.555889),
KISS - Kontakt- und Informationsstelle für Selbsthilfegruppen - Barmbek,,,['POI'],POINT(10.04032 53.601836),
KISS - Kontakt- und Informationsstelle für Selbsthilfegruppen - Harburg,,,['POI'],POINT(9.979794 53.462337),
KISS - Kontakt- und Informationsstelle für Selbsthilfegruppen - Wandsbek,,,['POI'],POINT(10.061684 53.571862),
Kulturklinker,,,['POI'],POINT(10.043977 53.602487),
Landesverband Soziokultur-Hamburg e.V.,,,['POI'],POINT(9.96707 53.557605),
"Leben mit Behinderung Hamburg e.V., ehem. Hamburger Spastikerverein",,,['POI'],POINT(10.016511 53.591735),
Lebenshilfe für Menschen mit geistiger Behinderung Landesverband Hamburg,,,['POI'],POINT(10.072809 53.570029),
Medienwerkstatt Blickwinkel e.V. MultimediaCompetenceCenter (MCC),,,['POI'],POINT(9.9671 53.557596),
Mieterverein zu Hamburg,,,['POI'],POINT(10.022932 53.553043),
Notfallpraxis Berner Heerweg,,,['POI'],POINT(10.118903 53.601208),
Notfallpraxis Stresemannstr.,,,['POI'],POINT(9.960162 53.559746),
Patriotische Gesellschaft von 1765,,,['POI'],POINT(9.992406 53.54852),
"Ring Deutscher Makler, Landesverband Hamburg e.V.",,,['POI'],POINT(9.991064 53.556295),
"SOS Hilfeverbund Hamburg, Treffpunkt und Beratung Dulsberg (Elsässer Str.) - freier Träger - Fachamt Jugend- und Familie",,,['POI'],POINT(10.063498 53.580975),
SchülerInnenkammer (SKH),,,['POI'],POINT(10.060429 53.588038),
Seemannsmission des Seemannspfarramtes,,,['POI'],POINT(9.94559 53.544452),
Seniorenbüro Hamburg e.V.,,,['POI'],POINT(10.018872 53.5574),
Sozialverband Deutschland,,,['POI'],POINT(10.049317 53.586932),
Sozialverband VdK,,,['POI'],POINT(10.025492 53.544737),
Stadtteilkulturzentrum Neuallermöhe-West,,,['POI'],POINT(10.152242 53.488491),
Steuerberatungskammer Hamburg,,,['POI'],POINT(10.000109 53.553362),
"Stiftung Europaverständigung e.V. (SEV), gemeinnützig",,,['POI'],POINT(9.842173 53.471375),
Stiftung Hamburger Öffentliche Bücherhallen - HÖB-Zentralbibliothek,,,['POI'],POINT(10.008397 53.549707),
Stiftung des öffentlichen Rechts.,,,['POI'],POINT(10.212128 53.488923),
Stilbruch GmbH,,,['POI'],POINT(10.095817 53.586479),
Umweltzentrum Karlshöhe,,,['POI'],POINT(10.110363 53.630391),
Verbraucherzentrale Hamburg,,,['POI'],POINT(10.007726 53.555122),
Verein Verkehrsamateure und Museumsbahn e.V.,,,['POI'],POINT(9.953171 53.612563),
hamburger arbeit Beschäftigungsgesellschaft mbH,,,['POI'],POINT(10.079253 53.571148),
pflegen&wohnen (Vitanas GmbH),,,['POI'],POINT(10.027781 53.543324),
Wasser,,,['POI'],POINT(10.04178 53.533472),
Wasser - Stadtentwässerung,,,['POI'],POINT(10.008631 53.545608),
Lichtblick AG,,,['POI'],POINT(9.968127 53.549034),
Amtsgericht Hamburg (Caffamacherreihe),,,['POI'],POINT(9.985398 53.556647),
Amtsgericht Hamburg (Dammtorstraße),,,['POI'],POINT(9.987976 53.556527),
Amtsgericht Hamburg (Dammtorwall),,,['POI'],POINT(9.986213 53.557278),
Amtsgericht Hamburg (Drehbahn),,,['POI'],POINT(9.985414 53.556656),
Amtsgericht Hamburg (Johannes Brahms Platz),,,['POI'],POINT(9.981091 53.555056),
Amtsgericht Hamburg (Kapstadtring),,,['POI'],POINT(10.027518 53.602163),
Amtsgericht Hamburg (Max-Brauer-Allee),,,['POI'],POINT(9.943062 53.556306),
"Amtsgericht Hamburg, Insolvenzgericht",,,['POI'],POINT(9.976819 53.555657),
"Amtsgericht Hamburg, Nachlaßabteilung 72 - 76",,,['POI'],POINT(9.985268 53.556873),
Amtsgericht Hamburg-Altona,,,['POI'],POINT(9.943063 53.556315),
Amtsgericht Hamburg-Barmbek,,,['POI'],POINT(10.029617 53.581047),
Amtsgericht Hamburg-Bergedorf,,,['POI'],POINT(10.210176 53.4902),
"Amtsgericht Hamburg-Bezirksjugendgericht, zentrale Eingangsgeschäftsstelle",,,['POI'],POINT(9.97688 53.555684),
Amtsgericht Hamburg-Blankenese,,,['POI'],POINT(9.81021 53.561836),
Amtsgericht Hamburg-Harburg,,,['POI'],POINT(9.976336 53.465196),
Amtsgericht Hamburg-Mitte (Sievekingplatz),,,['POI'],POINT(9.976546 53.555605),
Amtsgericht Hamburg-St. Georg,,,['POI'],POINT(10.022085 53.557345),
Amtsgericht Hamburg-Wandsbek (Schädlerstr),,,['POI'],POINT(10.076072 53.572506),
Amtsgericht Harburg (Bleichenweg),,,['POI'],POINT(9.976486 53.465185),
Amtsgericht Harburg (Buxtehuder Str.),,,['POI'],POINT(9.98622 53.460909),
Amtsgericht Wandsbek (Wandsbeker Zollstraße),,,['POI'],POINT(10.076041 53.572506),
Arbeitsgericht Hamburg,,,['POI'],POINT(10.032966 53.584001),
Landesarbeitsgericht Hamburg,,,['POI'],POINT(10.032969 53.584136),
Finanzgericht,,,['POI'],POINT(10.02207 53.557345),
Justizvollzugsanstalt Billwerder,,,['POI'],POINT(10.111442 53.510928),
Justizvollzugsanstalt Fuhlsbüttel,,,['POI'],POINT(10.018086 53.622047),
Hamburgisches Oberverwaltungsgericht,,,['POI'],POINT(10.02207 53.557354),
Hamburgisches Verfassungsgericht,,,['POI'],POINT(9.976921 53.556788),
Hanseatisches Oberlandesgericht,,,['POI'],POINT(9.97662 53.556836),
Landgericht Hamburg,,,['POI'],POINT(9.978219 53.55614),
"Gem.Prüfungsamt v.Bremen, Hamburg u.Schleswig-Holstein f.d.2. jur. Staatsexamen",,,['POI'],POINT(9.986228 53.557278),
Rechtsamt Altona,,,['POI'],POINT(9.935412 53.549501),
Rechtsamt Harburg,,,['POI'],POINT(9.977516 53.459561),
Rechtsamt Wandsbek,,,['POI'],POINT(10.070594 53.571414),
Staatsanwaltschaft - Leitender Oberstaatsanwalt,,,['POI'],POINT(9.982276 53.556718),
Staatsanwaltschaft bei dem Hanseatischen Oberlandesgericht,,,['POI'],POINT(9.982276 53.556718),
Sozialgericht Hamburg,,,['POI'],POINT(9.987873 53.556654),
Öffentliche Rechtsauskunft und Vergleichsstelle Alstertal (Wentzelplatz),,,['POI'],POINT(10.09223 53.652303),
Öffentliche Rechtsauskunft und Vergleichsstelle Altona (Alte Königstr.),,,['POI'],POINT(9.937669 53.547156),
Öffentliche Rechtsauskunft und Vergleichsstelle Barmbek (Poppenhusenstr),,,['POI'],POINT(10.043636 53.585616),
Öffentliche Rechtsauskunft und Vergleichsstelle Bergedorf (Fleetplatz),,,['POI'],POINT(10.158783 53.489659),
Öffentliche Rechtsauskunft und Vergleichsstelle Billstedt (Öjendorfer Weg),,,['POI'],POINT(10.107041 53.540415),
Öffentliche Rechtsauskunft und Vergleichsstelle Blankenese (Sülldorfer Kirchenweg),,,['POI'],POINT(9.812675 53.563697),
Öffentliche Rechtsauskunft und Vergleichsstelle Bramfeld (Herthastraße),,,['POI'],POINT(10.079345 53.611509),
Öffentliche Rechtsauskunft und Vergleichsstelle Eimsbüttel (Grindelberg),,,['POI'],POINT(9.978994 53.575308),
Öffentliche Rechtsauskunft und Vergleichsstelle Eppendorf (Kümmellstr),,,['POI'],POINT(9.984601 53.589854),
Öffentliche Rechtsauskunft und Vergleichsstelle Finkenwerder (Steendiek),,,['POI'],POINT(9.880486 53.532442),
Öffentliche Rechtsauskunft und Vergleichsstelle Fuhlsbüttel (Hummelsbüttler Landstr),,,['POI'],POINT(10.026166 53.630514),
Öffentliche Rechtsauskunft und Vergleichsstelle Hamburg-Mitte (Dammtorstr.),,,['POI'],POINT(9.988608 53.557088),
Öffentliche Rechtsauskunft und Vergleichsstelle Harburg (Harburger Ring),,,['POI'],POINT(9.979664 53.460631),
Öffentliche Rechtsauskunft und Vergleichsstelle Lokstedt (Garstedter Weg),,,['POI'],POINT(9.954722 53.62168),
Öffentliche Rechtsauskunft und Vergleichsstelle Lurup (Achtern Born),,,['POI'],POINT(9.849347 53.587612),
Öffentliche Rechtsauskunft und Vergleichsstelle Rahlstedt (Rahlstedter Str),,,['POI'],POINT(10.156867 53.601817),
Öffentliche Rechtsauskunft und Vergleichsstelle Stellingen (Basselweg),,,['POI'],POINT(9.933695 53.59206),
Öffentliche Rechtsauskunft und Vergleichsstelle Süderelbe (Neugrabener Markt),,,['POI'],POINT(9.85293 53.469349),
Öffentliche Rechtsauskunft und Vergleichsstelle Walddörfer (Farmsener Landstr),,,['POI'],POINT(10.161862 53.65002),
Öffentliche Rechtsauskunft und Vergleichsstelle Wandsbek,,,['POI'],POINT(10.070607 53.571899),
Öffentliche Rechtsauskunft und Vergleichsstelle Wilhelmsburg (Mengestr),,,['POI'],POINT(9.99687 53.499036),
Süllberg Blankenese,,,['POI'],POINT(9.800281 53.559521),
Trockendocks,,,['POI'],POINT(9.963315 53.541777),
Viewpoint HafenCity,,,['POI'],POINT(9.994397 53.539491),
Alsterpavillon,,,['POI'],POINT(9.992069 53.554103),
Alsterschlösschen Burg Hennerberg,,,['POI'],POINT(10.0873 53.65817),
Bäckerbreitergang,,,['POI'],POINT(9.982146 53.553691),
Chilehaus,,,['POI'],POINT(10.002539 53.548256),
Cityhall Hamburg,,,['POI'],POINT(9.992736 53.550386),
Cremon Historische Bauten,,,['POI'],POINT(9.98871 53.545945),
Cruise Center Altona,,,['POI'],POINT(9.940196 53.543434),
Cruise Center Baakenhöft,,,['POI'],POINT(10.005983 53.537633),
Cruise Center HafenCity,,,['POI'],POINT(9.996748 53.538753),
Cruise Center Steinwerder,,,['POI'],POINT(9.961316 53.529447),
Deichstraße,,,['POI'],POINT(9.9872 53.545895),
Estesperrwerk,,,['POI'],POINT(9.79056 53.535146),
Fernsehturm,,,['POI'],POINT(9.975936 53.563149),
Fischauktionshalle,,,['POI'],POINT(9.951648 53.544835),
Fleethof,,,['POI'],POINT(9.985726 53.549959),
Hammaburg,,,['POI'],POINT(9.998057 53.550171),
Hauptkirche St. Petri,,,['POI'],POINT(9.996881 53.55019),
Krameramtswohnungen,,,['POI'],POINT(9.980398 53.547927),
Köhlbrandbrücke,,,['POI'],POINT(9.933134 53.522086),
Reimerstwiete,,,['POI'],POINT(9.991389 53.545662),
Speicherstadt,,,['POI'],POINT(10.000529 53.546215),
Bismarck-Denkmal,,,['POI'],POINT(9.972206 53.548623),
Brahms-Denkmal,,,['POI'],POINT(9.976685 53.551148),
Hans-Albers-Denkmal,,,['POI'],POINT(9.96089 53.548607),
Heidi-Kabel-Denkmal,,,['POI'],POINT(10.007196 53.554399),
St.Nikolai-Kirche Mahnmal,,,['POI'],POINT(9.990825 53.547356),
Störtebeker Denkmal,,,['POI'],POINT(9.998899 53.542994),
Alter Elbtunnel,,,['POI'],POINT(9.966787 53.545864),
Finkenwerder Aue-Insel,,,['POI'],POINT(9.886259 53.530863),
Hansahafen,,,['POI'],POINT(10.009276 53.523912),
Lotsenhöft,,,['POI'],POINT(9.879178 53.539891),
Rickmer Rickmers,,,['POI'],POINT(9.973003 53.544528),
Schlepperbrücke,,,['POI'],POINT(9.920366 53.543058),
St. Pauli Landungsbrücken,,,['POI'],POINT(9.967268 53.545096),
Terminal Altenwerder,,,['POI'],POINT(9.928369 53.504126),
Traditionsschiffhafen,,,['POI'],POINT(9.992567 53.542526),
Überseezentrum,,,['POI'],POINT(10.018375 53.530466),
Alsterschiff,,,['POI'],POINT(9.994318 53.553491),
Bleichenbrücke,,,['POI'],POINT(9.988779 53.551479),
IGS Zentrum Internationale Gartenschau Hamburg 2013,,,['POI'],POINT(9.999802 53.496819),
Literaturhaus,,,['POI'],POINT(10.016636 53.568012),
Nicolaifleet und Cremon,,,['POI'],POINT(9.98848 53.545776),
Ringelnatztreppe,,,['POI'],POINT(9.890016 53.545283),
Spielbank Hamburg,,,['POI'],POINT(9.990283 53.558386),
Trostbrücke,,,['POI'],POINT(9.992154 53.548046),
Bundespolizei - Deutsche Bahn,,,['POI'],POINT(10.007332 53.553787),
Bundespolizeiamt Hamburg,,,['POI'],POINT(10.136223 53.582364),
Bundespolizeiinspektion Hamburg,,,['POI'],POINT(10.005666 53.549074),
Bundespolizeiinspektion Hamburg - Einsatzabschnitt Altona,,,['POI'],POINT(9.933989 53.552711),
Bundespolizeiinspektion Hamburg - Einsatzabschnitt Flughafen,,,['POI'],POINT(10.005884 53.631953),
Bundespolizeiinspektion Hamburg - Einsatzabschnitt Harburg,,,['POI'],POINT(9.99055 53.456102),
Feuerwehr Hamburg (Admiralitätsstr.),,,['POI'],POINT(9.982543 53.546113),
Feuerwehr Hamburg (Großmoorbogen),,,['POI'],POINT(10.008757 53.459526),
Freiwillige Feuerwehr Altona,,,['POI'],POINT(9.971158 53.551606),
Freiwillige Feuerwehr Osdorf,,,['POI'],POINT(9.849088 53.576194),
Landesfeuerwehrschule,,,['POI'],POINT(10.079032 53.525746),
Kriminalpolizei Beratung,,,['POI'],POINT(9.987245 53.553649),
Landespolizeidirektion,,,['POI'],POINT(9.966894 53.569045),
Polizeikommissariat 11 (Altstadt),,,['POI'],POINT(10.016488 53.554913),
Polizeikommissariat 14 (Neustadt),,,['POI'],POINT(9.985045 53.55444),
"Polizeikommissariat 14, Außenstelle Klingberg",,,['POI'],POINT(10.001011 53.548089),
"Polizeikommissariat 14, Außenstelle Strafjustizgebäude",,,['POI'],POINT(9.978071 53.55695),
Polizeikommissariat 15 (Davidswache-St.Pauli),,,['POI'],POINT(9.9628 53.548969),
Polizeikommissariat 16 (Schanzenviertel),,,['POI'],POINT(9.961905 53.558752),
Polizeikommissariat 17 (Eimsbüttel),,,['POI'],POINT(9.976144 53.568916),
Polizeikommissariat 21 (Altona),,,['POI'],POINT(9.945444 53.549431),
Polizeikommissariat 22 (Eimsbüttel),,,['POI'],POINT(9.943875 53.577208),
Polizeikommissariat 23 (Eppendorf),,,['POI'],POINT(9.966492 53.585159),
Polizeikommissariat 24 (Niendorf),,,['POI'],POINT(9.956187 53.624337),
Polizeikommissariat 25 (Bahrenfeld),,,['POI'],POINT(9.880289 53.572338),
Polizeikommissariat 26 (Osdorf),,,['POI'],POINT(9.849966 53.576331),
"Polizeikommissariat 26, Außenstelle Rissen",,,['POI'],POINT(9.756824 53.580965),
Polizeikommissariat 27 (Stellingen),,,['POI'],POINT(9.935433 53.592136),
Polizeikommissariat 31 (Barmbek-Nord),,,['POI'],POINT(10.028172 53.570043),
Polizeikommissariat 33 (Barmbek),,,['POI'],POINT(10.019285 53.589025),
Polizeikommissariat 34 (Langenhorn),,,['POI'],POINT(10.018683 53.654326),
"Polizeikommissariat 34, Außenstelle Flughafen",,,['POI'],POINT(10.005805 53.633724),
Polizeikommissariat 35 (Poppenbüttel),,,['POI'],POINT(10.092668 53.651104),
"Polizeikommissariat 35, Außenstelle Volksdorf",,,['POI'],POINT(10.16706 53.65094),
"Polizeikommissariat 35, Polizeiposten Duvenstedt",,,['POI'],POINT(10.104227 53.700992),
Polizeikommissariat 36 (Bramfeld),,,['POI'],POINT(10.07992 53.610938),
Polizeikommissariat 37 (Wandsbek),,,['POI'],POINT(10.070585 53.571037),
Polizeikommissariat 38 (Rahlstedt),,,['POI'],POINT(10.15118 53.599904),
Polizeikommissariat 41 (Hamm),,,['POI'],POINT(10.046041 53.55765),
Polizeikommissariat 42 (Billstedt),,,['POI'],POINT(10.109526 53.538532),
Polizeikommissariat 43 (Bergedorf),,,['POI'],POINT(10.20433 53.491284),
"Polizeikommissariat 43, Außenstelle Neuallermöhe",,,['POI'],POINT(10.160045 53.489539),
"Polizeikommissariat 43, Polizeiposten Allermöhe",,,['POI'],POINT(10.126978 53.482882),
"Polizeikommissariat 43, Polizeiposten Curslack-Neuengamme",,,['POI'],POINT(10.233948 53.447527),
"Polizeikommissariat 43, Polizeiposten Kirchwerder-Warwisch",,,['POI'],POINT(10.137747 53.453011),
"Polizeikommissariat 43, Polizeiposten Moorfleet",,,['POI'],POINT(10.078847 53.504218),
"Polizeikommissariat 43, Polizeiposten Ochsenwerder",,,['POI'],POINT(10.07338 53.471587),
"Polizeikommissariat 43, Polizeiposten Zollenspieker",,,['POI'],POINT(10.175264 53.40133),
Polizeikommissariat 44 (Wilhelmsburg),,,['POI'],POINT(9.99183 53.507111),
Polizeikommissariat 45 (Wilstorf),,,['POI'],POINT(9.994476 53.45146),
Polizeikommissariat 46 (Harburg),,,['POI'],POINT(9.978 53.458991),
Polizeikommissariat 47 (Neugraben),,,['POI'],POINT(9.851342 53.469737),
"Polizeikommissariat 47, Außenstelle Finkenwerder",,,['POI'],POINT(9.877812 53.535876),
"Polizeikommissariat 47, Polizeiposten Cranz",,,['POI'],POINT(9.779905 53.535603),
Polizeipräsidium,,,['POI'],POINT(10.011244 53.604512),
Wasserschutzpolizeikommissariat 1,,,['POI'],POINT(9.927358 53.524108),
Wasserschutzpolizeikommissariat 2,,,['POI'],POINT(9.972587 53.525096),
Wasserschutzpolizeikommissariat 3,,,['POI'],POINT(9.988342 53.472528),
Verkehrsstaffel Mitte,,,['POI'],POINT(9.976035 53.568773),
Verkehrsstaffel Ost,,,['POI'],POINT(10.077098 53.564203),
Verkehrsstaffel Süd,,,['POI'],POINT(10.005775 53.456325),
Verkehrsstaffel West,,,['POI'],POINT(9.924765 53.564212),
HZA Hamburg-Stadt - ZA Post - Abfertigung - See,,,['POI'],POINT(9.940927 53.564095),
Zollfahndungsamt,,,['POI'],POINT(10.16958 53.606501),
Zollzahlstelle,,,['POI'],POINT(9.989676 53.545964),
HZA Hamburg-Hafen,,,['POI'],POINT(10.005974 53.523885),
HZA Hamburg-Hafen - Zollamt Zweibrückenstraße,,,['POI'],POINT(10.025984 53.533923),
HZA Hamburg-Stadt - Abfertigung Messe,,,['POI'],POINT(9.98116 53.559988),
HZA Hamburg-Hafen - Zollamt Waltershof,,,['POI'],POINT(9.925975 53.519438),
HZA Hamburg-Jonas,,,['POI'],POINT(10.026174 53.544236),
HZA Hamburg-Stadt,,,['POI'],POINT(10.002344 53.546389),
HZA Hamburg-Stadt - Zollamt Flughafen,,,['POI'],POINT(10.006794 53.63146),
HZA Hamburg-Stadt - Zollamt Hafencity,,,['POI'],POINT(10.001383 53.543404),
HZA Hamburg-Stadt - Zollamt Oberelbe,,,['POI'],POINT(10.096373 53.52513),
Aikido Schule,,,['POI'],POINT(9.96446 53.552999),
Akkreditierungs-Zentrum,,,['POI'],POINT(9.902898 53.587696),
Barclays Arena,,,['POI'],POINT(9.899319 53.588451),
Derby Horner Galopprennbahn,,,['POI'],POINT(10.081486 53.559878),
Derby Park Klein Flottbek (Springen),,,['POI'],POINT(9.862713 53.556544),
EURO24 Hamburg,,,['POI'],POINT(9.899036 53.588606),
Eislaufbahn/Rollschuhbahn Planten un Blomen,,,['POI'],POINT(9.975832 53.553419),
Eissporthalle Farmsen,,,['POI'],POINT(10.119473 53.605048),
Towers,,,['POI'],POINT(10.002944 53.495876),
Haus des Sports,,,['POI'],POINT(9.969321 53.567579),
Inselpark Arena,,,['POI'],POINT(10.002279 53.495783),
Kixx,,,['POI'],POINT(9.953601 53.550534),
Kunsteisbahn Stellingen,,,['POI'],POINT(9.940886 53.590117),
Leichtathletikhalle Hamburg-Alsterdorf,,,['POI'],POINT(10.003725 53.602787),
MediaCentre,,,['POI'],POINT(9.988525 53.572948),
Millerntorstadion,,,['POI'],POINT(9.967846 53.554553),
Sporthalle Hamburg-Alsterdorf,,,['POI'],POINT(10.002643 53.60241),
Sporthalle Wandsbek,,,['POI'],POINT(10.074795 53.573955),
Sportspaß Center (Altona Jessenstraße),,,['POI'],POINT(9.945012 53.551016),
Sportspaß Center (Altona),,,['POI'],POINT(9.935734 53.551763),
Sportspaß Center (Berliner Tor),,,['POI'],POINT(10.02527 53.556761),
Sportspaß Center (Billstedt),,,['POI'],POINT(10.104887 53.539392),
Sportspaß Center (City Nord),,,['POI'],POINT(10.023527 53.60456),
Sportspaß Center (Harburg),,,['POI'],POINT(9.98443 53.459666),
Sportspaß Center (Holsteinischer Kamp),,,['POI'],POINT(10.045467 53.575365),
Tennis am Rothenbaum,,,['POI'],POINT(9.988965 53.573043),
Trabrennbahn Bahrenfeld,,,['POI'],POINT(9.892154 53.574469),
Volksparkstadion,,,['POI'],POINT(9.898946 53.587241),
Wassersportzentrum Neuländer See,,,['POI'],POINT(10.018846 53.46086),
Zugang A EURO24 Hamburg,,,['POI'],POINT(9.901065 53.588159),
Zugang B EURO24 Hamburg,,,['POI'],POINT(9.900066 53.585911),
Zugang C EURO24 Hamburg,,,['POI'],POINT(9.896039 53.58613),
Zugang D EURO24 Hamburg,,,['POI'],POINT(9.896283 53.586964),
Zugang E EURO24 Hamburg,,,['POI'],POINT(9.897434 53.588564),
Zugang F EURO24 Hamburg,,,['POI'],POINT(9.899048 53.588471),
1. FC Hellbrook e.V. von 1967,,,['POI'],POINT(10.049547 53.61509),
A.P.H. (Associacao Portugesa em Hamburgo),,,['POI'],POINT(9.956539 53.566379),
AC Italia,,,['POI'],POINT(9.946567 53.556449),
AMTV von 1893 e.V.,,,['POI'],POINT(10.161324 53.604595),
Aero-Club Hamburg e.V.,,,['POI'],POINT(10.206655 53.555058),
Agon e.V.,,,['POI'],POINT(10.005012 53.59274),
Aikido Dojo Seishinkan e.V.,,,['POI'],POINT(10.03949 53.56619),
Aikido Dojo e.V.,,,['POI'],POINT(10.160209 53.513205),
Aikido Trainingsgemeinschaft e.V.,,,['POI'],POINT(9.930257 53.550413),
Akademische Fliegergruppe Hamburg e.V.,,,['POI'],POINT(9.852734 53.536866),
Aktiv ab 40 e.V.,,,['POI'],POINT(9.973948 53.60537),
Albanischer Klub Kosova e.V.,,,['POI'],POINT(10.008758 53.502108),
Alle fit e.V.,,,['POI'],POINT(9.996663 53.437541),
Allgemeinder Sportverein Bergedorf-Lohbrügge von 1885 e.V.,,,['POI'],POINT(10.189375 53.496367),
Allgemeiner Bowling Center Verein von 1965 e.V.,,,['POI'],POINT(10.101952 53.6023),
Alster-Canoe-Club e.V.,,,['POI'],POINT(9.990785 53.593398),
Alster-Jugend-Segel-Club e.V.,,,['POI'],POINT(10.001199 53.5733),
Alstereck Verein für Wassersport e.V.,,,['POI'],POINT(10.033012 53.632917),
Altonaer Fußballclub von 1893 e.V.,,,['POI'],POINT(9.909964 53.55534),
Altonaer Schachklub von 1873 e.V.,,,['POI'],POINT(9.942793 53.548248),
Altonaer Schlittschuhläufer-Verein von 1893 e.V.,,,['POI'],POINT(9.943267 53.579738),
Altonaer Segel-Club e.V.,,,['POI'],POINT(9.858205 53.537384),
Altonaer Spielvereinigung e.V.,,,['POI'],POINT(10.137468 53.634333),
Altonaer Turn- und Sportverein e.V.,,,['POI'],POINT(9.956926 53.555441),
An der Berner Au Sv 04 e.V.,,,['POI'],POINT(10.119037 53.620561),
Angelsport-Verein Brachsen von 1976 e.V.,,,['POI'],POINT(10.17549 53.474894),
Angelsport-Verein Overhaken in Vier-und Marschlande e.V.,,,['POI'],POINT(10.081454 53.55685),
Angler-Interessen-Gemeinschaft Hamburg von 1962 e.V.,,,['POI'],POINT(9.987422 53.585213),
Anglerverein Alster e.V.,,,['POI'],POINT(10.061686 53.653809),
Anglerverein Frühauf von 1910 Hamburg e.V.,,,['POI'],POINT(10.047004 53.603324),
Anglerverein Hecht von 1926 e.V.,,,['POI'],POINT(10.037681 53.556429),
Arbeiter Wassersport Verein für Hamburg und Umgebung gegr. 1909 e.V.,,,['POI'],POINT(10.076683 53.591783),
Associazione Basilicata e.V.,,,['POI'],POINT(9.946304 53.55619),
BC Feuersports e.V.,,,['POI'],POINT(10.060682 53.584882),
BFSV Atlantik 97,,,['POI'],POINT(10.155926 53.488231),
Bahala Na Hamburg e.V.,,,['POI'],POINT(10.011044 53.599958),
Bahrenfelder Sport-Verein von 1919 e.V.,,,['POI'],POINT(9.900296 53.560526),
Bahrenfelder Turnverein von 1898 e.V.,,,['POI'],POINT(9.899707 53.57116),
Baltika Sport-Verein e.V.,,,['POI'],POINT(9.988449 53.592995),
Barmbeker Kraftsport-Vereinigung Goliath von 1903 e.V.,,,['POI'],POINT(10.138384 53.620046),
Barmbeker Schachclub von 1926 e.V.,,,['POI'],POINT(10.175192 53.648039),
Behinderten-Sportgemeinschaft Süderelbe e.V.,,,['POI'],POINT(9.869668 53.475572),
Bergedorfer Anglerverein von 1954 e.V.,,,['POI'],POINT(10.201437 53.466234),
Bergedorfer Kanu-Club e.V.,,,['POI'],POINT(10.185027 53.467458),
Bergedorfer Schachverein von 1909 e.V.,,,['POI'],POINT(10.25235 53.495355),
Bergedorfer Skiclub e.V.,,,['POI'],POINT(10.170078 53.51248),
Billard Club Harburg Wandsbek e.V.,,,['POI'],POINT(10.014764 53.584984),
Billard Gemeinschaft Hamburg e.V.,,,['POI'],POINT(10.032305 53.584124),
Billard-Club Bergedorf e.V.,,,['POI'],POINT(10.193633 53.489172),
Bille Schach Club von 1924 e.V. Bergedorf-Reinbek-Wentorf,,,['POI'],POINT(10.17524 53.491439),
Bille Wander Segler Verein e.V. von 1921,,,['POI'],POINT(10.121144 53.627074),
Biller Ruder Club von 1883,,,['POI'],POINT(10.057258 53.543921),
"Biller Wassersport ""Schwalbe"" Hamburg von 1928",,,['POI'],POINT(10.056632 53.544825),
Billwärder Turnverein von 1923 e.V.,,,['POI'],POINT(10.108531 53.52473),
Black Mountains Squaredancers Hamburg-Harburg,,,['POI'],POINT(9.822325 53.570999),
Blankeneser Männer-Turnverein von 1883 e.V.,,,['POI'],POINT(9.822325 53.570999),
Boberger Sportclub e.V.,,,['POI'],POINT(10.157158 53.514088),
Bojutsu-Bushido e.V.,,,['POI'],POINT(9.996663 53.437541),
Boots-Club-Biber-Hamburg e.V.,,,['POI'],POINT(10.085632 53.492548),
Borstelbeker Sportverein von 1922/45 e.V.,,,['POI'],POINT(9.937378 53.471879),
Bowling-Verein Alster e.V.,,,['POI'],POINT(10.132726 53.616479),
Bowling-Verein Elbe 69 e.V.,,,['POI'],POINT(9.849707 53.576198),
Bowling-Verein Harksheide e.V.,,,['POI'],POINT(9.869611 53.605158),
Box-Club Sportmann von 1914 e.V.,,,['POI'],POINT(10.098843 53.576226),
Bramfelder Kraftsportverein von 1959 e.V.,,,['POI'],POINT(10.175894 53.611327),
Bramfelder Sportverein von 1945 e.V.,,,['POI'],POINT(10.080155 53.610082),
Bramfelder Tischtennisvereinigung von 1928 e.V.,,,['POI'],POINT(10.084947 53.617829),
Budo-Club Goshin e.V.,,,['POI'],POINT(10.03949 53.56619),
Budoclub Juka Shotokan Dojo e.V.,,,['POI'],POINT(10.01186 53.660566),
Buff-Club Reinbek e.V. 1995,,,['POI'],POINT(9.95384 53.547073),
Challengers Hamburg e.V.,,,['POI'],POINT(9.816313 53.572334),
Club Castello 1974 e.V.,,,['POI'],POINT(9.993527 53.515211),
Club Eti Kultur-und Sportverein Hamburg e.V.,,,['POI'],POINT(10.033653 53.549069),
Club der Toten Steller e.V.,,,['POI'],POINT(10.022045 53.561317),
Club ma belle e.V.,,,['POI'],POINT(10.090232 53.594796),
Crazy Bumble Bees Square-Dance-Club e.V.,,,['POI'],POINT(9.925358 53.630716),
DJK Hamburg e.V.,,,['POI'],POINT(10.021474 53.563937),
Dartverein Eimsbüttel e.V.,,,['POI'],POINT(9.971457 53.6107),
Der Hamburger und Germania Ruder Club,,,['POI'],POINT(9.996802 53.561584),
Dockenhudener Turnerschaft von 1896 e.V.,,,['POI'],POINT(9.826391 53.568167),
Dojo-hamburg e.V.,,,['POI'],POINT(9.945829 53.582889),
Drachen-Club Flattermann e.V.,,,['POI'],POINT(9.893111 53.569053),
Dulsberger Sport-Club Hanseat von 1899 e.V.,,,['POI'],POINT(10.038307 53.575805),
Duvenstedter Sportverein von 1969 e.V.,,,['POI'],POINT(10.101097 53.710419),
E.S.V. Grün-Weiss Hamburg von 1901 e.V.,,,['POI'],POINT(9.950708 53.583659),
ESV Einigkeit von 1908 e.V.,,,['POI'],POINT(10.001261 53.500527),
Eimsbüttler Turnverband e.V. seit 1889,,,['POI'],POINT(9.968275 53.572035),
Eintracht Fuhlsbüttel,,,['POI'],POINT(10.024261 53.623019),
Eintracht Lokstedt,,,['POI'],POINT(9.954956 53.596564),
Eis- und Rollsportverein Bergedorf e.V.,,,['POI'],POINT(10.127224 53.449552),
Eisenbahner Turn- und Sportverein von 1924 e.V.,,,['POI'],POINT(10.133854 53.498371),
Eisenbahnsportverein e.V. Allgemeiner Sportklub Hamburg von 1947,,,['POI'],POINT(9.823612 53.561888),
Eißendorfer Schützenverein von 1878 e.V.,,,['POI'],POINT(9.940263 53.449096),
Elb-Segler Vereinigung e.V.,,,['POI'],POINT(9.893564 53.531096),
Motor Club e.V.,,,['POI'],POINT(10.04504 53.546436),
FC Alsterbrüder e.V. von 1848 e.V.,,,['POI'],POINT(9.973554 53.573142),
FC Bingöl Sportverein e.V.,,,['POI'],POINT(9.968468 53.566606),
FC Cabo Verde 2000 e.V.,,,['POI'],POINT(9.95182 53.555203),
FC Camlica Genclik e.V. 2002,,,['POI'],POINT(9.945905 53.572789),
FC Ellas von 1981 e.V.,,,['POI'],POINT(9.984847 53.454927),
FC Kickers Hamburg von 2005 e.V.,,,['POI'],POINT(10.12914 53.620278),
FC Musa 97 e.V,,,['POI'],POINT(9.944624 53.440103),
FC Oliveirense e.V.,,,['POI'],POINT(10.092218 53.533012),
FC Persia Harburg e.V. 2004,,,['POI'],POINT(9.985699 53.574103),
FC Porto,,,['POI'],POINT(9.994816 53.516215),
FC Portugal 82 von 1990 e.V.,,,['POI'],POINT(9.98575 53.451667),
FC Ronahi,,,['POI'],POINT(9.982652 53.519569),
FC St. Georg-Horn im Horner TV,,,['POI'],POINT(10.088748 53.549433),
FC St. Pauli von 1910 e.V.,,,['POI'],POINT(9.96872 53.553863),
FC Süderelbe von 1948 e.V.,,,['POI'],POINT(9.866925 53.471809),
FC Teutonia von 1905 e.V.,,,['POI'],POINT(9.920161 53.552378),
FC Türkiye e.V.,,,['POI'],POINT(10.001743 53.501188),
FC Viktoria Harburg von 1910 e.V.,,,['POI'],POINT(9.987565 53.442954),
FC Welat Spor e.V.,,,['POI'],POINT(9.944175 53.562883),
FC Winterhude e.V.,,,['POI'],POINT(10.001395 53.589239),
FC Örnek-Türkspor e.V.,,,['POI'],POINT(9.95318 53.579453),
FK Nikola Tesla,,,['POI'],POINT(9.928516 53.56872),
FKK Sportgemeinschaft Hamburg e.V.,,,['POI'],POINT(10.01743 53.572768),
FTSV Altenwerder von 1918 e.V.,,,['POI'],POINT(9.87499 53.482425),
FTSV Komet Blankenese von 1907 e.V.,,,['POI'],POINT(9.826583 53.56795),
FTSV Lorbeer-Rothenburgsort von 1896 e.V,,,['POI'],POINT(10.044426 53.534967),
Farmsen Turnierverein von 1926 e.V.,,,['POI'],POINT(10.122615 53.607903),
Fecht-Club Rothenbaum e.V.,,,['POI'],POINT(10.0028 53.589919),
Fluggruppe Eppendorf e.V.,,,['POI'],POINT(10.044219 53.647789),
Freie Sportvereinigung Harburg von 1893 e.V.,,,['POI'],POINT(9.983953 53.448833),
Freier Wassersportverein Vorwärts Hamburg e.V.,,,['POI'],POINT(10.149194 53.418109),
Freizeitsportgemeinschaft Langenhorn 09/76 e.V.,,,['POI'],POINT(10.042553 53.610299),
Friskis & Svettis e.V.,,,['POI'],POINT(9.971516 53.569843),
Fun Kickers Hamburg von 1991 e.V.,,,['POI'],POINT(9.938302 53.449614),
Funny Squirrels Square Dance Club e.V. Hamburg-Bergedorf,,,['POI'],POINT(10.176959 53.497469),
Gehörlosen-Sportclub Wikinger Hamburg von 1984 e.V.,,,['POI'],POINT(10.07776 53.560558),
"Groß Flottbeker Tennis-, Hockey- und Golfclub e.V.",,,['POI'],POINT(9.875638 53.558409),
Groß-Flottbek Spielvereinigung von 1912 e.V.,,,['POI'],POINT(9.880045 53.57225),
Grün-Weiss Fechten Hamburg,,,['POI'],POINT(9.951856 53.581),
GsK Bergedorf 2000 e.V.,,,['POI'],POINT(10.214153 53.48334),
Gym Sandokan e.V.,,,['POI'],POINT(10.022954 53.548954),
Gymnastik- und Freizeitgemeinschaft Steilshoop e.V.,,,['POI'],POINT(10.030332 53.633336),
HIRA - Kurdischer SV e.V.,,,['POI'],POINT(9.983388 53.518772),
HSV Barmbek-Uhlenhorst von 1923 e.V.,,,['POI'],POINT(10.050494 53.598468),
HSV Handball Sport Verein Hamburg,,,['POI'],POINT(9.894714 53.591334),
Blue Devils e.V.,,,['POI'],POINT(9.942279 53.567229),
Eimsbütteler Ballspielclub 1911,,,['POI'],POINT(9.951034 53.57398),
Exiles Rugby-Football-Club e.V.,,,['POI'],POINT(10.033396 53.627603),
Targets e.V.,,,['POI'],POINT(9.980838 53.637984),
Hamburg-Harvestehuder Turnverein von 1872 e.V.,,,['POI'],POINT(9.995237 53.579119),
Hamburg-Wentorfer Reiterverein e.V.,,,['POI'],POINT(10.274475 53.503514),
Hamburger Aero-Club Boberg e.V.,,,['POI'],POINT(10.154027 53.514802),
Hamburger Angler Club e.V.,,,['POI'],POINT(10.135264 53.576478),
Hamburger Box-Club Heros von 1922 e.V.,,,['POI'],POINT(9.97547 53.573729),
Hamburger Eislauf-Verein von 1922 e.V.,,,['POI'],POINT(10.107938 53.543578),
Hamburger Fatihspor e.V.,,,['POI'],POINT(10.017525 53.552865),
Hamburger Fecht-Club e.V.,,,['POI'],POINT(9.865101 53.573725),
Hamburger Gehörlosen Sport-Verein von 1904 e.V.,,,['POI'],POINT(9.898458 53.549263),
Hamburger Kanu Club e.V.,,,['POI'],POINT(10.017358 53.56222),
Hamburger Lehrer-Turnverein von 1881 e.V.,,,['POI'],POINT(9.916264 53.624766),
Hamburger Radtouristen von 1894 e.V.,,,['POI'],POINT(10.076679 53.5857),
Hamburger Ruderinnen-Club von 1925 e.V.,,,['POI'],POINT(10.016166 53.608783),
Hamburger Schwerhörigen-Sportverein von 1977 e.V.,,,['POI'],POINT(10.037784 53.572961),
Hamburger Schützengesellschaft e.V.,,,['POI'],POINT(10.158449 53.619871),
Hamburger Segel-Club e.V.,,,['POI'],POINT(10.007852 53.558508),
Hamburger Sport-Verein e.V.,,,['POI'],POINT(9.900142 53.588094),
Hamburger Sport-Verein e.V. Nachwuchszentrum,,,['POI'],POINT(9.995831 53.690307),
Hamburger Sportclub e.V.,,,['POI'],POINT(10.011081 53.615421),
Hamburger Taekwondo Verein Sosan e.V.,,,['POI'],POINT(9.977289 53.573426),
Hamburger Turnerbund von 1862 e.V.,,,['POI'],POINT(10.03978 53.557705),
Hamburger Turnergesellschaft Barmbek-Uhlenhorst e.V.,,,['POI'],POINT(10.036188 53.57311),
Hamburger Turnerschaft von 1816 e.V.,,,['POI'],POINT(10.043766 53.557203),
Hamburger Verein für Luftfahrt e.V.,,,['POI'],POINT(10.153418 53.515167),
Hamburger Verein für Skilauf e.V.,,,['POI'],POINT(9.955009 53.464991),
Hamburger Wanderverein e.V.,,,['POI'],POINT(10.023532 53.551061),
Hamburger Yacht-Club im ADAC e.V.,,,['POI'],POINT(10.083915 53.493749),
Hamburgers Squarre Dance Club,,,['POI'],POINT(10.234412 53.519506),
Hamburgische Taekwondo Union e.V.,,,['POI'],POINT(9.842665 53.556912),
Hammer Arbeitersportverein e.V.,,,['POI'],POINT(10.151597 53.526929),
Hanseat Verein für Wassersport e.V.,,,['POI'],POINT(10.032206 53.58505),
Harburger Radsport-Gemeinschaft von 1951 e.V.,,,['POI'],POINT(9.996771 53.433128),
Harburger Schwerhörigen SV,,,['POI'],POINT(10.037776 53.57262),
Harburger Schützengilde von 1528 e.V.,,,['POI'],POINT(9.879952 53.46307),
Harburger Sportclub Borussia Rasensport von 1904/1907 e.V.,,,['POI'],POINT(9.971087 53.443071),
Harburger Turnerbund von 1865 e.V,,,['POI'],POINT(9.935356 53.456637),
Harburger Türksport von 1979 e.V.,,,['POI'],POINT(9.985877 53.454559),
Harvestehuder Tennis und Hockey Club,,,['POI'],POINT(10.008777 53.591046),
Hausbruch-Neugrabener Turnerschaft von 1911 e.V.,,,['POI'],POINT(9.872266 53.471545),
Haymana e.V.,,,['POI'],POINT(10.108154 53.581836),
Heimfelder Schützenverein von 1890 e.V.,,,['POI'],POINT(9.940109 53.460526),
Hummelsbütteler SV von 1929 e.V.,,,['POI'],POINT(10.04165 53.645422),
ITA Profi 21 e.V.,,,['POI'],POINT(9.92487 53.63125),
Imperial Club Hamburg e.V. Tansportclub,,,['POI'],POINT(9.845794 53.573063),
Inter Osdorf 96 e.V.,,,['POI'],POINT(9.853158 53.590874),
Inter Wilhelmsburg e.V.,,,['POI'],POINT(10.021511 53.485314),
Interaktion e.V.,,,['POI'],POINT(10.013294 53.553242),
Iranischer Sportverein e.V.,,,['POI'],POINT(10.008507 53.573356),
Islandpferde Zucht- und Sportverein Nord e.V.,,,['POI'],POINT(10.086149 53.571067),
Jacht-Klub Nordwest e.V.,,,['POI'],POINT(9.884049 53.550692),
Jung-Do Hamburg e.V.,,,['POI'],POINT(9.889228 53.593306),
Juventude do Minho 1987 e.V.,,,['POI'],POINT(10.00556 53.51724),
Kaengado Sport e.V.,,,['POI'],POINT(10.023561 53.573461),
Kaifu Tri Team e.V.,,,['POI'],POINT(10.000539 53.601601),
Karate Hochschulsport Hamburg e.V.,,,['POI'],POINT(10.057635 53.571125),
Kegelsportgemeinschaft Altona von 1988 e.V.,,,['POI'],POINT(9.868274 53.607028),
Kilimanschanzo e.V.,,,['POI'],POINT(9.979239 53.570257),
Klipper Tennis- und Hockey-Club auf der Uhlenhorst e.V.,,,['POI'],POINT(10.018444 53.572265),
Kroatische Kulturgemeinschaft e.V.,,,['POI'],POINT(10.054498 53.553029),
Langenhorner Schachfreunde von 1928 e.V.,,,['POI'],POINT(9.99846 53.671569),
Lebensfitness e.V.,,,['POI'],POINT(9.95526 53.579939),
Leichtathletik-Gemeinschaft Hausbruch-Neugraben-Fischbek,,,['POI'],POINT(9.872266 53.471545),
Lemsahler Sport-Verein von 1967 e.V.,,,['POI'],POINT(10.100516 53.682957),
MSV Hamburg von 1974 e.V.,,,['POI'],POINT(10.149119 53.532892),
Marienthaler Tennis- und Hockey-Club e.V.,,,['POI'],POINT(10.088911 53.560475),
Meiendorfer Sportverein von 1949 e.V.,,,['POI'],POINT(10.16477 53.629883),
Midnight Move e.V.,,,['POI'],POINT(10.085707 53.477793),
Moorburger Turn-und Sportverein von 1897 e.V.,,,['POI'],POINT(9.92733 53.495229),
Motor-Yacht-Club Dove-Elbe-Wilhelmsburg von 1928 e.V.,,,['POI'],POINT(10.009454 53.511726),
Nady e.V.,,,['POI'],POINT(10.01445 53.55237),
Niendorfer Flugsportclub e.V.,,,['POI'],POINT(9.932045 53.639218),
Niendorfer Minigolf-Club e.V.,,,['POI'],POINT(9.971207 53.629436),
Niendorfer TSV von 1919 e.V.,,,['POI'],POINT(9.959234 53.641349),
Nienstedtener Turnverein von 1894 e.V.,,,['POI'],POINT(9.85441 53.594558),
Norddeutscher Regatta Verein,,,['POI'],POINT(10.007254 53.574615),
Norddeutscher und Flottbeker Reiterverein e.V.,,,['POI'],POINT(9.869949 53.56501),
Oberalster Verein für Wassersport e.V,,,['POI'],POINT(10.033429 53.627684),
Ochsenwerder Schützengemeinschaft von 1930 e.V.,,,['POI'],POINT(10.083329 53.483197),
Ochsenwerder Segelclub e.V.,,,['POI'],POINT(10.114062 53.548149),
Ornek-Türkspor e.V.,,,['POI'],POINT(9.952693 53.579277),
Ostsee Segler Gemeinschaft e.V.,,,['POI'],POINT(9.980614 53.583337),
Othmarscher Tennis-Club e.V.,,,['POI'],POINT(9.907449 53.551325),
Play Clean e.V.,,,['POI'],POINT(10.045386 53.562301),
Pluspunkte e.V.,,,['POI'],POINT(10.059229 53.588983),
Po-Eun e.V. Hamburg,,,['POI'],POINT(9.912163 53.548126),
Portugiesischer Kulturverein in Harburg,,,['POI'],POINT(9.966065 53.450534),
Post Sportverein Bergedorf e.V.,,,['POI'],POINT(10.188356 53.50627),
Post Sportverein Hamburg e.V.,,,['POI'],POINT(10.108848 53.615265),
Pöseldorfer Club e.V.,,,['POI'],POINT(9.995181 53.568373),
R.B.S. Elbgemeinden e.V.,,,['POI'],POINT(9.872435 53.579485),
Radfahrverein Hansa von 1904 Kirchwerder e.V.,,,['POI'],POINT(10.198206 53.439202),
Radsport Gemeinschaft Hamburg von 1893 e.V.,,,['POI'],POINT(10.015331 53.615547),
Radsport-Club Bergedorf von 1988 e.V.,,,['POI'],POINT(10.179607 53.476183),
Radsportclub Hamburg-City e.V.,,,['POI'],POINT(9.942971 53.582696),
Radsportverein Germania Hamburg von 1923 e.V.,,,['POI'],POINT(9.968871 53.557151),
Rahlstedter SC von 1905 e.V,,,['POI'],POINT(10.149068 53.600553),
Rathauskicker Hamburg e.V.,,,['POI'],POINT(9.991577 53.550495),
Rissener Sportverein von 1949 e.V.,,,['POI'],POINT(9.77463 53.584517),
S.V. Uhlenhorster-Adler von 1911/25 e.V.,,,['POI'],POINT(10.026696 53.577622),
SC Bosna 1992 e.V.,,,['POI'],POINT(9.953737 53.561262),
SC Condor von 1956 e.V.,,,['POI'],POINT(10.122312 53.609002),
SC Elbgau,,,['POI'],POINT(9.884692 53.60388),
SC Europa von 1992 e.V.,,,['POI'],POINT(10.155355 53.52762),
SC Hansa von 1910/11 e.V.,,,['POI'],POINT(9.972823 53.560389),
SC Osterbek von 1973 e.V,,,['POI'],POINT(10.078644 53.60058),
SC Sperber von 1838 e.V.,,,['POI'],POINT(10.010284 53.607323),
SC Sternschanze von 1911 e.V.,,,['POI'],POINT(9.96474 53.559322),
SC Union von 1903 e.V.,,,['POI'],POINT(9.94087 53.569001),
SC Urania von 1931 e.V.,,,['POI'],POINT(10.061086 53.58956),
SC Vier-und Marschlande von 1899 e.V.,,,['POI'],POINT(10.13789 53.453279),
SSC Italia Amburgo e.V.,,,['POI'],POINT(9.959397 53.588622),
SV Altengamme von 1928 e.V.,,,['POI'],POINT(10.269144 53.428485),
SV Barmbek von 1939 e.V.,,,['POI'],POINT(10.052977 53.604781),
SV Blau Weiß Ellas von 1981 e.V.,,,['POI'],POINT(9.888909 53.600416),
SV Deutsche Jugendkraft Hamburg e.V.,,,['POI'],POINT(10.021315 53.563597),
SV Grün-Weiss Harburg von 1920 e.V.,,,['POI'],POINT(9.965683 53.436358),
SV Kurpunder/ Lohkamp e.V,,,['POI'],POINT(9.899756 53.604738),
SV Lurup-Hamburg von 1923 e.V.,,,['POI'],POINT(9.87004 53.592235),
SV Nettelnburg-Allermöhe von 1930 e.V.,,,['POI'],POINT(10.192615 53.47866),
SV Vahdet-Hamburg e.V.,,,['POI'],POINT(10.036214 53.563073),
SV Wilhelmsburg von 1888 e.V.,,,['POI'],POINT(10.019235 53.492162),
Sarajevo Sport-Verein von 1994 e.V.,,,['POI'],POINT(10.024872 53.628261),
Spielverein Curslack-Neuengamme,,,['POI'],POINT(10.221184 53.44649),
Spielvereinigung Blankenese von 1903 e.V.,,,['POI'],POINT(9.804262 53.570502),
Spielvereinigung Este 06/70 e.V.,,,['POI'],POINT(9.811103 53.516256),
Sport Hamburg Benfica,,,['POI'],POINT(9.946905 53.558099),
Sport-Club Concordia von 1907 e.V,,,['POI'],POINT(10.10026 53.567425),
Sport-Club Eilbek von 1913 e.V.,,,['POI'],POINT(10.050213 53.570103),
Sport-Club Finkenwerder von 1927 e.V.,,,['POI'],POINT(9.878832 53.526883),
Sport-Club Hamm von 1902 e.V.,,,['POI'],POINT(10.056883 53.549432),
Sport-Club Nienstedten von 1907 e.V,,,['POI'],POINT(9.858335 53.55273),
Sport-Club Poppenbüttel von 1930 e.V.,,,['POI'],POINT(10.074139 53.663518),
Sport-Club Teutonia 1910 e.V.,,,['POI'],POINT(9.943515 53.556293),
Sport-Club Victoria Hamburg von 1895 e.V.,,,['POI'],POINT(9.968514 53.588404),
Sport-Club Wentorf von 1906 e.V.,,,['POI'],POINT(10.251634 53.48794),
Sport-Verein Rönneburg von 1923 e.V.,,,['POI'],POINT(10.004029 53.432753),
Sport-Verein West-Eimsbüttel von 1923 e.V.,,,['POI'],POINT(9.947584 53.600577),
Sportclub Alstertal / Langenhorn e.V.,,,['POI'],POINT(10.01322 53.626473),
Sportclub Vorwärts-Wacker von 1904 e.V.,,,['POI'],POINT(10.116686 53.546965),
Sporting Clube de Hamburg von 1983 e.V.,,,['POI'],POINT(10.022218 53.549716),
Sportverein Bergedorf-West e.V.,,,['POI'],POINT(10.178385 53.493466),
Sportverein Bergstedt 1948 e.V.,,,['POI'],POINT(10.134185 53.670853),
Sportverein Eidelstedt von 1880 e.V.,,,['POI'],POINT(9.892767 53.605725),
Sportverein Fortuna 72 Hamburg e.V.,,,['POI'],POINT(10.036825 53.554729),
Sportverein K.S. Polonia von 1988 e.V.,,,['POI'],POINT(10.032334 53.568606),
Sportverein Mesopotamien,,,['POI'],POINT(9.986965 53.443049),
Sportverein Osdorfer Born e.V.,,,['POI'],POINT(9.850368 53.588836),
Sportverein Rot Weiss Wilhelmsburg e.V,,,['POI'],POINT(9.990833 53.507012),
Sportverein Rot-Gelb Harburg von 1950 e.V.,,,['POI'],POINT(9.945499 53.454437),
Sportverein Tonndorf-Lohe e.V. von 1921,,,['POI'],POINT(10.129215 53.589097),
Sportverein Vorwärts 93-Ost e.V,,,['POI'],POINT(10.021149 53.514124),
Sportvereinigung Billstedt-Horn von 1891 e.V.,,,['POI'],POINT(10.135984 53.540817),
Startschuß,,,['POI'],POINT(10.017728 53.627873),
TSC Wellingsbüttel von 1937 e.V.,,,['POI'],POINT(10.101399 53.635596),
TSG Bergedorf von 1860 e.V.,,,['POI'],POINT(10.21638 53.487963),
TSV Eppendorf/ Groß-Borstel von 1908 e.V.,,,['POI'],POINT(9.920965 53.635162),
TSV Hohlenhorst von 1963 e.V.,,,['POI'],POINT(10.165468 53.590493),
TSV Neuland von 1924 e.V.,,,['POI'],POINT(10.037264 53.467836),
TSV Wandsbek-Jenfeld von 1881 e.V.,,,['POI'],POINT(10.138838 53.575186),
TuS Germania Schnelsen von 1921 e.V.,,,['POI'],POINT(9.919016 53.63453),
TuS Osdorf von 1907 e.V.,,,['POI'],POINT(9.849668 53.578041),
Turn-und Sportgemeinsch. Dassendorf e.V. 1948,,,['POI'],POINT(10.225491 53.490458),
Turn-und Sportverein Berne von 1924 e.V.,,,['POI'],POINT(10.125986 53.627819),
Turn-und Sportverein Duwo 08,,,['POI'],POINT(10.138475 53.691874),
Turn-und Sportverein Hamburg von 1880 e.V.,,,['POI'],POINT(10.037229 53.553971),
Turn-und Sportverein Stellingen von 1888 e.V.,,,['POI'],POINT(9.929795 53.592611),
Turn-und Sportverein Wandsetal Hamburg von 1890 e.V.,,,['POI'],POINT(10.088251 53.581768),
UHC Hamburg (Uhlenhorster Hockey-Club),,,['POI'],POINT(10.05747 53.639442),
Uhlenhorster Sport-Club Paloma von 1909 e.V.,,,['POI'],POINT(10.035685 53.583421),
VSG Stapelfeld von 1968 e.V.,,,['POI'],POINT(10.18238 53.599043),
Vatan Gücü SC (Spor Klübü) e.V.,,,['POI'],POINT(10.020904 53.526508),
Verein für Leibesübungen Hamburg von 1893 e.V.,,,['POI'],POINT(10.016249 53.588979),
Vereinigung Tunesien Hamburg-Harburg,,,['POI'],POINT(9.97852 53.454081),
VfL Hammonia von 1922 e.V.,,,['POI'],POINT(10.008496 53.650198),
VfL Lohbrügge von 1892 e.V.,,,['POI'],POINT(10.207129 53.503854),
Voll in Bewegung e.V.,,,['POI'],POINT(10.132122 53.600697),
Walddörfer Sport-Verein von 1924 e.V.,,,['POI'],POINT(10.161051 53.652984),
Weiss-Blau Gr. Borstel 1963,,,['POI'],POINT(9.98303 53.61393),
Wilhelmsburger Fußball-Altherren-Auswahl,,,['POI'],POINT(10.001139 53.500474),
Aikido-Verband Hamburg e.V.,,,['POI'],POINT(10.110019 53.632802),
Aikikai Hamburg,,,['POI'],POINT(10.216206 53.497166),
Altonaer Boule Club Hamburg e.V.,,,['POI'],POINT(9.930198 53.546352),
Altonaer Turnerverband von 1845 e.V.,,,['POI'],POINT(9.950079 53.548208),
American-Football Verband Hamburg e.V.,,,['POI'],POINT(9.924603 53.592068),
Angelsport-Verband Hamburg e.V.,,,['POI'],POINT(9.991702 53.574512),
Deutscher Alpenverein Sektion Hamburg und Niederelbe e.V.,,,['POI'],POINT(9.953529 53.597591),
Deutscher Giri-Sport-Verband e.V.,,,['POI'],POINT(10.09771 53.619896),
Deutscher Krocket Bund,,,['POI'],POINT(9.880768 53.554004),
Deutscher Sportlehrer-Verband e.V.,,,['POI'],POINT(10.185473 53.658208),
Deutscher Tennis Bund e.V.,,,['POI'],POINT(9.992516 53.573175),
Hamburger Bahnengolf-Verband e.V.,,,['POI'],POINT(10.084364 53.66109),
Hamburger Baseball und Softball Verband e.V.,,,['POI'],POINT(9.968275 53.572035),
Hamburger Cricket Sport Verband e.V.,,,['POI'],POINT(10.164106 53.647501),
Hamburger Eis- und Rollschuhsportverband e.V.,,,['POI'],POINT(9.972862 53.578512),
Hamburger Fußball-Verband,,,['POI'],POINT(10.127266 53.581721),
Hamburger Gewichtheber-Verband e.V.,,,['POI'],POINT(10.175894 53.611327),
Hamburger Leichtathletik-Verband e.V.,,,['POI'],POINT(10.006798 53.607532),
Hamburger Motorboot Verband e.V.,,,['POI'],POINT(10.176459 53.575155),
Hamburger Polo Club e.V.,,,['POI'],POINT(9.85346 53.561678),
Hamburger Rock'n Roll Verband e.V.,,,['POI'],POINT(10.126621 53.650492),
Hamburger Rugby-Verband e.V.,,,['POI'],POINT(10.029792 53.579545),
Hamburger Seglerverband e.V.,,,['POI'],POINT(9.918849 53.544085),
Hamburger Triathlon-Verband e.V.,,,['POI'],POINT(9.831312 53.577424),
Hamburgischer Ju-Jutsu-Verband e.V.,,,['POI'],POINT(9.916355 53.593389),
Landes Dart Verband Hamburg e.V.,,,['POI'],POINT(9.860137 53.472756),
Landes-Motorsport-Fachverband Hamburg e.V.,,,['POI'],POINT(10.015078 53.54709),
Landesfachverband Hamburg für Kegeln und Bowling e.V.,,,['POI'],POINT(10.066121 53.605383),
Landesverband der Reit-Fahrvereine Hamburg e.V.,,,['POI'],POINT(9.928358 53.569108),
Luftsportverband Hamburg e.V.,,,['POI'],POINT(10.155067 53.525907),
NaturFreunde Deutschland Landesverband Hamburg e.V.,,,['POI'],POINT(10.014723 53.55243),
Norddeutscher Ruder Bund,,,['POI'],POINT(10.117864 53.48233),
Racquetball Landesverband Hamburg e.V.,,,['POI'],POINT(10.142566 53.570658),
Rad- und Kraftfahrerverband Solidarität e.V.,,,['POI'],POINT(10.216492 53.506095),
Radsport-Verband Hamburg e.V.,,,['POI'],POINT(9.978091 53.570868),
Schützenkreis Sachsenwald e.V.,,,['POI'],POINT(10.083329 53.483197),
Schützenverband Hamburg und Umgebung e.V.,,,['POI'],POINT(9.887514 53.469735),
Wanderverband Norddeutschland e.V.,,,['POI'],POINT(10.023532 53.551061),
"AKN-Burgwedel, Öffentliche Toilette,",,,['POI'],POINT(9.908847 53.64743),
"Alte Holstenstraße, Öffentliche Toilette",,,['POI'],POINT(10.208439 53.490569),
"Alte Rabenstraße, Öffentliche Toilette",,,['POI'],POINT(10.001613 53.567196),
"Altenwallbrücke, Automatiktoilette",,,['POI'],POINT(9.986997 53.548843),
"Alter Elbtunnel, Automatiktoilette",,,['POI'],POINT(9.966969 53.54588),
"Altonaer Fischmarkt, Öffentliche Toilette",,,['POI'],POINT(9.952382 53.545279),
"Audimax / Universität Hamburg, Öffentliche Toilette",,,['POI'],POINT(9.985731 53.566411),
"August-Kirch-Straße, Öffentliche Toilette",,,['POI'],POINT(9.898164 53.571693),
"Außenmühlendamm, Automatiktoilette",,,['POI'],POINT(9.983462 53.448424),
"Bismarckstraße, Öffentliche Toilette",,,['POI'],POINT(9.974732 53.578407),
"Blankeneser Landstraße, Öffentliche Toilette",,,['POI'],POINT(9.801987 53.565171),
"Blankeneser Markt, Öffentliche Toilette",,,['POI'],POINT(9.812297 53.562055),
"Botanischer Garten, Öffentliche Toilette",,,['POI'],POINT(9.862434 53.559188),
"Bremer Straße, Automatiktoilette",,,['POI'],POINT(9.982387 53.458596),
"Eduard-Rhein-Ufer, Öffentliche Toilette",,,['POI'],POINT(10.015455 53.567861),
"Eidelstedter Platz, Busbahnhof, Öffentliche Toilette",,,['POI'],POINT(9.904861 53.608212),
"Elbuferweg 12, Öffentliche Toilette",,,['POI'],POINT(9.854098 53.548394),
"Elbuferweg 136, Öffentliche Toilette",,,['POI'],POINT(9.823975 53.554131),
"Elbuferweg 85, Öffentliche Toilette",,,['POI'],POINT(9.851612 53.549319),
"Elsässer Straße, Öffentliche Toilette",,,['POI'],POINT(10.062795 53.581826),
"Eppendorfer Landstraße, Automatiktoilette",,,['POI'],POINT(9.986846 53.589018),
"Eppendorfer Marktplatz, Businsel, Öffentliche Toilette",,,['POI'],POINT(9.989185 53.592809),
"Falkensteiner Ufer, Öffentliche Toilette",,,['POI'],POINT(9.761126 53.56577),
"Finkenwerder Marktplatz, Öffentliche Toilette",,,['POI'],POINT(9.878754 53.533308),
"Fleetplatz, Urinalanlage",,,['POI'],POINT(10.158513 53.489733),
"Flottbeker Wochenmarkt, Markttoilette",,,['POI'],POINT(9.878878 53.568368),
"Friedhof Niendorf, Öffentliche Toilette",,,['POI'],POINT(9.954173 53.618791),
"Friedhof Ohlsdorf, Öffentliche Toilette",,,['POI'],POINT(10.081628 53.623951),
"Fuhlsbütteler Marktplatz, Markttoilette",,,['POI'],POINT(10.022023 53.626731),
"Gerhard-Hauptmann-Platz, Öffentliche Toilette",,,['POI'],POINT(9.999676 53.550993),
"Goldbekufer, Markttoilette",,,['POI'],POINT(10.009635 53.583949),
"Grindelberg, Automatiktoilette",,,['POI'],POINT(9.978796 53.575247),
"Große Bergstraße, Automatiktoilette",,,['POI'],POINT(9.943326 53.551883),
"Großneumarkt, Öffentliche Toilette",,,['POI'],POINT(9.980073 53.550176),
"Grundstraße, Markttoilette",,,['POI'],POINT(9.9436 53.577067),
"Hansaplatz, Urinalanlage",,,['POI'],POINT(10.011683 53.554657),
"Hardorffsweg, Öffentliche Toilette",,,['POI'],POINT(10.039797 53.591607),
"Hartzloh, Öffentliche Markttoilette",,,['POI'],POINT(10.038949 53.60077),
"Hauptbahnhof, Ausgang Mönckebergstr. Öffentliche Toilette",,,['POI'],POINT(10.005488 53.551753),
"Hauptbahnhof, Wandelhalle, Öffentliche Toilette",,,['POI'],POINT(10.008053 53.553646),
"Hellgrundweg, Picknick-Imbiss, Öffentliche Toilette",,,['POI'],POINT(9.895288 53.584213),
"Hohenzollernring, Siggis Kiosk, Öffentliche Toilette",,,['POI'],POINT(9.917114 53.546147),
"Jenischpark, Öffentliche Toilette",,,['POI'],POINT(9.866287 53.552772),
"Jungfernstieg, Automatiktoilette",,,['POI'],POINT(9.991382 53.554423),
"Krugkoppel, Öffentliche Toilette",,,['POI'],POINT(9.997472 53.578516),
"Landungsbrücken, Brücke 2, Öffentliche Toilette",,,['POI'],POINT(9.969032 53.545702),
"Landungsbrücken, Brücke 4, Öffentliche Toilette",,,['POI'],POINT(9.968519 53.545697),
"Neugraben Markt, Öffentliche Toilette",,,['POI'],POINT(9.85399 53.469629),
"Markt-Busbahnhof, Öffentliche Toilette",,,['POI'],POINT(9.950876 53.617335),
"Niendorfer Markt, Markttoilette",,,['POI'],POINT(9.952365 53.622382),
"Planten un Blomen-Kinderspielplatz, Öffentliche Toilette",,,['POI'],POINT(9.981711 53.560325),
"Rahlstedter Bahnhof, ZOB, Öffentliche Toilette",,,['POI'],POINT(10.154467 53.604114),
"Rathausmarkt bei den Arkaden, Öffentliche Toilette",,,['POI'],POINT(9.994009 53.550609),
"Rathauspassage, Öffentliche Toilette",,,['POI'],POINT(9.992091 53.551164),
"Reeperbahn, Urinalanlage",,,['POI'],POINT(9.962443 53.549214),
"Rissener Ufer, Öffentliche Toilette",,,['POI'],POINT(9.756037 53.56476),
"Rothenburgsorter Marktplatz, Öffentliche Toilette",,,['POI'],POINT(10.039749 53.533678),
"S-Altona, WC-Center",,,['POI'],POINT(9.93507 53.551759),
"S-Dammtor, Automatiktoilette",,,['POI'],POINT(9.990112 53.56075),
"S-Dammtor, Öffentliche Toilette",,,['POI'],POINT(9.989829 53.560932),
"S-Elbgaustraße, Öffentliche Toilette",,,['POI'],POINT(9.893078 53.603269),
"S-Harburg, Öffentliche Toilette",,,['POI'],POINT(9.991664 53.456138),
"S-Heimfeld, Automatiktoilette",,,['POI'],POINT(9.963482 53.465435),
"S-Neugraben, Öffentliche Toilette",,,['POI'],POINT(9.850748 53.473938),
"S-Neuwiedenthal, Öffentliche Toilette",,,['POI'],POINT(9.875322 53.472934),
"S-Othmarschen, Öffentliche Toilette",,,['POI'],POINT(9.886997 53.558936),
"S-Poppenbüttel, Automatiktoilette",,,['POI'],POINT(10.09421 53.651674),
"S-Rissen, Öffentliche Toilette",,,['POI'],POINT(9.756311 53.582657),
"S-Stellingen, Bus-Shuttle, Urinalanlage",,,['POI'],POINT(9.915587 53.589316),
"S-Stellingen, Öffentliche Toilette",,,['POI'],POINT(9.918384 53.590148),
"S-Veddel, Busbahnhof, Öffentliche Toilette",,,['POI'],POINT(10.013296 53.520499),
"S-Wilhelmsburg, Öffentliche Toilette",,,['POI'],POINT(10.007265 53.497601),
"Sand-Blumenmarkt, Öffentliche Toilette",,,['POI'],POINT(9.980755 53.461574),
"Schmilinskystraße/An der Alster, Öffentliche Toilette",,,['POI'],POINT(10.011171 53.559729),
"Schöne Aussicht/Uhlenhorst, Öffentliche Toilette",,,['POI'],POINT(10.016691 53.568416),
"St.Michaelis/Krayenkamp, Öffentliche Toilette",,,['POI'],POINT(9.979146 53.547929),
"Stadtpark-Rosengartenweg, Öffentliche Toilette",,,['POI'],POINT(10.024894 53.597989),
"Stadtpark-Trinkhalle, Öffentliche Toilette",,,['POI'],POINT(10.014455 53.592885),
"Strandweg-Mühlenberger Weg, Öffentliche Toilette",,,['POI'],POINT(9.816519 53.554829),
"Strandweg-Opn Buulln, Öffentliche Toilette",,,['POI'],POINT(9.810823 53.556009),
"Straßburger Platz, Öffentliche Toilette",,,['POI'],POINT(10.062809 53.581808),
"Stübenplatz, Öffentliche Toilette",,,['POI'],POINT(9.987206 53.517006),
"Teufelsbrück-Anleger, Öffentliche Toilette",,,['POI'],POINT(9.863335 53.54635),
"Turmweg, Automatiktoilette",,,['POI'],POINT(9.989006 53.570913),
"U-Alsterdorf, Öffentliche Toilette",,,['POI'],POINT(10.011689 53.606709),
"U-Baumwall, Öffentliche Toilette",,,['POI'],POINT(9.982076 53.544149),
"U-Berne, Öffentliche Toilette",,,['POI'],POINT(10.138889 53.626466),
"U-Billstedt, Öffentliche Toilette",,,['POI'],POINT(10.106626 53.542431),
"U-Borgweg, Öffentliche Toilette",,,['POI'],POINT(10.015403 53.590846),
"U-Buchenkamp, Öffentliche Toilette",,,['POI'],POINT(10.185009 53.652965),
"U-Burgstraße, Öffentliche Toilette",,,['POI'],POINT(10.042088 53.555852),
"U-Farmsen, Öffentliche Toilette",,,['POI'],POINT(10.118077 53.607092),
"U-Fuhlsbüttel, Öffentliche Toilette",,,['POI'],POINT(10.02643 53.632668),
"U-Hagenbecks Tierpark, Öffentliche Toilette",,,['POI'],POINT(9.944007 53.593291),
"U-Hamburger Straße, Öffentliche Toilette",,,['POI'],POINT(10.03746 53.574528),
"U-Hoisbüttel, Öffentliche Toilette",,,['POI'],POINT(10.147522 53.67831),
"U-Horner Rennbahn, Öffentliche Toilette",,,['POI'],POINT(10.083793 53.55389),
"U-Kellinghusenstraße, Öffentliche Toilette",,,['POI'],POINT(9.991303 53.589062),
"U-Langenhorner Markt, Öffentliche Toilette",,,['POI'],POINT(10.017227 53.649154),
"U-Lattenkamp, Öffentliche Toilette",,,['POI'],POINT(9.994901 53.599527),
"U-Mundsburg, Öffentliche Toilette",,,['POI'],POINT(10.027399 53.569286),
"U-Mümmelmannsberg, Öffentliche Toilette",,,['POI'],POINT(10.150152 53.528165),
"U-Niendorf-Nord, Automatiktoilette",,,['POI'],POINT(9.950432 53.640592),
"U-Ochsenzoll, Öffentliche Toilette",,,['POI'],POINT(10.001214 53.677934),
"U-Ohlstedt, Öffentliche Toilette",,,['POI'],POINT(10.137149 53.694924),
"U-Saarlandstraße, Öffentliche Toilette",,,['POI'],POINT(10.032797 53.588828),
"U-Schlump, Öffentliche Toilette",,,['POI'],POINT(9.969936 53.568077),
"U-St. Pauli, Öffentliche Automatiktoilette",,,['POI'],POINT(9.970327 53.550867),
"U-Steinfurther Allee, Öffentliche Toilette",,,['POI'],POINT(10.139439 53.540829),
"U-Volksdorf, Öffentliche Toilette",,,['POI'],POINT(10.163245 53.650268),
"U-Wandsbek Markt ZOB, Öffentliche Toilette",,,['POI'],POINT(10.069162 53.572083),
"U-Wandsbek Markt, Öffentliche Toilette",,,['POI'],POINT(10.067568 53.571738),
"U-Wandsbek-Gartenstadt, Öffentliche Toilette",,,['POI'],POINT(10.074993 53.592454),
"U/S Berliner Tor, Automatiktoilette",,,['POI'],POINT(10.024175 53.553284),
"U/S Jungfernstieg, Öffentliche Toilette",,,['POI'],POINT(9.993681 53.552706),
"U/S Wandsbeker Chaussee, Automatiktoilette",,,['POI'],POINT(10.059189 53.569898),
"Winterhuder Marktplatz, Öffentliche Toilette",,,['POI'],POINT(9.999805 53.594841),
"Övelgönner Schulberg, Öffentliche Toilette",,,['POI'],POINT(9.905428 53.544332),
"Überseebrücke/Vorsetzen, Öffentliche Toilette",,,['POI'],POINT(9.978446 53.543783),
A&O Hamburg Hammer Kirche,,,['POI'],POINT(10.061378 53.554226),
A&O Hamburg Hauptbahnhof,,,['POI'],POINT(10.010623 53.547523),
A&O Hamburg Reeperbahn,,,['POI'],POINT(9.958518 53.549794),
ARCADIA (Quality) Hotel Hamburg City,,,['POI'],POINT(10.014394 53.54874),
Acarde Hostel Hamburg,,,['POI'],POINT(9.930511 53.590827),
Adria Hof,,,['POI'],POINT(10.010094 53.554464),
All Seasons Hamburg,,,['POI'],POINT(10.042618 53.574914),
Alpha Pension,,,['POI'],POINT(10.0083 53.55642),
Ambiente by Next Inn,,,['POI'],POINT(9.961289 53.549529),
Aparthotel York,,,['POI'],POINT(10.014733 53.575531),
Apartment-Hotel Hamburg-Mitte,,,['POI'],POINT(10.063048 53.554014),
Appartementhaus Ambiente,,,['POI'],POINT(9.976502 53.594279),
Appartementhaus Bridi,,,['POI'],POINT(10.128955 53.571434),
Appartementhotel Hamburg,,,['POI'],POINT(10.043327 53.550989),
Arcotel Rubin,,,['POI'],POINT(10.016049 53.555474),
Arian Hotel,,,['POI'],POINT(10.011868 53.553524),
Astron Suite-Hotel Hamburg,,,['POI'],POINT(9.973196 53.556882),
Aussen Alster Hotel,,,['POI'],POINT(10.011245 53.559693),
Auszeit Hotel Hamburg,,,['POI'],POINT(9.850631 53.47109),
Auto Hotel am Hafen,,,['POI'],POINT(9.965194 53.549444),
Auto-Parkhotel Hamburg,,,['POI'],POINT(9.957414 53.549012),
B&B Hamburg Altona,,,['POI'],POINT(9.929088 53.563154),
Backpackers St. Pauli,,,['POI'],POINT(9.958564 53.557171),
Baseler Hof,,,['POI'],POINT(9.991548 53.557647),
Basic Hotel Wandsbek,,,['POI'],POINT(10.105116 53.590401),
Bed & Breakfast Thaden 88,,,['POI'],POINT(9.958168 53.557003),
Bed Park,,,['POI'],POINT(9.955683 53.561228),
Bei der Esplanade,,,['POI'],POINT(9.990541 53.555859),
Bengel und Engel Kinderhotel,,,['POI'],POINT(9.943982 53.577944),
Berghotel Hamburg Blick,,,['POI'],POINT(9.887394 53.458917),
Best Western Hotel Hamburg International,,,['POI'],POINT(10.06358 53.55418),
Best Western Hotel St.Raphael,,,['POI'],POINT(10.017315 53.552893),
Best Western Plaza Hotel Hamburg,,,['POI'],POINT(10.032279 53.620236),
Best Western Premier Alsterkrug Hotel,,,['POI'],POINT(9.994957 53.609617),
Best Western Queens Hotel Hamburg,,,['POI'],POINT(10.02378 53.601287),
Best Western Raphael Hotel Altona,,,['POI'],POINT(9.935952 53.554142),
Boulevard Hotel,,,['POI'],POINT(10.015222 53.575132),
Boutique 020,,,['POI'],POINT(10.009927 53.554394),
Bundts Gartenrestauarnt Hotel,,,['POI'],POINT(9.813681 53.520956),
CCH City Club,,,['POI'],POINT(10.14502 53.546419),
Cabo Hotel,,,['POI'],POINT(9.954615 53.552),
Café Keese,,,['POI'],POINT(9.966055 53.550147),
Central Hotel belle etage,,,['POI'],POINT(10.011113 53.557313),
Centro Hotel,,,['POI'],POINT(10.008896 53.552929),
Centro Hotel Brenner Hof,,,['POI'],POINT(10.017074 53.556696),
City Apartment Hotel,,,['POI'],POINT(10.024075 53.56041),
City Center,,,['POI'],POINT(10.017315 53.552893),
City Hotel,,,['POI'],POINT(10.010745 53.554548),
City Hotel Monopol,,,['POI'],POINT(9.96427 53.549946),
City Inter,,,['POI'],POINT(10.088045 53.512024),
City Partner Hotel,,,['POI'],POINT(10.089132 53.574949),
City Partner Hotel Fürst Bismarck,,,['POI'],POINT(10.008425 53.553427),
City-House,,,['POI'],POINT(10.014911 53.553965),
Clipper Elb Lodge,,,['POI'],POINT(9.946527 53.544525),
Commundo Tagungshotel,,,['POI'],POINT(10.186231 53.487916),
Continental Garni,,,['POI'],POINT(10.008187 53.554202),
Courtyard Hamburg Airport,,,['POI'],POINT(10.015866 53.640324),
Crowne Plaza Hamburg,,,['POI'],POINT(10.018766 53.563061),
Daily Fresh Hotel und Konferenzcenter,,,['POI'],POINT(9.932704 53.473694),
Das weiße Hotel an der Elbchaussee,,,['POI'],POINT(9.872098 53.546979),
Deutscher Hof,,,['POI'],POINT(10.009562 53.553004),
Deutsches Haus Francop,,,['POI'],POINT(9.863559 53.507739),
Deutsches Haus Neugraben,,,['POI'],POINT(9.854278 53.467479),
Dorfhotel - Galerie,,,['POI'],POINT(10.162799 53.647235),
Dorint Sofitel Am Alten Wall Hamburg,,,['POI'],POINT(9.989816 53.550015),
EGON Hotel Hamburg City,,,['POI'],POINT(9.953567 53.549699),
East Hotel,,,['POI'],POINT(9.963342 53.550941),
Elb Lounge Gästehaus,,,['POI'],POINT(9.826703 53.56095),
Emde Haus,,,['POI'],POINT(9.878458 53.564112),
Empire Riverside Hotel,,,['POI'],POINT(9.964479 53.547176),
Euro Inn,,,['POI'],POINT(9.955951 53.549671),
Europäischer Hof,,,['POI'],POINT(10.008404 53.553813),
Fairmont Hotel Vier Jahreszeiten,,,['POI'],POINT(9.991352 53.555061),
Forsthaus Bergedorf,,,['POI'],POINT(10.226496 53.492388),
Frauenhotel Hanseatin,,,['POI'],POINT(9.981491 53.555376),
Fresena- im Dammtorpalais Garni,,,['POI'],POINT(9.986185 53.563883),
Frisia Garni,,,['POI'],POINT(10.012972 53.554287),
Fritzhotel,,,['POI'],POINT(9.965645 53.56459),
GASTWERK HOTEL Hamburg,,,['POI'],POINT(9.918965 53.562657),
GHOTEL hotel & living Hamburg,,,['POI'],POINT(9.94156 53.564764),
Garden Hotels,,,['POI'],POINT(9.997963 53.569221),
Gartenrestaurant,,,['POI'],POINT(9.817207 53.520878),
Gasthof Sohre,,,['POI'],POINT(10.016402 53.4871),
Grand City Hamburg Mitte,,,['POI'],POINT(10.026981 53.553898),
Grand Elysée Hotel Hamburg,,,['POI'],POINT(9.990724 53.56371),
Gästehaus Kirchwerder,,,['POI'],POINT(10.139122 53.422824),
Gästehaus Picklapp,,,['POI'],POINT(9.895521 53.60308),
Gästehaus Universität Hamburg,,,['POI'],POINT(9.989783 53.565389),
H4 Hotel Hamburg Bergedorf,,,['POI'],POINT(10.20897 53.487014),
Hadleys Bed & Breakfast,,,['POI'],POINT(9.977595 53.570315),
Marriott Hotel,,,['POI'],POINT(9.987552 53.554527),
Quartier 1a Apartment,,,['POI'],POINT(10.015145 53.584504),
Hansehof,,,['POI'],POINT(9.963857 53.550991),
Haralds Hotel,,,['POI'],POINT(9.963923 53.549912),
Haus Fransiska,,,['POI'],POINT(10.019094 53.552851),
Heikotel Hotel Am Stadtpark Hamburg,,,['POI'],POINT(10.032014 53.585852),
Hela Garni,,,['POI'],POINT(10.016252 53.567719),
Holiday Inn Express Hamburg City Centre,,,['POI'],POINT(10.032471 53.561857),
Holiday Inn HafenCity,,,['POI'],POINT(10.003487 53.541167),
Holiday Inn Hamburg,,,['POI'],POINT(10.031076 53.536152),
Holsteiner Haus,,,['POI'],POINT(10.069469 53.600977),
Hostel Buch ein Bett,,,['POI'],POINT(9.964935 53.549976),
Hotel & Gästehaus der Deutschen Post (Letzer Heller),,,['POI'],POINT(10.087773 53.544357),
Hotel & Landhaus Kastanie,,,['POI'],POINT(10.107452 53.701537),
Hotel Aachenerhof,,,['POI'],POINT(10.006727 53.556281),
Hotel Aarhus,,,['POI'],POINT(9.853252 53.47109),
Hotel Abtei,,,['POI'],POINT(9.989682 53.579803),
Hotel Accord Novum Hamburg Centrum,,,['POI'],POINT(10.016705 53.555783),
Hotel Adina,,,['POI'],POINT(9.987072 53.564379),
Hotel Adler,,,['POI'],POINT(10.000775 53.55279),
Hotel Adria (Bergstedter Ch.),,,['POI'],POINT(10.1258 53.669621),
Hotel Agaria City Appartments,,,['POI'],POINT(10.009325 53.553204),
Hotel Alameda,,,['POI'],POINT(9.990541 53.555859),
Hotel Albertus Paris,,,['POI'],POINT(10.065739 53.577622),
Hotel Alpenhotels,,,['POI'],POINT(9.961827 53.464837),
Hotel Alster,,,['POI'],POINT(9.93527 53.592946),
Hotel Alster-Au,,,['POI'],POINT(10.117455 53.706458),
Hotel Alster-Hof,,,['POI'],POINT(9.99113 53.557831),
Hotel Alster-Sierich,,,['POI'],POINT(10.007819 53.579966),
Hotel Alsterblick,,,['POI'],POINT(10.016832 53.565468),
Hotel Alsterkrone,,,['POI'],POINT(10.016832 53.565468),
Hotel Alsterpark,,,['POI'],POINT(10.030184 53.63597),
Hotel Alt Hamburg,,,['POI'],POINT(9.960324 53.548899),
Hotel Alt Lohbrügger Hof,,,['POI'],POINT(10.20594 53.502347),
Hotel Alt- Nürnberg,,,['POI'],POINT(10.009539 53.553319),
Hotel Altan,,,['POI'],POINT(9.963047 53.557207),
Hotel Alte Wache,,,['POI'],POINT(10.014611 53.552764),
Hotel Altenwerder Hof,,,['POI'],POINT(9.857966 53.47261),
Hotel Am Baurs Park,,,['POI'],POINT(9.815167 53.559843),
Hotel Am Dammtor,,,['POI'],POINT(9.987038 53.564864),
Hotel Am Deich,,,['POI'],POINT(10.173543 53.473107),
Hotel Am Elbufer,,,['POI'],POINT(9.872937 53.538652),
Hotel Am Holstenwall,,,['POI'],POINT(9.976912 53.553778),
Hotel Am Museum garni,,,['POI'],POINT(9.98804 53.570912),
Hotel Am Rothenbaum,,,['POI'],POINT(9.988396 53.571304),
Hotel Ambassador,,,['POI'],POINT(10.026153 53.550239),
Hotel Amsterdam,,,['POI'],POINT(9.986185 53.563883),
Hotel Annenhof,,,['POI'],POINT(10.010038 53.556522),
Hotel Aquasport,,,['POI'],POINT(10.071751 53.58729),
Hotel Armgart-Burg,,,['POI'],POINT(10.020449 53.565257),
Hotel Asgard,,,['POI'],POINT(10.017014 53.56676),
Hotel Astoria,,,['POI'],POINT(10.015056 53.555617),
Hotel Atlantic Hamburg,,,['POI'],POINT(10.004395 53.557208),
Hotel August Giele,,,['POI'],POINT(10.017177 53.640151),
Hotel Ausspann,,,['POI'],POINT(9.906382 53.64885),
Hotel Austria Hamburg,,,['POI'],POINT(9.960309 53.550247),
Hotel Baumann,,,['POI'],POINT(10.008497 53.5533),
Hotel Bee Fang,,,['POI'],POINT(10.008037 53.554868),
Hotel Behn,,,['POI'],POINT(10.113148 53.538031),
Hotel Behrmann,,,['POI'],POINT(9.825085 53.559245),
Hotel Beim Funk,,,['POI'],POINT(9.989161 53.575611),
Hotel Bellmoor im Dammtorpalais,,,['POI'],POINT(9.986185 53.563883),
Hotel Belmont,,,['POI'],POINT(10.016982 53.566689),
Hotel Bergedorfer Höhe,,,['POI'],POINT(10.223186 53.490967),
Hotel Blanco,,,['POI'],POINT(10.028604 53.570417),
Hotel Blankenese,,,['POI'],POINT(9.824914 53.571385),
Hotel Boberger Höhe,,,['POI'],POINT(10.184146 53.506636),
Hotel Boritzka,,,['POI'],POINT(9.968579 53.568169),
Hotel Boston,,,['POI'],POINT(9.952746 53.56215),
Hotel Bremer Hof,,,['POI'],POINT(10.011432 53.554237),
Hotel Bridge Inn,,,['POI'],POINT(10.030639 53.536174),
Hotel Budapester Hof,,,['POI'],POINT(9.964268 53.555139),
Hotel Böttcherhof,,,['POI'],POINT(10.083395 53.538349),
Hotel Central,,,['POI'],POINT(9.936124 53.553727),
Hotel City Nord,,,['POI'],POINT(10.037371 53.600478),
Hotel Clausen,,,['POI'],POINT(10.022882 53.56538),
Hotel Cockpit,,,['POI'],POINT(10.012659 53.645967),
Hotel Columbia,,,['POI'],POINT(9.873766 53.548862),
Hotel Commerz,,,['POI'],POINT(9.935352 53.550193),
Hotel Commodore,,,['POI'],POINT(9.964489 53.555578),
Hotel Condi,,,['POI'],POINT(10.048497 53.644661),
Hotel Condor,,,['POI'],POINT(10.009629 53.553282),
Hotel Cristobal,,,['POI'],POINT(10.00856 53.582547),
Hotel Domicil Hamburg by Golden Tulip,,,['POI'],POINT(9.959099 53.560123),
Hotel Eilenau,,,['POI'],POINT(10.029962 53.566047),
Hotel Elbbrücken,,,['POI'],POINT(10.032676 53.535581),
Hotel Elbinsel,,,['POI'],POINT(9.878848 53.532705),
Hotel Eleazar- Novum,,,['POI'],POINT(10.0102 53.553834),
Hotel Engel,,,['POI'],POINT(9.95593 53.60627),
Hotel Entrée residenz,,,['POI'],POINT(9.976057 53.609009),
Hotel Fernkraft,,,['POI'],POINT(10.040283 53.553019),
Hotel Figaro Hamburg,,,['POI'],POINT(9.96608 53.557182),
Hotel Fuchsbau,,,['POI'],POINT(9.8811 53.623665),
Hotel Garni Bodo Schaub,,,['POI'],POINT(9.987222 53.592798),
Hotel Golden Ring,,,['POI'],POINT(9.978048 53.5651),
Hotel Grenzkrug,,,['POI'],POINT(10.071974 53.608035),
Hotel Haack,,,['POI'],POINT(10.005161 53.584391),
Hotel Hacker,,,['POI'],POINT(9.967165 53.588865),
Hotel Hadenfeldt,,,['POI'],POINT(10.058054 53.629571),
Hotel Hafen Hamburg,,,['POI'],POINT(9.970233 53.547426),
Hotel Hafentor,,,['POI'],POINT(9.972749 53.545968),
Hotel Hagemann,,,['POI'],POINT(9.992897 53.516654),
Hotel Hamburg Nord,,,['POI'],POINT(10.129686 53.597135),
Hotel Hamburg Novum,,,['POI'],POINT(10.012689 53.553786),
Hotel Hamburger Perle,,,['POI'],POINT(9.965404 53.548696),
Hotel Hamburger Wald,,,['POI'],POINT(10.260407 53.652446),
Hotel Hansa 7,,,['POI'],POINT(10.011836 53.554737),
Hotel Hanse Clipper Haus,,,['POI'],POINT(9.977393 53.546514),
Hotel Hanseat,,,['POI'],POINT(10.197706 53.493615),
Hotel Hanseat (Reeperbahn),,,['POI'],POINT(9.966977 53.550193),
Hotel Hansen,,,['POI'],POINT(10.129813 53.587744),
Hotel Hanseport Hamburg,,,['POI'],POINT(9.961213 53.547508),
Hotel Harburger Hof,,,['POI'],POINT(9.981997 53.462543),
Hotel Heckkaten,,,['POI'],POINT(10.187917 53.490568),
Hotel Heimfeld,,,['POI'],POINT(9.94905 53.462423),
Hotel Helgoland Hamburg,,,['POI'],POINT(9.938623 53.575255),
Hotel Him,,,['POI'],POINT(9.910667 53.556431),
Hotel Hong-Kong,,,['POI'],POINT(9.961289 53.55023),
Hotel Ibis Hamburg Airport,,,['POI'],POINT(10.010401 53.622364),
Hotel Ibis Hamburg Alster Centrum,,,['POI'],POINT(10.004553 53.556865),
Hotel Ibis Hamburg St. Pauli Messe,,,['POI'],POINT(9.966479 53.550844),
Hotel Ibis Hamburg Wandsbek,,,['POI'],POINT(10.061246 53.56882),
Hotel Imperial,,,['POI'],POINT(9.969957 53.550537),
Hotel In de döns,,,['POI'],POINT(10.031033 53.62181),
Hotel InterContinental Hamburg,,,['POI'],POINT(9.995852 53.564845),
Hotel Jasmin,,,['POI'],POINT(10.030112 53.636096),
Hotel Jeanette,,,['POI'],POINT(10.016252 53.567719),
Hotel Jungclaus,,,['POI'],POINT(10.243655 53.489192),
Hotel Jutta Bundt,,,['POI'],POINT(9.954253 53.483633),
Hotel Kiek In,,,['POI'],POINT(9.859365 53.529136),
Hotel Kieler Hof,,,['POI'],POINT(10.011233 53.554113),
Hotel Kogge,,,['POI'],POINT(9.960988 53.546926),
Hotel Kopenhagen,,,['POI'],POINT(10.01089 53.55302),
Hotel Kronprinz Novum,,,['POI'],POINT(10.008271 53.553922),
Hotel Königshof Novum,,,['POI'],POINT(10.014568 53.553492),
Hotel Lafayette,,,['POI'],POINT(9.955375 53.550889),
Hotel Landhaus Flottbek,,,['POI'],POINT(9.873734 53.564874),
Hotel Lauenburger Hof,,,['POI'],POINT(10.216919 53.486816),
Hotel Lausen,,,['POI'],POINT(9.959947 53.549585),
Hotel Leuchtmann,,,['POI'],POINT(10.116369 53.643157),
Hotel Lilienhof,,,['POI'],POINT(10.004777 53.554221),
Hotel Lindtner,,,['POI'],POINT(9.940056 53.460859),
Hotel Louis C. Jacob,,,['POI'],POINT(9.844973 53.55004),
Hotel Lumen,,,['POI'],POINT(10.010775 53.553245),
Hotel Maack,,,['POI'],POINT(10.035217 53.391152),
Hotel Maassen,,,['POI'],POINT(9.990209 53.517125),
Hotel Majestätische Aussicht,,,['POI'],POINT(9.924421 53.45293),
Hotel Marco Polo,,,['POI'],POINT(10.058145 53.571004),
Hotel Mare,,,['POI'],POINT(10.020205 53.565152),
Hotel Marienthal,,,['POI'],POINT(10.075069 53.564509),
Hotel Meiendorfer Park,,,['POI'],POINT(10.15899 53.638502),
Hotel Mellingburger Schleuse,,,['POI'],POINT(10.100086 53.668198),
Hotel Mercedes,,,['POI'],POINT(10.011789 53.553407),
Hotel Mirag,,,['POI'],POINT(10.012124 53.553512),
Hotel Miramar,,,['POI'],POINT(10.021905 53.565533),
Hotel Möwe,,,['POI'],POINT(10.016252 53.567719),
Hotel Münsch,,,['POI'],POINT(9.935613 53.576366),
Hotel Nevada,,,['POI'],POINT(10.041249 53.551169),
Hotel Nord,,,['POI'],POINT(10.012176 53.554419),
Hotel Novotel Hamburg Alster,,,['POI'],POINT(10.024953 53.558633),
Hotel Novotel Hamburg Arena,,,['POI'],POINT(9.889667 53.574668),
Hotel Oase,,,['POI'],POINT(10.01753 53.55556),
Hotel Oldenburg,,,['POI'],POINT(10.010213 53.553753),
Hotel Pacific Hamburg,,,['POI'],POINT(9.963324 53.556764),
Hotel Panorama Billstedt,,,['POI'],POINT(10.101053 53.539886),
Hotel Panorama Hamburg Harburg,,,['POI'],POINT(9.984577 53.458901),
Hotel Pension Fink,,,['POI'],POINT(9.988192 53.569671),
Hotel Pension Fritsche,,,['POI'],POINT(9.822651 53.567573),
Hotel Pension Miegel Ingeborg,,,['POI'],POINT(9.986743 53.570339),
Hotel Pension von Blumfeld,,,['POI'],POINT(10.010511 53.557363),
Hotel Piza,,,['POI'],POINT(10.022519 53.565321),
Hotel Polo,,,['POI'],POINT(10.014005 53.552679),
Hotel Poppenbüttler Hof,,,['POI'],POINT(10.083283 53.656095),
Hotel Prem,,,['POI'],POINT(10.014111 53.56152),
Hotel Preuß,,,['POI'],POINT(9.986185 53.563883),
Hotel Residence,,,['POI'],POINT(10.011044 53.553153),
Hotel Restaurant Bei Musa,,,['POI'],POINT(9.863295 53.471754),
Hotel Rosengarten,,,['POI'],POINT(10.087855 53.655065),
Hotel Rowin,,,['POI'],POINT(9.879965 53.582889),
Hotel Sachsentor,,,['POI'],POINT(10.212669 53.488872),
Hotel Savoy Novum,,,['POI'],POINT(10.012583 53.553778),
Hotel Schanzenstern Altona,,,['POI'],POINT(9.93046 53.553466),
Hotel Schanzenstern St. Pauli,,,['POI'],POINT(9.964649 53.560635),
Hotel Scheideholzer Hof,,,['POI'],POINT(9.850458 53.469977),
Hotel Schmidt,,,['POI'],POINT(9.888878 53.557961),
Hotel Schwanenwik,,,['POI'],POINT(10.016319 53.56735),
Hotel Senator,,,['POI'],POINT(10.009239 53.555945),
Hotel St.Annen,,,['POI'],POINT(9.964963 53.552528),
Hotel St.Pauli,,,['POI'],POINT(9.960044 53.549854),
Hotel Stadt Altona,,,['POI'],POINT(9.953954 53.551457),
Hotel Stadt Norderstedt,,,['POI'],POINT(10.032965 53.683532),
Hotel Stephan,,,['POI'],POINT(9.93729 53.5491),
Hotel Süderelbe,,,['POI'],POINT(9.984254 53.461186),
Hotel Terminus am Hauptbahnhof,,,['POI'],POINT(10.010266 53.552809),
Hotel Teutonia,,,['POI'],POINT(10.076132 53.579649),
Hotel Tiefenthal,,,['POI'],POINT(10.069314 53.572737),
Hotel Tomfort,,,['POI'],POINT(10.001601 53.664309),
Hotel Universum,,,['POI'],POINT(10.011836 53.554737),
Hotel Vierlandentor,,,['POI'],POINT(10.202261 53.464483),
Hotel Village,,,['POI'],POINT(10.010343 53.552863),
Hotel Vorbach,,,['POI'],POINT(9.990258 53.566365),
Hotel Wagner,,,['POI'],POINT(9.986185 53.563883),
Hotel Waltraut,,,['POI'],POINT(10.0168 53.566672),
Hotel Waltrud,,,['POI'],POINT(10.016252 53.567719),
Hotel Wattkorn,,,['POI'],POINT(10.023687 53.66485),
Hotel Wedina,,,['POI'],POINT(10.008937 53.558472),
Hotel Zollhof,,,['POI'],POINT(10.078684 53.576095),
Hotel Zum Studio,,,['POI'],POINT(10.124253 53.588794),
Hotel Zum Zeppelin Hamburg,,,['POI'],POINT(9.935241 53.627153),
Hotel Zur Linde Hamburg,,,['POI'],POINT(9.992016 53.483469),
Hotel du Nord,,,['POI'],POINT(10.167798 53.649208),
Hotel zum Tower,,,['POI'],POINT(10.010701 53.553965),
Hotel zur Altstadt,,,['POI'],POINT(9.980155 53.463628),
Hotel Ökotel Hamburg,,,['POI'],POINT(9.906957 53.641792),
Hotel-Garni Mittelweg,,,['POI'],POINT(9.993361 53.578335),
INNSIDE Hamburg Hafen,,,['POI'],POINT(10.014938 53.545653),
Ibis Budget Hamburg Altona,,,['POI'],POINT(9.935404 53.573034),
Ibis Budget Hamburg City Ost,,,['POI'],POINT(10.074769 53.575312),
Ibis Budget Hamburg Quickborn,,,['POI'],POINT(9.944746 53.744649),
Ibis Budget Hamburg St. Pauli Messe,,,['POI'],POINT(9.966196 53.551008),
Impala Hotel,,,['POI'],POINT(10.023954 53.560393),
IntercityHotel Hamburg Dammtor-Messe,,,['POI'],POINT(9.981416 53.559959),
IntercityHotel Hamburg Hauptbahnhof,,,['POI'],POINT(10.002948 53.554093),
IntercityHotel Hamburg-Altona,,,['POI'],POINT(9.935917 53.552516),
JUFA Hotel Hamburg HafenCity,,,['POI'],POINT(10.009122 53.540248),
Junges Hotel Hamburg,,,['POI'],POINT(10.016232 53.551788),
KIKU Kinderkulturhaus,,,['POI'],POINT(10.206558 53.495458),
an der Mühlenau,,,['POI'],POINT(9.908961 53.602134),
Kock's Hotel,,,['POI'],POINT(10.012023 53.640878),
Landhaus Ohlstedt,,,['POI'],POINT(10.140434 53.696025),
Le Méridien Hamburg,,,['POI'],POINT(10.008125 53.558569),
Leonardo Airport Hotel,,,['POI'],POINT(10.007209 53.634278),
Leonardo Hotel Hamburg,,,['POI'],POINT(10.020943 53.528116),
Leonardo Hotel Hamburg Airport,,,['POI'],POINT(10.011097 53.647023),
Leonardo Hotel Hamburg Stillhorn,,,['POI'],POINT(10.025821 53.480389),
Lindner Hotel Am Michel,,,['POI'],POINT(9.977814 53.551031),
Lindner Park-Hotel Hagenbeck,,,['POI'],POINT(9.939873 53.593458),
Lübecker Hof,,,['POI'],POINT(10.011233 53.554113),
Madison Hotel Hamburg,,,['POI'],POINT(9.980976 53.54617),
Mein Hotel in Hamburg,,,['POI'],POINT(10.012082 53.641452),
Meininger Hotel Hamburg City Center,,,['POI'],POINT(9.937903 53.554989),
Mercure Hotel Hamburg City,,,['POI'],POINT(10.015733 53.545449),
Mercure Hotel Hamburg an der Messe,,,['POI'],POINT(9.972428 53.566826),
Michaelis Hof in der katholischen Akademie,,,['POI'],POINT(9.983407 53.548882),
Minihotel an der Messe,,,['POI'],POINT(9.983085 53.564277),
Motel 21,,,['POI'],POINT(10.062491 53.552896),
Motel Hamburg,,,['POI'],POINT(9.968734 53.585464),
Motel One Hamburg Airport,,,['POI'],POINT(10.011436 53.624539),
Motel One Hamburg Alster,,,['POI'],POINT(10.019284 53.556965),
Motel One Hamburg Altona,,,['POI'],POINT(9.938977 53.574866),
Motel One Hamburg Am Michel,,,['POI'],POINT(9.975092 53.549435),
My Place Hotel,,,['POI'],POINT(9.961902 53.559938),
Mövenpick Hotel,,,['POI'],POINT(9.97055 53.564586),
NH Hamburg Altona,,,['POI'],POINT(9.922198 53.564187),
NH Hamburg City,,,['POI'],POINT(9.973503 53.557113),
NH Hamburg Horn,,,['POI'],POINT(10.081451 53.559123),
NH Hamburg Norge,,,['POI'],POINT(9.967164 53.568989),
Nippon Hotel Hamburg,,,['POI'],POINT(10.015076 53.575331),
Novum Hotel Eleazar,,,['POI'],POINT(10.010184 53.553771),
Novum Hotel Graf Moltke Hamburg,,,['POI'],POINT(10.009915 53.552615),
Novum Hotel Norddeutscher Hof,,,['POI'],POINT(10.007953 53.555147),
Oberhouse Apartments Ferienwohnungen,,,['POI'],POINT(9.993087 53.577582),
PLAZA Inn,,,['POI'],POINT(10.088679 53.512665),
Panorama Inn Hotel und Boardinghaus Hamburg,,,['POI'],POINT(10.100009 53.540327),
Park Hotel Hamburg Arena,,,['POI'],POINT(9.932399 53.585358),
Park Hyatt Hamburg,,,['POI'],POINT(10.003245 53.550694),
Park Inn Hamburg Nord,,,['POI'],POINT(9.925223 53.640448),
Parkhotel Alster-Ruh,,,['POI'],POINT(10.011877 53.57729),
Pension Am Rathaus,,,['POI'],POINT(9.995503 53.549968),
Pension Deichnest,,,['POI'],POINT(10.085707 53.477793),
Pension Hager,,,['POI'],POINT(10.012527 53.554596),
Pension Helga Schmidt,,,['POI'],POINT(10.005042 53.556474),
Pension Villa Bergmann,,,['POI'],POINT(9.981194 53.609039),
Phönix City Hotel Hamburg,,,['POI'],POINT(10.008425 53.553427),
Privathotel Eggers,,,['POI'],POINT(10.152423 53.59619),
Pyjama Park Reeperbahn,,,['POI'],POINT(9.96649 53.550017),
Quartier Hotel Pension,,,['POI'],POINT(9.960055 53.57167),
Racket Inn Sporthotel,,,['POI'],POINT(9.918752 53.651604),
Radisson Blu Hotel Hamburg,,,['POI'],POINT(9.987236 53.561691),
Radisson Blu Hotel Hamburg Airport,,,['POI'],POINT(10.005718 53.631982),
Hamburg,,,['POI'],POINT(10.008175 53.554354),
Relaxa Hotel Bellevue Hamburg,,,['POI'],POINT(10.012531 53.560464),
Renaissance Hotel Hamburg,,,['POI'],POINT(9.987 53.552204),
SIDE Hamburg,,,['POI'],POINT(9.986924 53.556697),
Sachsenwald Hotel Reinbek,,,['POI'],POINT(10.25051 53.510668),
Sankt Pauli Lodge Thaden,,,['POI'],POINT(9.957897 53.557032),
Schlaflounge,,,['POI'],POINT(9.961143 53.567744),
St. Joseph,,,['POI'],POINT(9.95807 53.551325),
Stadthaus- Hotel,,,['POI'],POINT(9.948844 53.558407),
Steen's Hotel,,,['POI'],POINT(10.006234 53.555215),
Steigenberger Hotel Hamburg,,,['POI'],POINT(9.98433 53.550285),
Steigenberger Hotel Treudelberg Hamburg,,,['POI'],POINT(10.090583 53.673442),
Stella Maris,,,['POI'],POINT(9.975353 53.545722),
Stilwerk Hotel Heimhude,,,['POI'],POINT(9.9927 53.565599),
Strandhotel Blankenese,,,['POI'],POINT(9.808312 53.556511),
Suite Novotel Hamburg City,,,['POI'],POINT(10.020828 53.557185),
Superbude Hotel & Hostel Altona,,,['POI'],POINT(9.916465 53.563593),
Superbude Hotel & Hostel St. Georg,,,['POI'],POINT(10.021844 53.5505),
Superbude Hotel & Hostel St. Pauli,,,['POI'],POINT(9.960028 53.560511),
Sylvia Sonntag Wandsbeker Hof,,,['POI'],POINT(10.070011 53.574618),
Süllberg Hotel,,,['POI'],POINT(9.800731 53.560165),
The George Hotel,,,['POI'],POINT(10.015675 53.561264),
The Rilano Hotel,,,['POI'],POINT(9.862422 53.540795),
Tortue Hamburg,,,['POI'],POINT(9.98605 53.551592),
Underdog Hotels,,,['POI'],POINT(10.102589 53.580387),
Villa Wandsbek,,,['POI'],POINT(10.062295 53.569116),
Vogels Nest Boardinghouse,,,['POI'],POINT(9.954592 53.640712),
Von Deska Townhouses,,,['POI'],POINT(9.980105 53.579621),
Wikinger Hof,,,['POI'],POINT(10.012414 53.553663),
Yoho- the young Hotel,,,['POI'],POINT(9.966461 53.569929),
Zagreb Hotel,,,['POI'],POINT(10.07362 53.611543),
Zum Eichbaum,,,['POI'],POINT(10.105704 53.487394),
Zur Alten Eiche,,,['POI'],POINT(9.822671 53.512601),
das Smolka,,,['POI'],POINT(9.984013 53.582779),
prizeotel Hamburg-City,,,['POI'],POINT(10.014011 53.545985),
"Jugendherberge ""Auf dem Stintfang""",,,['POI'],POINT(9.972038 53.547187),
Jugendherberge Horner Rennbahn,,,['POI'],POINT(10.079671 53.561493),
Airbus-Werksführungen,,,['POI'],POINT(9.84684 53.536998),
Axel-Springer-Verlag AG,,,['POI'],POINT(9.984814 53.552923),
Briefzentrum Nord,,,['POI'],POINT(9.940477 53.564251),
Briefzentrum Süd,,,['POI'],POINT(9.903731 53.482363),
Bäderland GmbH,,,['POI'],POINT(9.96269 53.570059),
DIAS GmbH,,,['POI'],POINT(9.963717 53.556815),
Deutsche Post AG,,,['POI'],POINT(10.017259 53.604632),
Deutscher Ring,,,['POI'],POINT(9.97785 53.549961),
EADS (ehemals DASA),,,['POI'],POINT(9.839703 53.541469),
Film Förderung GmbH,,,['POI'],POINT(9.927811 53.554466),
HAW Hamburger Außenwerbung GmbH,,,['POI'],POINT(10.007026 53.662754),
HSH Nordbank,,,['POI'],POINT(9.999619 53.551758),
Port Authority,,,['POI'],POINT(9.99688 53.545652),
Hamburg-Mannheimer Versicherung,,,['POI'],POINT(10.017647 53.601897),
HanseCom,,,['POI'],POINT(10.030288 53.583162),
IGS-Internationale Gartenschau Hamburg 2013 GmbH,,,['POI'],POINT(9.985837 53.510638),
IKEA Altona,,,['POI'],POINT(9.941494 53.55161),
IKEA Moorfleet,,,['POI'],POINT(10.091925 53.51109),
IKEA Schnelsen,,,['POI'],POINT(9.927782 53.646826),
Karstadt Aktiengesellschaft,,,['POI'],POINT(9.998608 53.551128),
Lufthansa Technik AG,,,['POI'],POINT(9.996287 53.620541),
Möbel Höffner Hamburg-Barsbüttel,,,['POI'],POINT(10.19623 53.577061),
Möbel Höffner Hamburg-Eidelstedt,,,['POI'],POINT(9.91081 53.619246),
Möbelhaus Roller Halstenbek,,,['POI'],POINT(9.863417 53.630335),
Möbelhaus Roller Harburg,,,['POI'],POINT(10.011125 53.45973),
Möbelhaus Roller Hummelsbüttel,,,['POI'],POINT(10.036251 53.64971),
Otto (GmbH & Co KG),,,['POI'],POINT(10.069679 53.600319),
Phi Mobile Media Services GmbH,,,['POI'],POINT(9.850178 53.580104),
SAP AG,,,['POI'],POINT(9.993513 53.56419),
Steinkohlekraftwerk Moorburg,,,['POI'],POINT(9.949878 53.489418),
AKRA GmbH,,,['POI'],POINT(9.994996 53.548301),
HBT - Hamburger Berater Team GmbH,,,['POI'],POINT(9.985711 53.549986),
procult - Projekt- und Organisationsberatung für kulturelle Arbeit,,,['POI'],POINT(9.96608 53.557182),
Bach - cambio CarSharing Station,,,['POI'],POINT(10.020717 53.580737),
Barmbek Bhf - cambio CarSharing Station,,,['POI'],POINT(10.047177 53.584686),
Behring - cambio CarSharing Station,,,['POI'],POINT(9.923175 53.554295),
Bergedorf Bhf - cambio CarSharing Station,,,['POI'],POINT(10.206063 53.488625),
Berliner Tor - cambio CarSharing Station,,,['POI'],POINT(10.021252 53.556616),
Besenbinder - cambio CarSharing Station,,,['POI'],POINT(10.011747 53.55038),
Cambio Altona-Ottenser Hauptstraße,,,['POI'],POINT(9.926481 53.551592),
Cambio Eimsbüttel-Bogenallee,,,['POI'],POINT(9.976408 53.573155),
Car2go Black - City-Parkhaus A (Q-Park),,,['POI'],POINT(10.000474 53.55282),
Car2go Black - Hamburg Airport,,,['POI'],POINT(10.007701 53.632091),
Car2go Black - Hamburger Meile (Contipark),,,['POI'],POINT(10.028066 53.571877),
Carl - cambio CarSharing Station,,,['POI'],POINT(10.012018 53.556658),
- cambio CarSharing Station,,,['POI'],POINT(9.943357 53.555315),
Drossel - cambio CarSharing Station,,,['POI'],POINT(10.048104 53.587967),
Encke - cambio CarSharing Station,,,['POI'],POINT(9.97727 53.55232),
Falkenried - cambio CarSharing Station,,,['POI'],POINT(9.977068 53.579538),
Finkenau - cambio CarSharing Station,,,['POI'],POINT(10.030844 53.570658),
Friedensallee - cambio CarSharing Station,,,['POI'],POINT(9.90879 53.560408),
Fuhle - cambio CarSharing Station,,,['POI'],POINT(10.040292 53.604388),
Greenwheels (ehemals Stattauto) Station Altona-Mercado,,,['POI'],POINT(9.935286 53.552656),
Greenwheels (ehemals Stattauto) Station Altona-Neue Flora,,,['POI'],POINT(9.950424 53.562905),
Greenwheels (ehemals Stattauto) Station Altona-Winterstraße,,,['POI'],POINT(9.934657 53.550145),
Greenwheels (ehemals Stattauto) Station Bahrenfeld,,,['POI'],POINT(9.91055 53.560143),
Greenwheels (ehemals Stattauto) Station Barmbek,,,['POI'],POINT(10.045593 53.585958),
Greenwheels (ehemals Stattauto) Station Bergedorf,,,['POI'],POINT(10.206589 53.489123),
Greenwheels (ehemals Stattauto) Station Blankenese,,,['POI'],POINT(9.814588 53.564286),
Greenwheels (ehemals Stattauto) Station Bramfeld,,,['POI'],POINT(10.112517 53.628376),
Greenwheels (ehemals Stattauto) Station Eilbek,,,['POI'],POINT(10.044383 53.568735),
Greenwheels (ehemals Stattauto) Station Eimsbüttel-Christuskirche,,,['POI'],POINT(9.960944 53.570261),
Greenwheels (ehemals Stattauto) Station Eimsbüttel-Doormannsweg,,,['POI'],POINT(9.955924 53.569888),
Greenwheels (ehemals Stattauto) Station Eimsbüttel-Hellkamp,,,['POI'],POINT(9.947423 53.578546),
Greenwheels (ehemals Stattauto) Station Eimsbüttel-Kaiser-Friedrich-Ufer,,,['POI'],POINT(9.970846 53.575519),
Greenwheels (ehemals Stattauto) Station Eimsbüttel-Troplowitzstraße,,,['POI'],POINT(9.953936 53.575457),
Greenwheels (ehemals Stattauto) Station Hammerbrook,,,['POI'],POINT(10.0124 53.549296),
Greenwheels (ehemals Stattauto) Station Harburg,,,['POI'],POINT(9.980323 53.460499),
Greenwheels (ehemals Stattauto) Station Hoheluft-Bezirksamt Nord,,,['POI'],POINT(9.985299 53.590675),
Greenwheels (ehemals Stattauto) Station Hoheluft-St.Markuskirche,,,['POI'],POINT(9.973342 53.581662),
Greenwheels (ehemals Stattauto) Station Ohlsdorf,,,['POI'],POINT(10.031323 53.620083),
Greenwheels (ehemals Stattauto) Station Rotherbaum,,,['POI'],POINT(9.985923 53.566877),
Greenwheels (ehemals Stattauto) Station St.Georg,,,['POI'],POINT(10.011159 53.556728),
Greenwheels (ehemals Stattauto) Station St.Pauli,,,['POI'],POINT(9.967266 53.561548),
Greenwheels (ehemals Stattauto) Station Winterhude-Kampnagel,,,['POI'],POINT(10.020398 53.584415),
Greenwheels (ehemals Stattauto) Station Winterhude-U-Lattenkamp,,,['POI'],POINT(9.994711 53.600427),
Grindelhof - cambio CarSharing Station,,,['POI'],POINT(9.984953 53.570605),
Grund - cambio CarSharing Station,,,['POI'],POINT(9.943673 53.57694),
Gärtner - cambio CarSharing Station,,,['POI'],POINT(9.965877 53.581399),
Hahnenkamp - cambio CarSharing Station,,,['POI'],POINT(9.933303 53.553067),
Hebbel - cambio CarSharing Station,,,['POI'],POINT(10.017205 53.577847),
Hertz Station Altona,,,['POI'],POINT(9.923676 53.56414),
Hertz Station Bergedorf,,,['POI'],POINT(10.204407 53.490798),
Hertz Station Eidelstedt,,,['POI'],POINT(9.908005 53.606167),
Hertz Station Fuhlsbüttel Flughafen,,,['POI'],POINT(10.006895 53.637614),
Hertz Station Innenstadt-Kirchenallee,,,['POI'],POINT(10.008055 53.554382),
Hertz Station Lokstedt,,,['POI'],POINT(9.965453 53.6025),
Hertz Station Wandsbek-Am Stadtrand,,,['POI'],POINT(10.09976 53.585382),
Hertz Station Wandsbek-Walddörferstraße,,,['POI'],POINT(10.105987 53.589081),
Karo - cambio CarSharing Station,,,['POI'],POINT(9.974316 53.560979),
- cambio CarSharing Station,,,['POI'],POINT(10.037021 53.563354),
Kunze - cambio CarSharing Station,,,['POI'],POINT(9.944107 53.559838),
- cambio CarSharing Station,,,['POI'],POINT(9.961463 53.558531),
Lobusch - cambio CarSharing Station,,,['POI'],POINT(9.931648 53.549854),
Max - cambio CarSharing Station,,,['POI'],POINT(9.959918 53.563611),
Oster - cambio CarSharing Station,,,['POI'],POINT(9.951898 53.576794),
Phoenixhof - cambio CarSharing Station,,,['POI'],POINT(9.9303 53.560584),
Rübe - cambio CarSharing Station,,,['POI'],POINT(10.03857 53.590836),
Schottmüller - cambio CarSharing Station,,,['POI'],POINT(9.984475 53.590943),
Schäfer - cambio CarSharing Station,,,['POI'],POINT(9.967756 53.566468),
Shell Drive Station Altona Mercado,,,['POI'],POINT(9.933477 53.552724),
Shell Drive Station Dammtor,,,['POI'],POINT(9.983072 53.563711),
Shell Drive Station Dorotheenstraße,,,['POI'],POINT(10.008116 53.582955),
Shell Drive Station Feldstraße,,,['POI'],POINT(9.969219 53.557202),
Shell Drive Station Fruchtallee,,,['POI'],POINT(9.953369 53.571715),
Shell Drive Station Gärtnerstraße,,,['POI'],POINT(9.966227 53.581522),
Shell Drive Station Hallerstraße,,,['POI'],POINT(9.988152 53.57313),
Shell Drive Station Hauptbahnhof,,,['POI'],POINT(10.009242 53.555433),
Shell Drive Station Hegestraße,,,['POI'],POINT(9.981357 53.582819),
Shell Drive Station KAIFU Lodge,,,['POI'],POINT(9.963626 53.572702),
Shell Drive Station Kohlentwiete,,,['POI'],POINT(9.930018 53.560802),
Shell Drive Station Osterstraße,,,['POI'],POINT(9.951596 53.576132),
Shell Drive Station Schlump,,,['POI'],POINT(9.973196 53.570036),
Shell Drive Station Winterhuder Markt,,,['POI'],POINT(9.999587 53.594555),
Shell Drive Station Winterhuder Weg,,,['POI'],POINT(10.022885 53.574231),
Tal - cambio CarSharing Station,,,['POI'],POINT(9.960313 53.55243),
Teich - cambio CarSharing Station,,,['POI'],POINT(10.048845 53.582515),
Winter - cambio CarSharing Station,,,['POI'],POINT(10.000302 53.594109),
"Barmbeker Straße 158, - Am Winterhuder Marktplatz - (Europcar)",,,['POI'],POINT(10.000361 53.594082),
"Beim Strohhause 38, U+S Berliner Tor (Europcar)",,,['POI'],POINT(10.023662 53.553288),
Bornkampsweg 60 (Europcar),,,['POI'],POINT(9.918557 53.566776),
Brauhausstraße 24-28 (Europcar),,,['POI'],POINT(10.060045 53.572128),
"Flughafenstraße 1, Arrival Hall Terminal 2 (Europcar)",,,['POI'],POINT(10.006347 53.631105),
"Hachmannplatz 10,Carreturn:Borgesch 1, Parkhaus 2.UG (Europcar)",,,['POI'],POINT(10.007702 53.554134),
Rödingsmarkt 14 (Europcar),,,['POI'],POINT(9.985068 53.546963),
Weidenbaumsweg 87 (Europcar),,,['POI'],POINT(10.202049 53.485197),
Winsener Straße 210 (Europcar),,,['POI'],POINT(9.981218 53.424864),
Airport,,,['POI'],POINT(10.006591 53.631202),
Bei der Katharinenkirche,,,['POI'],POINT(9.995034 53.546719),
Blumenmarkt,,,['POI'],POINT(10.003444 53.547637),
Ferdinandstraße,,,['POI'],POINT(9.999208 53.553513),
Große Reichenstraße,,,['POI'],POINT(9.995678 53.54843),
Kunsthalle Parkhaus,,,['POI'],POINT(10.001008 53.555637),
Parkhaus Bleichenhof,,,['POI'],POINT(9.987224 53.552103),
Parkhaus Dammtor,,,['POI'],POINT(9.984641 53.556518),
Raboisen,,,['POI'],POINT(9.999915 53.552806),
Rosenstraße,,,['POI'],POINT(10.000067 53.552868),
Rödingsmarkt,,,['POI'],POINT(9.985965 53.547298),
Spaldingstraße,,,['POI'],POINT(10.017884 53.549591),
Tiefgarage City Hof,,,['POI'],POINT(10.006052 53.549439),
ADAC Prüfzentrum Hamburg,,,['POI'],POINT(10.013911 53.546839),
Autobahnmeisterei Othmarschen,,,['POI'],POINT(9.899752 53.557646),
Autobahnmeisterei Stillhorn,,,['POI'],POINT(10.022089 53.483026),
Führerscheinstelle Bergedorf,,,['POI'],POINT(10.217564 53.483018),
Führerscheinstelle HH-Mitte,,,['POI'],POINT(10.038834 53.546841),
Führerscheinstelle HH-Nord,,,['POI'],POINT(10.002337 53.667268),
Führerscheinstelle Harburg,,,['POI'],POINT(10.000958 53.455063),
"Landesbetrieb Verkehr, KFZ-Zulassung, Fahrerlaubnis, HH-Mitte (Haus A)",,,['POI'],POINT(10.038834 53.546841),
"Landesbetrieb Verkehr, KFZ-Zulassung, Fahrerlaubnis, HH-Mitte (Haus D)",,,['POI'],POINT(10.038621 53.546753),
"Landesbetrieb Verkehr, Zulassungsst. f. KFZ Bergedorf",,,['POI'],POINT(10.217564 53.483018),
"Landesbetrieb Verkehr, Zulassungsstelle für KFZ, HH-Nord",,,['POI'],POINT(10.002337 53.667268),
"Landesbetrieb Verkehr, Zulassungsstelle für KFZ, Harburg",,,['POI'],POINT(10.000958 53.455063),
Technische Prüfstelle Bergedorf,,,['POI'],POINT(10.217564 53.483018),
Technische Prüfstelle HH-Mitte,,,['POI'],POINT(10.038834 53.546841),
Technische Prüfstelle Harburg,,,['POI'],POINT(10.000958 53.455063),
Technische Prüfstelle Nord,,,['POI'],POINT(10.002337 53.667268),
Flughafen Hamburg-Fuhlsbüttel,,,['POI'],POINT(10.006591 53.631202),
HADAG-Seetouristik und Fährdienst AG,,,['POI'],POINT(9.957499 53.5461),
HHA - Hamburger Hochbahn AG,,,['POI'],POINT(10.001672 53.549898),
VHH - Verkehrsbetriebe Hamburg-Holstein AG,,,['POI'],POINT(10.210373 53.480728),
hvv GmbH (nur Verwaltung),,,['POI'],POINT(10.000079 53.544395),
hvv Schulprojekte,,,['POI'],POINT(9.933843 53.550843),
hvv Servicestelle Johanniswall,,,['POI'],POINT(10.005032 53.549709),
hvv Bornkampsweg,,,['POI'],POINT(9.918667 53.56558),
hvv Holstentwiete,,,['POI'],POINT(9.921955 53.552328),
hvv Juliusstraße,,,['POI'],POINT(9.960045 53.560573),
hvv Schützenstraße,,,['POI'],POINT(9.928307 53.560554),
hvv switch Adolf-Köster-Damm,,,['POI'],POINT(10.147695 53.485273),
hvv switch Alpenrosenweg,,,['POI'],POINT(9.89024 53.608385),
hvv switch Alsterdorfer Straße,,,['POI'],POINT(9.999979 53.60475),
hvv switch Alter Güterbahnhof,,,['POI'],POINT(10.035027 53.593553),
hvv switch Alter Postweg,,,['POI'],POINT(9.963732 53.465172),
hvv switch Alter Teichweg,,,['POI'],POINT(10.058577 53.584029),
hvv switch Altona,,,['POI'],POINT(9.936514 53.552224),
hvv switch Am Centrumshaus,,,['POI'],POINT(9.978726 53.460432),
hvv switch Am Neumarkt (Eickhoffweg),,,['POI'],POINT(10.094472 53.575349),
hvv switch Amundsenstraße,,,['POI'],POINT(9.950105 53.547363),
hvv switch Apostelweg,,,['POI'],POINT(10.152079 53.602977),
hvv switch Averhoffstraße,,,['POI'],POINT(10.022261 53.570912),
hvv switch Bahrenfelder Chaussee,,,['POI'],POINT(9.910316 53.566093),
hvv switch Barmbek,,,['POI'],POINT(10.045487 53.586579),
hvv switch Barmbeker Straße,,,['POI'],POINT(10.042088 53.5804),
hvv switch Bartelstraße,,,['POI'],POINT(9.963632 53.563024),
hvv switch Bartholomäusstraße,,,['POI'],POINT(10.029068 53.575822),
hvv switch Basselweg,,,['POI'],POINT(9.935298 53.590807),
hvv switch Behnstraße,,,['POI'],POINT(9.942169 53.547336),
hvv switch Bei St. Johannis,,,['POI'],POINT(9.994599 53.570597),
hvv switch Bei dem neuen Krahn,,,['POI'],POINT(9.989229 53.544916),
hvv switch Bei der Reitbahn,,,['POI'],POINT(9.925553 53.551258),
hvv switch Bergedorf,,,['POI'],POINT(10.205854 53.490298),
hvv switch Berliner Tor,,,['POI'],POINT(10.023415 53.553066),
hvv switch Bernhard-Nocht-Straße,,,['POI'],POINT(9.965806 53.547175),
hvv switch Beselerplatz,,,['POI'],POINT(9.88881 53.559749),
hvv switch Beselerstraße,,,['POI'],POINT(9.880455 53.565104),
hvv switch Bielfeldtstraße,,,['POI'],POINT(9.911474 53.551878),
hvv switch Birkenau,,,['POI'],POINT(10.028721 53.568385),
hvv switch Bismarckstraße,,,['POI'],POINT(9.962577 53.573025),
hvv switch Bismarckstraße/Mansteinpark,,,['POI'],POINT(9.975077 53.578961),
hvv switch Blumenau,,,['POI'],POINT(10.032539 53.565854),
hvv switch Boberger Höhe,,,['POI'],POINT(10.165854 53.517284),
hvv switch Bornheide,,,['POI'],POINT(9.851684 53.586688),
hvv switch Bornkamp,,,['POI'],POINT(10.095016 53.571885),
hvv switch Borsteler Bogen,,,['POI'],POINT(9.97282 53.610195),
hvv switch Breitenfelder Straße,,,['POI'],POINT(9.973043 53.586355),
hvv switch Bremer Straße,,,['POI'],POINT(9.973784 53.45305),
hvv switch Brombergstieg,,,['POI'],POINT(9.931569 53.593586),
hvv switch Bundesstraße,,,['POI'],POINT(9.980044 53.565236),
hvv switch Caspar-Voght-Straße,,,['POI'],POINT(10.060793 53.561591),
hvv switch Christoph-Probst-Weg,,,['POI'],POINT(9.976399 53.597649),
hvv switch Christuskirche,,,['POI'],POINT(9.96281 53.570022),
hvv switch Dammtor,,,['POI'],POINT(9.990564 53.561358),
hvv switch Dammtorwall,,,['POI'],POINT(9.982433 53.556321),
hvv switch Dieselstraße,,,['POI'],POINT(10.054103 53.597816),
hvv switch Dorotheenstraße,,,['POI'],POINT(10.007551 53.58332),
hvv switch Dorotheenstraße/Cäcilienstraße,,,['POI'],POINT(10.005638 53.58666),
hvv switch Düppelstraße,,,['POI'],POINT(9.948107 53.563238),
hvv switch Eichenstraße/Bismarckstraße,,,['POI'],POINT(9.964315 53.574457),
hvv switch Eimsbütteler Chaussee,,,['POI'],POINT(9.956619 53.567906),
hvv switch Eimsbütteler Marktplatz,,,['POI'],POINT(9.944175 53.573037),
hvv switch Eimsbütteler Straße,,,['POI'],POINT(9.950872 53.568095),
hvv switch Eißendorfer Pferdeweg,,,['POI'],POINT(9.950925 53.460782),
hvv switch Eißendorfer Straße,,,['POI'],POINT(9.958778 53.456478),
hvv switch Elbbrücken,,,['POI'],POINT(10.024218 53.535735),
hvv switch Elligersweg,,,['POI'],POINT(10.041494 53.604737),
hvv switch Elligersweg/Steilshooper Straße,,,['POI'],POINT(10.0513 53.601129),
hvv switch Elsastraße,,,['POI'],POINT(10.034036 53.579598),
hvv switch Elsässer Platz,,,['POI'],POINT(10.064149 53.579244),
hvv switch Elsässer Straße,,,['POI'],POINT(10.063094 53.581724),
hvv switch Emil-Andresen-Straße,,,['POI'],POINT(9.952232 53.592983),
hvv switch Englische Planke,,,['POI'],POINT(9.97797 53.547965),
hvv switch Erdkampsweg,,,['POI'],POINT(10.023026 53.629445),
hvv switch Erika-Mann-Bogen,,,['POI'],POINT(10.04977 53.576604),
hvv switch Ernst-Bergeest-Weg,,,['POI'],POINT(9.958769 53.441419),
hvv switch Esmarchstraße,,,['POI'],POINT(9.944092 53.55442),
hvv switch Feldstraße,,,['POI'],POINT(9.970633 53.55701),
hvv switch Flughafen,,,['POI'],POINT(10.007124 53.633875),
hvv switch Freiligrathstraße,,,['POI'],POINT(10.036271 53.561716),
hvv switch Frickestraße,,,['POI'],POINT(9.978197 53.596394),
hvv switch Friedensallee,,,['POI'],POINT(9.911764 53.559046),
hvv switch Friedrich-Ebert-Damm,,,['POI'],POINT(10.106508 53.590523),
hvv switch Fuhlsbütteler Damm,,,['POI'],POINT(10.021828 53.62551),
hvv switch Fuhlsbüttler Straße,,,['POI'],POINT(10.044551 53.592697),
hvv switch Fuhlsbüttler Straße/Drosselstraße,,,['POI'],POINT(10.045833 53.588957),
hvv switch Fuhlsbüttler Straße/Emil-Janßen-Straße,,,['POI'],POINT(10.043578 53.595509),
hvv switch Gemseneck,,,['POI'],POINT(9.929518 53.595821),
hvv switch Gerichtstraße,,,['POI'],POINT(9.94018 53.558323),
hvv switch Gert-Marcus-Straße,,,['POI'],POINT(9.968465 53.604084),
hvv switch Goldbekplatz/Semperstraße,,,['POI'],POINT(10.010113 53.583738),
hvv switch Gravensteiner Weg,,,['POI'],POINT(10.067043 53.586847),
hvv switch Grelckstraße,,,['POI'],POINT(9.954701 53.601356),
hvv switch Griesstraße,,,['POI'],POINT(10.061205 53.564175),
hvv switch Grindelberg (Bezirksamt),,,['POI'],POINT(9.978338 53.57437),
hvv switch Grindelhof,,,['POI'],POINT(9.984651 53.569925),
hvv switch Große Reichenstraße,,,['POI'],POINT(9.996401 53.548361),
hvv switch Großheidestraße,,,['POI'],POINT(10.026184 53.585776),
hvv switch Gustav-Seitz-Weg,,,['POI'],POINT(10.06236 53.609622),
hvv switch Habermannstraße,,,['POI'],POINT(10.210529 53.503127),
hvv switch Habichtstraße,,,['POI'],POINT(10.050595 53.594037),
hvv switch Hamburger Straße,,,['POI'],POINT(10.036452 53.574671),
hvv switch Hamburger Straße/Berthastraße,,,['POI'],POINT(10.038927 53.578334),
hvv switch Harburg,,,['POI'],POINT(9.989929 53.455972),
hvv switch Hartzloh,,,['POI'],POINT(10.042886 53.60176),
hvv switch Hasselbrookstraße,,,['POI'],POINT(10.054295 53.564892),
hvv switch Hegestieg,,,['POI'],POINT(9.983471 53.585434),
hvv switch Heidi-Kabel-Platz,,,['POI'],POINT(10.007615 53.554269),
hvv switch Heimhuder Straße,,,['POI'],POINT(9.992833 53.566766),
hvv switch Henriettenweg,,,['POI'],POINT(9.958632 53.572841),
hvv switch Heubergredder,,,['POI'],POINT(10.011588 53.606926),
hvv switch Heußweg/Eichenstraße,,,['POI'],POINT(9.953306 53.577636),
hvv switch Heußweg/Eidelstedter Weg,,,['POI'],POINT(9.9572 53.580265),
hvv switch Heußweg/Tornquiststraße,,,['POI'],POINT(9.95076 53.57453),
hvv switch Himmelstraße,,,['POI'],POINT(10.002545 53.59701),
hvv switch Hofweg,,,['POI'],POINT(10.01738 53.570055),
hvv switch Hohenfelder Straße,,,['POI'],POINT(10.030818 53.562751),
hvv switch Holländische Reihe,,,['POI'],POINT(9.928392 53.547893),
hvv switch Holstenstraße,,,['POI'],POINT(9.948842 53.559),
hvv switch Horner Rennbahn,,,['POI'],POINT(10.086185 53.553608),
hvv switch Husumer Straße,,,['POI'],POINT(9.979021 53.586926),
hvv switch Högenstraße,,,['POI'],POINT(9.938876 53.581192),
hvv switch Ilenkruut,,,['POI'],POINT(10.061708 53.593885),
hvv switch Im Fischbeker Heidbrook,,,['POI'],POINT(9.810853 53.466084),
hvv switch Isekai,,,['POI'],POINT(9.988967 53.585398),
hvv switch Jarrestraße,,,['POI'],POINT(10.021158 53.584022),
hvv switch Johnsallee,,,['POI'],POINT(9.988162 53.566436),
hvv switch Jürgen-Töpfer-Straße,,,['POI'],POINT(9.902891 53.556921),
hvv switch Kaltenkircher Platz,,,['POI'],POINT(9.941116 53.563797),
hvv switch Kapstadtring,,,['POI'],POINT(10.028 53.603372),
hvv switch Kellinghusenstraße,,,['POI'],POINT(9.990115 53.589306),
hvv switch Kiebitzhof,,,['POI'],POINT(10.038911 53.563526),
hvv switch Klosterallee,,,['POI'],POINT(9.979944 53.57787),
hvv switch Knutzenweg,,,['POI'],POINT(10.062372 53.56978),
hvv switch Kranichweg,,,['POI'],POINT(10.056166 53.584868),
hvv switch Kurze Straße,,,['POI'],POINT(9.979042 53.553258),
hvv switch Lange Reihe,,,['POI'],POINT(10.014539 53.559845),
hvv switch Lange Straße,,,['POI'],POINT(9.955954 53.547155),
hvv switch Langenfelder Damm,,,['POI'],POINT(9.935752 53.582645),
hvv switch Lassallestraße,,,['POI'],POINT(9.986809 53.451901),
hvv switch Lattenkamp,,,['POI'],POINT(9.994874 53.600291),
hvv switch Lesserstraße,,,['POI'],POINT(10.072468 53.58041),
hvv switch Liebermannstraße,,,['POI'],POINT(9.898167 53.549769),
hvv switch Lohbrügger Landstraße,,,['POI'],POINT(10.205406 53.49573),
hvv switch Lohmannsweg,,,['POI'],POINT(9.956606 53.463693),
hvv switch Lokstedter Steindamm,,,['POI'],POINT(9.964751 53.598885),
hvv switch Lutterothstraße,,,['POI'],POINT(9.947571 53.581815),
hvv switch Löwenstraße,,,['POI'],POINT(9.97889 53.583234),
hvv switch Lüttkamp,,,['POI'],POINT(9.87438 53.591044),
hvv switch Mansteinstraße,,,['POI'],POINT(9.966417 53.578565),
hvv switch Martha-Muchow-Weg,,,['POI'],POINT(10.031626 53.571164),
hvv switch Max-Halbe-Straße,,,['POI'],POINT(9.98688 53.445215),
hvv switch Mendelssohnstraße,,,['POI'],POINT(9.907898 53.563838),
hvv switch Morewoodstraße,,,['POI'],POINT(10.079703 53.573408),
hvv switch Mozartstraße,,,['POI'],POINT(10.023706 53.578842),
hvv switch Möllner Landstraße,,,['POI'],POINT(10.125413 53.53868),
hvv switch Nernstweg,,,['POI'],POINT(9.932545 53.556334),
hvv switch Neuer Steinweg,,,['POI'],POINT(9.978317 53.550586),
hvv switch Neuer Weg,,,['POI'],POINT(10.212697 53.485107),
hvv switch Niekampsweg,,,['POI'],POINT(9.89665 53.609308),
hvv switch Niendorfer Marktplatz,,,['POI'],POINT(9.951252 53.617925),
hvv switch Oderfelder Straße,,,['POI'],POINT(9.988624 53.583019),
hvv switch Oelkersallee,,,['POI'],POINT(9.956907 53.563977),
hvv switch Otto-Speckter-Straße,,,['POI'],POINT(10.046831 53.599389),
hvv switch Paul-Roosen-Straße,,,['POI'],POINT(9.955173 53.553343),
hvv switch Paul-Sorge-Straße,,,['POI'],POINT(9.95301 53.634255),
hvv switch Paulinenplatz,,,['POI'],POINT(9.962944 53.553991),
hvv switch Pfenningsbusch,,,['POI'],POINT(10.047602 53.582328),
hvv switch Pferdemarkt,,,['POI'],POINT(9.963543 53.55643),
hvv switch Philosophenweg,,,['POI'],POINT(9.916448 53.546728),
hvv switch Planckstraße,,,['POI'],POINT(9.92358 53.556952),
hvv switch Poßmoorweg,,,['POI'],POINT(10.012343 53.587332),
hvv switch Probsteier Straße,,,['POI'],POINT(10.057789 53.579687),
hvv switch Radickestraße,,,['POI'],POINT(10.003873 53.440176),
hvv switch Rahel-Varnhagen-Weg,,,['POI'],POINT(10.178793 53.48701),
hvv switch Reesestraße,,,['POI'],POINT(10.040959 53.582377),
hvv switch Riekbornweg,,,['POI'],POINT(9.916292 53.634398),
hvv switch Robert-Koch-Straße,,,['POI'],POINT(9.985976 53.589906),
hvv switch Rostocker Straße,,,['POI'],POINT(10.013923 53.556166),
hvv switch Roßberg,,,['POI'],POINT(10.049454 53.567513),
hvv switch Rödingsmarkt,,,['POI'],POINT(9.986906 53.548152),
hvv switch Saarlandstraße,,,['POI'],POINT(10.033079 53.588619),
hvv switch Schellerdamm,,,['POI'],POINT(9.986328 53.464278),
hvv switch Schinkelstraße,,,['POI'],POINT(10.013572 53.581894),
hvv switch Schlump,,,['POI'],POINT(9.970392 53.568891),
hvv switch Schottweg,,,['POI'],POINT(10.020331 53.56285),
hvv switch Schubackstraße,,,['POI'],POINT(9.987427 53.596408),
hvv switch Seilerstraße,,,['POI'],POINT(9.964415 53.550349),
hvv switch Semperstraße,,,['POI'],POINT(10.02209 53.588848),
hvv switch Semperstraße Mitte,,,['POI'],POINT(10.016391 53.586093),
hvv switch Seumestraße,,,['POI'],POINT(10.05348 53.572806),
hvv switch Sillemstraße,,,['POI'],POINT(9.943927 53.578169),
hvv switch Stadtdeich/Hammerbrooklyn,,,['POI'],POINT(10.007967 53.545595),
hvv switch Starstraße,,,['POI'],POINT(10.04918 53.591174),
hvv switch Steenkoppel,,,['POI'],POINT(10.034699 53.607968),
hvv switch Stieglitzstraße,,,['POI'],POINT(10.043971 53.574067),
hvv switch Stolbergstraße,,,['POI'],POINT(10.016338 53.580756),
hvv switch Straßenbahnring,,,['POI'],POINT(9.975841 53.58068),
hvv switch Strucksbarg,,,['POI'],POINT(9.937404 53.449837),
hvv switch Tempowerkring,,,['POI'],POINT(9.93158 53.47187),
hvv switch Thadenstraße,,,['POI'],POINT(9.956961 53.556986),
hvv switch UKE,,,['POI'],POINT(9.975737 53.589891),
hvv switch Ueckerstraße,,,['POI'],POINT(9.88024 53.604856),
hvv switch Upn Hornack,,,['POI'],POINT(9.902508 53.611195),
hvv switch Veilchenweg,,,['POI'],POINT(9.963574 53.58901),
hvv switch Virchowstraße,,,['POI'],POINT(9.947274 53.550962),
hvv switch Von-Essen-Straße,,,['POI'],POINT(10.044486 53.570468),
hvv switch Vorsetzen,,,['POI'],POINT(9.977624 53.544113),
hvv switch Walter-Rudolphi-Weg,,,['POI'],POINT(10.159568 53.489732),
hvv switch Wandsbek Markt,,,['POI'],POINT(10.068041 53.57132),
hvv switch Weidenallee,,,['POI'],POINT(9.965207 53.566552),
hvv switch Weidplan,,,['POI'],POINT(9.893799 53.603057),
hvv switch Wendloher Weg,,,['POI'],POINT(9.981081 53.596317),
hvv switch Werderstraße,,,['POI'],POINT(9.988346 53.575627),
hvv switch Winsbergring,,,['POI'],POINT(9.917833 53.574473),
hvv switch Winterlindenweg (Pergolenviertel),,,['POI'],POINT(10.030375 53.604726),
hvv switch Wrangelstraße,,,['POI'],POINT(9.967253 53.582143),
hvv switch Wählingsallee,,,['POI'],POINT(9.918799 53.631495),
hvv switch Zimmerstraße,,,['POI'],POINT(10.018475 53.574817),
Bramfelder Laterne Weltladen,,,['POI'],POINT(10.090535 53.618282),
Bugenhaben-Konvikt e.V.,,,['POI'],POINT(9.881171 53.565404),
Bürgersaal Wandsbek,,,['POI'],POINT(10.070932 53.571043),
Café Sommerterrassen,,,['POI'],POINT(10.030657 53.591506),
Forum Alstertal Betreuungsservice und Veranstaltungszentrum GmbH,,,['POI'],POINT(10.088164 53.653562),
Freizeitzentrum Schnelsen,,,['POI'],POINT(9.918481 53.632171),
Max-Kramp-Haus,,,['POI'],POINT(10.107878 53.703923),
Rotary International Convention,,,['POI'],POINT(9.972599 53.562431),
Sasel-Haus e.V.,,,['POI'],POINT(10.110336 53.654652),
Sierichsches Forsthaus,,,['POI'],POINT(10.013886 53.598146),
U-Store Hoheluftbrücke,,,['POI'],POINT(9.976267 53.577523),
U-Store Kellinghusenstraße,,,['POI'],POINT(9.991332 53.589035),
U-Store Lübecker Straße,,,['POI'],POINT(10.028901 53.559641),
U-Store Straßburger Straße,,,['POI'],POINT(10.068037 53.581923),
Weltladen Sasel,,,['POI'],POINT(10.113198 53.654194),
Wälderhaus Wilhelmsburg,,,['POI'],POINT(10.003295 53.496062),
Zentrales Fundbüro Hamburg,,,['POI'],POINT(9.893121 53.572387),
hvv Servicestelle HBF Süd,,,['POI'],POINT(10.008862 53.552138),
hvv Servicestelle Jungfernstieg,,,['POI'],POINT(9.993466 53.552537),
Schweinske,,"['amenity:restaurant', 'bar:yes', 'branch:Farmsen', 'cuisine:burger;escalope;german']",['POI'],POINT(10.1164404 53.6080733),
Most wanted Burger,,"['amenity:fast_food', 'cuisine:burger']",['POI'],POINT(10.0436269 53.5788725),
Bar 380,,['amenity:pub'],['POI'],POINT(9.8660342 53.5338482),
Block House,,"['amenity:restaurant', 'cuisine:steak_house']",['POI'],POINT(9.9030378 53.6067274),
deFries express,,['amenity:fast_food'],['POI'],POINT(10.1638408 53.6492729),
Block House,,"['amenity:restaurant', 'cuisine:steak_house']",['POI'],POINT(10.1642128 53.6476044),
Tower Bar,,['amenity:pub'],['POI'],POINT(9.9694831 53.5468423),
McDonald's,,"['amenity:fast_food', 'cuisine:burger']",['POI'],POINT(10.0201481 53.5526122),
Das Bauernhaus,,['amenity:restaurant'],['POI'],POINT(9.9055684 53.5805153),
Oktober Harburg,,['amenity:restaurant'],['POI'],POINT(9.9815331 53.463016),
Café am Planschbecken,,['amenity:cafe'],['POI'],POINT(10.0215259 53.5966611),
Hünkar,,"['amenity:restaurant', 'cuisine:turkish']",['POI'],POINT(9.9819453 53.4622481),
Yoko Sushi Harburg,,"['amenity:fast_food', 'cuisine:sushi']",['POI'],POINT(9.9809377 53.4582281),
Casa Vecchia,,['amenity:restaurant'],['POI'],POINT(10.2134134 53.4861811),
McDonald's,,"['amenity:fast_food', 'cuisine:burger']",['POI'],POINT(10.1042648 53.5397985),
Schweinske,,"['amenity:restaurant', 'branch:Billstedt', 'cuisine:burger;escalope;german']",['POI'],POINT(10.1040249 53.5394918),
Subway,,"['amenity:fast_food', 'cuisine:sandwich']",['POI'],POINT(10.0253489 53.5442223),
Taverna Metaxa,,"['amenity:restaurant', 'cuisine:greek']",['POI'],POINT(10.0633549 53.5817607),
La Rucola,,['amenity:restaurant'],['POI'],POINT(10.1429076 53.6696493),
Paulaner's,,"['amenity:restaurant', 'cuisine:german']",['POI'],POINT(9.9809707 53.5505024),
Entourage - Grill Eventcenter Club,,['amenity:restaurant'],['POI'],POINT(10.1558123 53.5995471),
My Way,Shisha und Cocktailbar,['amenity:bar'],['POI'],POINT(10.0962791 53.5791689),
Spicy - Hotpot & Hunan cuisine 辣师傅,,"['amenity:restaurant', 'cuisine:chinese']",['POI'],POINT(10.0333115 53.5636292),
Schweinske Hohenfelde,,"['amenity:restaurant', 'branch:Hohenfelde', 'cuisine:burger;escalope;german']",['POI'],POINT(10.0312569 53.5610317),
BLOCK HOUSE,,"['amenity:restaurant', 'branch:Wandsbek', 'cuisine:steak_house']",['POI'],POINT(10.0699098 53.5715814),
LüttLiv,,['amenity:restaurant'],['POI'],POINT(10.0449119 53.5857798),
T.R.U.D.E.,,['amenity:restaurant'],['POI'],POINT(10.0450945 53.5850016),
Das Eis-Café,,['amenity:cafe'],['POI'],POINT(10.1162154 53.5712716),
Amer's,,['amenity:bar'],['POI'],POINT(10.1153859 53.5712359),
Café May,,['amenity:cafe'],['POI'],POINT(10.0252884 53.5796013),
Olympiade,,"['amenity:restaurant', 'cuisine:greek']",['POI'],POINT(9.8472885 53.5749593),
Ethio,,"['amenity:restaurant', 'cuisine:ethiopian']",['POI'],POINT(9.9274846 53.549477),
Trattoria Toscana,,"['amenity:restaurant', 'cuisine:italian']",['POI'],POINT(9.9292942 53.5475906),
Reisebar,,['amenity:pub'],['POI'],POINT(9.9295094 53.5521056),
La Casita Azul,,"['amenity:restaurant', 'cuisine:mexican']",['POI'],POINT(9.9307274 53.5512302),
Nick's,,['amenity:bar'],['POI'],POINT(9.9287402 53.5554679),
Cafe Unter den Linden,,['amenity:pub'],['POI'],POINT(9.9602864 53.561234),
Berliner Betrüger,,['amenity:pub'],['POI'],POINT(9.9606179 53.5610295),
Kostbar,,['amenity:pub'],['POI'],POINT(9.9630847 53.5623128),
Olympisches Feuer,,"['amenity:restaurant', 'cuisine:greek']",['POI'],POINT(9.963111 53.5609384),
Jeff's Cheesecake Café,,"['amenity:cafe', 'cuisine:cake;coffee_shop']",['POI'],POINT(10.0048452 53.5969403),
Burger King,,"['amenity:fast_food', 'cuisine:burger']",['POI'],POINT(9.9623069 53.5491525),
KFC,,"['amenity:fast_food', 'cuisine:chicken']",['POI'],POINT(9.9611087 53.5497556),
Pavillon,,['amenity:cafe'],['POI'],POINT(9.9253374 53.5510058),
Quer,,['amenity:pub'],['POI'],POINT(9.9287796 53.5545699),
Reh-Bar,,['amenity:pub'],['POI'],POINT(9.927173 53.551803),
Blaue Adria,,['amenity:restaurant'],['POI'],POINT(10.0415824 53.5351344),
Familien-Eck,,['amenity:pub'],['POI'],POINT(9.928227 53.5542278),
Juan sin Miedo,,"['amenity:bar', 'cuisine:mexican']",['POI'],POINT(9.9274966 53.5543814),
Scottys,,['amenity:pub'],['POI'],POINT(9.9276234 53.5546275),
Casino,,['amenity:restaurant'],['POI'],POINT(9.8415381 53.5439736),
Marché,,['amenity:restaurant'],['POI'],POINT(9.8440744 53.5424727),
Kantine,,['amenity:restaurant'],['POI'],POINT(9.8383286 53.5447527),
Bistro,,['amenity:restaurant'],['POI'],POINT(9.8374524 53.5418369),
Rindock's,,"['amenity:restaurant', 'cuisine:steak_house']",['POI'],POINT(10.1930725 53.5028763),
Haerlin,,['amenity:restaurant'],['POI'],POINT(9.9916858 53.5557185),
Merrano,,"['amenity:restaurant', 'cuisine:mediterranean']",['POI'],POINT(9.8631619 53.4717539),
Schanzenbäcker,,['amenity:cafe'],['POI'],POINT(10.0226721 53.544986),
Schanzenbäckerei,,"['amenity:cafe', 'cuisine:pizza;noodle;coffee_shop;sandwich;chicken;breakfast;cake;salad']",['POI'],POINT(10.0248212 53.5456124),
Espresso House,,"['amenity:cafe', 'cuisine:coffee_shop']",['POI'],POINT(9.9982755 53.5517327),
Piccolo Paradiso,,"['amenity:restaurant', 'cuisine:mediterranean']",['POI'],POINT(9.9809243 53.5514359),
Restaurant Adria,,"['amenity:restaurant', 'cuisine:croatian']",['POI'],POINT(10.0895845 53.5447491),
Orchideen Palast,,"['amenity:restaurant', 'cuisine:asian;chicken;chinese;curry;fish']",['POI'],POINT(10.0435783 53.5966438),
Maurizio,,"['amenity:restaurant', 'cuisine:italian']",['POI'],POINT(10.1176109 53.6496648),
Kamiros,,"['amenity:restaurant', 'cuisine:greek']",['POI'],POINT(10.0428056 53.5977583),
La Belle 2,,['amenity:pub'],['POI'],POINT(10.0440803 53.5952145),
Haus 73,,['amenity:pub'],['POI'],POINT(9.9612198 53.5623976),
Tre Pazzi,,['amenity:cafe'],['POI'],POINT(10.0140897 53.5788223),
Pritsch,,['amenity:cafe'],['POI'],POINT(10.0238954 53.5761226),
Erika's Eck,,"['amenity:restaurant', 'cuisine:german']",['POI'],POINT(9.9675684 53.5610678),
La Sepia,,"['amenity:restaurant', 'cuisine:seafood']",['POI'],POINT(9.9645671 53.5589306),
Pamukkale Köz,,"['amenity:restaurant', 'cuisine:turkish']",['POI'],POINT(9.9634528 53.5624282),
Souperia,,"['amenity:restaurant', 'cuisine:soup']",['POI'],POINT(9.9648113 53.5617024),
Schanzenstern Bio-Restaurant,"Hotel restaurant, lunch (and breakfast for guests) only",['amenity:restaurant'],['POI'],POINT(9.9301289 53.5536916),
em - breakfast. coffee. waffles. drinks.,,['amenity:cafe'],['POI'],POINT(9.9645108 53.5590133),
Hatari,Burger und Bayrisches aus der Oberpfalz; warmes Essen bis 23:00,"['amenity:restaurant', 'cuisine:burger']",['POI'],POINT(9.9645183 53.5593936),
Asia House,,['amenity:restaurant'],['POI'],POINT(9.9639605 53.5597713),
Elena,,"['amenity:restaurant', 'cuisine:greek']",['POI'],POINT(9.8012087 53.6605511),
Vereinsheim,,['amenity:pub'],['POI'],POINT(10.0268699 53.6496537),
Bamboo,,"['amenity:restaurant', 'cuisine:thai']",['POI'],POINT(10.07993 53.5013399),
Sohre,,"['amenity:restaurant', 'cuisine:german']",['POI'],POINT(10.0163515 53.4870244),
Schweinske,,"['amenity:restaurant', 'branch:Harburg', 'cuisine:burger;escalope;german']",['POI'],POINT(9.9676249 53.4580638),
SCHMITT Foxy Food,,['amenity:fast_food'],['POI'],POINT(9.9624035 53.5617762),
Viet No1,,"['amenity:restaurant', 'cuisine:vietnamese']",['POI'],POINT(9.9757022 53.4602015),
China-Restaurant Ming Dynastie,,"['amenity:restaurant', 'cuisine:chinese']",['POI'],POINT(10.0635049 53.5728594),
Cafe am Hainholz,,['amenity:cafe'],['POI'],POINT(9.9384502 53.4495287),
StrandPauli,,['amenity:pub'],['POI'],POINT(9.9621444 53.5459439),
Nino's Eiscafe,,['amenity:cafe'],['POI'],POINT(10.039865 53.5331813),
Mensa Blattwerk,,['amenity:restaurant'],['POI'],POINT(9.9852309 53.5656295),
Gran Sasso,,"['amenity:restaurant', 'cuisine:italian']",['POI'],POINT(9.9869465 53.565001),
MoHo's,,['amenity:cafe'],['POI'],POINT(9.987091 53.564869),
Café Canela,,['amenity:cafe'],['POI'],POINT(9.9890018 53.5627144),
Kleines Glück am See,,['amenity:fast_food'],['POI'],POINT(10.1156556 53.4313373),
Im Tivoli,,['amenity:pub'],['POI'],POINT(9.9915991 53.4468948),
Wilstorfer Hof,,['amenity:pub'],['POI'],POINT(9.9906998 53.4455155),
Rönneburger Park,,"['amenity:restaurant', 'cuisine:greek']",['POI'],POINT(10.0042944 53.437008),
Jam Jam,,"['amenity:restaurant', 'cuisine:japanese']",['POI'],POINT(10.0705985 53.5734328),
Schnulze,,['amenity:pub'],['POI'],POINT(9.9896717 53.4476234),
Ni Hao,,"['amenity:restaurant', 'cuisine:chinese']",['POI'],POINT(10.0744829 53.5752095),
Rodizio Rio,,"['amenity:restaurant', 'cuisine:brazilian']",['POI'],POINT(10.0751321 53.5754515),
Schanzen Chicken,,['amenity:fast_food'],['POI'],POINT(9.9593991 53.5636383),
Das Peace,,"['amenity:restaurant', 'cuisine:burger']",['POI'],POINT(9.9751236 53.5585523),
Variable,,"['amenity:restaurant', 'cuisine:pizza;pasta']",['POI'],POINT(9.975182 53.5591638),
Moorkathen,,"['amenity:restaurant', 'cuisine:german']",['POI'],POINT(9.9296654 53.4823142),
Inos,,"['amenity:restaurant', 'cuisine:greek']",['POI'],POINT(10.0525774 53.5572346),
Blattgold,,['amenity:restaurant'],['POI'],POINT(9.9608184 53.5627701),
Le Fonque,,['amenity:pub'],['POI'],POINT(9.9615311 53.5614162),
Goldfischglas,,['amenity:bar'],['POI'],POINT(9.9643633 53.5625379),
Mathewes Grill,,['amenity:fast_food'],['POI'],POINT(9.9915989 53.4561239),
Feldstern,,['amenity:restaurant'],['POI'],POINT(9.9674188 53.5579557),
La Casita,,['amenity:restaurant'],['POI'],POINT(9.9676474 53.5575054),
Pony Bar,,['amenity:pub'],['POI'],POINT(9.982269 53.5674743),
Rosenhof,,['amenity:restaurant'],['POI'],POINT(9.9813691 53.5634018),
Eis-Livotto,,"['amenity:cafe', 'cuisine:ice_cream']",['POI'],POINT(9.9774846 53.5629016),
Marathon Grill,,"['amenity:restaurant', 'cuisine:greek']",['POI'],POINT(9.8420294 53.6438377),
Tarifa,,['amenity:restaurant'],['POI'],POINT(9.931217 53.5531624),
Knuth,,"['amenity:cafe', 'cuisine:bistro']",['POI'],POINT(9.9310803 53.5530564),
Mama Rosa,,"['amenity:restaurant', 'cuisine:italian']",['POI'],POINT(9.9615764 53.5801832),
Susanne 42,,['amenity:pub'],['POI'],POINT(9.962467 53.5620242),
Bistro Europa,,['amenity:pub'],['POI'],POINT(9.9996429 53.6718846),
Taverna Lefkas,,"['amenity:restaurant', 'cuisine:greek']",['POI'],POINT(10.0443965 53.5729398),
Attika,,"['amenity:restaurant', 'cuisine:greek']",['POI'],POINT(9.8424927 53.6380131),
Café Eis Stern,,"['amenity:cafe', 'cuisine:cake;coffee_shop;ice_cream']",['POI'],POINT(9.8397158 53.636155),
Hesburger,,"['amenity:fast_food', 'cuisine:burger']",['POI'],POINT(9.9658702 53.5500499),
Eier Carl,,"['amenity:pub', 'cuisine:regional;fish']",['POI'],POINT(9.952241 53.5453223),
Leuchtturm,,['amenity:restaurant'],['POI'],POINT(9.9809799 53.4507444),
Peter Pane,,"['amenity:restaurant', 'cuisine:burger']",['POI'],POINT(10.0136866 53.5595059),
Burger King,Keine Eismaschine,"['amenity:fast_food', 'cuisine:burger']",['POI'],POINT(9.9852402 53.6847046),
Casse-Croûte,,"['amenity:restaurant', 'cuisine:french;german']",['POI'],POINT(9.9861813 53.5545585),
Quán 99,,"['amenity:restaurant', 'cuisine:vietnamese']",['POI'],POINT(10.0586561 53.5745095),
Kimchi Guys,,"['amenity:fast_food', 'cuisine:korean']",['POI'],POINT(9.9288592 53.5547687),
Hellas,,"['amenity:restaurant', 'cuisine:greek']",['POI'],POINT(10.0991764 53.6247099),
Come In,,['amenity:pub'],['POI'],POINT(10.0371978 53.6413282),
Restaurant L'Aurora,,"['amenity:restaurant', 'cuisine:italian']",['POI'],POINT(10.0366726 53.6408795),
Restaurant & Café Seehof,Die Küche ist von 12 bis 16 Uhr in Betrieb.,['amenity:restaurant'],['POI'],POINT(10.0734614 53.6176611),
Hardy's,,['amenity:restaurant'],['POI'],POINT(9.9637627 53.5744652),
Das Lokal,,"['amenity:restaurant', 'cuisine:german;regional']",['POI'],POINT(9.9662217 53.5752192),
was wir wirklich LIEBEN - Herzstück,,"['amenity:restaurant', 'branch:Eimsbüttel']",['POI'],POINT(9.9618109 53.5739746),
Ristorante Terzetto,,"['amenity:restaurant', 'cuisine:italian']",['POI'],POINT(9.9792639 53.5657138),
Heemann,,['amenity:restaurant'],['POI'],POINT(9.964622 53.5789044),
SVAAdish,,"['amenity:restaurant', 'cuisine:indian']",['POI'],POINT(9.9634498 53.5691429),
Gloria,,['amenity:bar'],['POI'],POINT(9.9595521 53.5679562),
Chamant,,['amenity:restaurant'],['POI'],POINT(9.9326875 53.5967297),
Apollon bei Pano,,"['amenity:restaurant', 'cuisine:greek']",['POI'],POINT(9.922237 53.5994624),
Cup'n Go,,['amenity:restaurant'],['POI'],POINT(9.9812512 53.5675449),
Kinh Đô,,['amenity:restaurant'],['POI'],POINT(9.9799383 53.5680394),
Farsi,,['amenity:restaurant'],['POI'],POINT(9.9796248 53.5696033),
Baradona,"Tapas, Salate, Pasta, Pizza, Toast, Sopas","['amenity:bar', 'cuisine:mexican']",['POI'],POINT(9.9695479 53.576307),
Café Douro,,['amenity:cafe'],['POI'],POINT(9.9788956 53.5708444),
Fischereihafen Restaurant,,"['amenity:restaurant', 'cuisine:seafood']",['POI'],POINT(9.9358863 53.5444951),
Das Feuerschiff,,['amenity:restaurant'],['POI'],POINT(9.9789345 53.5435215),
Klimperkiste,,['amenity:pub'],['POI'],POINT(9.990525 53.5577591),
La Veneziana,,"['amenity:cafe', 'cuisine:ice_cream']",['POI'],POINT(9.9815113 53.5677668),
Abaton Bistro,,"['amenity:restaurant', 'cuisine:bistro']",['POI'],POINT(9.9818536 53.567628),
Sala Thai,,"['amenity:restaurant', 'cuisine:thai']",['POI'],POINT(9.992861 53.5411869),
Surfkitchen,,"['amenity:restaurant', 'cuisine:burger;pizza']",['POI'],POINT(9.992955 53.5411613),
Campus Suite,,"['amenity:cafe', 'branch:Grosser Grasbrook', 'cuisine:coffee_shop;sandwich']",['POI'],POINT(9.9931964 53.5418192),
Vietnam Town,,"['amenity:restaurant', 'cuisine:vietnamese']",['POI'],POINT(9.9908822 53.5414305),
Al Lido,,"['amenity:restaurant', 'cuisine:pizza;italian']",['POI'],POINT(9.9917193 53.5414885),
Kumkapi,,"['amenity:restaurant', 'cuisine:seafood']",['POI'],POINT(9.8754543 53.5886724),
Akari,,"['amenity:restaurant', 'cuisine:japanese']",['POI'],POINT(10.0179007 53.5685948),
Espresso House,,['amenity:cafe'],['POI'],POINT(9.9487168 53.5770067),
Kimchi,,"['amenity:restaurant', 'cuisine:korean']",['POI'],POINT(9.9503409 53.5741894),
Kosta & Evi,,['amenity:restaurant'],['POI'],POINT(10.0433631 53.6468514),
Hornbachers Goldener Engel,,['amenity:restaurant'],['POI'],POINT(9.9824658 53.4645438),
püük - fein + herausgeputzt,,"['amenity:cafe', 'cuisine:cake']",['POI'],POINT(10.0438417 53.6024968),
Betriebssportcasino,,['amenity:restaurant'],['POI'],POINT(10.0308402 53.5479824),
Al Limone,,"['amenity:restaurant', 'cuisine:italian']",['POI'],POINT(9.9807444 53.4636244),
Shukria Restaurant,,"['amenity:restaurant', 'cuisine:indian;pakistani']",['POI'],POINT(9.9814646 53.4634512),
Bei Fernando,,['amenity:restaurant'],['POI'],POINT(9.9816832 53.4633969),
Antik,,['amenity:pub'],['POI'],POINT(9.9813117 53.4634855),
The Old Dubliner - Irish Pub,,['amenity:pub'],['POI'],POINT(9.9805502 53.4635704),
Schönes Leben,,"['amenity:restaurant', 'cuisine:regional']",['POI'],POINT(9.9976168 53.5455304),
Montenegro bei Sabina,,"['amenity:restaurant', 'bar:yes', 'cuisine:balkan']",['POI'],POINT(9.8986984 53.6620568),
A Vila,,"['amenity:restaurant', 'cuisine:portuguese']",['POI'],POINT(9.9041441 53.6662527),
Kos Grill,,"['amenity:fast_food', 'cuisine:greek;gyros;balkan']",['POI'],POINT(9.9064406 53.6572802),
Dill sin Döns,,"['amenity:restaurant', 'cuisine:regional']",['POI'],POINT(9.8428964 53.5503035),
El Tequito,,['amenity:restaurant'],['POI'],POINT(9.9537841 53.546044),
Sushi for Friends,,"['amenity:restaurant', 'cuisine:asian;sushi']",['POI'],POINT(9.9672483 53.464057),
Dedikodu,Café & Shisha Lounge,['amenity:cafe'],['POI'],POINT(9.9790602 53.4602348),
Golden City,,"['amenity:restaurant', 'cuisine:chinese']",['POI'],POINT(9.978589 53.4599698),
Dubrovnik,,"['amenity:restaurant', 'cuisine:croatian;balkan']",['POI'],POINT(9.979819 53.4602091),
Silo 16,,"['amenity:restaurant', 'cuisine:italian']",['POI'],POINT(9.9859337 53.4650249),
momento di,,"['amenity:restaurant', 'cuisine:italian']",['POI'],POINT(9.9869637 53.4663175),
BLOCK HOUSE,,"['amenity:restaurant', 'branch:Harburg', 'cuisine:steak_house']",['POI'],POINT(9.9807446 53.4619433),
Restaurant Scharf,,"['amenity:restaurant', 'cuisine:regional']",['POI'],POINT(9.9825916 53.4640686),
Maihan,,"['amenity:restaurant', 'cuisine:afghan']",['POI'],POINT(9.9753311 53.5829187),
Gasthof Schwarzenbeck,,"['amenity:restaurant', 'cuisine:german']",['POI'],POINT(10.1683713 53.5252965),
Restaurant Elbrus,,"['amenity:restaurant', 'cuisine:caucasian']",['POI'],POINT(10.1649774 53.522741),
Zur Havighorster Nesthenne,,"['amenity:restaurant', 'cuisine:german']",['POI'],POINT(10.1737023 53.5197144),
Mangold,,['amenity:restaurant'],['POI'],POINT(9.9187575 53.5629788),
Meetpoint Café & Bistro,,"['amenity:fast_food', 'cuisine:pasta;burger;italian;pizza;croque']",['POI'],POINT(9.9157956 53.5627238),
Castello,,"['amenity:restaurant', 'cuisine:pizza;pasta']",['POI'],POINT(9.9297722 53.5926147),
Burger Lounge,,"['amenity:restaurant', 'cuisine:burger']",['POI'],POINT(9.9793485 53.4601374),
Meson Galicia,,['amenity:restaurant'],['POI'],POINT(9.9822897 53.4528603),
Burger King,,"['amenity:fast_food', 'cuisine:burger']",['POI'],POINT(9.9336854 53.5524869),
Espresso House,,"['amenity:cafe', 'cuisine:coffee_shop']",['POI'],POINT(10.0037572 53.5528347),
Vasco da Gama,,"['amenity:restaurant', 'cuisine:spanish;portuguese;mediterranean']",['POI'],POINT(10.0116622 53.5578894),
Deli Indo,,"['amenity:restaurant', 'cuisine:indonesian']",['POI'],POINT(10.0171116 53.5621481),
Casa Romana,,"['amenity:restaurant', 'cuisine:italian']",['POI'],POINT(10.0088494 53.5553859),
Canton,,"['amenity:restaurant', 'cuisine:chinese']",['POI'],POINT(9.8474922 53.5731964),
Virginia Burger,,"['amenity:fast_food', 'cuisine:burger']",['POI'],POINT(9.981692 53.4218533),
Mecky's Bistro-Café & Backshop,,['amenity:cafe'],['POI'],POINT(9.8546292 53.5841685),
Iranisches Molana,,"['amenity:restaurant', 'cuisine:persian']",['POI'],POINT(10.0152141 53.5558052),
Beira Rio,,"['amenity:restaurant', 'cuisine:portuguese;spanish']",['POI'],POINT(9.9729233 53.5459198),
VielHarmonie,,['amenity:pub'],['POI'],POINT(9.9794813 53.5509136),
Big Bull,,"['amenity:restaurant', 'cuisine:steak_house']",['POI'],POINT(9.9796445 53.550945),
Juli Food,,"['amenity:fast_food', 'cuisine:kebab;chicken']",['POI'],POINT(9.7976381 53.6560237),
Zur gemütlichen Ecke,,['amenity:pub'],['POI'],POINT(9.9733162 53.5463202),
Ola Lisboa,,"['amenity:restaurant', 'cuisine:portuguese']",['POI'],POINT(9.9752488 53.5460212),
Porto,,"['amenity:restaurant', 'bar:yes', 'cuisine:portuguese']",['POI'],POINT(9.97533 53.5457976),
Casa del Sabor,,"['amenity:restaurant', 'cuisine:portuguese']",['POI'],POINT(9.9753488 53.5456541),
D. Jose,,"['amenity:restaurant', 'cuisine:spanish;portuguese']",['POI'],POINT(9.975904 53.5459028),
O Farol,,"['amenity:restaurant', 'cuisine:portuguese']",['POI'],POINT(9.975869 53.546143),
Casa Madeira,,"['amenity:restaurant', 'cuisine:spanish;portuguese']",['POI'],POINT(9.9756454 53.5460974),
Mehndi Restaurant & Bar,,['amenity:restaurant'],['POI'],POINT(9.9762129 53.5458858),
Panthera Rodizio,,"['amenity:restaurant', 'cuisine:brazilian']",['POI'],POINT(9.9769651 53.5461603),
Nello,,"['amenity:restaurant', 'cuisine:italian']",['POI'],POINT(9.9742866 53.5458381),
Old Commercial Room,,['amenity:restaurant'],['POI'],POINT(9.9779081 53.5481753),
Peking Haus,,"['amenity:restaurant', 'cuisine:chinese']",['POI'],POINT(10.168935 53.5423093),
Imbiss Akropolis,,"['amenity:fast_food', 'cuisine:greek']",['POI'],POINT(10.1691543 53.5423035),
Taverna Korfu,,"['amenity:restaurant', 'cuisine:greek']",['POI'],POINT(9.9828938 53.4394769),
Dürüm Grill Imbiss,,['amenity:fast_food'],['POI'],POINT(9.8491582 53.5883805),
Il Siciliano,,['amenity:restaurant'],['POI'],POINT(9.9802903 53.5550049),
Riads,,"['amenity:restaurant', 'cuisine:lebanese']",['POI'],POINT(9.9800543 53.5548491),
Kleinhuis Cafe&Weinstube,,['amenity:restaurant'],['POI'],POINT(9.9773362 53.5512754),
Jour fixe,,['amenity:cafe'],['POI'],POINT(9.9770362 53.5774137),
Café Ines,,['amenity:cafe'],['POI'],POINT(9.9442076 53.5942962),
September,,"['amenity:restaurant', 'cuisine:german']",['POI'],POINT(9.9748728 53.556689),
Restaurant Békaa,,"['amenity:restaurant', 'cuisine:lebanese']",['POI'],POINT(9.9775912 53.5650457),
Domino's,,"['amenity:fast_food', 'cuisine:pizza']",['POI'],POINT(9.9199112 53.5637914),
Mama Trattoria,,"['amenity:restaurant', 'cuisine:italian']",['POI'],POINT(9.9806334 53.584592),
YONG korean,,"['amenity:restaurant', 'cuisine:asian;korean']",['POI'],POINT(9.9614866 53.562776),
Arena Imbiss,,"['amenity:fast_food', 'cuisine:kebab']",['POI'],POINT(9.8923162 53.5734599),
Meşhur Adıyaman Çiğ Köftecisi,,"['amenity:restaurant', 'cuisine:turkish']",['POI'],POINT(9.9866895 53.5177754),
Ristorante da Lui,,"['amenity:restaurant', 'cuisine:italian']",['POI'],POINT(9.9982416 53.5945771),
Irodion,,"['amenity:restaurant', 'cuisine:greek']",['POI'],POINT(10.0000747 53.5952194),
Mama Leonne,,"['amenity:restaurant', 'cuisine:italian']",['POI'],POINT(9.9696468 53.5811053),
Mathilde Literatur & Café,,"['amenity:pub', 'cuisine:coffee_shop']",['POI'],POINT(9.9767388 53.5716355),
Junge,,['amenity:cafe'],['POI'],POINT(9.9190079 53.634475),
Gyo Sushi,,"['amenity:restaurant', 'cuisine:sushi']",['POI'],POINT(9.9191926 53.6349387),
Rio Grande,,['amenity:restaurant'],['POI'],POINT(9.8200222 53.5618202),
Il Cristallo,,"['amenity:restaurant', 'cuisine:italian']",['POI'],POINT(9.9489125 53.563131),
Breitengrad,,"['amenity:restaurant', 'cuisine:asian']",['POI'],POINT(9.9506977 53.5638543),
Panjaab,,"['amenity:restaurant', 'cuisine:indian']",['POI'],POINT(9.9832316 53.5688397),
Eiscafe Elisa,,['amenity:cafe'],['POI'],POINT(10.212701 53.5036903),
Grüneberg,,['amenity:cafe'],['POI'],POINT(10.0126711 53.5582266),
Casa Di Roma,,"['amenity:restaurant', 'cuisine:italian']",['POI'],POINT(10.0123232 53.5579898),
Miss Döner,,"['amenity:fast_food', 'cuisine:kebab']",['POI'],POINT(10.0106212 53.5567809),
Christiansen's,,['amenity:pub'],['POI'],POINT(9.9541482 53.5463649),
Il Gambero,,"['amenity:restaurant', 'cuisine:italian']",['POI'],POINT(9.9222532 53.5464189),
Tarantella,,"['amenity:restaurant', 'cuisine:italian']",['POI'],POINT(9.9903117 53.5584999),
Filmhauskneipe,,['amenity:bar'],['POI'],POINT(9.9276324 53.5542896),
Nostalgia Bar,,['amenity:bar'],['POI'],POINT(9.923955 53.5527507),
Nostalgia bei Sotiris,,"['amenity:restaurant', 'cuisine:greek']",['POI'],POINT(9.926919 53.550202),
Flying Market,,"['amenity:restaurant', 'cuisine:vietnamese']",['POI'],POINT(9.9272788 53.5504244),
Farina di Nonna,,"['amenity:restaurant', 'cuisine:pizza']",['POI'],POINT(9.9319939 53.5520897),
Coffee Fellows,,"['amenity:cafe', 'cuisine:coffee_shop']",['POI'],POINT(9.9322828 53.5521158),
BOK,,"['amenity:restaurant', 'cuisine:asian']",['POI'],POINT(9.9332358 53.5520783),
Farina meets Mehl,,"['amenity:restaurant', 'bar:yes', 'cuisine:pizza']",['POI'],POINT(9.9249321 53.5591667),
La Maison d´Avignon,,"['amenity:restaurant', 'cuisine:french']",['POI'],POINT(9.9303866 53.549683),
Nessi,,['amenity:cafe'],['POI'],POINT(9.9307404 53.5525328),
Torrefaktum,,"['amenity:cafe', 'cuisine:coffee_shop']",['POI'],POINT(9.9278603 53.5569476),
Hoppe’s Restaurant,,['amenity:restaurant'],['POI'],POINT(9.9132769 53.544623),
Café Elbterrassen,,"['amenity:restaurant', 'cuisine:breakfast;bistro']",['POI'],POINT(9.9140735 53.5445322),
Zum alten Lotsenhaus,,['amenity:restaurant'],['POI'],POINT(9.9120362 53.5449087),
Süßwasser,,['amenity:restaurant'],['POI'],POINT(9.9080592 53.5447329),
Titanic Irish Pub,,['amenity:pub'],['POI'],POINT(9.9289595 53.5632752),
Goescheneck,,['amenity:pub'],['POI'],POINT(9.9738814 53.4579072),
Marien Eck,,['amenity:pub'],['POI'],POINT(9.9762264 53.4585705),
Kalliopea,,"['amenity:restaurant', 'cuisine:greek']",['POI'],POINT(10.0379638 53.5982403),
Leandros,,"['amenity:restaurant', 'cuisine:greek']",['POI'],POINT(10.1295672 53.6424537),
Café-Shop Blueberry,,['amenity:cafe'],['POI'],POINT(10.0216254 53.5564901),
Café Berliner Tor,,['amenity:cafe'],['POI'],POINT(10.0228843 53.5571934),
Endlich-Salon,Ex - Frauencafé,['amenity:cafe'],['POI'],POINT(9.9815072 53.5554615),
Double Coffee,,['amenity:cafe'],['POI'],POINT(9.981186 53.5554532),
Copenhagen Coffee Lab,,['amenity:cafe'],['POI'],POINT(9.9797517 53.5541161),
Oorlam,,['amenity:bar'],['POI'],POINT(9.9798395 53.5534186),
Loving Hut,,"['amenity:restaurant', 'cuisine:international']",['POI'],POINT(9.9802985 53.5517302),
Hellas,,"['amenity:restaurant', 'cuisine:greek']",['POI'],POINT(9.8587833 53.598338),
Domino's,,"['amenity:fast_food', 'cuisine:pizza']",['POI'],POINT(9.8588047 53.5985688),
Eis Cafe Venezia,,"['amenity:cafe', 'cuisine:ice_cream']",['POI'],POINT(10.1629655 53.5691922),
Barsbütteler Bierstübchen,,['amenity:pub'],['POI'],POINT(10.1735936 53.5689739),
Asia Lam,,"['amenity:restaurant', 'cuisine:asian']",['POI'],POINT(10.1546528 53.6026462),
Malik Pizza,,"['amenity:restaurant', 'cuisine:pizza']",['POI'],POINT(9.9500405 53.5722971),
Musti,,['amenity:bar'],['POI'],POINT(9.8614674 53.5980635),
Döner Kebab,,"['amenity:fast_food', 'cuisine:kebab']",['POI'],POINT(9.8621084 53.5979565),
Grilltaverne Hellas,,"['amenity:restaurant', 'cuisine:greek']",['POI'],POINT(9.8735746 53.6004876),
Asia Thanh,,"['amenity:fast_food', 'cuisine:asian']",['POI'],POINT(10.024145 53.5456892),
Pad Thai,,"['amenity:fast_food', 'cuisine:thai']",['POI'],POINT(10.1180005 53.599509),
Kliemanns' Grill,,"['amenity:fast_food', 'cuisine:german']",['POI'],POINT(10.2019192 53.5406382),
Dubrovnik,,"['amenity:restaurant', 'cuisine:croatian;international']",['POI'],POINT(10.1745448 53.5685648),
Tasty Croque Barsbüttel,,"['amenity:fast_food', 'cuisine:crepe;sandwich;salad']",['POI'],POINT(10.1738795 53.5689529),
Der Kebap,,"['amenity:restaurant', 'cuisine:turkish']",['POI'],POINT(10.033745 53.5367134),
Mr. Hoh,,"['amenity:restaurant', 'cuisine:chinese']",['POI'],POINT(9.8404348 53.6080983),
scheene Perle,,['amenity:pub'],['POI'],POINT(9.8431478 53.6054827),
Eisliebe,,['amenity:cafe'],['POI'],POINT(10.1261323 53.6726249),
King Döner,,"['amenity:fast_food', 'cuisine:kebab']",['POI'],POINT(9.848728 53.598638),
bp Kantine,,"['amenity:fast_food', 'cuisine:german']",['POI'],POINT(10.1857571 53.6085933),
Crazy Croque,,"['amenity:fast_food', 'cuisine:sandwich']",['POI'],POINT(10.1152206 53.6245215),
Pic-a-deli,,['amenity:restaurant'],['POI'],POINT(10.025068 53.5443638),
Dionysos,,"['amenity:restaurant', 'cuisine:greek']",['POI'],POINT(9.8720851 53.5336461),
Taverna Korfu,,"['amenity:restaurant', 'cuisine:greek']",['POI'],POINT(9.854674 53.469629),
buddha's kitchen,,"['amenity:restaurant', 'cuisine:thai']",['POI'],POINT(9.9392066 53.5442408),
am kai,,"['amenity:restaurant', 'cuisine:seafood']",['POI'],POINT(9.9343431 53.5445569),
Entennest,,['amenity:restaurant'],['POI'],POINT(9.9836556 53.4491354),
Rugen-Eck,,['amenity:pub'],['POI'],POINT(9.8471715 53.575941),
Anleger 1870,,['amenity:restaurant'],['POI'],POINT(10.0191581 53.5657249),
Grill Palast Pommes Prinz,,"['amenity:fast_food', 'cuisine:german']",['POI'],POINT(9.9884497 53.6660416),
Maquis,,"['amenity:restaurant', 'cuisine:french;german;regional']",['POI'],POINT(9.9489419 53.5514051),
Janssen's,,['amenity:pub'],['POI'],POINT(9.8749084 53.5880814),
Liva,,['amenity:cafe'],['POI'],POINT(9.8736259 53.5913419),
Tunici,,"['amenity:restaurant', 'cuisine:kebab']",['POI'],POINT(9.8980627 53.5716706),
Panda's Küche,,"['amenity:restaurant', 'cuisine:vietnamese']",['POI'],POINT(9.8991944 53.5710198),
Pizza Deal Altona,,"['amenity:fast_food', 'cuisine:pizza']",['POI'],POINT(9.9459077 53.5524982),
Opposti,,"['amenity:restaurant', 'bar:yes', 'cuisine:pizza;burger;pasta']",['POI'],POINT(9.8458704 53.5990664),
Anatolia Kitchen Altona,,"['amenity:restaurant', 'cuisine:kebab;turkish']",['POI'],POINT(9.9439957 53.5519122),
Anteplioglu,,['amenity:cafe'],['POI'],POINT(9.94383 53.5519335),
geen Ottensen,,['amenity:cafe'],['POI'],POINT(9.9307739 53.5528223),
Café Nr. 28,,['amenity:cafe'],['POI'],POINT(9.9871172 53.5671888),
Café CampusBlick,,['amenity:cafe'],['POI'],POINT(9.9843428 53.567295),
Asia-Küche,,"['amenity:restaurant', 'cuisine:asian']",['POI'],POINT(10.1404681 53.6252064),
Schweinske,,"['amenity:restaurant', 'branch:Stadtpark', 'cuisine:burger;escalope;german']",['POI'],POINT(10.0119373 53.6000436),
Burger Lounge,,"['amenity:restaurant', 'cuisine:american;burger']",['POI'],POINT(10.2185451 53.4870798),
Bertels,,['amenity:pub'],['POI'],POINT(9.9680793 53.5563329),
Lily,,"['amenity:restaurant', 'cuisine:chinese']",['POI'],POINT(9.8520969 53.4723112),
Henssler & Henssler,,"['amenity:restaurant', 'cuisine:sushi']",['POI'],POINT(9.9430573 53.5445995),
Burger Lounge,,"['amenity:fast_food', 'cuisine:burger']",['POI'],POINT(9.9541919 53.5530951),
Schweinske Barmbek,Das erste Schweinske Restaurant der Kette,"['amenity:restaurant', 'cuisine:burger;escalope;german']",['POI'],POINT(10.0434948 53.5822365),
Coffee Club,,['amenity:cafe'],['POI'],POINT(9.9516975 53.6196309),
Taverna Santorini,,"['amenity:restaurant', 'cuisine:greek']",['POI'],POINT(9.9510158 53.6226155),
Zur Mühlenklause,,"['amenity:pub', 'cuisine:regional']",['POI'],POINT(10.0330654 53.5362372),
Entenwerder Fährhaus,,"['amenity:restaurant', 'cuisine:regional']",['POI'],POINT(10.0410454 53.530058),
Asia Pham,,"['amenity:fast_food', 'cuisine:thai']",['POI'],POINT(10.0449303 53.5337842),
Robi's Island,,['amenity:pub'],['POI'],POINT(10.043123 53.5340089),
Senkoi Am Hafen,,"['amenity:restaurant', 'cuisine:japanese']",['POI'],POINT(9.9513983 53.5452292),
Kamm In,,['amenity:pub'],['POI'],POINT(9.9822892 53.5512758),
Marktschänke,,['amenity:pub'],['POI'],POINT(9.8534071 53.4707001),
Il mío,,['amenity:cafe'],['POI'],POINT(10.2141069 53.4882429),
Rodeo,,"['amenity:restaurant', 'cuisine:steak_house;american']",['POI'],POINT(9.8367788 53.6020363),
Campana,,['amenity:restaurant'],['POI'],POINT(9.7746312 53.6726163),
Kleine Pause,,"['amenity:fast_food', 'cuisine:burger;friture;german;hot_dog;sausage']",['POI'],POINT(9.9623522 53.5548135),
Giovanni,,"['amenity:restaurant', 'cuisine:italian']",['POI'],POINT(9.9620853 53.5542591),
Holsten-Eck,,['amenity:pub'],['POI'],POINT(9.8625322 53.5978676),
Bei Mike,,['amenity:pub'],['POI'],POINT(9.8430047 53.6017946),
Picknick,,['amenity:fast_food'],['POI'],POINT(9.89511 53.5841717),
„c’est si bon“ der Bio-Kiosk am Dahliengarten,"Wir bieten euch einen wöchentlich wechselnden, frisch zubereiteten Bio-Mittagstisch sowie leckeren Kaffee und Kuchen und kleine Spezialitäten aus eigener Herstellung an. Ganzährig geöffnet, windgeschützte Terrasse, Speisen auch ""to go"".","['amenity:restaurant', 'cuisine:pasta;regional']",['POI'],POINT(9.8857178 53.5800009),
Schlemmerkiste,,['amenity:fast_food'],['POI'],POINT(10.0515717 53.5379353),
HENNY's,,"['amenity:restaurant', 'cuisine:international']",['POI'],POINT(10.0138637 53.5791474),
Cucina by Ciao Bella,,['amenity:restaurant'],['POI'],POINT(10.0135953 53.5793228),
Chingu,,"['amenity:restaurant', 'cuisine:korean']",['POI'],POINT(10.0127571 53.5796848),
"Pittarello, Ristorante • Bar",,"['amenity:restaurant', 'cuisine:italian']",['POI'],POINT(10.0126782 53.5803758),
Espresso House,,['amenity:cafe'],['POI'],POINT(10.0120965 53.5812726),
Sushi Yama,,"['amenity:restaurant', 'cuisine:sushi']",['POI'],POINT(10.0083052 53.5812311),
Alkiony,,"['amenity:restaurant', 'cuisine:greek']",['POI'],POINT(9.9751408 53.5842424),
La Bruschetta,,"['amenity:restaurant', 'cuisine:italian']",['POI'],POINT(10.0090701 53.5814749),
Café Canale,,"['amenity:cafe', 'cuisine:cake']",['POI'],POINT(10.0102217 53.581398),
Eiscafé am Poelchaukamp,,"['amenity:cafe', 'cuisine:ice_cream']",['POI'],POINT(10.0106466 53.5816037),
Gallo Nero,,"['amenity:restaurant', 'cuisine:italian']",['POI'],POINT(10.0076226 53.5810869),
Mangia e Bevi,,"['amenity:restaurant', 'cuisine:italian']",['POI'],POINT(10.0079497 53.5806824),
Pizza social club,,"['amenity:restaurant', 'cuisine:pizza']",['POI'],POINT(10.0114654 53.5813638),
VOUS,,"['amenity:restaurant', 'cuisine:asian']",['POI'],POINT(10.0128148 53.5814729),
Limon,,"['amenity:fast_food', 'cuisine:turkish']",['POI'],POINT(10.012296 53.5810404),
Bahar,,['amenity:restaurant'],['POI'],POINT(10.0507529 53.5415951),
Mansha Burgers,,['amenity:fast_food'],['POI'],POINT(10.0393127 53.5460464),
Eisart,,"['amenity:cafe', 'cuisine:ice_cream']",['POI'],POINT(9.8390083 53.6083286),
Petit Bistro,,['amenity:fast_food'],['POI'],POINT(10.0641994 53.5367351),
Maison Émilie,,"['amenity:cafe', 'cuisine:coffee_shop;french']",['POI'],POINT(9.9527103 53.5718775),
Dreißig,,['amenity:pub'],['POI'],POINT(9.9510086 53.5726134),
Mundfein,,"['amenity:fast_food', 'cuisine:pizza']",['POI'],POINT(9.9497206 53.5733288),
Restaurant Piano,,"['amenity:restaurant', 'cuisine:italian']",['POI'],POINT(9.9480258 53.5736574),
Maybach,openend,['amenity:restaurant'],['POI'],POINT(9.9533956 53.5778716),
Xperience,,['amenity:bar'],['POI'],POINT(10.0380855 53.5607736),
Sphinx Döner,,"['amenity:fast_food', 'cuisine:kebab']",['POI'],POINT(10.0374882 53.5613808),
Baris,,"['amenity:restaurant', 'cuisine:turkish']",['POI'],POINT(10.0279222 53.5700016),
Inos,,"['amenity:restaurant', 'cuisine:greek']",['POI'],POINT(10.0302686 53.571335),
Falafel Factory,,"['amenity:restaurant', 'cuisine:kebab;arab;oriental']",['POI'],POINT(10.0408825 53.5795062),
Metro Bar,,['amenity:pub'],['POI'],POINT(10.0412679 53.5793937),
Kimchi Sushi,,"['amenity:fast_food', 'cuisine:sushi;korean']",['POI'],POINT(10.0417053 53.579874),
Asia Haus,,"['amenity:fast_food', 'cuisine:asian']",['POI'],POINT(10.0430998 53.5810127),
Pizza Max,,"['amenity:fast_food', 'cuisine:pizza']",['POI'],POINT(10.0443713 53.5819254),
Daddy Pizza,,['amenity:restaurant'],['POI'],POINT(10.0546865 53.5904196),
Goldener Drache,,"['amenity:restaurant', 'cuisine:asian']",['POI'],POINT(10.0385387 53.5780158),
Café Lüküs,,['amenity:restaurant'],['POI'],POINT(9.7675313 53.5644251),
Uni Döner,,"['amenity:fast_food', 'cuisine:kebab;turkish']",['POI'],POINT(9.981268 53.567199),
Kumpir,,['amenity:fast_food'],['POI'],POINT(9.9814486 53.567357),
Olympia Grill,,"['amenity:restaurant', 'cuisine:greek']",['POI'],POINT(9.9867797 53.6746553),
Cheers & Sasa,,['amenity:pub'],['POI'],POINT(10.0451387 53.5337414),
Bolero,,"['amenity:restaurant', 'cuisine:mexican']",['POI'],POINT(9.9891816 53.5722125),
Swedish Cream,,['amenity:cafe'],['POI'],POINT(9.98916 53.5717786),
Gopalam,,"['amenity:restaurant', 'cuisine:indian']",['POI'],POINT(9.9781736 53.570799),
Liebling,,['amenity:cafe'],['POI'],POINT(9.9858697 53.5703193),
Cafe Knallhart,,['amenity:cafe'],['POI'],POINT(9.9837031 53.5664589),
Peking-Enten-Haus,,['amenity:restaurant'],['POI'],POINT(9.9771067 53.5660056),
Park Cafe,,['amenity:cafe'],['POI'],POINT(9.9521531 53.55326),
Elbblick - Grill,,['amenity:fast_food'],['POI'],POINT(9.7893606 53.535564),
Laufauf,,['amenity:restaurant'],['POI'],POINT(9.9996401 53.5489956),
Kiez Curry,,['amenity:fast_food'],['POI'],POINT(9.9601956 53.5488415),
Spacca Forno,,"['amenity:restaurant', 'cuisine:italian']",['POI'],POINT(10.0078041 53.5808965),
Lumberjack,,['amenity:restaurant'],['POI'],POINT(9.7870233 53.661276),
Kronos,,"['amenity:restaurant', 'cuisine:greek']",['POI'],POINT(9.7913222 53.6511538),
Bon Chi Chi,,"['amenity:restaurant', 'cuisine:burger;pizza']",['POI'],POINT(9.7925178 53.6473181),
Mickley's All Stars,,"['amenity:restaurant', 'cuisine:kebab']",['POI'],POINT(10.0252249 53.5443686),
Restaurant Fesstos,,"['amenity:restaurant', 'cuisine:greek']",['POI'],POINT(9.8372443 53.471845),
Mr. Kebab,,['amenity:fast_food'],['POI'],POINT(9.7926621 53.4667319),
La Fée,,"['amenity:restaurant', 'bar:no']",['POI'],POINT(10.0157023 53.5726609),
Fardi,,"['amenity:restaurant', 'cuisine:syrian']",['POI'],POINT(10.0151288 53.5749295),
Mio,,"['amenity:restaurant', 'cuisine:italian']",['POI'],POINT(9.9937604 53.5529768),
Da Caio,,['amenity:restaurant'],['POI'],POINT(10.0147238 53.5609297),
Hansa Steg,,['amenity:cafe'],['POI'],POINT(10.0096268 53.569849),
Seehaus Hamburg,,['amenity:restaurant'],['POI'],POINT(10.0124593 53.5611226),
La Dolce Vita,,"['amenity:cafe', 'cuisine:ice_cream']",['POI'],POINT(10.0107642 53.5602185),
COCO riviera,,['amenity:cafe'],['POI'],POINT(10.0041095 53.5581654),
Jim Block,,"['amenity:fast_food', 'cuisine:burger']",['POI'],POINT(10.0084662 53.5546953),
Palazzo,,"['amenity:restaurant', 'cuisine:italian']",['POI'],POINT(9.9884581 53.5772999),
toto,,['amenity:restaurant'],['POI'],POINT(9.9884582 53.5772082),
BeerPONG BAR,,['amenity:bar'],['POI'],POINT(9.960888 53.5497482),
Subway,,"['amenity:fast_food', 'cuisine:sandwich']",['POI'],POINT(9.9956384 53.5521601),
Zum Silbersack,,['amenity:pub'],['POI'],POINT(9.9599637 53.5488785),
Chez Nathalie,,['amenity:cafe'],['POI'],POINT(9.9454414 53.581715),
Schramme 10,,['amenity:pub'],['POI'],POINT(9.9888758 53.5906869),
Ristorante da Franco,,['amenity:restaurant'],['POI'],POINT(9.9873511 53.5898565),
Literaturhaus Cafe,,['amenity:cafe'],['POI'],POINT(10.0166099 53.5681246),
Die Brücke,,['amenity:restaurant'],['POI'],POINT(9.9786354 53.5789243),
Die Glocke,,['amenity:pub'],['POI'],POINT(9.9794565 53.5794546),
PATIO,,['amenity:restaurant'],['POI'],POINT(10.0068587 53.58065),
ono,,"['amenity:restaurant', 'cuisine:sushi']",['POI'],POINT(9.9782492 53.5808166),
Isi Grill,,['amenity:fast_food'],['POI'],POINT(10.1473769 53.6784039),
Konditorei Lindtner,,['amenity:cafe'],['POI'],POINT(9.9881888 53.5911235),
Campus am Isemarkt,,['amenity:restaurant'],['POI'],POINT(9.9802155 53.5797242),
Espresso house,,"['amenity:cafe', 'cuisine:coffee_shop']",['POI'],POINT(10.0121139 53.5578806),
An An,,"['amenity:restaurant', 'cuisine:vietnamese']",['POI'],POINT(10.0087479 53.55532),
Pavlos-Eck,,['amenity:pub'],['POI'],POINT(10.040512 53.5962792),
Espresso House,,"['amenity:cafe', 'cuisine:coffee_shop']",['POI'],POINT(9.9901686 53.5564395),
Onkel Otto,,['amenity:pub'],['POI'],POINT(9.9600022 53.5466845),
ahoi,,['amenity:pub'],['POI'],POINT(9.9600445 53.5465514),
Mö Grill,,"['amenity:fast_food', 'cuisine:german']",['POI'],POINT(9.9932154 53.5526324),
Jim Block,,['amenity:restaurant'],['POI'],POINT(9.9941727 53.5517033),
Elbphilharmonie Kultur Café Starbucks,,['amenity:cafe'],['POI'],POINT(10.0009461 53.5513282),
Leon,,"['amenity:restaurant', 'cuisine:italian']",['POI'],POINT(10.0084883 53.5566977),
KytiVoo,,['amenity:pub'],['POI'],POINT(10.0125642 53.5581398),
Kumpir,2022-12-05 abweichend von der Internet-Adresse lautet die Beschilderung des Geschäftes nur 'Kumpir',"['amenity:fast_food', 'cuisine:Kumpir']",['POI'],POINT(9.965264 53.563264),
Bootshaus zur Außenmühle,,['amenity:restaurant'],['POI'],POINT(9.9813813 53.4482068),
Der Grieche,,"['amenity:restaurant', 'cuisine:greek']",['POI'],POINT(10.0507955 53.5551536),
McDonald's,,"['amenity:fast_food', 'branch:S Bahnhof Sternschanze', 'cuisine:burger']",['POI'],POINT(9.9656813 53.5637417),
Rio Grande,,"['amenity:restaurant', 'cuisine:steak_house']",['POI'],POINT(9.8305156 53.6499721),
Funk Eck,,['amenity:cafe'],['POI'],POINT(9.9882788 53.5740263),
Il Nonnino,,"['amenity:restaurant', 'cuisine:italian']",['POI'],POINT(10.0236822 53.5683952),
That's Amore,,"['amenity:restaurant', 'cuisine:italian']",['POI'],POINT(9.9608172 53.5708391),
Vo Uu,,"['amenity:restaurant', 'cuisine:asian']",['POI'],POINT(9.9820548 53.5680789),
Iô,,"['amenity:restaurant', 'cuisine:asian']",['POI'],POINT(9.9889997 53.5896806),
Paolas,,['amenity:bar'],['POI'],POINT(9.9878885 53.590172),
Avsallar Döner,,['amenity:fast_food'],['POI'],POINT(9.9963933 53.5943107),
Peters Hähnchengrill,,['amenity:fast_food'],['POI'],POINT(10.0437989 53.5959214),
Reeperbande,,"['amenity:restaurant', 'cuisine:burger;escalope;german']",['POI'],POINT(9.9565241 53.5494865),
Doris' Diner,,"['amenity:restaurant', 'cuisine:american']",['POI'],POINT(9.9834408 53.5691191),
L'Espresso Bar,,['amenity:cafe'],['POI'],POINT(9.9837686 53.5694245),
Brasserie mit.tag,,['amenity:restaurant'],['POI'],POINT(9.9841968 53.5698814),
Casa Mia,,"['amenity:restaurant', 'cuisine:italian']",['POI'],POINT(9.9843375 53.5701025),
Antonios Eis-Cafe,,"['amenity:cafe', 'cuisine:ice_cream']",['POI'],POINT(10.0175015 53.6402896),
Sahlings Gasthaus,,"['amenity:restaurant', 'cuisine:greek']",['POI'],POINT(9.9548577 53.4519584),
Namaste Hamburg,,['amenity:restaurant'],['POI'],POINT(9.907658 53.590633),
Zur Pulvermühle,,"['amenity:restaurant', 'cuisine:regional']",['POI'],POINT(10.035003 53.4171597),
Lokmam,,"['amenity:restaurant', 'cuisine:turkish']",['POI'],POINT(9.963972 53.562414),
EISCAFE29,,"['amenity:cafe', 'cuisine:ice_cream']",['POI'],POINT(9.9952357 53.5683518),
Smiley's Pizza Profis Langenhorn,,"['amenity:fast_food', 'cuisine:pizza;burger;sandwich;salad']",['POI'],POINT(10.0121032 53.646179),
Lava Grill Döner,,['amenity:restaurant'],['POI'],POINT(9.9875149 53.5930037),
Apple & Eve,,['amenity:restaurant'],['POI'],POINT(9.9831922 53.5655488),
Espresso house,,"['amenity:cafe', 'cuisine:coffee_shop']",['POI'],POINT(9.9953424 53.5709355),
Mama Trattoria,,['amenity:restaurant'],['POI'],POINT(9.9953543 53.5706951),
BLOCK HOUSE,,"['amenity:restaurant', 'branch:Pöseldorf', 'cuisine:steak_house']",['POI'],POINT(9.9949652 53.5718049),
Kouros,,"['amenity:restaurant', 'cuisine:greek']",['POI'],POINT(10.011158 53.5597584),
Café du passage,,['amenity:cafe'],['POI'],POINT(9.9960826 53.5999992),
Paulaner's Miraculum,,['amenity:pub'],['POI'],POINT(10.0088062 53.553643),
M&V Gaststätte,,['amenity:pub'],['POI'],POINT(10.009589 53.5559035),
Imbiss Freibad Neu Wulmstorf,,['amenity:fast_food'],['POI'],POINT(9.8073579 53.4595209),
BLOCK HOUSE,,"['amenity:restaurant', 'branch:Alstertal', 'cuisine:steak_house']",['POI'],POINT(10.0934197 53.6550388),
Köz Urfa,Restaurant 2,"['amenity:restaurant', 'cuisine:turkish']",['POI'],POINT(9.9362809 53.5526195),
Heferl,,['amenity:cafe'],['POI'],POINT(9.9820098 53.550284),
Easy Croque,,"['amenity:fast_food', 'cuisine:sandwich']",['POI'],POINT(10.057299 53.5641275),
Kaffeewelt,,"['amenity:cafe', 'cuisine:cake;local;sandwich;tea']",['POI'],POINT(10.0170236 53.5533568),
Kiez Klause,,['amenity:bar'],['POI'],POINT(9.9610226 53.5482002),
Chikago Bar,,['amenity:bar'],['POI'],POINT(9.9610223 53.5482818),
Der blaue Engel von St. Pauli,,['amenity:bar'],['POI'],POINT(9.9612509 53.5481137),
Food court,,['amenity:restaurant'],['POI'],POINT(10.0228225 53.548447),
Cosmos,,['amenity:restaurant'],['POI'],POINT(9.9309799 53.5514623),
Kypros,,"['amenity:restaurant', 'cuisine:greek']",['POI'],POINT(9.9306085 53.551714),
Haus des Döners,,"['amenity:fast_food', 'cuisine:turkish']",['POI'],POINT(9.9636318 53.5601993),
Domino's,,"['amenity:fast_food', 'cuisine:pizza']",['POI'],POINT(9.9440646 53.550912),
Haifischbar,,['amenity:pub'],['POI'],POINT(9.9459206 53.544474),
Zum Schellfischposten,,['amenity:pub'],['POI'],POINT(9.9461236 53.5445819),
Zur Gondel,,"['amenity:restaurant', 'cuisine:international']",['POI'],POINT(10.030565 53.5848732),
Pho Hanoi,,"['amenity:restaurant', 'cuisine:asian']",['POI'],POINT(10.0381421 53.5871635),
Raj Mahal,,"['amenity:fast_food', 'cuisine:indian']",['POI'],POINT(10.0506228 53.5473373),
Bich Ngoc,,['amenity:restaurant'],['POI'],POINT(10.0083509 53.5559169),
Cafe Westwind,,['amenity:cafe'],['POI'],POINT(10.0082293 53.555966),
Thai Food,,['amenity:restaurant'],['POI'],POINT(9.9830542 53.5478776),
Gaststätte Dreyer,,['amenity:pub'],['POI'],POINT(9.9821122 53.5480941),
Rialto,,"['amenity:restaurant', 'cuisine:italian']",['POI'],POINT(9.984733 53.5492719),
Erste Liebe Bar,,['amenity:bar'],['POI'],POINT(9.9848943 53.5492265),
Marinehof,,['amenity:restaurant'],['POI'],POINT(9.9850662 53.5491812),
Rindock's Harburg,,"['amenity:restaurant', 'cuisine:steak_house']",['POI'],POINT(9.9343254 53.4349373),
Ashoka,,"['amenity:restaurant', 'cuisine:indian']",['POI'],POINT(9.9653235 53.5531752),
Wiwa,,['amenity:restaurant'],['POI'],POINT(10.1743948 53.5194992),
Cafe Gnosa,,['amenity:cafe'],['POI'],POINT(10.0127916 53.5587826),
Cube Cafe.Bar,,['amenity:cafe'],['POI'],POINT(10.0127849 53.5583877),
Bar Sankt Georg,,['amenity:cafe'],['POI'],POINT(10.0115842 53.557846),
Café Leinpfad,Hier kann vom Wasser aus bestellt werden,['amenity:cafe'],['POI'],POINT(9.9941771 53.5930782),
Cocktrail Bar,,['amenity:bar'],['POI'],POINT(10.0275389 53.5694668),
Starbucks,,"['amenity:cafe', 'cuisine:coffee_shop']",['POI'],POINT(9.9878089 53.5487113),
PhiCoffee,,['amenity:cafe'],['POI'],POINT(9.9876341 53.5485259),
Opatija,,['amenity:restaurant'],['POI'],POINT(10.2184354 53.5490016),
Café Borchers,,['amenity:pub'],['POI'],POINT(9.986988 53.5943078),
Tunicis Restaurant Zwölf Apostel,,"['amenity:restaurant', 'cuisine:kebab']",['POI'],POINT(10.1460976 53.5693329),
Cafe Schmidt,,['amenity:cafe'],['POI'],POINT(9.8884758 53.559744),
Dolcetto,,"['amenity:restaurant', 'cuisine:italian']",['POI'],POINT(9.9923572 53.5489464),
Burger King,,"['amenity:fast_food', 'cuisine:burger']",['POI'],POINT(10.0265596 53.5703159),
Schanzenbäckerei,,['amenity:cafe'],['POI'],POINT(9.9485084 53.5616086),
Gaziantep,,"['amenity:fast_food', 'cuisine:kebab']",['POI'],POINT(10.0103267 53.5529071),
Sait,,"['amenity:fast_food', 'cuisine:kebab']",['POI'],POINT(10.0109025 53.5527609),
Köz Istanbul,,"['amenity:fast_food', 'cuisine:kebab']",['POI'],POINT(10.0106022 53.5530302),
Kebap Salonu Urfa,,"['amenity:fast_food', 'cuisine:kebab']",['POI'],POINT(10.014368 53.554733),
Arcotel Rubin,,['amenity:bar'],['POI'],POINT(10.0158814 53.5554045),
Yemen Resturant,,"['amenity:restaurant', 'cuisine:arab']",['POI'],POINT(10.0164654 53.5557063),
Pho Duc,,"['amenity:restaurant', 'cuisine:vietnamese']",['POI'],POINT(10.0190274 53.5569135),
Bellini Bar,,['amenity:bar'],['POI'],POINT(10.012043 53.5575214),
Mega Döner,,"['amenity:fast_food', 'cuisine:kebab']",['POI'],POINT(10.1627591 53.6502298),
Hoang-Bistro,,"['amenity:restaurant', 'cuisine:asian;sushi;vietnamese']",['POI'],POINT(9.9418995 53.5652808),
Zum Spritzenhaus,,['amenity:pub'],['POI'],POINT(10.1355929 53.6151268),
Kavikos,,"['amenity:restaurant', 'cuisine:greek']",['POI'],POINT(10.135819 53.6140169),
Ahoi,,"['amenity:restaurant', 'cuisine:fish_and_chips;burger']",['POI'],POINT(10.0020998 53.5519341),
Café Porto,,['amenity:cafe'],['POI'],POINT(9.9813908 53.5676622),
The Greek,,"['amenity:restaurant', 'cuisine:greek']",['POI'],POINT(9.9761012 53.5446559),
del Vino,,['amenity:bar'],['POI'],POINT(10.0935559 53.6552975),
Snackmacherei Hamburg,,"['amenity:cafe', 'cuisine:coffee_shop;bakery;soups;salads']",['POI'],POINT(10.0245061 53.5461297),
Sultans,,"['amenity:fast_food', 'cuisine:kebab']",['POI'],POINT(10.0246165 53.5459924),
Rödings Döner,,"['amenity:fast_food', 'cuisine:kebab']",['POI'],POINT(9.9870417 53.5478886),
Piccoli Pasti,Italian,['amenity:fast_food'],['POI'],POINT(9.9880184 53.548402),
Five Guys,,"['amenity:fast_food', 'cuisine:burger']",['POI'],POINT(9.968921 53.550351),
Frau Miller,,['amenity:restaurant'],['POI'],POINT(9.7937074 53.663416),
Remise,,"['amenity:restaurant', 'cuisine:steak_house']",['POI'],POINT(10.2100023 53.5401073),
HHLA Kantine,,['amenity:restaurant'],['POI'],POINT(9.9987752 53.545244),
Halle 13,,['amenity:restaurant'],['POI'],POINT(10.0349437 53.5903187),
The Cube,,"['amenity:restaurant', 'cuisine:german']",['POI'],POINT(10.0015752 53.5558605),
Farinellii,,"['amenity:restaurant', 'cuisine:italian']",['POI'],POINT(9.9984715 53.6829338),
Moni´s Treff,,['amenity:pub'],['POI'],POINT(10.1403941 53.6267002),
Köz Adana,,"['amenity:restaurant', 'cuisine:turkish']",['POI'],POINT(10.1188999 53.6064199),
Qrito,,"['amenity:fast_food', 'cuisine:californian']",['POI'],POINT(9.980541 53.5672078),
Curry Grindel,,"['amenity:fast_food', 'cuisine:imbiss']",['POI'],POINT(9.9804361 53.566961),
Blaue Blume,,"['amenity:restaurant', 'cuisine:german']",['POI'],POINT(9.9386408 53.5604383),
Salut,,"['amenity:restaurant', 'bar:yes', 'cuisine:burger;french;american']",['POI'],POINT(10.0089599 53.5844659),
Café Miller,,"['amenity:pub', 'cuisine:breakfast;cake;coffee_shop']",['POI'],POINT(9.9651965 53.5520462),
Kardelen,,"['amenity:fast_food', 'cuisine:kebab']",['POI'],POINT(9.9823804 53.5508627),
La Locanda,,"['amenity:restaurant', 'cuisine:italian']",['POI'],POINT(9.9820722 53.5510423),
Neustädter Grill,,"['amenity:fast_food', 'cuisine:german']",['POI'],POINT(9.9825172 53.5513692),
Blankeneser Imbiss,,['amenity:fast_food'],['POI'],POINT(9.8141811 53.5640455),
Call a Pizza,,"['amenity:fast_food', 'branch:Hamburg Steilshoop', 'cuisine:pizza']",['POI'],POINT(10.0510056 53.6030599),
Downtown Bluesclub,,['amenity:bar'],['POI'],POINT(10.0153583 53.5939934),
Ciao Bella,,"['amenity:restaurant', 'cuisine:italian;pizza;pasta']",['POI'],POINT(9.9507977 53.6182233),
Han Yang,,"['amenity:restaurant', 'cuisine:chinese']",['POI'],POINT(9.9535976 53.6220267),
El Ray,,['amenity:bar'],['POI'],POINT(10.0164008 53.5942724),
Dulf's Burger,,"['amenity:restaurant', 'cuisine:burger;american']",['POI'],POINT(9.9571226 53.5668488),
burgerme,,"['amenity:fast_food', 'cuisine:burger']",['POI'],POINT(9.9518018 53.5675665),
Tibarg Kebap Haus,,"['amenity:fast_food', 'cuisine:kebab']",['POI'],POINT(9.9525078 53.6197068),
Zum Bergstedter,,['amenity:restaurant'],['POI'],POINT(10.1339805 53.6712922),
Max und Consorten,,['amenity:pub'],['POI'],POINT(10.008123 53.5560177),
Eat The Film,,['amenity:restaurant'],['POI'],POINT(9.9675308 53.566533),
Kleines Hofcafe,,"['amenity:cafe', 'cuisine:breakfast;cake;coffee_shop']",['POI'],POINT(9.9556592 53.6008427),
Pilio,,"['amenity:restaurant', 'cuisine:greek']",['POI'],POINT(9.9517212 53.6215337),
Schweinske,,"['amenity:restaurant', 'cuisine:burger;escalope;german']",['POI'],POINT(9.9527898 53.6207639),
Il Porcino,,"['amenity:restaurant', 'cuisine:italian']",['POI'],POINT(9.9512428 53.6228374),
Ciao Bella,,"['amenity:restaurant', 'cuisine:pizza;italian']",['POI'],POINT(9.9941146 53.5935219),
La Terrazza,,"['amenity:restaurant', 'cuisine:italian']",['POI'],POINT(9.9558755 53.6321692),
Naoussa,,"['amenity:restaurant', 'cuisine:greek']",['POI'],POINT(9.9531389 53.6346631),
Caipi Colada,,['amenity:bar'],['POI'],POINT(10.0161224 53.5727173),
Subway,,"['amenity:fast_food', 'cuisine:sandwich']",['POI'],POINT(10.0260766 53.5700043),
Feierabend,,['amenity:pub'],['POI'],POINT(10.0709319 53.574561),
Casino,,['amenity:restaurant'],['POI'],POINT(10.1052844 53.5699887),
Ristorante Italiano,,"['amenity:restaurant', 'cuisine:italian']",['POI'],POINT(9.9804371 53.5829298),
iL Cantuccio,,"['amenity:restaurant', 'cuisine:italian']",['POI'],POINT(9.9847997 53.5870116),
Stüffel,,"['amenity:restaurant', 'cuisine:regional;german']",['POI'],POINT(9.9887114 53.5852401),
The Irish Rover,,['amenity:pub'],['POI'],POINT(9.9809458 53.5507084),
SportsBar,,['amenity:pub'],['POI'],POINT(10.1581073 53.4893633),
S.A.X,,['amenity:restaurant'],['POI'],POINT(10.1589408 53.4895691),
Il Gelato,,['amenity:cafe'],['POI'],POINT(10.0022666 53.5915314),
Dorotheen-Eck,,['amenity:pub'],['POI'],POINT(10.0023746 53.5922398),
Hanami,,"['amenity:restaurant', 'cuisine:vietnamese']",['POI'],POINT(10.0029749 53.5921484),
Daniel Wischer,,"['amenity:restaurant', 'cuisine:fish']",['POI'],POINT(10.0025738 53.5499271),
Kaffeegarten Schuldt,,['amenity:cafe'],['POI'],POINT(9.8013467 53.5588512),
Rickmer Rickmers,,['amenity:restaurant'],['POI'],POINT(9.9727558 53.5446352),
Belmondo,,"['amenity:restaurant', 'cuisine:italian']",['POI'],POINT(9.9792365 53.5661686),
Croque Hütte,,['amenity:fast_food'],['POI'],POINT(9.9802217 53.5663196),
Quan 19,,['amenity:restaurant'],['POI'],POINT(9.9803061 53.5668351),
Schifferbörse,,['amenity:restaurant'],['POI'],POINT(10.0087824 53.5537592),
Vistro - Café - Pizzeria - Bar,,"['amenity:restaurant', 'cuisine:italian;pizza']",['POI'],POINT(10.0759188 53.6152153),
Zum Bräustüberl am Dorfplatz,,"['amenity:restaurant', 'cuisine:austrian']",['POI'],POINT(10.0790298 53.613333),
Espresso House,,"['amenity:cafe', 'cuisine:coffee_shop']",['POI'],POINT(9.9841244 53.5838461),
DESY Bistro,,['amenity:cafe'],['POI'],POINT(9.876299 53.5752101),
Le Jus Deli,,['amenity:restaurant'],['POI'],POINT(9.983661 53.5840288),
Vapiano,,"['amenity:restaurant', 'cuisine:italian']",['POI'],POINT(10.0026926 53.5531444),
Osteria Tarantino,,"['amenity:restaurant', 'cuisine:italian']",['POI'],POINT(10.1112833 53.5824304),
La Paninoteca,,['amenity:cafe'],['POI'],POINT(9.9967777 53.552534),
Due Baristi,,"['amenity:cafe', 'cuisine:coffee_shop;mediterranean;european;italian']",['POI'],POINT(9.9414659 53.5782294),
Goldherz,,"['amenity:restaurant', 'cuisine:breakfast']",['POI'],POINT(9.9951723 53.5685951),
Gurke,,['amenity:pub'],['POI'],POINT(9.9951333 53.5687961),
Die Taverne,,"['amenity:restaurant', 'cuisine:greek']",['POI'],POINT(10.0398434 53.5669365),
Kaffeeliebe,,"['amenity:cafe', 'cuisine:coffee_shop']",['POI'],POINT(9.9838288 53.5147302),
Café Pause,,['amenity:cafe'],['POI'],POINT(9.9826325 53.5156964),
Schweinske,,"['amenity:restaurant', 'branch:Ottensen', 'cuisine:burger;escalope;german']",['POI'],POINT(9.93313 53.5520034),
Ess-Bahn Döner-Grill,,"['amenity:fast_food', 'cuisine:kebab']",['POI'],POINT(9.8930812 53.6035778),
Yak,,"['amenity:fast_food', 'cuisine:asian']",['POI'],POINT(9.9019514 53.6066439),
Hellas Grill Eilbek,,"['amenity:restaurant', 'cuisine:greek']",['POI'],POINT(10.0457975 53.5655042),
Elbblick,,['amenity:restaurant'],['POI'],POINT(9.8219353 53.544616),
Restaurant Dubrovnik,,"['amenity:restaurant', 'cuisine:balkan']",['POI'],POINT(9.9371847 53.4496881),
Furkaan Imbiss,,"['amenity:fast_food', 'cuisine:kebab']",['POI'],POINT(10.0133714 53.4929487),
Tibarg Treff,,['amenity:pub'],['POI'],POINT(9.9544067 53.6233851),
Haj Ali Kebab,,"['amenity:fast_food', 'cuisine:thai']",['POI'],POINT(10.0445026 53.5921335),
Brook,,['amenity:restaurant'],['POI'],POINT(9.9936697 53.545351),
Bella Italia,,"['amenity:restaurant', 'cuisine:italian']",['POI'],POINT(9.9967884 53.5464497),
Brand ucello,,"['amenity:restaurant', 'cuisine:asian']",['POI'],POINT(9.9966151 53.5471859),
Schweinske Eimsbüttel,Wichtige Fussbpiele werden auf der Leinwand übertragen.,"['amenity:restaurant', 'bar:yes', 'cuisine:burger;escalope;german']",['POI'],POINT(9.9342041 53.5829966),
Louisiana,,['amenity:pub'],['POI'],POINT(10.0277344 53.5709554),
Cafe Strauss,,['amenity:cafe'],['POI'],POINT(9.9538908 53.5775214),
Schweinske Lurup,,"['amenity:restaurant', 'branch:Lurup', 'cuisine:burger;escalope;german']",['POI'],POINT(9.871403 53.5927674),
Redox House,,"['amenity:restaurant', 'cuisine:steak_house']",['POI'],POINT(9.8667251 53.5968232),
Eiscafé Jacobs,,"['amenity:cafe', 'cuisine:ice_cream']",['POI'],POINT(10.0213706 53.6609945),
Zur alten Flöte,,"['amenity:restaurant', 'cuisine:portuguese;tapas']",['POI'],POINT(10.0083274 53.5563314),
Taverna Olympiade,,"['amenity:restaurant', 'cuisine:greek']",['POI'],POINT(9.9351048 53.460011),
Novo,,"['amenity:restaurant', 'cuisine:italian']",['POI'],POINT(10.2173189 53.4858528),
Kochlounge Pinneberg,,"['amenity:restaurant', 'cuisine:international']",['POI'],POINT(9.8111741 53.6442003),
Döner Grill,,['amenity:fast_food'],['POI'],POINT(9.8121387 53.6441252),
Pommes Spezial,,"['amenity:fast_food', 'cuisine:german']",['POI'],POINT(9.9669179 53.5453067),
Arnoldi,,"['amenity:fast_food', 'cuisine:sandwich']",['POI'],POINT(9.8400272 53.607923),
D.E.S. Bergedorf,,['amenity:restaurant'],['POI'],POINT(9.9146286 53.5436528),
Wein- und Friesenstube,,"['amenity:restaurant', 'cuisine:regional']",['POI'],POINT(10.0829642 53.4757261),
Köz Bingöl,,"['amenity:restaurant', 'cuisine:kebab;turkish']",['POI'],POINT(10.0004218 53.6782421),
Grillhaus Neugraben,,"['amenity:fast_food', 'cuisine:kebab']",['POI'],POINT(9.853932 53.4699096),
Fuhle Grill,,"['amenity:fast_food', 'cuisine:kebab;turkish']",['POI'],POINT(10.0459811 53.5889067),
Sul,,['amenity:cafe'],['POI'],POINT(9.9657269 53.5612148),
Wuchercaphé,,['amenity:cafe'],['POI'],POINT(9.9850868 53.5671128),
Peter Pane,,"['amenity:restaurant', 'cuisine:burger']",['POI'],POINT(9.9692932 53.5674586),
Palü,,"['amenity:restaurant', 'cuisine:swiss;mediterranean']",['POI'],POINT(9.9880473 53.5684545),
Windschirm,,['amenity:bar'],['POI'],POINT(9.9860083 53.5715458),
Der Etrusker,,"['amenity:restaurant', 'cuisine:italian']",['POI'],POINT(9.9836429 53.5692918),
Ristorante & Pizzeria Al Lago,,"['amenity:restaurant', 'cuisine:pizza']",['POI'],POINT(10.1310044 53.4451753),
Ammos,,"['amenity:restaurant', 'cuisine:greek']",['POI'],POINT(10.0483885 53.5619012),
Bella Vita,,['amenity:restaurant'],['POI'],POINT(9.9581942 53.6096957),
Alexandros,,"['amenity:restaurant', 'cuisine:greek']",['POI'],POINT(9.942502 53.629644),
Schweizer Haus,,['amenity:pub'],['POI'],POINT(9.94615 53.625761),
Cafe ARTig,,"['amenity:cafe', 'cuisine:coffee_shop']",['POI'],POINT(9.9451025 53.6271345),
Victor's Bratkartoffel Restaurant,,['amenity:pub'],['POI'],POINT(9.9443318 53.636311),
Waldcafé Corell,,"['amenity:restaurant', 'cuisine:german']",['POI'],POINT(9.9323447 53.6157703),
CoffeeBaer,,['amenity:cafe'],['POI'],POINT(9.8979756 53.4219986),
Südhang,"Restaurant, Bar, Vinothek","['amenity:restaurant', 'bar:yes']",['POI'],POINT(9.9645712 53.5629165),
Sutsche,,['amenity:cafe'],['POI'],POINT(9.9129429 53.5444256),
Tiefenthal,,['amenity:restaurant'],['POI'],POINT(9.9855599 53.5836642),
Positano Osteria,,"['amenity:restaurant', 'cuisine:italian']",['POI'],POINT(9.9931645 53.5839529),
kaalia,,"['amenity:restaurant', 'cuisine:indian;french']",['POI'],POINT(9.9800811 53.5662499),
Döner Queen,,"['amenity:fast_food', 'cuisine:kebab']",['POI'],POINT(10.0265678 53.5853968),
Balkan Bar,,['amenity:pub'],['POI'],POINT(10.0422771 53.6043637),
Burger Boss,,['amenity:restaurant'],['POI'],POINT(10.0459661 53.5889538),
Lezzet,,"['amenity:restaurant', 'cuisine:turkish']",['POI'],POINT(10.0437839 53.5942828),
Teigfabrik,,"['amenity:restaurant', 'cuisine:pizza']",['POI'],POINT(10.0233742 53.584724),
Cao,,"['amenity:restaurant', 'cuisine:asian']",['POI'],POINT(10.0094883 53.60783),
Sato Grill Imbiss,,"['amenity:fast_food', 'cuisine:kebab']",['POI'],POINT(10.0119095 53.6066541),
Marschländer Elblounge,,"['amenity:restaurant', 'cuisine:regional']",['POI'],POINT(10.0629447 53.4783285),
Cafe am Eck,,['amenity:cafe'],['POI'],POINT(9.9802776 53.579873),
BLOCK HOUSE,,"['amenity:restaurant', 'cuisine:steak_house']",['POI'],POINT(10.0078871 53.5828466),
Monty's,,['amenity:pub'],['POI'],POINT(10.0122982 53.5831808),
Thessaloniki,,"['amenity:restaurant', 'cuisine:greek']",['POI'],POINT(10.048457 53.5742558),
Cafe Prüsse,,['amenity:cafe'],['POI'],POINT(10.0079077 53.5594273),
Robby's Pizza Drive,,"['amenity:fast_food', 'cuisine:pizza']",['POI'],POINT(9.8423376 53.5728874),
Olympia Grill,,"['amenity:restaurant', 'cuisine:greek']",['POI'],POINT(10.0590091 53.5629329),
Schleßelmann,,"['amenity:restaurant', 'cuisine:burger;regional;german']",['POI'],POINT(9.8297705 53.6491374),
Hazar Grill,,"['amenity:fast_food', 'cuisine:kebab;grill']",['POI'],POINT(10.0464765 53.5578974),
Croque Factory,,['amenity:fast_food'],['POI'],POINT(10.0312305 53.5798531),
Fährhaus Tatenberg,,"['amenity:restaurant', 'cuisine:regional;german']",['POI'],POINT(10.0836346 53.4951806),
Hanoi deli,,"['amenity:restaurant', 'cuisine:vietnamese']",['POI'],POINT(9.9900916 53.5569329),
Aalreuse,,['amenity:pub'],['POI'],POINT(9.8142227 53.5779738),
Muckefuck,,['amenity:fast_food'],['POI'],POINT(9.8282805 53.6501682),
Der Grill Shop,,['amenity:cafe'],['POI'],POINT(10.0767456 53.5293917),
Andronaco,,"['amenity:restaurant', 'cuisine:italian']",['POI'],POINT(10.0830901 53.5200175),
Billtrans,,['amenity:cafe'],['POI'],POINT(10.0873342 53.5181286),
Kuhstall,,['amenity:pub'],['POI'],POINT(9.966405 53.5500889),
Minigolf im Stadtpark,,['amenity:fast_food'],['POI'],POINT(10.0203352 53.5930926),
Cast Iron Grill,,['amenity:restaurant'],['POI'],POINT(9.986851 53.5546437),
Michelangelo,,"['amenity:restaurant', 'cuisine:italian']",['POI'],POINT(9.9765246 53.5528407),
Gibbon,,['amenity:cafe'],['POI'],POINT(9.9779123 53.5485855),
Omnu,,"['amenity:restaurant', 'cuisine:vietnamese']",['POI'],POINT(9.9166077 53.63585),
Shovel Road,,['amenity:pub'],['POI'],POINT(9.9169923 53.5609514),
Chalon,,"['amenity:restaurant', 'cuisine:chinese']",['POI'],POINT(9.9553238 53.6313431),
7day's Restaurant,,"['amenity:restaurant', 'cuisine:german']",['POI'],POINT(9.9589854 53.632184),
Kleinhuis,,"['amenity:restaurant', 'cuisine:german']",['POI'],POINT(9.9912193 53.5572234),
As Urfa Harburg,,"['amenity:restaurant', 'cuisine:turkish']",['POI'],POINT(9.9858324 53.4566148),
Döner Queen,,"['amenity:fast_food', 'cuisine:kebab']",['POI'],POINT(9.9797608 53.4608891),
Jacobs Restaurant,,['amenity:restaurant'],['POI'],POINT(9.8441854 53.5504351),
Bistro am Fleet,,['amenity:restaurant'],['POI'],POINT(9.9862078 53.5494206),
Bistro Cà Phê Viet,,"['amenity:cafe', 'cuisine:asian']",['POI'],POINT(9.9827949 53.5548356),
Villani,,"['amenity:cafe', 'cuisine:coffee_shop']",['POI'],POINT(9.9853736 53.555506),
Junge,,['amenity:cafe'],['POI'],POINT(9.9882824 53.5556047),
Espresso House,,"['amenity:cafe', 'cuisine:coffee_shop']",['POI'],POINT(9.9888072 53.554833),
Hellas,,"['amenity:restaurant', 'cuisine:greek']",['POI'],POINT(9.9146279 53.6334098),
Döner Pavillion,,"['amenity:fast_food', 'cuisine:kebab']",['POI'],POINT(9.9113477 53.6327949),
Otto's Eiscafe,,"['amenity:cafe', 'cuisine:ice_cream']",['POI'],POINT(9.9281939 53.6294363),
Alexandros,,"['amenity:restaurant', 'cuisine:greek']",['POI'],POINT(10.0077442 53.6077209),
Va Veloce,,"['amenity:restaurant', 'cuisine:italian']",['POI'],POINT(10.028973 53.5446485),
Jazz Cafè Volksdorf,,['amenity:restaurant'],['POI'],POINT(10.1670682 53.6487754),
Junge,,['amenity:cafe'],['POI'],POINT(10.1732544 53.6071719),
Buttercrumbs Bakery,,"['amenity:cafe', 'cuisine:cake;coffee_shop;sandwich']",['POI'],POINT(9.9625955 53.5470548),
Elbdöner,,"['amenity:fast_food', 'cuisine:kebab']",['POI'],POINT(9.9660608 53.4580027),
di candele,,"['amenity:restaurant', 'cuisine:pizza']",['POI'],POINT(9.9811755 53.4633165),
Vezos Greek Restaurant,,"['amenity:restaurant', 'cuisine:greek']",['POI'],POINT(10.0722381 53.5793017),
Reina,,"['amenity:fast_food', 'cuisine:kebab;chicken;turkish']",['POI'],POINT(10.0140161 53.6497349),
Toni Pizzeria,,"['amenity:fast_food', 'cuisine:pizza']",['POI'],POINT(9.8921892 53.5733943),
Kalivrisi,,"['amenity:restaurant', 'cuisine:greek']",['POI'],POINT(10.0396309 53.6062435),
Mokka,,['amenity:restaurant'],['POI'],POINT(9.9163168 53.5642961),
Zum Hufschlag,,['amenity:restaurant'],['POI'],POINT(10.0944893 53.6109368),
Kleine Brunnenstraße 1,,['amenity:restaurant'],['POI'],POINT(9.9271486 53.5508084),
Feinkost Hafencity,,"['amenity:restaurant', 'cuisine:german;regional']",['POI'],POINT(9.9901019 53.5413564),
Kaiserperle,,"['amenity:fast_food', 'cuisine:german']",['POI'],POINT(9.9875949 53.5408453),
CARLS Bistro,,['amenity:restaurant'],['POI'],POINT(9.9858875 53.5409386),
Campus Suite,,"['amenity:cafe', 'branch:Kaisersuite', 'cuisine:coffee_shop;sandwich']",['POI'],POINT(9.9855479 53.5414394),
Chili Club,,"['amenity:restaurant', 'bar:yes', 'cuisine:asian']",['POI'],POINT(9.9929301 53.5428684),
Restaurant VLET,,['amenity:restaurant'],['POI'],POINT(9.9930579 53.5435409),
Kaisers,,"['amenity:restaurant', 'cuisine:burger;sushi;fish;fish_and_chips;breakfast']",['POI'],POINT(9.9901133 53.5410737),
K. u. K. Kaffeehaus,,['amenity:cafe'],['POI'],POINT(9.9900413 53.5416437),
Campus Suite,,"['amenity:cafe', 'cuisine:coffee_shop;sandwich']",['POI'],POINT(9.9937924 53.5387931),
Ciao Mamma,,"['amenity:restaurant', 'cuisine:italian']",['POI'],POINT(9.9853428 53.5429309),
Oh it's fresh,,['amenity:restaurant'],['POI'],POINT(9.9849684 53.5429075),
Markthalle Speicherstadt,,['amenity:food_court'],['POI'],POINT(9.9929491 53.5435361),
Naxos,,"['amenity:restaurant', 'cuisine:greek']",['POI'],POINT(9.8984313 53.6486918),
Dialog,,['amenity:restaurant'],['POI'],POINT(10.0163129 53.6484534),
Rhodos,,"['amenity:restaurant', 'cuisine:greek']",['POI'],POINT(9.8313235 53.6476915),
am Holstenwall,,['amenity:restaurant'],['POI'],POINT(9.9755153 53.551976),
Shikara QUICK,,"['amenity:fast_food', 'cuisine:indian']",['POI'],POINT(9.964912 53.562761),
Ristorante Pomanti,,"['amenity:restaurant', 'cuisine:italian']",['POI'],POINT(9.9677899 53.562235),
Kopps Bar,,['amenity:bar'],['POI'],POINT(9.9895526 53.5932594),
Shukria Restaurant,,"['amenity:restaurant', 'cuisine:indian']",['POI'],POINT(9.9895103 53.5933661),
Asia M 43,,"['amenity:fast_food', 'cuisine:asian']",['POI'],POINT(10.0105144 53.55706),
Il Cammino,,"['amenity:restaurant', 'cuisine:italian']",['POI'],POINT(9.9620346 53.5622619),
Holsten Döner,,"['amenity:fast_food', 'cuisine:kebab']",['POI'],POINT(9.9486273 53.5616642),
Samui Thai Cuisine,,"['amenity:restaurant', 'cuisine:thai;noodles;curry;soup;seafood']",['POI'],POINT(10.0327616 53.5775893),
Asia Imbiss WOK,,"['amenity:fast_food', 'cuisine:asian']",['POI'],POINT(9.9645277 53.5623716),
Polokantine,,['amenity:fast_food'],['POI'],POINT(9.9646188 53.5622755),
Fritz Bauch,,['amenity:pub'],['POI'],POINT(9.9651662 53.5617709),
Astro Drink Bombe,,['amenity:pub'],['POI'],POINT(9.9636049 53.5628044),
MyAsia,"tel. Bestellung für Selbstabholer; Vietnamesisch, Thailändisch, Chinesisch; wahlweise mit oder ohne Glutamat","['amenity:fast_food', 'cuisine:asian']",['POI'],POINT(9.9607314 53.5637326),
Kkokki,2023-10-26: Restaurant is only vegan,"['amenity:restaurant', 'cuisine:korean']",['POI'],POINT(9.9655547 53.5609811),
Tunici Restaurants Barmbek-Süd,,"['amenity:restaurant', 'cuisine:croatian']",['POI'],POINT(10.0324453 53.5779958),
Balutschistan,,['amenity:restaurant'],['POI'],POINT(9.9616245 53.5626218),
Super Mercato Italiano,,"['amenity:restaurant', 'cuisine:italian']",['POI'],POINT(9.9620896 53.5622026),
La Famille,,['amenity:fast_food'],['POI'],POINT(9.9625972 53.5615161),
Fischimbiss Schabi,,"['amenity:fast_food', 'cuisine:seafood']",['POI'],POINT(9.9626804 53.561408),
Taverna Romana,"Küche: griechisch, italienisch, hamburgerisch","['amenity:restaurant', 'cuisine:international;greek;italian;regional']",['POI'],POINT(9.9624992 53.5611357),
Er-Lis,,['amenity:bar'],['POI'],POINT(9.9606653 53.5652572),
Ciccio e Franco,,"['amenity:restaurant', 'cuisine:italian']",['POI'],POINT(10.0514122 53.6489569),
Chez Xinh,,"['amenity:restaurant', 'cuisine:vietnamese']",['POI'],POINT(10.009239 53.5812406),
Mein Döner,,['amenity:fast_food'],['POI'],POINT(10.055142 53.6329803),
Burger King,,"['amenity:fast_food', 'cuisine:burger']",['POI'],POINT(10.0515649 53.6088943),
No Name,,['amenity:pub'],['POI'],POINT(10.0406713 53.6053077),
Wokman,,"['amenity:fast_food', 'cuisine:asian']",['POI'],POINT(10.0409423 53.6029998),
Eiscafé Tanduo,,['amenity:cafe'],['POI'],POINT(10.0409791 53.5993886),
Restaurant Athen,,"['amenity:restaurant', 'cuisine:greek']",['POI'],POINT(10.037961 53.6089121),
Goldener Buddha,,"['amenity:restaurant', 'bar:no', 'cuisine:chinese']",['POI'],POINT(10.0194401 53.4165354),
Lavastein,,['amenity:restaurant'],['POI'],POINT(10.2083485 53.4889372),
Nordsee,,"['amenity:fast_food', 'cuisine:seafood']",['POI'],POINT(9.9713617 53.5448488),
HDs Imbiss,,['amenity:fast_food'],['POI'],POINT(10.1549474 53.6220845),
Astra,,['amenity:bar'],['POI'],POINT(9.9464713 53.5697351),
NAGEL - Restaurant Bodega Bierstube,,"['amenity:restaurant', 'cuisine:regional;german;fish']",['POI'],POINT(10.0089813 53.5527761),
Il Buco,,"['amenity:restaurant', 'cuisine:italian']",['POI'],POINT(10.0123306 53.5553855),
Bar Vivo,,['amenity:pub'],['POI'],POINT(9.9285634 53.5584379),
Zum Eichbaum,,"['amenity:restaurant', 'cuisine:german']",['POI'],POINT(10.1047205 53.4879971),
Nobis,,['amenity:cafe'],['POI'],POINT(10.0083977 53.5550778),
Trinity,,['amenity:restaurant'],['POI'],POINT(10.0177918 53.5520115),
Queen Mum,,['amenity:bar'],['POI'],POINT(10.0178853 53.5520333),
Zum Falkenstein - aktuell dauerhaft geschlossen,,"['amenity:restaurant', 'cuisine:german']",['POI'],POINT(9.7799516 53.5673408),
Mutter,,['amenity:pub'],['POI'],POINT(9.9626451 53.558978),
Gaststätte & Clubraum USC Paloma,,['amenity:pub'],['POI'],POINT(10.0355598 53.5835023),
Mäxx,,['amenity:restaurant'],['POI'],POINT(10.0302602 53.576047),
Clubhaus SC Condor,,['amenity:restaurant'],['POI'],POINT(10.122878 53.6078911),
Am Falkenberg,,['amenity:restaurant'],['POI'],POINT(9.8656118 53.4643535),
City Pizza und Döner,Lieferzeiten: Mo-Fr 10:45-22:00 Sa 15:30-22:00 Su 11:45-22:00,"['amenity:fast_food', 'cuisine:pizza;kebab;burger']",['POI'],POINT(9.9043263 53.6653891),
Mansaaf,Arabische Spezialitäten,"['amenity:restaurant', 'cuisine:arab']",['POI'],POINT(9.972862 53.5820867),
Cafe Tempo,WLAN gratis,['amenity:cafe'],['POI'],POINT(9.9741661 53.5828549),
Dingsda,,['amenity:bar'],['POI'],POINT(10.091964 53.6181749),
Drei Eichen,,['amenity:pub'],['POI'],POINT(9.9785454 53.6133959),
La Hacienda,,['amenity:restaurant'],['POI'],POINT(10.1679318 53.6489658),
Salt & Silver Levante,,['amenity:restaurant'],['POI'],POINT(9.9584386 53.5465424),
Rio Grande,,['amenity:restaurant'],['POI'],POINT(10.2113298 53.6576635),
Eis-Perle,,"['amenity:cafe', 'cuisine:ice_cream']",['POI'],POINT(10.0091598 53.6085106),
Crazy Croque,,"['amenity:restaurant', 'cuisine:sandwich']",['POI'],POINT(10.0993792 53.5886637),
Piccobello,,"['amenity:restaurant', 'cuisine:italian;pasta;pizza']",['POI'],POINT(10.0189025 53.5768573),
Stadtpark Grill,,"['amenity:fast_food', 'cuisine:kebab']",['POI'],POINT(10.0152781 53.5905886),
Call a Pizza,,"['amenity:fast_food', 'cuisine:pizza']",['POI'],POINT(10.0046433 53.5883877),
Q-Bar,,"['amenity:restaurant', 'cuisine:burger;german;fish_and_chips']",['POI'],POINT(9.9460693 53.580884),
Zorbas,,"['amenity:restaurant', 'cuisine:greek']",['POI'],POINT(10.168656 53.6534748),
Zum Wandsetaler,,['amenity:pub'],['POI'],POINT(10.0986705 53.5815912),
Olive,,['amenity:restaurant'],['POI'],POINT(10.1692649 53.6473563),
Villaggio,,"['amenity:restaurant', 'cuisine:italian']",['POI'],POINT(10.1678625 53.6492359),
Magnifico,,"['amenity:cafe', 'cuisine:ice_cream']",['POI'],POINT(9.8887218 53.6015825),
Eldorado,,['amenity:pub'],['POI'],POINT(9.9628998 53.5559477),
Azeitona,,"['amenity:restaurant', 'cuisine:arab']",['POI'],POINT(9.9653269 53.5588137),
Falafelstern,,"['amenity:fast_food', 'cuisine:arab']",['POI'],POINT(9.9653614 53.564409),
Jaspers Café,,"['amenity:cafe', 'cuisine:ice_cream']",['POI'],POINT(9.9479658 53.6410896),
Söner Kebab,,"['amenity:fast_food', 'cuisine:kebab']",['POI'],POINT(10.1038379 53.5801327),
Eiscafé Höft,,"['amenity:cafe', 'cuisine:ice_cream']",['POI'],POINT(9.9158295 53.6421432),
Mittagsfisch,,"['amenity:restaurant', 'cuisine:seafood']",['POI'],POINT(10.1648809 53.6484829),
The Chug Club,,['amenity:bar'],['POI'],POINT(9.9650197 53.5482126),
Lindenhof,,"['amenity:restaurant', 'cuisine:german;fish;greek;seafood;meat']",['POI'],POINT(9.9554794 53.4639742),
AK Kiosk,,['amenity:cafe'],['POI'],POINT(9.948836 53.4594124),
Kaffeebohne,,['amenity:cafe'],['POI'],POINT(10.1072278 53.5887355),
Restaurant Finkenwerder Elbblick,,"['amenity:restaurant', 'cuisine:german']",['POI'],POINT(9.8736721 53.5387533),
McDonald's,,"['amenity:fast_food', 'cuisine:burger']",['POI'],POINT(10.099529 53.541234),
MUNDFEIN Pizzawerkstatt Seevetal,,"['amenity:fast_food', 'cuisine:pizza']",['POI'],POINT(10.0212259 53.4204424),
Minas Restaurant,,"['amenity:restaurant', 'cuisine:greek']",['POI'],POINT(10.0878756 53.5869647),
Die Narzisse,,['amenity:pub'],['POI'],POINT(10.0812763 53.5855534),
Onkel Döner,,"['amenity:fast_food', 'cuisine:kebab']",['POI'],POINT(9.9085917 53.6471411),
Ponton Op’n Bulln,cafe bistro,"['amenity:cafe', 'cuisine:cake;sausage;fish;coffee_shop']",['POI'],POINT(9.8053592 53.5558708),
Restaurant FISCHclub Blankenese,,"['amenity:restaurant', 'cuisine:regional']",['POI'],POINT(9.8043614 53.5560524),
Marmalade Cafe,,['amenity:cafe'],['POI'],POINT(9.802672 53.557904),
Restaurant Ahrberg,,"['amenity:restaurant', 'cuisine:regional']",['POI'],POINT(9.8046472 53.5570606),
Jayjay's,,['amenity:cafe'],['POI'],POINT(9.8118866 53.5609008),
Sushi Company,,"['amenity:restaurant', 'cuisine:sushi']",['POI'],POINT(10.025759 53.5602734),
La Classe Capanna,,"['amenity:restaurant', 'cuisine:italian;pizza;pasta']",['POI'],POINT(9.9358088 53.5827258),
Cafe May,,['amenity:cafe'],['POI'],POINT(10.0618091 53.5566586),
Genno's,Gutes Restaurant,"['amenity:restaurant', 'cuisine:regional;international']",['POI'],POINT(10.0554415 53.5616521),
La Venezia,,"['amenity:restaurant', 'cuisine:italian;indian']",['POI'],POINT(10.0566248 53.5629476),
Dubrovnik,,"['amenity:restaurant', 'cuisine:balkan']",['POI'],POINT(9.9293399 53.5915797),
Ribatejo,,"['amenity:cafe', 'cuisine:portuguese']",['POI'],POINT(9.9304158 53.5499616),
Mr. Dam,,"['amenity:fast_food', 'cuisine:thai;asian']",['POI'],POINT(9.9298422 53.5510063),
Masal Café,,['amenity:cafe'],['POI'],POINT(9.9303216 53.5512656),
Gazoline,,['amenity:pub'],['POI'],POINT(9.9297581 53.5530341),
Burger Heroes,,"['amenity:fast_food', 'cuisine:burger']",['POI'],POINT(9.9292837 53.5534412),
Vulcão,,"['amenity:cafe', 'cuisine:portuguese']",['POI'],POINT(9.9283737 53.5542862),
Pane e Vino,,"['amenity:restaurant', 'cuisine:italian']",['POI'],POINT(10.0976615 53.6203358),
Old MacDonald,,"['amenity:restaurant', 'cuisine:burger;pizza;german']",['POI'],POINT(9.949101 53.5791426),
Corfu Grill,,"['amenity:restaurant', 'cuisine:greek;gyros']",['POI'],POINT(9.9486475 53.579332),
La Paz,,"['amenity:cafe', 'cuisine:spanish']",['POI'],POINT(9.9519586 53.5775121),
Strandkiosk,,['amenity:cafe'],['POI'],POINT(9.9058294 53.5445156),
Zur letzten Minute,,['amenity:pub'],['POI'],POINT(10.0969933 53.5168078),
Frisierbar Ottensen,,['amenity:cafe'],['POI'],POINT(9.9268206 53.5550643),
Eisenstein,,['amenity:restaurant'],['POI'],POINT(9.9270487 53.5543826),
Hatari,,"['amenity:restaurant', 'cuisine:german']",['POI'],POINT(9.9252957 53.5506701),
Katelbach,,"['amenity:cafe', 'cuisine:CAFÉ * BISTRO * KAFFEERÖSTEREI']",['POI'],POINT(9.925722 53.5506273),
Hähnchengrill Jührs,,"['amenity:fast_food', 'cuisine:chicken']",['POI'],POINT(10.1270156 53.5327508),
Pfeffersack,,"['amenity:restaurant', 'cuisine:german']",['POI'],POINT(9.9918267 53.5500764),
Ardacan Grillhaus,,"['amenity:fast_food', 'cuisine:turkish']",['POI'],POINT(10.0439616 53.5927343),
Cafe Bar Hamburg,,['amenity:cafe'],['POI'],POINT(9.9667118 53.4579265),
Aretea,,"['amenity:restaurant', 'cuisine:greek;italian']",['POI'],POINT(10.0479448 53.6423441),
Café Sommerterrassen,,['amenity:restaurant'],['POI'],POINT(10.0306364 53.5914384),
Elbgold,,['amenity:cafe'],['POI'],POINT(9.9669229 53.5631541),
"Bei Manzels, Guten Tag & Abend",,['amenity:restaurant'],['POI'],POINT(9.9877006 53.5962332),
Die Pizzeria,,"['amenity:restaurant', 'cuisine:pizza']",['POI'],POINT(9.9876657 53.5960368),
Sala Thai,,"['amenity:restaurant', 'cuisine:thai']",['POI'],POINT(10.001775 53.5540375),
Strandhof,,"['amenity:restaurant', 'cuisine:regional']",['POI'],POINT(9.8058108 53.5568359),
Maral,,"['amenity:restaurant', 'cuisine:sushi']",['POI'],POINT(9.9847037 53.5837493),
Bistro Tati,,"['amenity:restaurant', 'cuisine:french']",['POI'],POINT(9.9597256 53.5680133),
Mareas Tapas Bar,,"['amenity:restaurant', 'cuisine:spanish;tapas']",['POI'],POINT(9.9609204 53.5681278),
Bistrot Vienna,Küche nur von 19:00-23:00; keine Reservierungen,"['amenity:restaurant', 'cuisine:international']",['POI'],POINT(9.9636742 53.566583),
Restaurant Alexandros,,"['amenity:restaurant', 'cuisine:greek']",['POI'],POINT(10.0520853 53.5880726),
Delikate,,['amenity:cafe'],['POI'],POINT(9.9873923 53.5965273),
Zum Lohhof,,['amenity:pub'],['POI'],POINT(10.0535854 53.5595707),
Eiscafé Jacobs,,"['amenity:cafe', 'cuisine:ice_cream']",['POI'],POINT(10.0750019 53.5720803),
Sushi für Hamburg,,['amenity:restaurant'],['POI'],POINT(9.8881082 53.6013608),
mai-mai,,"['amenity:restaurant', 'cuisine:asian']",['POI'],POINT(10.0604304 53.5702421),
güvens kebap haus,,"['amenity:restaurant', 'cuisine:turkish']",['POI'],POINT(9.9865397 53.5175782),
Club Europa,,"['amenity:bar', 'cuisine:german']",['POI'],POINT(10.1025218 53.5418412),
Mendelssohn's,,"['amenity:restaurant', 'cuisine:regional;german']",['POI'],POINT(9.9461214 53.5942632),
Kappa Due,,"['amenity:cafe', 'cuisine:ice_cream']",['POI'],POINT(10.1301109 53.6030311),
Kebap Lounge,,"['amenity:fast_food', 'cuisine:kebab']",['POI'],POINT(9.9437272 53.5931485),
klatschmohn,,['amenity:cafe'],['POI'],POINT(9.9256823 53.5489856),
Kantine,,['amenity:restaurant'],['POI'],POINT(9.9003247 53.5217812),
Sushi für Hamburg,,"['amenity:restaurant', 'cuisine:asian']",['POI'],POINT(10.0728028 53.5793211),
Santorini Grill,,"['amenity:restaurant', 'cuisine:greek']",['POI'],POINT(10.0595206 53.5765397),
Jannis,,"['amenity:restaurant', 'cuisine:greek']",['POI'],POINT(10.0815877 53.5797049),
Steakhouse Cabana,,"['amenity:restaurant', 'cuisine:steak_house']",['POI'],POINT(10.0764721 53.5838912),
Imbiss bei Schorsch,,"['amenity:fast_food', 'cuisine:german']",['POI'],POINT(9.9630618 53.5578861),
Sai Gon Food,,"['amenity:fast_food', 'cuisine:asian;vietnamese']",['POI'],POINT(10.0575427 53.565612),
Bar du Nord,,['amenity:bar'],['POI'],POINT(10.0093063 53.581193),
Sunset Billard,,['amenity:pub'],['POI'],POINT(10.0769561 53.5795608),
Pierro Croque & Pizza,,"['amenity:fast_food', 'cuisine:pizza']",['POI'],POINT(10.0813459 53.5801534),
Papillon,,"['amenity:restaurant', 'cuisine:international']",['POI'],POINT(9.9560318 53.606345),
Nur Hier,,['amenity:cafe'],['POI'],POINT(9.9541727 53.6041669),
Schnitzelhus,,"['amenity:restaurant', 'cuisine:austrian']",['POI'],POINT(10.0940249 53.5783758),
China Restaurant Mongolei,,['amenity:restaurant'],['POI'],POINT(10.0857629 53.5782094),
Café Kofje,,['amenity:cafe'],['POI'],POINT(10.0666417 53.5792177),
Le Marrakech,,"['amenity:restaurant', 'cuisine:oriental']",['POI'],POINT(9.9747041 53.6030448),
Il Tramonto,,"['amenity:restaurant', 'cuisine:italian']",['POI'],POINT(9.9565536 53.6005095),
Mozart Stuben,,"['amenity:restaurant', 'cuisine:german;austrian']",['POI'],POINT(10.0218963 53.5782217),
Imstedt 4,,['amenity:pub'],['POI'],POINT(10.0297473 53.579903),
Sencha,,"['amenity:restaurant', 'cuisine:sushi;japanese']",['POI'],POINT(9.9979206 53.5433397),
Drive Pizza,,"['amenity:fast_food', 'cuisine:pizza']",['POI'],POINT(10.0355229 53.5579344),
Holzmühlen Eck,,['amenity:pub'],['POI'],POINT(10.0814774 53.5799973),
The Klub Kitchen,,['amenity:restaurant'],['POI'],POINT(9.989393 53.5482527),
Central,,['amenity:restaurant'],['POI'],POINT(10.0109792 53.5569952),
Panorama,,"['amenity:restaurant', 'cuisine:greek']",['POI'],POINT(10.1749787 53.4832306),
Zum Wilhelmsburger,,['amenity:pub'],['POI'],POINT(9.9883521 53.5155177),
Viet Bowl,,"['amenity:restaurant', 'cuisine:vietnamese']",['POI'],POINT(9.9990854 53.5532644),
Lehmitz,,['amenity:pub'],['POI'],POINT(9.9662151 53.5500782),
"Ilohh, Bar am Ende der Welt",,['amenity:pub'],['POI'],POINT(10.0131459 53.548592),
"Bei Hadjia, Afrikanisches Restaurant",,['amenity:restaurant'],['POI'],POINT(10.0134725 53.5486084),
Dutch,,['amenity:fast_food'],['POI'],POINT(10.1582373 53.6049708),
Seu Café,,"['amenity:cafe', 'cuisine:coffee_shop;portuguese']",['POI'],POINT(9.9876256 53.5161423),
China Boy,,['amenity:cafe'],['POI'],POINT(10.1175696 53.6056797),
Burger King,,"['amenity:fast_food', 'cuisine:burger']",['POI'],POINT(10.1185327 53.6059248),
Eiscafé Dante,,['amenity:cafe'],['POI'],POINT(10.117451 53.6047749),
Burger Lounge,,"['amenity:fast_food', 'branch:Pinneberg', 'cuisine:burger']",['POI'],POINT(9.793825 53.6724023),
La Malême,,"['amenity:cafe', 'cuisine:mediterranean']",['POI'],POINT(10.02319 53.5531229),
Blandona,,['amenity:cafe'],['POI'],POINT(10.0583982 53.6114429),
Ali Köz,,"['amenity:fast_food', 'cuisine:kebab']",['POI'],POINT(10.0580549 53.6109783),
Cem's Backshop,,['amenity:cafe'],['POI'],POINT(10.0647803 53.5867476),
Delikato,,"['amenity:fast_food', 'cuisine:kebab']",['POI'],POINT(9.9863114 53.4573081),
Lavas,,['amenity:fast_food'],['POI'],POINT(9.9875075 53.4571985),
Pizza Time´s,,"['amenity:restaurant', 'cuisine:pizza']",['POI'],POINT(10.1948536 53.4887431),
Gleis 3,,['amenity:cafe'],['POI'],POINT(9.789122 53.4729592),
Imbiss Tetova,Albanische Spezalitäten,['amenity:fast_food'],['POI'],POINT(10.0203619 53.525858),
Pikasa,,['amenity:restaurant'],['POI'],POINT(10.0209098 53.5260236),
Café Pianola,,"['amenity:cafe', 'cuisine:german']",['POI'],POINT(9.9884818 53.5170003),
Eiscafé Geppetto,,['amenity:cafe'],['POI'],POINT(9.9983366 53.6822896),
Cup&Cino,,['amenity:cafe'],['POI'],POINT(9.9970326 53.6815867),
Ristorante Romantica,,"['amenity:restaurant', 'cuisine:italian']",['POI'],POINT(9.9973165 53.6812776),
Cero Coffee,,"['amenity:cafe', 'cuisine:ice_cream']",['POI'],POINT(9.7948829 53.6616158),
Soulkebab,,['amenity:fast_food'],['POI'],POINT(10.0120247 53.5520575),
Ostria,,['amenity:pub'],['POI'],POINT(10.0512331 53.5649159),
Holstenstübchen,,['amenity:pub'],['POI'],POINT(10.0488364 53.5679228),
Arams Pizza,,"['amenity:fast_food', 'cuisine:pizza']",['POI'],POINT(10.125397 53.5303762),
Uni Grill Döner,,"['amenity:fast_food', 'cuisine:kebab;turkish']",['POI'],POINT(9.9754085 53.4601305),
Pizza Max Harburg,,"['amenity:fast_food', 'cuisine:pizza']",['POI'],POINT(9.9989324 53.4440383),
Pianola Bar,,['amenity:bar'],['POI'],POINT(9.9887083 53.5169064),
Asia-Imbiss,,"['amenity:fast_food', 'cuisine:asian']",['POI'],POINT(10.0244321 53.5462063),
Achilion,,"['amenity:restaurant', 'cuisine:greek']",['POI'],POINT(9.9492096 53.4583965),
Luna Sel,,"['amenity:restaurant', 'cuisine:mediterranean;cafe']",['POI'],POINT(9.9302802 53.5507932),
Zum Spätzle,,"['amenity:restaurant', 'cuisine:swabian']",['POI'],POINT(9.9274294 53.5516628),
Kaffeerösterei Coffee Unlimited,,"['amenity:cafe', 'cuisine:coffee_shop']",['POI'],POINT(10.0152615 53.5906675),
Jim Block,,"['amenity:fast_food', 'cuisine:burger']",['POI'],POINT(10.0676996 53.5725337),
Junge,,['amenity:cafe'],['POI'],POINT(10.2075442 53.490974),
Blauer Peter,,['amenity:bar'],['POI'],POINT(9.9610691 53.5512483),
Molly Malone,,['amenity:pub'],['POI'],POINT(9.9611336 53.5489567),
Roschinsky's,,['amenity:bar'],['POI'],POINT(9.9610193 53.5511629),
Pizzeria Alt Hamburg,,['amenity:restaurant'],['POI'],POINT(9.9605831 53.5487815),
20 Flight Rock,,['amenity:bar'],['POI'],POINT(9.960365 53.5484273),
Chez Lorsin,,['amenity:bar'],['POI'],POINT(9.9602403 53.5481798),
Lunacy,,['amenity:bar'],['POI'],POINT(9.9614461 53.5508076),
The Academy,,['amenity:pub'],['POI'],POINT(9.9611344 53.5488803),
London Pub,,['amenity:pub'],['POI'],POINT(9.9611679 53.5487121),
Schweinske,Ursprünglich war der Gastraum mal ein Kino,"['amenity:restaurant', 'branch:Rahlstedt', 'cuisine:burger;escalope;german']",['POI'],POINT(10.1590953 53.6050573),
Lisa's Asian Fusion,,['amenity:restaurant'],['POI'],POINT(9.9292633 53.5477648),
Roth,,"['amenity:pub', 'cuisine:german']",['POI'],POINT(9.9276636 53.549125),
Castello,,"['amenity:restaurant', 'cuisine:spanish']",['POI'],POINT(10.2107522 53.542398),
Der Goldbeker,,['amenity:restaurant'],['POI'],POINT(10.0118066 53.5841653),
Komet,,['amenity:bar'],['POI'],POINT(9.9620406 53.5475588),
Ready Pizza,,"['amenity:fast_food', 'cuisine:pizza']",['POI'],POINT(9.9442309 53.5678756),
Priya's Food,,"['amenity:fast_food', 'cuisine:indian']",['POI'],POINT(9.9438012 53.5685837),
Tekin,,['amenity:fast_food'],['POI'],POINT(10.031489 53.6207849),
Adana Grill,,"['amenity:fast_food', 'cuisine:kebab;pasta;falafel;pizza;turkish;german']",['POI'],POINT(10.0399439 53.5748786),
Ahrensburger Grill - zum Griechen,,"['amenity:restaurant', 'cuisine:greek']",['POI'],POINT(10.2205611 53.6649913),
Von der Motte,,['amenity:cafe'],['POI'],POINT(9.9292424 53.5507652),
Masala,,"['amenity:fast_food', 'cuisine:indian']",['POI'],POINT(9.932637 53.5484027),
Café Treibeis,,['amenity:pub'],['POI'],POINT(9.9329659 53.5562205),
Café Stern,,['amenity:cafe'],['POI'],POINT(9.8118969 53.5584743),
Mexiko Strasse,,"['amenity:restaurant', 'cuisine:mexican']",['POI'],POINT(9.965016 53.5505659),
Han-Mi,,"['amenity:restaurant', 'cuisine:korean']",['POI'],POINT(9.9673121 53.550711),
Mai Asia Imbiss,,"['amenity:fast_food', 'cuisine:asian']",['POI'],POINT(9.9317056 53.547797),
Zur Traube,,['amenity:pub'],['POI'],POINT(9.9311446 53.5485671),
El Iberico,,"['amenity:restaurant', 'cuisine:spanish;tapas']",['POI'],POINT(9.9264559 53.5554128),
Shisha Lounge La Vie,,['amenity:bar'],['POI'],POINT(9.9293233 53.5534066),
Cafė Olė,"Sowohl Bar, Café, als auch Weinhandlung. Es kann auch Brot und Kaffee zu mitnehmen gekauft werden. In dem Café gibt es eine reichhaltige Speisekarte und auch einen Mittagstisch. Vorwiegend Bioweine im Angebot.",['amenity:cafe'],['POI'],POINT(9.9271659 53.5495169),
Yoko Sushi Altona,,"['amenity:restaurant', 'cuisine:sushi']",['POI'],POINT(9.9270068 53.5504024),
Drei Sommer,,['amenity:restaurant'],['POI'],POINT(9.9264178 53.550376),
el rojito,,['amenity:cafe'],['POI'],POINT(9.9258508 53.5510953),
Bey's,,['amenity:cafe'],['POI'],POINT(9.9259973 53.5516737),
Laundrette,,"['amenity:cafe', 'bar:yes']",['POI'],POINT(9.9265766 53.5517311),
Salman Imbiss,,"['amenity:fast_food', 'cuisine:turkish']",['POI'],POINT(9.9296094 53.5519378),
Gaststätte Möller,,['amenity:pub'],['POI'],POINT(9.930113 53.5522127),
Capo's Coffee,,['amenity:cafe'],['POI'],POINT(9.9311542 53.5520223),
Dal Fabbro,,"['amenity:restaurant', 'cuisine:italian']",['POI'],POINT(9.811272 53.55937),
filón Tapas Bar,,['amenity:cafe'],['POI'],POINT(9.8110184 53.5592454),
Lühmanns Teestube,,['amenity:cafe'],['POI'],POINT(9.80817 53.563678),
Weinhaus Röhr,,['amenity:restaurant'],['POI'],POINT(9.8079767 53.5637718),
Parsli,,['amenity:restaurant'],['POI'],POINT(9.8116265 53.5586282),
Riva,,['amenity:cafe'],['POI'],POINT(9.8110979 53.5611098),
Green Papaya,,"['amenity:fast_food', 'cuisine:asian']",['POI'],POINT(9.929873 53.552603),
Bar Wohlzimmer,,['amenity:bar'],['POI'],POINT(9.961079 53.55276),
Mitri Saliba,,"['amenity:restaurant', 'cuisine:syrian']",['POI'],POINT(10.0032663 53.5496604),
Ciao Bella,,"['amenity:restaurant', 'cuisine:italian;pizza;pasta']",['POI'],POINT(10.0038371 53.5488218),
Schlee Café,,['amenity:cafe'],['POI'],POINT(9.9452609 53.5472208),
Bey Kebab,,"['amenity:fast_food', 'cuisine:turkish']",['POI'],POINT(9.9296276 53.5528772),
Kleines Glück,,"['amenity:restaurant', 'cuisine:sushi']",['POI'],POINT(10.0434838 53.5951563),
Weidenkantine,,"['amenity:cafe', 'cuisine:german;regional']",['POI'],POINT(9.9640067 53.5683074),
wildfang pub,,['amenity:pub'],['POI'],POINT(10.0301385 53.5350727),
Underdocks,,"['amenity:restaurant', 'cuisine:fish']",['POI'],POINT(9.9659058 53.5573516),
New Spalding Restaurant,,['amenity:restaurant'],['POI'],POINT(10.0196072 53.5499926),
Pizza Pazza,,"['amenity:fast_food', 'cuisine:pizza']",['POI'],POINT(9.9617975 53.5618481),
Katz & Kater,,['amenity:pub'],['POI'],POINT(9.9430025 53.5544951),
Zur Ritze,,['amenity:pub'],['POI'],POINT(9.9593819 53.5500785),
Va Bene,,"['amenity:restaurant', 'cuisine:italian']",['POI'],POINT(10.0223799 53.6301057),
Elite Grand Café,,['amenity:cafe'],['POI'],POINT(10.0228247 53.6297369),
Café Kirchenbank,,['amenity:cafe'],['POI'],POINT(10.0234456 53.62923),
Café Mutsch,,"['amenity:cafe', 'cuisine:ice_cream']",['POI'],POINT(10.0248755 53.6281232),
La Trattoria Italiana,,"['amenity:restaurant', 'cuisine:italian']",['POI'],POINT(10.0240634 53.6282455),
Kebab For Friends,,"['amenity:fast_food', 'cuisine:kebab']",['POI'],POINT(10.0237924 53.6284727),
Bavaria-Insel,,['amenity:pub'],['POI'],POINT(10.0118847 53.6457004),
TREFF BEI MELODI,,['amenity:pub'],['POI'],POINT(10.0213605 53.5528349),
Poletto Winebar,,"['amenity:restaurant', 'cuisine:italian']",['POI'],POINT(9.9808748 53.5851319),
Annam,,"['amenity:restaurant', 'cuisine:sushi']",['POI'],POINT(10.0240506 53.5807792),
CroqueLaden,,['amenity:fast_food'],['POI'],POINT(10.0235014 53.580824),
Adam Cafe City,,['amenity:cafe'],['POI'],POINT(9.9424764 53.5798585),
Zoë II,viele alte Sofas,['amenity:bar'],['POI'],POINT(9.9645758 53.5587774),
Pancake Panda,,['amenity:cafe'],['POI'],POINT(9.9435847 53.5799487),
Lino,,"['amenity:cafe', 'cuisine:coffee_shop']",['POI'],POINT(9.9869451 53.5176985),
KÖZ LEZZET,,"['amenity:restaurant', 'cuisine:turkish']",['POI'],POINT(9.9858065 53.5177548),
burgerme,,['amenity:fast_food'],['POI'],POINT(9.907775 53.5667266),
Cafe Restaurant Harmonie,,['amenity:cafe'],['POI'],POINT(10.0330009 53.620003),
China Restaurant Hong Kong,,"['amenity:restaurant', 'cuisine:chinese']",['POI'],POINT(9.9642755 53.5797884),
Canton,,"['amenity:restaurant', 'cuisine:chinese']",['POI'],POINT(9.8081547 53.6570787),
Rindock's,,"['amenity:restaurant', 'bar:yes', 'cuisine:steak_house']",['POI'],POINT(9.8054911 53.6623576),
Ribling,,['amenity:restaurant'],['POI'],POINT(10.0332188 53.6205536),
Trattoria Mondello,,"['amenity:restaurant', 'cuisine:italian']",['POI'],POINT(10.0785828 53.6657114),
Quick,,"['amenity:fast_food', 'cuisine:burger']",['POI'],POINT(9.9035679 53.6084918),
Mittendrin,,['amenity:pub'],['POI'],POINT(10.1064019 53.555705),
Nach Amerika,"""[...] speisen Sie wie vor 100 Jahren an den Originalnachbauten der Tische und Bänke von 1910. Immer frisch zubereitete Speisen, Spezialitäten und Gerichte aus aller Welt [...]""","['amenity:restaurant', 'cuisine:international']",['POI'],POINT(10.0160717 53.5204462),
Fischbude Op'n Bulln,,['amenity:fast_food'],['POI'],POINT(9.8045995 53.5560344),
Farinelli da Franco,,"['amenity:restaurant', 'cuisine:italian']",['POI'],POINT(10.015371 53.5741794),
Emmas,,['amenity:cafe'],['POI'],POINT(10.015241 53.5737808),
Avi - Kaffee und Proviant,,['amenity:cafe'],['POI'],POINT(10.0195882 53.5748621),
La Sorpresa,,"['amenity:restaurant', 'cuisine:italian']",['POI'],POINT(10.019924 53.5748843),
Holstenhof,,"['amenity:restaurant', 'cuisine:german']",['POI'],POINT(10.2032956 53.4983425),
Alt Lohbrügger Hof,,"['amenity:restaurant', 'cuisine:german']",['POI'],POINT(10.2058152 53.5024581),
Casa reccia,,"['amenity:cafe', 'cuisine:italian']",['POI'],POINT(10.2062591 53.4951061),
MrBeef Hamburg,,"['amenity:fast_food', 'cuisine:german']",['POI'],POINT(10.203097 53.4981799),
Kolossos zu Rhodos,,"['amenity:restaurant', 'cuisine:greek']",['POI'],POINT(10.2039217 53.4976345),
Taverna Alexandros,,"['amenity:fast_food', 'cuisine:greek']",['POI'],POINT(10.2042633 53.4971493),
Sander Treff,,['amenity:pub'],['POI'],POINT(10.2050389 53.4961696),
Taverna Nostos,,"['amenity:restaurant', 'cuisine:greek']",['POI'],POINT(10.206069 53.4945588),
Trattoria Lili,,"['amenity:restaurant', 'cuisine:italian;pizza;pasta;fish;meat;salad']",['POI'],POINT(9.9492462 53.5594716),
BSV-Treff,,['amenity:restaurant'],['POI'],POINT(10.0811934 53.6087665),
Eiscafé il Gelato,,"['amenity:cafe', 'cuisine:ice_cream']",['POI'],POINT(10.0253977 53.6128383),
Alsterdorfer Kesselhaus,,"['amenity:restaurant', 'cuisine:german']",['POI'],POINT(10.0246152 53.6129482),
Akropolis,,"['amenity:fast_food', 'cuisine:greek']",['POI'],POINT(10.1808287 53.4871667),
Hamm'er Pizza,,"['amenity:fast_food', 'cuisine:pizza']",['POI'],POINT(10.0632068 53.5556486),
Eis Qgel,,"['amenity:cafe', 'cuisine:ice_cream;cake']",['POI'],POINT(10.0456225 53.5788525),
Hadleys,,['amenity:cafe'],['POI'],POINT(9.976892 53.5703946),
BLOCK HOUSE,,"['amenity:restaurant', 'cuisine:steak_house']",['POI'],POINT(9.8866364 53.5594781),
Phönix,,"['amenity:restaurant', 'cuisine:chinese']",['POI'],POINT(9.8679518 53.6280382),
Lodge,,"['amenity:restaurant', 'cuisine:german']",['POI'],POINT(9.7699397 53.6596501),
Pappenheimer Wirtschaft,,"['amenity:restaurant', 'cuisine:german']",['POI'],POINT(10.0195345 53.5667111),
Speisewirtschaft Opitz,,"['amenity:restaurant', 'cuisine:regional']",['POI'],POINT(10.0183395 53.5649644),
Nido,,['amenity:restaurant'],['POI'],POINT(9.9887613 53.5460708),
Il Ristorantino,,"['amenity:restaurant', 'cuisine:italian']",['POI'],POINT(10.0429151 53.576919),
Kartoffelkeller,,"['amenity:restaurant', 'cuisine:german']",['POI'],POINT(9.9875731 53.5462429),
Taverna Knossos Palace,,"['amenity:restaurant', 'cuisine:greek']",['POI'],POINT(10.0246799 53.4990789),
Dein Döner,,"['amenity:fast_food', 'cuisine:kebab']",['POI'],POINT(10.0155145 53.6483656),
Lindos Grill,,"['amenity:restaurant', 'cuisine:greek']",['POI'],POINT(9.8220349 53.6010464),
Berlin Döner,,"['amenity:fast_food', 'cuisine:kebab;burger;pizza;turkish']",['POI'],POINT(9.8292822 53.6529483),
Rosmarin,,['amenity:pub'],['POI'],POINT(9.8948515 53.6384651),
asia corner,,"['amenity:restaurant', 'cuisine:chinese;indian;thai']",['POI'],POINT(9.8720732 53.6308439),
Via Cafélier,,['amenity:restaurant'],['POI'],POINT(9.9153601 53.5634813),
speedcroque,,['amenity:fast_food'],['POI'],POINT(10.0400525 53.5748956),
Trattoria Pirandello,,"['amenity:restaurant', 'cuisine:italian']",['POI'],POINT(9.9479718 53.6402826),
Dolce Vita,,"['amenity:restaurant', 'cuisine:italian;pizza']",['POI'],POINT(9.8408388 53.6363855),
Görner Grillstation,,"['amenity:fast_food', 'cuisine:german;sausage']",['POI'],POINT(9.8399054 53.6363387),
Holstenquelle,,['amenity:pub'],['POI'],POINT(9.8403741 53.6361759),
Capri-Stube,,['amenity:pub'],['POI'],POINT(10.0446517 53.574887),
Scotty's,,"['amenity:restaurant', 'bar:yes', 'cuisine:regional;pizza;pasta;burger']",['POI'],POINT(9.9203107 53.5628044),
Sultan's Kepub,,['amenity:fast_food'],['POI'],POINT(10.1547849 53.6042492),
Cafe Centrale,,['amenity:cafe'],['POI'],POINT(9.9281386 53.5538339),
Naan,,['amenity:cafe'],['POI'],POINT(10.1184253 53.6070794),
Bliss,,"['amenity:fast_food', 'cuisine:burger']",['POI'],POINT(9.9303039 53.5508963),
Campus Suite,,"['amenity:cafe', 'branch:Stephansplatz', 'cuisine:coffee_shop;sandwich']",['POI'],POINT(9.9892598 53.5579624),
Vilai Vegan House,"Only cash at the moment, may be different in the future.","['amenity:restaurant', 'cuisine:asian']",['POI'],POINT(9.9287954 53.5542526),
Urfa Tadi,,"['amenity:restaurant', 'cuisine:kebab']",['POI'],POINT(9.9301204 53.5526314),
Röperhof,,"['amenity:restaurant', 'cuisine:international']",['POI'],POINT(9.8966374 53.5535231),
Aalhaus,,['amenity:pub'],['POI'],POINT(9.9469364 53.5592861),
Dock 3 Beachclub,,['amenity:pub'],['POI'],POINT(9.9655254 53.5459914),
Sonnendeck St.Pauli,,['amenity:pub'],['POI'],POINT(9.9642117 53.5460406),
Sepideh,,"['amenity:restaurant', 'cuisine:persian']",['POI'],POINT(10.0614889 53.5698418),
Hatay,,"['amenity:fast_food', 'cuisine:kebab']",['POI'],POINT(9.9621853 53.4653152),
Heimfelder Café,,['amenity:cafe'],['POI'],POINT(9.9622508 53.4653637),
le-su,,"['amenity:restaurant', 'cuisine:turkish']",['POI'],POINT(10.0129005 53.5588675),
Konfuzius,,"['amenity:restaurant', 'cuisine:chinese']",['POI'],POINT(10.0011212 53.6778117),
Papp Satt,,"['amenity:fast_food', 'cuisine:german']",['POI'],POINT(9.9679448 53.6792743),
Asia Lounge,,"['amenity:restaurant', 'cuisine:chinese']",['POI'],POINT(9.9797857 53.569374),
arrabiata,,['amenity:fast_food'],['POI'],POINT(9.98009 53.5687775),
Saito Sushi,,"['amenity:restaurant', 'cuisine:sushi']",['POI'],POINT(9.9824131 53.566133),
Falafel Haus,,"['amenity:fast_food', 'cuisine:turkish']",['POI'],POINT(9.9824643 53.5660967),
Mimi's Crepes,,"['amenity:restaurant', 'cuisine:crepe']",['POI'],POINT(9.9838261 53.5649588),
Golden Temple Teehaus,,['amenity:cafe'],['POI'],POINT(9.9836992 53.5650629),
Spiesserei,,['amenity:fast_food'],['POI'],POINT(9.9833042 53.5654267),
Miss Pepper,,"['amenity:fast_food', 'cuisine:burger']",['POI'],POINT(10.19135 53.57719),
Pergola,,"['amenity:restaurant', 'bar:yes', 'cuisine:italian']",['POI'],POINT(9.903965 53.6089427),
Döner-Burg,,"['amenity:fast_food', 'cuisine:kebab']",['POI'],POINT(9.849935 53.598322),
Serhat Döner,,"['amenity:fast_food', 'cuisine:burger;kebab']",['POI'],POINT(10.0414385 53.5527926),
WunderBar,,['amenity:bar'],['POI'],POINT(9.9603235 53.5503741),
Café Uhrlaub,,['amenity:cafe'],['POI'],POINT(10.0115021 53.5577818),
Bei Thomas,,"['amenity:restaurant', 'cuisine:greek']",['POI'],POINT(9.853854 53.598102),
Kuchenfein,,['amenity:cafe'],['POI'],POINT(9.853832 53.598183),
Café klatsch,,['amenity:cafe'],['POI'],POINT(9.9726892 53.5586335),
DNV Kantine,,['amenity:restaurant'],['POI'],POINT(9.9998019 53.5442413),
Am Sportplatz,,['amenity:pub'],['POI'],POINT(10.1257772 53.6279504),
Finkwarder Klönstuv,,['amenity:restaurant'],['POI'],POINT(9.8776356 53.5332599),
Lütt Döns,,['amenity:bar'],['POI'],POINT(9.8873719 53.5591064),
Landhaus Scherrer,,['amenity:restaurant'],['POI'],POINT(9.9166163 53.5462333),
Am Sportplatz,,['amenity:pub'],['POI'],POINT(9.965931 53.4642329),
jam jam,,"['amenity:restaurant', 'cuisine:sushi']",['POI'],POINT(10.0391956 53.5523106),
NANGLO Asia Imbiss,,"['amenity:fast_food', 'cuisine:asian']",['POI'],POINT(9.9431818 53.5763071),
Notaufnahme,,['amenity:pub'],['POI'],POINT(10.0798694 53.6189),
Otto's Burger,,"['amenity:fast_food', 'cuisine:burger;american']",['POI'],POINT(9.928462 53.5545262),
Monsieur Alfon's,,"['amenity:fast_food', 'cuisine:croque']",['POI'],POINT(9.9482644 53.5612969),
Yafa,,['amenity:restaurant'],['POI'],POINT(10.035921 53.5510508),
Quellental,,['amenity:restaurant'],['POI'],POINT(9.8584725 53.5526833),
Arizona Steakhouse,,"['amenity:restaurant', 'cuisine:steak_house']",['POI'],POINT(10.0006579 53.5934274),
Jimmy Elsass,,"['amenity:restaurant', 'cuisine:alsatian']",['POI'],POINT(9.9660811 53.5683274),
Hacker-Pschorr,,"['amenity:restaurant', 'cuisine:bavarian']",['POI'],POINT(10.012957 53.5589249),
Marias Ballroom,,['amenity:pub'],['POI'],POINT(9.986277 53.4551121),
bock auf asia,,"['amenity:fast_food', 'cuisine:asian']",['POI'],POINT(9.9480312 53.5608348),
ibras,,"['amenity:fast_food', 'cuisine:bistro;sudanesischer;oriental']",['POI'],POINT(9.9484484 53.560395),
Tassajara,,"['amenity:restaurant', 'cuisine:indian']",['POI'],POINT(9.9821747 53.585129),
Deseo,,['amenity:restaurant'],['POI'],POINT(9.9825459 53.5854226),
Giros King,,"['amenity:restaurant', 'cuisine:greek']",['POI'],POINT(9.9663981 53.4499807),
Ziyade,,['amenity:restaurant'],['POI'],POINT(9.9825523 53.4591707),
Brasserie,,"['amenity:restaurant', 'cuisine:bavarian;german']",['POI'],POINT(9.9846862 53.4590601),
Café Kaltehofe,,['amenity:cafe'],['POI'],POINT(10.0523778 53.5243912),
eatstanbul,,['amenity:fast_food'],['POI'],POINT(10.0756187 53.6139625),
Break-Point Billard,,['amenity:bar'],['POI'],POINT(10.0788032 53.6142925),
Der Giros-Spezialist,,"['amenity:fast_food', 'cuisine:greek']",['POI'],POINT(10.1027775 53.6211274),
Kanal 5,,['amenity:pub'],['POI'],POINT(10.0473431 53.5582352),
BLOCK HOUSE,,"['amenity:restaurant', 'cuisine:steak_house']",['POI'],POINT(9.9942517 53.5516082),
Sausalitos,,"['amenity:restaurant', 'cuisine:mexican']",['POI'],POINT(10.0020054 53.5485364),
Campus Suite,,"['amenity:cafe', 'branch:Steinstraße', 'cuisine:coffee_shop;sandwich']",['POI'],POINT(10.0047076 53.5499314),
Primavera,,"['amenity:restaurant', 'cuisine:pizza']",['POI'],POINT(9.999332 53.5484676),
Sugarfree,Spezialisiert auf Low Carb und Keto Ernährung.,"['amenity:restaurant', 'cuisine:ket']",['POI'],POINT(10.0011985 53.5497382),
Deike,,"['amenity:cafe', 'cuisine:coffee_shop;pizza;burger;crepe;cake']",['POI'],POINT(9.956415 53.5787848),
Meyer Lansky's American Bar,,['amenity:bar'],['POI'],POINT(9.9876694 53.5554464),
GZeiten,,"['amenity:restaurant', 'cuisine:german']",['POI'],POINT(10.0787288 53.6175364),
The Bar-on,,['amenity:bar'],['POI'],POINT(10.0510788 53.5551282),
L'espresso,,['amenity:cafe'],['POI'],POINT(9.9821141 53.5964903),
Jolly Roger,,['amenity:pub'],['POI'],POINT(9.9643151 53.5550875),
Maria's Café,,['amenity:cafe'],['POI'],POINT(10.0523161 53.5572845),
Köz Antep Gülbaba,,"['amenity:fast_food', 'cuisine:kebab']",['POI'],POINT(9.9589603 53.5493609),
Pamukkale,Grill- und Backshop,"['amenity:fast_food', 'cuisine:kebab;pizza;turkish']",['POI'],POINT(10.2058631 53.4899888),
McDonald's,,"['amenity:fast_food', 'cuisine:burger']",['POI'],POINT(10.2069216 53.4894318),
Best Grill,,['amenity:fast_food'],['POI'],POINT(10.2087813 53.4900335),
Café Estrella,,['amenity:cafe'],['POI'],POINT(9.963921 53.5684594),
Espresso House,,"['amenity:cafe', 'cuisine:coffee_shop']",['POI'],POINT(9.9817075 53.5679255),
Brasserie Flum,,"['amenity:restaurant', 'cuisine:french']",['POI'],POINT(9.9900453 53.5634104),
Libresso,,['amenity:cafe'],['POI'],POINT(9.9878896 53.5632154),
Otto's Burger,,"['amenity:restaurant', 'bar:yes', 'branch:Grindel', 'cuisine:italian']",['POI'],POINT(9.9829468 53.5686847),
BLOCK HOUSE,,"['amenity:restaurant', 'cuisine:steak_house']",['POI'],POINT(9.9757229 53.5791406),
Subway,,"['amenity:fast_food', 'cuisine:sandwich']",['POI'],POINT(9.9746642 53.5799704),
Shichi,,"['amenity:restaurant', 'cuisine:sushi']",['POI'],POINT(9.9746441 53.5800419),
nous,,['amenity:cafe'],['POI'],POINT(9.9794599 53.5802899),
Mythos,,['amenity:restaurant'],['POI'],POINT(9.9631755 53.5736263),
Croque du Nord,,"['amenity:fast_food', 'cuisine:sandwich']",['POI'],POINT(9.9593076 53.57398),
Meisenfrei,,['amenity:pub'],['POI'],POINT(9.9587634 53.5720603),
Charm Thai Street Kitchen,,"['amenity:restaurant', 'cuisine:thai']",['POI'],POINT(9.9628575 53.5736796),
Rye & Dry,,['amenity:bar'],['POI'],POINT(9.9611937 53.5720127),
Zum Olymp,,"['amenity:restaurant', 'cuisine:greek']",['POI'],POINT(9.9641868 53.5742486),
Cafe Hagelstein,,['amenity:cafe'],['POI'],POINT(9.9706807 53.5774866),
Ufer,Free WIFI,"['amenity:cafe', 'cuisine:tarte_flambee;german']",['POI'],POINT(9.9745541 53.5784734),
Eppendorfer Grillstation,,['amenity:fast_food'],['POI'],POINT(9.9682391 53.5801576),
Moto 59,,"['amenity:restaurant', 'bar:yes', 'cuisine:pizza;pasta;burger']",['POI'],POINT(9.9724428 53.5819717),
Trattoria Calabria,,"['amenity:restaurant', 'cuisine:italian']",['POI'],POINT(9.9645456 53.5809055),
Sushi Up,,"['amenity:restaurant', 'cuisine:sushi']",['POI'],POINT(9.964945 53.581246),
LOEWEN Gastwirtschaft,,"['amenity:cafe', 'cuisine:italian;sandwich']",['POI'],POINT(9.9785092 53.5838831),
Lotusblüte,,['amenity:restaurant'],['POI'],POINT(9.9779055 53.5841375),
Willy's Bier-Bar,,['amenity:pub'],['POI'],POINT(10.0565098 53.5641969),
Casa Roma,,['amenity:fast_food'],['POI'],POINT(10.0608498 53.5634048),
Chinarestaurant Mei Moon,,"['amenity:restaurant', 'cuisine:chinese']",['POI'],POINT(10.0091867 53.5535128),
Ristorante Capri,,"['amenity:restaurant', 'cuisine:italian']",['POI'],POINT(10.008894 53.5531704),
Bäckerei Schlüter,,"['amenity:cafe', 'cuisine:bakery_with_café']",['POI'],POINT(9.8327363 53.6270319),
Anno 1960,,['amenity:pub'],['POI'],POINT(10.0503121 53.5601163),
Der Chinese Am Fleet,,"['amenity:restaurant', 'cuisine:chinese']",['POI'],POINT(10.053718 53.5509922),
Velvet Billardcafe,,['amenity:pub'],['POI'],POINT(10.1694193 53.6473441),
Bullerei,,['amenity:restaurant'],['POI'],POINT(9.9661488 53.5631311),
Frank und Frei,,"['amenity:restaurant', 'cuisine:international']",['POI'],POINT(9.9652728 53.5631223),
Pampá,,['amenity:cafe'],['POI'],POINT(9.9693796 53.558327),
Omas Apotheke,,"['amenity:restaurant', 'cuisine:international']",['POI'],POINT(9.9652949 53.5628854),
Maharaja,,"['amenity:restaurant', 'cuisine:indian']",['POI'],POINT(9.965068 53.5506654),
Sis Kebap,,"['amenity:fast_food', 'cuisine:kebab']",['POI'],POINT(10.2095475 53.4823644),
Sultans Kitchen,,"['amenity:fast_food', 'cuisine:kebab']",['POI'],POINT(10.0623621 53.6018967),
www.croxycroque.de,,['amenity:fast_food'],['POI'],POINT(10.0623876 53.6019365),
Zwick,,['amenity:bar'],['POI'],POINT(9.969368 53.550623),
Jim Block,,"['amenity:fast_food', 'cuisine:burger']",['POI'],POINT(9.9883491 53.5564453),
Bäckerei Kamps,,"['amenity:cafe', 'cuisine:ice_cream']",['POI'],POINT(9.8762392 53.4746875),
Rondell,,"['amenity:restaurant', 'cuisine:italian']",['POI'],POINT(10.0690131 53.5713863),
Hofbräuhaus,,['amenity:restaurant'],['POI'],POINT(9.9920472 53.5575446),
Matsumi,,"['amenity:restaurant', 'cuisine:sushi']",['POI'],POINT(9.9901324 53.5575673),
Stadtküche,,['amenity:restaurant'],['POI'],POINT(9.9839613 53.55427),
Starbucks,,"['amenity:cafe', 'cuisine:coffee_shop']",['POI'],POINT(9.9909982 53.5550347),
Bottega Italia Restaurant,,"['amenity:restaurant', 'cuisine:italian']",['POI'],POINT(10.0104417 53.5569964),
Caravela St. Georg,,['amenity:cafe'],['POI'],POINT(10.0091698 53.5560647),
San,,"['amenity:restaurant', 'cuisine:korean']",['POI'],POINT(10.0116047 53.558786),
Bistro Kleinod,,"['amenity:cafe', 'cuisine:german']",['POI'],POINT(10.012467 53.5593239),
Lokstedter Treff,,['amenity:pub'],['POI'],POINT(9.9665247 53.593024),
S&S Grill & Döner,,['amenity:restaurant'],['POI'],POINT(9.9665248 53.5830502),
Domino's,,"['amenity:fast_food', 'cuisine:pizza']",['POI'],POINT(9.9638213 53.5776886),
Sel Kebap's,,"['amenity:fast_food', 'cuisine:kebab']",['POI'],POINT(9.9686673 53.5841112),
Smiley's Pizza,,"['amenity:restaurant', 'cuisine:pizza']",['POI'],POINT(9.9694307 53.585081),
Brüdigams,,['amenity:restaurant'],['POI'],POINT(9.9624342 53.5746782),
Moraba,,['amenity:restaurant'],['POI'],POINT(9.9628656 53.5619695),
Thier,,['amenity:bar'],['POI'],POINT(9.9610849 53.5630467),
Fasan,,['amenity:pub'],['POI'],POINT(9.9636237 53.5749193),
NUTS,,['amenity:pub'],['POI'],POINT(9.9621395 53.5752722),
Transmontana,,"['amenity:cafe', 'cuisine:portuguese;cake']",['POI'],POINT(9.9618184 53.562453),
DaliBar,,"['amenity:restaurant', 'cuisine:spanish']",['POI'],POINT(9.9754422 53.5451669),
Cotton Club,,['amenity:bar'],['POI'],POINT(9.9820739 53.5504572),
Picasso Hamburgo,,"['amenity:restaurant', 'cuisine:spanish']",['POI'],POINT(9.9956535 53.549896),
Thämers,,['amenity:restaurant'],['POI'],POINT(9.9808026 53.5508928),
Kolls,,['amenity:cafe'],['POI'],POINT(9.9472378 53.640484),
Adyton,,"['amenity:restaurant', 'cuisine:regional']",['POI'],POINT(9.9609535 53.6434856),
Lington,,['amenity:restaurant'],['POI'],POINT(9.95943 53.6421423),
IKEA Restaurant,,"['amenity:fast_food', 'cuisine:swedish']",['POI'],POINT(9.927737 53.6488455),
El Brujito,,"['amenity:restaurant', 'cuisine:spanish']",['POI'],POINT(9.9479016 53.5466196),
Café Geyer,,['amenity:pub'],['POI'],POINT(9.9571385 53.5473543),
Golden Pudel Club,,['amenity:pub'],['POI'],POINT(9.9577662 53.5461935),
Kombüse,,"['amenity:restaurant', 'cuisine:mexican']",['POI'],POINT(9.9605214 53.5469434),
La Paloma,"Das La Paloma – die Bar, in der alle Partywütigen feiern, tanzen und flirten. Der Flirtfaktor ist hier so hoch, dass er kaum noch messbar ist. Ganz zu schweigen von der unübertreffbaren Partystimmung. Das La Paloma hat am Wochenende die offizielle Lizenz",['amenity:pub'],['POI'],POINT(9.9612176 53.5483829),
Café Münzburg,,['amenity:cafe'],['POI'],POINT(10.0129585 53.5493294),
XIV Heilige,,['amenity:restaurant'],['POI'],POINT(10.0128463 53.554705),
McDonald's,,"['amenity:fast_food', 'cuisine:burger']",['POI'],POINT(10.0111017 53.5520306),
Café Curiousa,,"['amenity:cafe', 'cuisine:coffee_shop']",['POI'],POINT(10.0126222 53.5549298),
Wohlers,,"['amenity:restaurant', 'cuisine:cake;german;french']",['POI'],POINT(9.9548469 53.5572468),
Alt-Ottensen,,['amenity:pub'],['POI'],POINT(9.9317384 53.5479718),
Balutschistan,,"['amenity:restaurant', 'cuisine:indian']",['POI'],POINT(9.9284589 53.5543619),
Mar y Sol,,['amenity:cafe'],['POI'],POINT(9.9290137 53.5520568),
Ivy,,['amenity:cafe'],['POI'],POINT(9.9278259 53.5517092),
Tatort,,['amenity:pub'],['POI'],POINT(9.9300406 53.5500528),
Zum Seeteufel,,['amenity:pub'],['POI'],POINT(9.9316883 53.5467236),
Rio Grande,,"['amenity:restaurant', 'cuisine:steak_house']",['POI'],POINT(9.9657586 53.5983535),
Taverna Arhontiko,,"['amenity:restaurant', 'cuisine:greek']",['POI'],POINT(9.967264 53.585973),
Bei Maria,,"['amenity:cafe', 'cuisine:international']",['POI'],POINT(9.996491 53.5483196),
Das Treibhaus,,['amenity:restaurant'],['POI'],POINT(10.1746847 53.5134008),
Herr Kwong,,"['amenity:restaurant', 'cuisine:asian']",['POI'],POINT(10.0012204 53.549312),
Söhne Hamburgs,,['amenity:fast_food'],['POI'],POINT(10.0012152 53.5498615),
Quan Ngon,,"['amenity:restaurant', 'cuisine:asian;vietnamese']",['POI'],POINT(10.003248 53.5488615),
Ristorante Vito,,"['amenity:restaurant', 'cuisine:italian']",['POI'],POINT(9.9122158 53.5509345),
Darbari,,"['amenity:restaurant', 'cuisine:persian']",['POI'],POINT(10.1449205 53.593727),
Serres,,"['amenity:restaurant', 'cuisine:greek']",['POI'],POINT(10.1365786 53.5726412),
Cafe May,,['amenity:cafe'],['POI'],POINT(9.9623457 53.5505106),
Ahrensburger Frühstücksstube,,['amenity:restaurant'],['POI'],POINT(10.2202921 53.6648242),
L'Europeo,,"['amenity:restaurant', 'cuisine:italian']",['POI'],POINT(9.894733 53.5658714),
Kings Croque,,['amenity:fast_food'],['POI'],POINT(9.8931259 53.5732441),
Croque Master,,"['amenity:restaurant', 'cuisine:sandwich;burger;pizza']",['POI'],POINT(9.9232268 53.5711374),
MAY,,['amenity:cafe'],['POI'],POINT(9.9433942 53.5765793),
TYO TYO,,"['amenity:restaurant', 'cuisine:sushi']",['POI'],POINT(10.0198574 53.5823149),
Oh it's fresh,,['amenity:restaurant'],['POI'],POINT(9.9466087 53.5445506),
L'Osteria,,"['amenity:restaurant', 'cuisine:italian']",['POI'],POINT(9.9467672 53.5441628),
Hamburger Elbspeicher,,['amenity:restaurant'],['POI'],POINT(9.9488079 53.5441286),
Tim's,,['amenity:restaurant'],['POI'],POINT(9.9502952 53.5443574),
Rado am Hafen,,['amenity:restaurant'],['POI'],POINT(9.9507017 53.5450606),
Elbperle,,['amenity:restaurant'],['POI'],POINT(9.951962 53.5452778),
Pronto Pizza,,"['amenity:fast_food', 'cuisine:italian;burger;pizza']",['POI'],POINT(9.9447378 53.5932705),
Taverna Omiros,,"['amenity:restaurant', 'cuisine:greek;pasta']",['POI'],POINT(9.9463138 53.5924966),
Linde,,['amenity:restaurant'],['POI'],POINT(9.8183119 53.5622399),
La Famille,,['amenity:fast_food'],['POI'],POINT(10.0565261 53.6117459),
Porter House,,"['amenity:restaurant', 'cuisine:steak_house']",['POI'],POINT(10.2016026 53.4651328),
Oktober,,"['amenity:restaurant', 'bar:yes', 'cuisine:pizza;burger']",['POI'],POINT(10.0410794 53.5874415),
Seoul 1988,,"['amenity:restaurant', 'cuisine:korean']",['POI'],POINT(10.0016215 53.5495532),
Augustiner-Stub'n,,['amenity:pub'],['POI'],POINT(10.0596805 53.563102),
Eiscafé Otto,,['amenity:cafe'],['POI'],POINT(10.0485117 53.5682444),
Würfel & Zucker,Brettspiel-Cafe mit über 1500 Gesellschaftsspielen. Eintritt 5€ pro Person. Reservierung empfohlen.,"['amenity:cafe', 'cuisine:pizza;sandwich;cake']",['POI'],POINT(10.0435255 53.5690026),
Schweinske Wandsbek,,"['amenity:restaurant', 'branch:Wandsbek', 'cuisine:burger;escalope;german']",['POI'],POINT(10.0713132 53.5736581),
Rick's café,,['amenity:pub'],['POI'],POINT(9.984267 53.5166228),
O Atlantico,,"['amenity:restaurant', 'cuisine:portuguese']",['POI'],POINT(9.9876337 53.5161949),
L' italiano Bistro & Vinotec,,"['amenity:restaurant', 'cuisine:italian']",['POI'],POINT(9.8861668 53.5593726),
"Jayjay's Bowls, Juices & more",,['amenity:fast_food'],['POI'],POINT(9.8818334 53.5595688),
Toms Saloon,,['amenity:bar'],['POI'],POINT(10.0147065 53.5535387),
Mini Bar,,['amenity:pub'],['POI'],POINT(10.0566005 53.571159),
Feuervogel,,['amenity:restaurant'],['POI'],POINT(10.0577499 53.5700428),
Taverna Mykonos,,"['amenity:restaurant', 'cuisine:greek']",['POI'],POINT(10.0503504 53.5653957),
Chinaland,,"['amenity:fast_food', 'cuisine:asian']",['POI'],POINT(10.0514335 53.5686354),
Asia Hub,,"['amenity:fast_food', 'cuisine:asia']",['POI'],POINT(9.9119144 53.6024751),
Bahnhofsgaststätte,,['amenity:pub'],['POI'],POINT(9.902492 53.6120369),
Il Tesoro,,"['amenity:restaurant', 'cuisine:italian']",['POI'],POINT(9.9061471 53.6077121),
Domino's,,"['amenity:fast_food', 'cuisine:pizza']",['POI'],POINT(9.9055373 53.6083252),
Mr. Zapata,,"['amenity:fast_food', 'cuisine:burger']",['POI'],POINT(9.9011892 53.6064786),
Metaxa,,"['amenity:fast_food', 'cuisine:greek']",['POI'],POINT(9.8985156 53.6122014),
Zur Endstation,,['amenity:pub'],['POI'],POINT(9.9185463 53.631709),
hugsandplugs,,"['amenity:cafe', 'cuisine:cafe']",['POI'],POINT(10.0136488 53.5587638),
Oh It's Fresh,,['amenity:cafe'],['POI'],POINT(10.0216292 53.5572065),
Eiscaffee Dino,,['amenity:cafe'],['POI'],POINT(10.0172302 53.5240325),
Remter,,"['amenity:restaurant', 'cuisine:german']",['POI'],POINT(9.977222 53.5533019),
Kaminski,,"['amenity:restaurant', 'cuisine:german']",['POI'],POINT(9.9577302 53.6581443),
Tannenkrug,,['amenity:pub'],['POI'],POINT(10.2011249 53.5428013),
Anh Dao,,['amenity:fast_food'],['POI'],POINT(9.9815624 53.5509049),
Salli's Food Center,,"['amenity:fast_food', 'cuisine:turkish']",['POI'],POINT(10.014399 53.5227739),
Klienmann'S Croques,,"['amenity:fast_food', 'cuisine:burger']",['POI'],POINT(10.201318 53.5406336),
Glinde Markt Kebap Haus,,"['amenity:fast_food', 'cuisine:kebab']",['POI'],POINT(10.2142054 53.5414122),
Das Eiswerk T&O,,"['amenity:cafe', 'cuisine:ice_cream;coffee_shop']",['POI'],POINT(10.2144181 53.5410851),
McDonald's,,"['amenity:fast_food', 'cuisine:burger']",['POI'],POINT(10.1532397 53.546936),
Asia Fu Loi,,"['amenity:fast_food', 'cuisine:thai']",['POI'],POINT(10.1532751 53.5467282),
WeZa Chicken,,"['amenity:fast_food', 'cuisine:chicken']",['POI'],POINT(10.1531815 53.5459761),
Aegeon,,"['amenity:restaurant', 'cuisine:greek']",['POI'],POINT(10.1860933 53.6525118),
Kai 10,,['amenity:bar'],['POI'],POINT(10.0186269 53.5459369),
Oh It's Fresh,,['amenity:cafe'],['POI'],POINT(10.0231642 53.5455546),
Hofweg Treff,,['amenity:pub'],['POI'],POINT(10.0154922 53.571942),
Zimmer,,['amenity:restaurant'],['POI'],POINT(10.0182266 53.5747578),
Akropolis,,"['amenity:fast_food', 'cuisine:greek']",['POI'],POINT(10.0654977 53.5537693),
Schweinske Hamm,,"['amenity:restaurant', 'cuisine:burger;escalope;german']",['POI'],POINT(10.0671266 53.553378),
braakermühle,,"['amenity:cafe', 'cuisine:coffee_shop']",['POI'],POINT(10.1564111 53.6141138),
Chios Grill,,['amenity:restaurant'],['POI'],POINT(10.1373244 53.5925221),
Luisenhof & Dubrovnik,,"['amenity:restaurant', 'cuisine:international']",['POI'],POINT(10.1165409 53.607168),
Asia Qing Dao,,"['amenity:fast_food', 'cuisine:chinese']",['POI'],POINT(10.1022685 53.5974288),
Horner Grill,,['amenity:fast_food'],['POI'],POINT(10.0870819 53.5465927),
Votra,,['amenity:cafe'],['POI'],POINT(10.0150749 53.5234487),
Pizzeria Piccola,,"['amenity:restaurant', 'cuisine:italian']",['POI'],POINT(10.0154513 53.523541),
Monika's Café,,['amenity:cafe'],['POI'],POINT(10.0173184 53.5240584),
Ristorante Angelo,,"['amenity:restaurant', 'cuisine:italian']",['POI'],POINT(10.0729684 53.5737607),
LEOS,,['amenity:restaurant'],['POI'],POINT(10.0949775 53.5625003),
Bistro Fellini,,['amenity:restaurant'],['POI'],POINT(9.848518 53.5993157),
No Name Cafe,,['amenity:cafe'],['POI'],POINT(9.9693747 53.4625044),
Croque Master,,"['amenity:fast_food', 'cuisine:sandwich']",['POI'],POINT(9.9759128 53.460485),
Heimfelder Berg,,['amenity:pub'],['POI'],POINT(9.9674536 53.4635627),
Café insgrüne,,['amenity:cafe'],['POI'],POINT(9.9701711 53.4594875),
KebapWelt,,"['amenity:fast_food', 'cuisine:kebab']",['POI'],POINT(9.9767309 53.4601221),
Restaurant Eichenhof,,"['amenity:restaurant', 'cuisine:german']",['POI'],POINT(9.9335165 53.4358767),
Helle's Treff,,['amenity:pub'],['POI'],POINT(10.0461518 53.53419),
Café Stark,,['amenity:cafe'],['POI'],POINT(9.9616576 53.5533837),
Dahan Restaurant,,"['amenity:restaurant', 'cuisine:chinese;japanese']",['POI'],POINT(9.9947153 53.5425084),
Gustav Grün,,['amenity:fast_food'],['POI'],POINT(9.9939978 53.5420698),
Bumerang,,['amenity:bar'],['POI'],POINT(9.9989442 53.4443394),
Mylos,,"['amenity:restaurant', 'cuisine:greek']",['POI'],POINT(10.0993837 53.575916),
Backhaus Wedemann,,['amenity:cafe'],['POI'],POINT(9.987384 53.4662643),
Tapas y Más,,"['amenity:restaurant', 'cuisine:spanish']",['POI'],POINT(9.9662331 53.5621916),
Dithmarscher Grill,,"['amenity:fast_food', 'cuisine:german']",['POI'],POINT(10.0612399 53.5803557),
Fisch Haus LOOP,,['amenity:restaurant'],['POI'],POINT(10.0608916 53.5810264),
Schweinske,,"['amenity:restaurant', 'bar:yes', 'cuisine:burger;escalope;german']",['POI'],POINT(9.9043455 53.6097794),
Zur scharfen Ecke,,['amenity:pub'],['POI'],POINT(9.9627778 53.5470687),
Khorshid,,['amenity:restaurant'],['POI'],POINT(10.0291817 53.6187174),
Erdgeschoss,,['amenity:restaurant'],['POI'],POINT(10.0382286 53.5976362),
Monsieur Croque,,"['amenity:fast_food', 'cuisine:french']",['POI'],POINT(10.0599778 53.5620255),
Gasthaus,"Mediterrane Küche, Curries; hohe Qualität, alles frisch zubereitet, guter Preis","['amenity:restaurant', 'cuisine:mediterranean']",['POI'],POINT(9.9492539 53.553456),
Taverna Priamos,,"['amenity:restaurant', 'cuisine:greek']",['POI'],POINT(9.9420865 53.554985),
Kurhaus,,['amenity:pub'],['POI'],POINT(9.9627022 53.5564556),
cHHurrinos,,"['amenity:restaurant', 'cuisine:churro']",['POI'],POINT(9.9669964 53.5577524),
Trattoria Cento Lire,,"['amenity:restaurant', 'cuisine:italian']",['POI'],POINT(9.9751598 53.5582952),
Restaurant Fischerhaus,,"['amenity:restaurant', 'cuisine:regional']",['POI'],POINT(9.9557134 53.5458919),
Blockbräu,,['amenity:restaurant'],['POI'],POINT(9.9699067 53.5456447),
LSV Clubheimkneipe Petra + Harry,,['amenity:pub'],['POI'],POINT(9.9761043 53.6169972),
Peacetanbul auf Kampnagel,,['amenity:restaurant'],['POI'],POINT(10.0209965 53.5832094),
Lades,,"['amenity:restaurant', 'cuisine:turkish']",['POI'],POINT(10.015315 53.5546463),
Da Luigi,,"['amenity:restaurant', 'cuisine:italian']",['POI'],POINT(9.9791381 53.4621235),
Hagenah Imbiss,,"['amenity:fast_food', 'cuisine:fish']",['POI'],POINT(9.9192628 53.5723403),
Barock Café Bar,,['amenity:pub'],['POI'],POINT(10.0335381 53.5367254),
Trattoria Roma Sparita,,"['amenity:restaurant', 'cuisine:italian']",['POI'],POINT(9.933 53.55009),
Der Kiebitz,,['amenity:pub'],['POI'],POINT(10.0422904 53.564612),
La Piazzetta,,"['amenity:restaurant', 'cuisine:italian']",['POI'],POINT(10.0392835 53.5660969),
Talento,,"['amenity:restaurant', 'cuisine:italian;pizza;pasta;burger;drinks']",['POI'],POINT(10.0400517 53.5663449),
Gute Stube,,"['amenity:restaurant', 'cuisine:regional']",['POI'],POINT(10.037545 53.5653707),
Mundfein,,"['amenity:fast_food', 'cuisine:pizza']",['POI'],POINT(10.0360292 53.5629662),
Ændrè,,"['amenity:restaurant', 'cuisine:international']",['POI'],POINT(9.986075 53.5712482),
Rana's Royal,,"['amenity:restaurant', 'cuisine:indian']",['POI'],POINT(9.9801169 53.567791),
Baborrito,,"['amenity:restaurant', 'cuisine:mexican']",['POI'],POINT(9.9803193 53.5675362),
Akdeniz,,"['amenity:restaurant', 'cuisine:kebab']",['POI'],POINT(9.9802476 53.5676431),
Olympia,,['amenity:bar'],['POI'],POINT(9.9844343 53.4558348),
2 nach 4,,['amenity:pub'],['POI'],POINT(9.984721 53.4547525),
Nordsee,,"['amenity:fast_food', 'cuisine:seafood']",['POI'],POINT(9.8625914 53.5704244),
The Bird,,"['amenity:restaurant', 'cuisine:american']",['POI'],POINT(9.9566867 53.5480709),
Craft Bier Bar,,['amenity:bar'],['POI'],POINT(9.9592948 53.5635864),
Café Olé,,['amenity:restaurant'],['POI'],POINT(10.1605163 53.6052528),
Myu Myu,,"['amenity:restaurant', 'cuisine:sushi;grill']",['POI'],POINT(10.1633173 53.6493346),
CTA Kantine,,['amenity:restaurant'],['POI'],POINT(9.9284301 53.5085141),
City Croque,,['amenity:fast_food'],['POI'],POINT(9.8005758 53.6607419),
Cruise Lounge Hamburg,"Reisebüro mit Bar, Cafe und Cocktails",['amenity:bar'],['POI'],POINT(9.974007 53.5455464),
Mardin Döner,,"['amenity:fast_food', 'cuisine:kebab']",['POI'],POINT(9.9606761 53.5497452),
Trattoria,,"['amenity:restaurant', 'cuisine:italian']",['POI'],POINT(10.0125132 53.5550372),
BGW Kasino,,['amenity:restaurant'],['POI'],POINT(10.0580026 53.5667532),
Café Jungiusstraße,,['amenity:cafe'],['POI'],POINT(9.9815545 53.5586584),
Pauli Pizza,,"['amenity:fast_food', 'cuisine:pizza']",['POI'],POINT(9.9603333 53.5506015),
Asian Fusion,,"['amenity:restaurant', 'cuisine:asian']",['POI'],POINT(10.1238861 53.5856174),
New Vietnam,,"['amenity:restaurant', 'cuisine:asian']",['POI'],POINT(10.1239182 53.5860421),
Nonno's Pizza-Manufaktur,,"['amenity:fast_food', 'cuisine:pizza;pasta']",['POI'],POINT(10.1234851 53.5861495),
Dolce & Gelato,,"['amenity:cafe', 'cuisine:ice_cream']",['POI'],POINT(10.1167839 53.599832),
Herakles,,"['amenity:restaurant', 'cuisine:greek']",['POI'],POINT(10.1176193 53.5987132),
dean&david,,"['amenity:fast_food', 'cuisine:salad;sandwich']",['POI'],POINT(9.9976735 53.5434249),
Xenios bei Themi,,"['amenity:restaurant', 'cuisine:greek']",['POI'],POINT(9.9576811 53.5751095),
BLOCK HOUSE,,"['amenity:restaurant', 'cuisine:steak_house']",['POI'],POINT(10.0439294 53.5931869),
Jim Block,,['amenity:fast_food'],['POI'],POINT(10.0439267 53.5931057),
Bar Café Relax,,['amenity:bar'],['POI'],POINT(10.0400229 53.5552432),
(closed),,['amenity:restaurant'],['POI'],POINT(9.8637848 53.5387481),
Schlosscafé,,['amenity:cafe'],['POI'],POINT(10.2124942 53.4897406),
Chicken Spot,,['amenity:fast_food'],['POI'],POINT(10.0445288 53.5920192),
Hofbräu Wirtshaus Speersort,,"['amenity:restaurant', 'cuisine:bavarian']",['POI'],POINT(9.9981874 53.5495464),
Trucys,,['amenity:cafe'],['POI'],POINT(10.015707 53.578166),
Generation Bar,,['amenity:pub'],['POI'],POINT(10.0121743 53.5582514),
Campus Suite,,"['amenity:cafe', 'branch:Brandsende', 'cuisine:coffee_shop;sandwich']",['POI'],POINT(10.002529 53.5536584),
Old Sailor,,['amenity:bar'],['POI'],POINT(9.9625274 53.5498254),
Asien Perle,Asiatische Erlebnisgastronomie,['amenity:restaurant'],['POI'],POINT(9.80016 53.4639845),
Cornelia Poletto,,"['amenity:restaurant', 'cuisine:italian']",['POI'],POINT(9.9875056 53.590291),
Cafe Galao,,"['amenity:cafe', 'cuisine:coffee_shop']",['POI'],POINT(9.9972136 53.5970591),
Ginya,,"['amenity:restaurant', 'cuisine:asian']",['POI'],POINT(9.9963789 53.5976125),
Oniro,,"['amenity:restaurant', 'cuisine:greek']",['POI'],POINT(9.9952157 53.5988898),
Kirat Asia Imbiss,,"['amenity:fast_food', 'cuisine:sushi;asian']",['POI'],POINT(9.9971991 53.5971858),
Ristorante Arabella,,"['amenity:restaurant', 'cuisine:italian']",['POI'],POINT(9.9972277 53.5969151),
Alto Bar,,['amenity:bar'],['POI'],POINT(9.9288172 53.5542067),
Anno 1905,,"['amenity:restaurant', 'cuisine:german']",['POI'],POINT(9.9479024 53.5609526),
Amber Café,,['amenity:cafe'],['POI'],POINT(9.9815246 53.5459217),
Westminster,,"['amenity:restaurant', 'cuisine:regional']",['POI'],POINT(9.9826508 53.5447684),
Shabos Café & Bar,,['amenity:cafe'],['POI'],POINT(10.053276 53.551925),
Annam,,"['amenity:restaurant', 'cuisine:japanese;vietnamese']",['POI'],POINT(10.0696706 53.5738043),
Hopfen. & Malz,,['amenity:cafe'],['POI'],POINT(10.0614264 53.5690453),
Ohnsorg,,['amenity:pub'],['POI'],POINT(10.0069884 53.5544781),
Wild & Veggie,,['amenity:restaurant'],['POI'],POINT(9.9958004 53.5001879),
Eisbüttel,,"['amenity:cafe', 'cuisine:ice_cream']",['POI'],POINT(9.9517368 53.5810262),
Konditorei Ulrich Münch,,['amenity:cafe'],['POI'],POINT(10.0374208 53.5804596),
O ren Ishi,,"['amenity:restaurant', 'cuisine:vietnamese']",['POI'],POINT(9.9979521 53.5484489),
Call a Pizza,,"['amenity:fast_food', 'cuisine:pizza;burger;ice_cream;Salat;pasta']",['POI'],POINT(9.9259635 53.6305165),
Asia Crown,,['amenity:restaurant'],['POI'],POINT(9.9276328 53.6301771),
Pizzamacher Trattoria,,['amenity:restaurant'],['POI'],POINT(9.9761018 53.5830824),
Fresh Taste,,"['amenity:fast_food', 'cuisine:asian']",['POI'],POINT(10.03104 53.5798767),
Domino's Pizza,,"['amenity:fast_food', 'cuisine:pizza']",['POI'],POINT(10.0462832 53.552857),
Café Fritz,,['amenity:restaurant'],['POI'],POINT(10.0331224 53.6231316),
Sushi Bravocado Fuhlsbüttel,,"['amenity:fast_food', 'cuisine:sushi']",['POI'],POINT(10.0235743 53.6266249),
asiahub,,"['amenity:restaurant', 'cuisine:asian']",['POI'],POINT(10.1273932 53.5435357),
Magic Weiher,,['amenity:cafe'],['POI'],POINT(9.9613829 53.5774292),
Haus 5,,"['amenity:restaurant', 'cuisine:international']",['POI'],POINT(9.9689086 53.5481099),
Ardacan Grill,,"['amenity:fast_food', 'cuisine:kebab;turkish']",['POI'],POINT(10.1181152 53.607099),
Hammer-Klause,,['amenity:pub'],['POI'],POINT(10.0607198 53.5702203),
Zum Wattkorn,Restaurant und Hotel,['amenity:restaurant'],['POI'],POINT(10.0237393 53.6637794),
Der Grieche Pavlidis,,"['amenity:restaurant', 'cuisine:greek']",['POI'],POINT(9.9858307 53.5052535),
SaRonn,,"['amenity:restaurant', 'cuisine:german']",['POI'],POINT(10.135084 53.5399399),
Winter,,['amenity:cafe'],['POI'],POINT(10.1358582 53.5402051),
Quick Sushi Wok,,['amenity:fast_food'],['POI'],POINT(10.0413076 53.5523283),
Zum Krokodil,"Croques, Salate, Snacks","['amenity:restaurant', 'cuisine:french']",['POI'],POINT(10.0238579 53.6642192),
Happy Palace,,"['amenity:restaurant', 'cuisine:chinese']",['POI'],POINT(10.024345 53.665156),
criss studio Polish-Jamaican,,['amenity:restaurant'],['POI'],POINT(9.9676824 53.5696572),
Magnus-Hirschfeld-Centrum,,['amenity:cafe'],['POI'],POINT(10.0161242 53.5893293),
"Tavernaki ""i"" Akropolis",,"['amenity:restaurant', 'cuisine:greek']",['POI'],POINT(10.0297071 53.4230101),
Poseidon,,"['amenity:restaurant', 'cuisine:greek']",['POI'],POINT(10.0153682 53.422761),
Miniatur Wunderland Restaurant,,['amenity:restaurant'],['POI'],POINT(9.9891176 53.5437423),
Löffelhaus,,"['amenity:cafe', 'cuisine:international']",['POI'],POINT(10.0731243 53.574455),
Domino's,,"['amenity:fast_food', 'cuisine:pizza']",['POI'],POINT(10.0707447 53.5734812),
Food Lovers,,['amenity:fast_food'],['POI'],POINT(10.072573 53.596723),
Eis-Cafe Arktis,,['amenity:cafe'],['POI'],POINT(10.0717068 53.5969487),
Kantine,,['amenity:restaurant'],['POI'],POINT(9.8766782 53.5749675),
Zahara Shisha,"Shisha Café, Cocktail Bar",['amenity:bar'],['POI'],POINT(10.071089 53.573178),
Shiraz,,"['amenity:fast_food', 'cuisine:kebab']",['POI'],POINT(10.071175 53.573215),
Pastelaria Transmontana II,,"['amenity:cafe', 'cuisine:portuguese;cake']",['POI'],POINT(9.9421403 53.5777749),
Kombüse,,['amenity:pub'],['POI'],POINT(10.0032443 53.5497657),
Noory,,['amenity:restaurant'],['POI'],POINT(10.021617 53.5843525),
Kafaya’s Café & Spécialités,,['amenity:cafe'],['POI'],POINT(10.0187648 53.5869162),
Balat Imbiss,,"['amenity:fast_food', 'cuisine:kebab']",['POI'],POINT(10.0753892 53.5923247),
Pasalo bien,,"['amenity:restaurant', 'cuisine:spanish']",['POI'],POINT(10.0156075 53.5892394),
Olivia,,"['amenity:fast_food', 'cuisine:turkish']",['POI'],POINT(9.9155896 53.5619303),
Curry Lounge,,"['amenity:restaurant', 'cuisine:indian']",['POI'],POINT(10.017445 53.556156),
Sabai Jai,,"['amenity:fast_food', 'cuisine:thai']",['POI'],POINT(10.0206105 53.5663701),
Mr. Hang,,"['amenity:fast_food', 'cuisine:chinese']",['POI'],POINT(10.0208295 53.5664961),
FreiRaum,,['amenity:pub'],['POI'],POINT(10.0196865 53.5663791),
Jim Block,,['amenity:fast_food'],['POI'],POINT(10.2112721 53.4885063),
Berger's am Serrahn,,['amenity:restaurant'],['POI'],POINT(10.2092711 53.4895172),
Eiscafé Dante,,"['amenity:cafe', 'cuisine:ice_cream']",['POI'],POINT(9.8444425 53.5542577),
Curcuma,,['amenity:cafe'],['POI'],POINT(9.9427501 53.5780438),
Sushi Dreams,,['amenity:restaurant'],['POI'],POINT(10.0716782 53.6080257),
Döner Grillhaus,,"['amenity:fast_food', 'cuisine:kebab']",['POI'],POINT(9.9481632 53.5829023),
Croque Crepes,,"['amenity:fast_food', 'cuisine:french']",['POI'],POINT(10.1189595 53.6068381),
Palma,,"['amenity:restaurant', 'cuisine:persian']",['POI'],POINT(10.0455436 53.5672097),
Restaurant Cafe Rossio,,"['amenity:restaurant', 'cuisine:tapas;coffee']",['POI'],POINT(10.0453047 53.5675472),
MacFly,,['amenity:pub'],['POI'],POINT(10.0456473 53.5655301),
Croque Point,,"['amenity:fast_food', 'cuisine:sandwich']",['POI'],POINT(9.9482786 53.6404014),
Bar Horizont Niendorf,,['amenity:bar'],['POI'],POINT(9.9468482 53.6403956),
Simple Kitchen,,"['amenity:restaurant', 'cuisine:asian']",['POI'],POINT(9.9473867 53.6405247),
Feuerdrachen,,['amenity:bar'],['POI'],POINT(9.9645852 53.5521154),
Pastaria,,"['amenity:restaurant', 'cuisine:italian']",['POI'],POINT(10.0318633 53.5793701),
Di An Di,,"['amenity:restaurant', 'cuisine:vietnamese']",['POI'],POINT(10.0202133 53.580843),
District 45,,"['amenity:restaurant', 'cuisine:asian']",['POI'],POINT(9.9608403 53.5683716),
Pelican,,['amenity:bar'],['POI'],POINT(9.9580457 53.5534209),
La Caffètteria,,['amenity:cafe'],['POI'],POINT(9.9744972 53.584423),
Dream Döner,,"['amenity:fast_food', 'cuisine:kebab']",['POI'],POINT(9.8748493 53.4800631),
Zum guten Tropfen,,['amenity:pub'],['POI'],POINT(10.0211148 53.5779259),
Zum Uhlenhorster Bogen,,['amenity:pub'],['POI'],POINT(10.0193499 53.5772634),
Hannes&Hanna Wohnzimmer,,['amenity:pub'],['POI'],POINT(9.964015 53.5692055),
Ristorante Opera,,"['amenity:restaurant', 'cuisine:italian']",['POI'],POINT(9.9878851 53.5568266),
Domino's Pizza,,"['amenity:fast_food', 'cuisine:pizza']",['POI'],POINT(9.9839197 53.555512),
New City Smash Burger,2024 ex Señor Loco mex Rest,"['amenity:fast_food', 'cuisine:burger']",['POI'],POINT(9.9807257 53.5502039),
Edelcurry,,"['amenity:restaurant', 'cuisine:curry-sausage']",['POI'],POINT(9.9863202 53.5522531),
Asia Imbiss,,"['amenity:fast_food', 'cuisine:asian']",['POI'],POINT(10.0554908 53.5828822),
Copper House,,"['amenity:restaurant', 'cuisine:japanese']",['POI'],POINT(9.9629175 53.5477965),
Quer Club,,['amenity:bar'],['POI'],POINT(9.9606348 53.5489153),
Alitalia,,"['amenity:restaurant', 'cuisine:italian;pizza']",['POI'],POINT(10.025466 53.5451713),
Adria,,"['amenity:restaurant', 'cuisine:balkan']",['POI'],POINT(10.1650078 53.6224996),
Croque Insel,,['amenity:fast_food'],['POI'],POINT(10.1652636 53.6224006),
Meister Food,,"['amenity:fast_food', 'cuisine:burger']",['POI'],POINT(10.1660261 53.6224468),
BeLaMi,,"['amenity:restaurant', 'cuisine:regional']",['POI'],POINT(10.218696 53.4846961),
Heisse Ecke Döner,,"['amenity:fast_food', 'cuisine:kebab turkish']",['POI'],POINT(10.1169907 53.6079323),
I Vigneri,,"['amenity:restaurant', 'cuisine:italian']",['POI'],POINT(9.993638 53.549053),
Zimt & Zucker,,['amenity:cafe'],['POI'],POINT(9.9936352 53.5488607),
Le Plat du Jour,,"['amenity:restaurant', 'cuisine:french']",['POI'],POINT(9.994276 53.549079),
Asiahung,,"['amenity:fast_food', 'cuisine:asian']",['POI'],POINT(9.9936342 53.5492404),
China Feng,,"['amenity:restaurant', 'cuisine:chinese']",['POI'],POINT(9.9928621 53.5487448),
Pasta Authentica by Jill,,['amenity:restaurant'],['POI'],POINT(9.9926744 53.5487772),
o cafe central,,"['amenity:restaurant', 'cuisine:portuguese']",['POI'],POINT(9.9926267 53.5489305),
Hamburger Deel,,['amenity:restaurant'],['POI'],POINT(9.9930057 53.5489089),
estancia steaks,,"['amenity:restaurant', 'cuisine:steak_house']",['POI'],POINT(9.9956544 53.5483262),
La Tavola Calda,,"['amenity:restaurant', 'cuisine:italian']",['POI'],POINT(9.9939237 53.5493795),
Parlament,,"['amenity:restaurant', 'cuisine:german;fish;international;mediterranean;regional']",['POI'],POINT(9.9930938 53.5501738),
Le Lion,,['amenity:bar'],['POI'],POINT(9.9945708 53.5501691),
Cafe Paris,,"['amenity:cafe', 'cuisine:french']",['POI'],POINT(9.994348 53.5498937),
Green Lovers,,"['amenity:fast_food', 'cuisine:salad']",['POI'],POINT(9.9936419 53.5495947),
Café Everyday,,['amenity:cafe'],['POI'],POINT(9.9950359 53.5501008),
Vineria Capriccio,,"['amenity:restaurant', 'cuisine:italian']",['POI'],POINT(9.980417 53.551224),
Back und Kios 55,,['amenity:cafe'],['POI'],POINT(9.9788527 53.4357766),
Pasteleria Mococo,,"['amenity:restaurant', 'cuisine:portuguese']",['POI'],POINT(9.9805164 53.5523628),
Gräbe's,,['amenity:pub'],['POI'],POINT(9.9801248 53.5517098),
La Croque,,"['amenity:fast_food', 'cuisine:croque']",['POI'],POINT(9.9794205 53.5509639),
noé,,['amenity:cafe'],['POI'],POINT(9.9858317 53.5541984),
Barcode 23,,['amenity:pub'],['POI'],POINT(9.7995399 53.6583624),
Meyer Lansky's,,['amenity:bar'],['POI'],POINT(9.987288 53.5554579),
Beets & Roots,,"['amenity:restaurant', 'cuisine:bowl']",['POI'],POINT(9.9881405 53.555824),
Mad about Juice,,"['amenity:restaurant', 'cuisine:sandwich;coffee_shop;regional']",['POI'],POINT(9.9881058 53.556079),
Rå,,['amenity:fast_food'],['POI'],POINT(9.9879321 53.5547652),
Edmondo,,"['amenity:restaurant', 'cuisine:italian']",['POI'],POINT(9.9870867 53.5534736),
Stadtbistro,,['amenity:cafe'],['POI'],POINT(9.9860858 53.5522231),
Starbucks,,"['amenity:cafe', 'cuisine:coffee_shop']",['POI'],POINT(9.9934983 53.5513397),
Alte Liebe,,"['amenity:restaurant', 'cuisine:regional']",['POI'],POINT(9.9999693 53.5432538),
coast by east,,"['amenity:restaurant', 'cuisine:seafood']",['POI'],POINT(9.9931975 53.539839),
Honkong Express,,"['amenity:fast_food', 'cuisine:chinese']",['POI'],POINT(9.8552673 53.5826831),
Joe & The Juice,,"['amenity:cafe', 'cuisine:coffee_shop']",['POI'],POINT(9.9884707 53.5579922),
Hamza Kebab,,"['amenity:fast_food', 'cuisine:kebab']",['POI'],POINT(9.9890316 53.5573896),
Poké Bar,,"['amenity:restaurant', 'cuisine:beef_bowl;ramen;poke;hawaiian']",['POI'],POINT(9.9884402 53.5555729),
Morellino,,"['amenity:restaurant', 'cuisine:italian']",['POI'],POINT(9.9753622 53.5832859),
Osdorfer Pizza & Grillhaus,,['amenity:fast_food'],['POI'],POINT(9.8491547 53.5883447),
Ti Breizh,Crepes; warme Küche: 12:00-22:00,"['amenity:restaurant', 'cuisine:french']",['POI'],POINT(9.9871062 53.5456544),
Café Bar ILIRIDA,,['amenity:bar'],['POI'],POINT(9.948773 53.5582333),
Gyropolis,,"['amenity:fast_food', 'cuisine:greek']",['POI'],POINT(9.9198546 53.5630183),
L'Osteria,,"['amenity:restaurant', 'cuisine:italian']",['POI'],POINT(9.9879749 53.5570241),
Green Papaya,,['amenity:restaurant'],['POI'],POINT(9.9892275 53.557805),
Heimbar,,['amenity:pub'],['POI'],POINT(9.9945445 53.6083451),
Hellas Stube,,"['amenity:restaurant', 'cuisine:greek']",['POI'],POINT(9.9757899 53.583329),
Cooko,,"['amenity:restaurant', 'cuisine:vietnamese']",['POI'],POINT(9.9282078 53.5559526),
City Kumpir,,['amenity:fast_food'],['POI'],POINT(9.9855427 53.551514),
China Stube,,['amenity:restaurant'],['POI'],POINT(9.8147721 53.5638325),
Ukitchen,,"['amenity:restaurant', 'cuisine:asian']",['POI'],POINT(9.9905714 53.5549574),
Franziskaner,,"['amenity:restaurant', 'bar:yes', 'cuisine:bavarian']",['POI'],POINT(9.9906745 53.5563148),
Tiffany,,"['amenity:restaurant', 'cuisine:italian']",['POI'],POINT(9.9900996 53.556706),
Café Hamburg,,['amenity:cafe'],['POI'],POINT(9.9891871 53.5549655),
Arin Kebap,,"['amenity:fast_food', 'cuisine:kebab']",['POI'],POINT(9.9892883 53.5547667),
Dolce&Gelato,,"['amenity:cafe', 'cuisine:ice_cream']",['POI'],POINT(9.9891199 53.55451),
New York Bagel Bar,,['amenity:cafe'],['POI'],POINT(9.9890153 53.5547903),
Five Guys,,"['amenity:fast_food', 'cuisine:burger']",['POI'],POINT(9.9900383 53.5545495),
Planten Coffee,,"['amenity:cafe', 'cuisine:coffee_shop;cake;sandwich']",['POI'],POINT(9.9900451 53.5578468),
Hamburger Fischerstube,,['amenity:restaurant'],['POI'],POINT(9.9898038 53.5576193),
Il Ristorante Italiano,,"['amenity:restaurant', 'cuisine:italian']",['POI'],POINT(9.989859 53.5574202),
Caravela,,"['amenity:cafe', 'cuisine:portuguese']",['POI'],POINT(9.9899636 53.5571526),
La Pergola Due,,"['amenity:restaurant', 'cuisine:italian']",['POI'],POINT(9.9902715 53.5572293),
Die Kartoffelstube,,"['amenity:restaurant', 'cuisine:regional']",['POI'],POINT(9.9899153 53.5572896),
Helo do Brasil,,"['amenity:restaurant', 'cuisine:steak_house;pasta;tapas;spanish;brazilian']",['POI'],POINT(9.9900945 53.5576539),
Fischfeinkost Delikatessen des Meeres,,['amenity:restaurant'],['POI'],POINT(9.9900812 53.5576835),
Bistro Italia,,"['amenity:fast_food', 'cuisine:italian']",['POI'],POINT(9.9836724 53.5940726),
Elena's Backbistro,,['amenity:cafe'],['POI'],POINT(9.9758491 53.5942626),
IL piccolo CAFÈ,,['amenity:cafe'],['POI'],POINT(9.9851639 53.5943041),
Barmbek Express,,['amenity:pub'],['POI'],POINT(10.0470383 53.5875512),
Zur Ratsmühle,,['amenity:restaurant'],['POI'],POINT(10.0295222 53.6264324),
Helms Lounge,,['amenity:cafe'],['POI'],POINT(9.9770546 53.4589093),
Annie´s Bar,,['amenity:pub'],['POI'],POINT(9.8374561 53.6021651),
Die Leckermacher,,['amenity:restaurant'],['POI'],POINT(10.1664515 53.5502888),
Avanti Kiosk,,['amenity:cafe'],['POI'],POINT(10.0152916 53.5904934),
Bodhi,,"['amenity:restaurant', 'cuisine:asian;japanese;vietnamese;sushi;noodles']",['POI'],POINT(10.0153236 53.5902669),
Hamers Cafe,,['amenity:cafe'],['POI'],POINT(10.1642035 53.6490234),
Suzy Wong,,"['amenity:restaurant', 'cuisine:chinese']",['POI'],POINT(9.9957157 53.5703985),
SoulKebab,,"['amenity:fast_food', 'cuisine:kebab;turkish']",['POI'],POINT(9.8727853 53.5917552),
Pub in the City,,['amenity:pub'],['POI'],POINT(9.869349 53.5940262),
7ieben Bar,,['amenity:bar'],['POI'],POINT(9.961774 53.5624979),
Café Altamira,Tapas Bar,"['amenity:restaurant', 'cuisine:spanish']",['POI'],POINT(9.9271149 53.5598319),
Asia Lam,,['amenity:fast_food'],['POI'],POINT(10.0203528 53.5526654),
Heimfelder Bar,,['amenity:bar'],['POI'],POINT(9.9601113 53.4646258),
"Köpi Heimfeld, bei Angelo",KöPi bei Angelo,['amenity:bar'],['POI'],POINT(9.9531285 53.4632668),
Comebuy,,['amenity:cafe'],['POI'],POINT(9.9869464 53.549898),
Café June,,['amenity:cafe'],['POI'],POINT(9.9267927 53.5602554),
Chen,,"['amenity:restaurant', 'cuisine:chinese']",['POI'],POINT(9.9931279 53.5488977),
Remise,Spezialität: leckere Flammkuchen,['amenity:cafe'],['POI'],POINT(9.7955459 53.661231),
Irish Pub in the Fleetenkieker,,['amenity:pub'],['POI'],POINT(9.992288 53.5486529),
Mario,,"['amenity:restaurant', 'cuisine:italian']",['POI'],POINT(9.9861869 53.5898366),
petite TORTUE,,['amenity:restaurant'],['POI'],POINT(9.9866467 53.5500899),
Ruperti,,['amenity:cafe'],['POI'],POINT(9.9874489 53.5537278),
Marley's,,['amenity:restaurant'],['POI'],POINT(9.9813126 53.5461894),
Yamato,,"['amenity:restaurant', 'cuisine:ramen']",['POI'],POINT(9.9828945 53.547697),
Käthners 23,,"['amenity:restaurant', 'cuisine:german;mediterranean;regional']",['POI'],POINT(10.0375198 53.5817462),
Casa Nova,,"['amenity:restaurant', 'bar:no', 'cuisine:italian']",['POI'],POINT(10.0173018 53.5703079),
Farina di Nonna,,"['amenity:restaurant', 'cuisine:italian;italian_pizza']",['POI'],POINT(10.0094201 53.5562528),
Domino's,,"['amenity:fast_food', 'branch:Hamburg Schnelsen', 'cuisine:pizza']",['POI'],POINT(9.9270633 53.6299825),
HD Asia Wok,,"['amenity:restaurant', 'cuisine:asian']",['POI'],POINT(9.8536856 53.4699121),
Der Ali,,"['amenity:fast_food', 'cuisine:kebab']",['POI'],POINT(10.0580773 53.6103547),
Clubheim & Restaurant,,['amenity:restaurant'],['POI'],POINT(10.2050917 53.6760907),
Eppendorfer Eiscafé,,['amenity:cafe'],['POI'],POINT(9.9893249 53.5928971),
DAILY,,"['amenity:restaurant', 'cuisine:coffee_shop']",['POI'],POINT(10.0249283 53.5454707),
ÖZ Urfa,,"['amenity:fast_food', 'cuisine:kebab;turkish']",['POI'],POINT(9.853838 53.4727285),
Mr. Cherng,,"['amenity:restaurant', 'cuisine:chinese']",['POI'],POINT(9.9987798 53.5497029),
ANAN Streetfood,,"['amenity:restaurant', 'cuisine:vietnamese']",['POI'],POINT(9.9820964 53.5508433),
vin o vin,,"['amenity:restaurant', 'cuisine:italian']",['POI'],POINT(9.9832987 53.553064),
Noah's Taverna,,"['amenity:restaurant', 'cuisine:greek']",['POI'],POINT(9.9805582 53.5501034),
marie luise,,"['amenity:cafe', 'cuisine:french']",['POI'],POINT(9.9797302 53.5542579),
GOSCH Sylt,,"['amenity:fast_food', 'cuisine:seafood']",['POI'],POINT(10.0063717 53.5536786),
China Restaurant Ho Schnelsen,,"['amenity:restaurant', 'cuisine:chinese']",['POI'],POINT(9.9185545 53.6357304),
Sultan's,,"['amenity:fast_food', 'cuisine:kebab;turkish']",['POI'],POINT(10.0571417 53.5649128),
Jok's,,"['amenity:restaurant', 'cuisine:steak_house;burger']",['POI'],POINT(9.9189155 53.6353741),
Costa Smeralda,,"['amenity:restaurant', 'cuisine:italian']",['POI'],POINT(9.9200277 53.6338754),
Oliva Pizza-Döner,,"['amenity:fast_food', 'cuisine:kebab;pizza;burger;german;italian;pasta']",['POI'],POINT(9.9221887 53.6320313),
Restaurant Dubrovnik,,['amenity:restaurant'],['POI'],POINT(9.9200398 53.6317454),
Råbowls,,['amenity:restaurant'],['POI'],POINT(9.9921415 53.5492688),
Hanoi Deli,,"['amenity:restaurant', 'cuisine:vietnamese;sushi']",['POI'],POINT(9.9929437 53.5494061),
mama,,"['amenity:restaurant', 'cuisine:italian']",['POI'],POINT(9.9933726 53.5495872),
Kazoku Sushi,,"['amenity:restaurant', 'cuisine:sushi']",['POI'],POINT(9.9886218 53.5485061),
Bei Bärbel & Willi in Billstedt,,['amenity:pub'],['POI'],POINT(10.1067409 53.5465566),
BE Croque,,"['amenity:fast_food', 'cuisine:Croques']",['POI'],POINT(10.1063296 53.5462056),
Corfu Grill Imbiss,,"['amenity:restaurant', 'cuisine:greek']",['POI'],POINT(10.1062593 53.5459799),
Ginst,,['amenity:bar'],['POI'],POINT(9.9578087 53.5532908),
Zum Alten Ritter von St. Georg,,['amenity:pub'],['POI'],POINT(10.0072266 53.5559581),
Karlsons,,['amenity:restaurant'],['POI'],POINT(9.9806749 53.571279),
Thai & Wok,,"['amenity:restaurant', 'cuisine:thai']",['POI'],POINT(10.1074577 53.5598091),
Domino's,,"['amenity:fast_food', 'cuisine:pizza']",['POI'],POINT(10.1059151 53.5591493),
Tunici,,"['amenity:restaurant', 'cuisine:kebab']",['POI'],POINT(10.1087362 53.5488986),
Hallo Pizza,,"['amenity:fast_food', 'cuisine:pizza']",['POI'],POINT(10.1086048 53.5487289),
Maza d'Or,,"['amenity:restaurant', 'cuisine:barbecue;international']",['POI'],POINT(10.0998299 53.5403343),
Zum Kreisel,,['amenity:pub'],['POI'],POINT(10.0827556 53.5546053),
Galego,,"['amenity:restaurant', 'cuisine:portuguese']",['POI'],POINT(9.9765538 53.5441635),
Sportsbar,,['amenity:pub'],['POI'],POINT(10.1221028 53.5387072),
Patara,,"['amenity:fast_food', 'cuisine:turkish']",['POI'],POINT(10.1011717 53.5404213),
Café de Artistes,,"['amenity:restaurant', 'cuisine:french']",['POI'],POINT(9.9986344 53.551946),
Konoba,,['amenity:pub'],['POI'],POINT(10.1384464 53.5439586),
K - Bar & Hookah,,['amenity:bar'],['POI'],POINT(9.9634794 53.556329),
Pizza Buddy's,,"['amenity:fast_food', 'cuisine:pizza']",['POI'],POINT(9.9635666 53.5563271),
Otzentreff,,['amenity:bar'],['POI'],POINT(9.9618955 53.5552094),
Ume No Hana - Pho vs. Ramen Bar,,"['amenity:restaurant', 'cuisine:vietnamese;japanese;noodle']",['POI'],POINT(9.9616672 53.5563628),
Q,,['amenity:bar'],['POI'],POINT(9.9603988 53.5565414),
Gekreuzte Möhrchen,,['amenity:restaurant'],['POI'],POINT(9.9582799 53.5570831),
Hummel & Quiddje,,['amenity:pub'],['POI'],POINT(9.9580599 53.5559518),
Shebeen,,['amenity:bar'],['POI'],POINT(9.9634297 53.5538423),
Crazy Horst,,['amenity:pub'],['POI'],POINT(9.963135 53.5529816),
Mahadosa,,"['amenity:restaurant', 'cuisine:indian']",['POI'],POINT(9.9630827 53.5528205),
Ciu' Die Bar,,['amenity:bar'],['POI'],POINT(9.9989849 53.5542194),
Wald,,['amenity:pub'],['POI'],POINT(9.980166 53.549799),
six tables,,['amenity:restaurant'],['POI'],POINT(10.0092943 53.6085472),
Eclair au café,,['amenity:cafe'],['POI'],POINT(9.9454465 53.5754048),
AuthenTikka,,"['amenity:restaurant', 'cuisine:indian']",['POI'],POINT(9.9664511 53.5687245),
Hollywood Canteen,,"['amenity:restaurant', 'cuisine:american']",['POI'],POINT(10.0707749 53.6064689),
# imBeef,,"['amenity:fast_food', 'cuisine:burger']",['POI'],POINT(10.0960283 53.543009),
Café Koppel,,['amenity:cafe'],['POI'],POINT(10.011469 53.5583986),
Nikolaus Grill Imbiss,,"['amenity:fast_food', 'cuisine:kebab']",['POI'],POINT(9.8024413 53.4652932),
Taverna Nico,,"['amenity:restaurant', 'cuisine:greek']",['POI'],POINT(9.8294944 53.6499451),
BACCARA,,"['amenity:restaurant', 'cuisine:persian']",['POI'],POINT(10.0073719 53.5550746),
Crazy Croque,,"['amenity:fast_food', 'cuisine:sandwich']",['POI'],POINT(10.1083477 53.5592449),
Gandhi,,"['amenity:restaurant', 'cuisine:indian']",['POI'],POINT(9.9887352 53.5938955),
Mehrgenerations Haus e.V.,,['amenity:cafe'],['POI'],POINT(9.9617822 53.5654591),
Katana Sushi,,"['amenity:restaurant', 'cuisine:sushi']",['POI'],POINT(9.9806048 53.5501345),
Mezedes bei Alexandros,,"['amenity:restaurant', 'cuisine:greek']",['POI'],POINT(9.9809356 53.55027),
Sushi 153,,"['amenity:restaurant', 'cuisine:sushi']",['POI'],POINT(9.9795642 53.5498907),
Taverna Corfu,,"['amenity:restaurant', 'cuisine:greek']",['POI'],POINT(10.2178021 53.4855907),
Twenty Six,,['amenity:restaurant'],['POI'],POINT(9.9952944 53.5681183),
Thai Gourmet,,"['amenity:restaurant', 'cuisine:thai']",['POI'],POINT(9.9775304 53.5649528),
MATCH - Billard-Cafe,,['amenity:cafe'],['POI'],POINT(10.0206078 53.6583908),
Achtzehn93,,['amenity:restaurant'],['POI'],POINT(9.9103988 53.5553669),
L 'Amira,,"['amenity:restaurant', 'cuisine:international;arab;fine_dining;persian']",['POI'],POINT(10.1137989 53.616537),
Rohlfs Bäckerei,,['amenity:cafe'],['POI'],POINT(10.1148477 53.6164964),
Cafe Meyns,,['amenity:cafe'],['POI'],POINT(10.2134266 53.5038899),
La Chance,,"['amenity:restaurant', 'cuisine:french']",['POI'],POINT(9.9816821 53.5509392),
dao dao Streetfood Bar,,['amenity:fast_food'],['POI'],POINT(9.9830423 53.5513216),
Luna,,"['amenity:restaurant', 'cuisine:italian']",['POI'],POINT(9.9818502 53.5510045),
Zum Spätzle,,"['amenity:restaurant', 'cuisine:swabian;german']",['POI'],POINT(9.9817496 53.5509638),
Mimosas Brunch Club,,['amenity:restaurant'],['POI'],POINT(9.9823409 53.5511264),
Trattoria da Enzo,,"['amenity:restaurant', 'cuisine:italian']",['POI'],POINT(9.9815432 53.551057),
Surimex Cafe Bistro,,['amenity:cafe'],['POI'],POINT(10.023119 53.5680648),
Urfalim Döner,,"['amenity:fast_food', 'cuisine:kebab']",['POI'],POINT(10.2128102 53.5036853),
May,,['amenity:cafe'],['POI'],POINT(9.9970829 53.5991188),
Mala Kitchen,,"['amenity:restaurant', 'cuisine:asian;chinese;soup']",['POI'],POINT(9.9975247 53.5964589),
Bierstein,,['amenity:pub'],['POI'],POINT(10.2171714 53.6407151),
Port Island,,"['amenity:restaurant', 'cuisine:burger']",['POI'],POINT(9.9877365 53.5170629),
Dionysos,,"['amenity:restaurant', 'cuisine:greek']",['POI'],POINT(9.9253163 53.5490231),
Lais,,['amenity:pub'],['POI'],POINT(9.9254301 53.5515756),
il Locale,,"['amenity:restaurant', 'cuisine:italian']",['POI'],POINT(9.9250729 53.549923),
Karls,,"['amenity:restaurant', 'cuisine:ethiopian;eritrean']",['POI'],POINT(9.9250475 53.5500691),
Das Frühstückszimmer,,['amenity:cafe'],['POI'],POINT(10.0865158 53.6302525),
Zur gemütlichen Bierstube,,['amenity:pub'],['POI'],POINT(9.9814291 53.5514173),
Lieblings Café Bar,,"['amenity:cafe', 'cuisine:bistro']",['POI'],POINT(9.9646134 53.5503539),
Bistro Olivio,,"['amenity:fast_food', 'cuisine:italian']",['POI'],POINT(10.0256221 53.5468639),
Griffato's,,"['amenity:restaurant', 'cuisine:italian']",['POI'],POINT(10.0306634 53.5612577),
Mit Herz & Zucker,,"['amenity:cafe', 'cuisine:breakfast']",['POI'],POINT(10.0300268 53.5609276),
Trattoria Rocco,,"['amenity:restaurant', 'cuisine:italian;italian_pizza']",['POI'],POINT(9.8354335 53.6292905),
Flavours Steakhouse Restaurant,"Das Flavours-Steakhouse öffnet ab Juli 2019 seine Türen für Sie. Bei uns genießen Sie in einer gemütlichen Atmosphäre nicht nur erstklassige Fleischspezialitäten vom Lavasteingrill, sondern auch schmackhafte Burger, Pasta, vegetarische Gerichte und vieles","['amenity:restaurant', 'cuisine:steak_house;burger;pasta']",['POI'],POINT(10.205903 53.5016355),
Freda Café & Bistro,,['amenity:cafe'],['POI'],POINT(9.8985885 53.5695687),
Jacky Chang,,"['amenity:restaurant', 'cuisine:chinese']",['POI'],POINT(10.1189474 53.6058637),
das BISTRO,,"['amenity:restaurant', 'cuisine:italian;sandwich']",['POI'],POINT(9.9971463 53.5965),
Hellas Pizza House,,"['amenity:restaurant', 'cuisine:greek']",['POI'],POINT(10.0536371 53.551907),
snoopkraam,,"['amenity:cafe', 'cuisine:asian;cake;mediterranean']",['POI'],POINT(10.0425645 53.5639661),
Barış Grillhaus,,"['amenity:fast_food', 'cuisine:kebab']",['POI'],POINT(10.0087239 53.5557779),
Caspars – Café & Bistro,,"['amenity:restaurant', 'cuisine:coffee_shop;sandwich;breakfast;lunch']",['POI'],POINT(10.0275621 53.5853412),
CroqAdeal,,['amenity:fast_food'],['POI'],POINT(10.049884 53.5955534),
Espresso House,,['amenity:cafe'],['POI'],POINT(9.9887582 53.5548815),
Daruma,,"['amenity:restaurant', 'cuisine:japanese']",['POI'],POINT(10.0078593 53.5457162),
La Puglia,,"['amenity:restaurant', 'cuisine:italian']",['POI'],POINT(10.211586 53.4884752),
November,,['amenity:bar'],['POI'],POINT(10.2120102 53.4870555),
Bla Bla,,['amenity:bar'],['POI'],POINT(10.218307 53.4848901),
Schweinske,,"['amenity:restaurant', 'branch:Wilhelmsburg', 'cuisine:burger;escalope;german']",['POI'],POINT(10.0110424 53.4982312),
Casa Portugal,,['amenity:cafe'],['POI'],POINT(10.012475 53.5584999),
Taj Mahal,,"['amenity:restaurant', 'cuisine:indian']",['POI'],POINT(9.9568643 53.5623554),
Taverne Ägäis,,"['amenity:restaurant', 'cuisine:greek']",['POI'],POINT(9.9538387 53.5649878),
Bar Jasou,,['amenity:bar'],['POI'],POINT(9.9505221 53.5699402),
Lieblings,,"['amenity:cafe', 'cuisine:ice_cream;breakfast']",['POI'],POINT(10.0027453 53.5494464),
Goot,,"['amenity:restaurant', 'cuisine:german']",['POI'],POINT(10.0006508 53.5485248),
Cafeteria Studierendenwerk,,"['amenity:cafe', 'cuisine:bagel;cake;coffee_shop']",['POI'],POINT(10.0176159 53.554827),
Café im Herrenhaus,,"['amenity:cafe', 'cuisine:regional']",['POI'],POINT(10.0715697 53.6429591),
Café Bouquet,,['amenity:cafe'],['POI'],POINT(10.2092261 53.4897181),
Rasthof Harburger Berge,,"['amenity:restaurant', 'cuisine:german']",['POI'],POINT(9.9665434 53.4239458),
Harburger Berge,,['amenity:fast_food'],['POI'],POINT(9.963253 53.4240768),
Mata Hambre,,"['amenity:restaurant', 'cuisine:spanish']",['POI'],POINT(9.947911 53.5819679),
Balutschi,,"['amenity:restaurant', 'cuisine:indian']",['POI'],POINT(9.9822495 53.5657047),
Mersin Tantuni,,['amenity:restaurant'],['POI'],POINT(10.207831 53.4913657),
Down Under,,"['amenity:restaurant', 'cuisine:australian']",['POI'],POINT(9.984035 53.5642198),
Café Bohne,,"['amenity:cafe', 'cuisine:coffee_shop;cake']",['POI'],POINT(9.846956 53.5736809),
Bambi auf St. Pauli,,['amenity:pub'],['POI'],POINT(9.9610337 53.5509128),
WRAP sache,,['amenity:restaurant'],['POI'],POINT(10.0006901 53.5950949),
Nonno's Pizza-Manufaktur,,"['amenity:fast_food', 'cuisine:pizza']",['POI'],POINT(10.0635272 53.6032214),
Sen Asia,,"['amenity:fast_food', 'cuisine:asian']",['POI'],POINT(10.0591417 53.5772054),
Anatolian Street Food,,['amenity:fast_food'],['POI'],POINT(10.1338729 53.5843178),
Zum goldenen Engel,,['amenity:restaurant'],['POI'],POINT(10.1348001 53.5843085),
Cotidiano,,"['amenity:cafe', 'branch:Lange Reihe', 'cuisine:coffee_shop;sandwich']",['POI'],POINT(10.0101367 53.5567924),
Vagueira,,"['amenity:restaurant', 'cuisine:portuguese']",['POI'],POINT(10.0108864 53.5573368),
Trattoria Amarone,,"['amenity:restaurant', 'cuisine:italian']",['POI'],POINT(10.1236688 53.5859361),
Quán Đỏ,,"['amenity:restaurant', 'cuisine:vietnamese']",['POI'],POINT(10.0025431 53.5533771),
MO - Restaurant,,"['amenity:restaurant', 'cuisine:asian;japanese']",['POI'],POINT(9.98961 53.593521),
Burger Heroes,,"['amenity:fast_food', 'cuisine:burger']",['POI'],POINT(10.0089311 53.5529511),
BLOCK HOUSE,,"['amenity:restaurant', 'cuisine:steak_house']",['POI'],POINT(10.0088968 53.5532393),
Mäggi's Eck,,['amenity:pub'],['POI'],POINT(10.0021938 53.5981832),
CREMA & BEANS,,['amenity:cafe'],['POI'],POINT(9.9836161 53.5951397),
Yamass,,"['amenity:restaurant', 'cuisine:greek']",['POI'],POINT(10.0079815 53.6831251),
Café Paranoia,,['amenity:cafe'],['POI'],POINT(9.9833136 53.5675112),
Schweinske,Das Schweinske Bergedorf bietet eine schwimmende Außenterrasse und ist sogar per Boot erreichbar über den hauseigenen Bootsanleger.,"['amenity:restaurant', 'branch:Bergedorf', 'cuisine:burger;escalope;german']",['POI'],POINT(10.2098632 53.4874712),
Eiscafé Ciprian,,['amenity:cafe'],['POI'],POINT(10.2123348 53.488062),
Cafè la Petite Rue,,['amenity:cafe'],['POI'],POINT(10.2134095 53.4881811),
Hee-Yang;Hee-Yang Sushi & Bar,,"['amenity:restaurant', 'cuisine:asian;thai;sushi']",['POI'],POINT(10.008928 53.5529918),
Das Dorf,,"['amenity:restaurant', 'cuisine:german;austrian']",['POI'],POINT(10.010275 53.5568812),
Baumann's Bier-Bar,,"['amenity:restaurant', 'cuisine:german']",['POI'],POINT(10.0089235 53.5531242),
Vesuvio,,"['amenity:restaurant', 'cuisine:italian']",['POI'],POINT(10.0089503 53.5530318),
peaberries Kaffee,,"['amenity:cafe', 'cuisine:sandwich']",['POI'],POINT(10.0105431 53.5575493),
H2O,,['amenity:bar'],['POI'],POINT(9.9823198 53.5561313),
Taverne Antigone,,"['amenity:restaurant', 'cuisine:greek']",['POI'],POINT(10.0113811 53.4222497),
Hala mignon,,"['amenity:restaurant', 'cuisine:lebanese']",['POI'],POINT(9.9814419 53.5711122),
Kaiserwetter,,['amenity:fast_food'],['POI'],POINT(9.987933 53.5518915),
Makuri,,"['amenity:restaurant', 'cuisine:sushi']",['POI'],POINT(9.9929265 53.545737),
mama trattoria Hamburg Hafencity,,"['amenity:restaurant', 'cuisine:italian']",['POI'],POINT(9.9938926 53.5429514),
pan con tomate,,['amenity:restaurant'],['POI'],POINT(9.99366 53.5429351),
Wildes Fräulein,,"['amenity:cafe', 'cuisine:austrian']",['POI'],POINT(9.9975756 53.5426902),
Tunici Restaurants Rahlstedt,,"['amenity:restaurant', 'cuisine:croatian']",['POI'],POINT(10.15197 53.6003994),
Restaurant Beiti,,"['amenity:restaurant', 'cuisine:lebanese']",['POI'],POINT(9.9970736 53.5985273),
Lusitano,,"['amenity:restaurant', 'cuisine:portuguese']",['POI'],POINT(9.9761067 53.5450521),
Café Sul Hafen,,['amenity:cafe'],['POI'],POINT(9.9760896 53.5461875),
Mitri Saliba,,"['amenity:restaurant', 'cuisine:syrian']",['POI'],POINT(9.9998734 53.5529707),
Fresh Food Factory,,['amenity:fast_food'],['POI'],POINT(10.0257471 53.5468984),
Jawa,,"['amenity:restaurant', 'cuisine:indonesian']",['POI'],POINT(10.0263456 53.5472855),
Mr. Kebab,,"['amenity:restaurant', 'cuisine:arab;kebab;turkish']",['POI'],POINT(9.9626853 53.5563972),
Bar La Notte,,['amenity:bar'],['POI'],POINT(9.9521282 53.5557074),
Tchibo,,"['amenity:cafe', 'cuisine:coffee_shop']",['POI'],POINT(10.2087865 53.4882002),
Eiscafé Ciprian,,"['amenity:cafe', 'cuisine:ice_cream']",['POI'],POINT(10.2092049 53.4882289),
HIKARI,,"['amenity:restaurant', 'cuisine:chinese;japanese;sushi']",['POI'],POINT(10.2084829 53.4883602),
Kaya Salate Feinkostgeschäft Hüsna Karahan,,"['amenity:cafe', 'cuisine:turkish']",['POI'],POINT(10.2073208 53.4874984),
KUPA Saftbar,,"['amenity:cafe', 'cuisine:german']",['POI'],POINT(10.2072303 53.4886974),
Pane & Vino,,"['amenity:cafe', 'cuisine:italian']",['POI'],POINT(10.2095858 53.4883981),
Ristorante Vero,,"['amenity:cafe', 'cuisine:italian']",['POI'],POINT(10.2086577 53.48828),
Odysseus,,"['amenity:restaurant', 'cuisine:greek']",['POI'],POINT(9.9458189 53.5767686),
Zzzischer,,['amenity:pub'],['POI'],POINT(9.9444502 53.5774623),
O'Sole Mio,,"['amenity:restaurant', 'cuisine:italian']",['POI'],POINT(9.9450891 53.5786955),
Chico Malo,,"['amenity:fast_food', 'cuisine:mexican']",['POI'],POINT(9.930003 53.552396),
Alto,,['amenity:restaurant'],['POI'],POINT(9.9759761 53.5500587),
Petit Bonheur,,['amenity:restaurant'],['POI'],POINT(9.9755853 53.5504192),
Neu Hue,,"['amenity:restaurant', 'cuisine:vietnamese']",['POI'],POINT(9.9829216 53.5534179),
85-Lounge,,['amenity:bar'],['POI'],POINT(10.0934048 53.546515),
Alster Lagune,,['amenity:restaurant'],['POI'],POINT(9.9967375 53.5535198),
Yoko Sushi,,['amenity:fast_food'],['POI'],POINT(9.999351 53.5486387),
Einstein,,"['amenity:restaurant', 'cuisine:barbecue;burger;pasta;pizza']",['POI'],POINT(9.9975987 53.5486817),
Saymai,,"['amenity:restaurant', 'cuisine:thai']",['POI'],POINT(9.9824167 53.5554896),
Caffe I Vigneri,,"['amenity:cafe', 'cuisine:italian']",['POI'],POINT(9.9939324 53.5491642),
Café Brooks,,"['amenity:cafe', 'cuisine:cake']",['POI'],POINT(10.0418884 53.5635567),
Da Vincenzo,,"['amenity:restaurant', 'cuisine:italian']",['POI'],POINT(10.0030774 53.5929338),
Charade,,['amenity:cafe'],['POI'],POINT(10.0026682 53.5907383),
Lupo,,"['amenity:restaurant', 'cuisine:italian']",['POI'],POINT(10.0022374 53.5915618),
Portomarin,,"['amenity:restaurant', 'cuisine:spanish']",['POI'],POINT(10.0023496 53.5913111),
Burger Vision,,"['amenity:restaurant', 'cuisine:burger']",['POI'],POINT(9.9800472 53.5678933),
The Locks,,"['amenity:restaurant', 'cuisine:german']",['POI'],POINT(10.0870867 53.6573),
Huang,,"['amenity:fast_food', 'cuisine:asian']",['POI'],POINT(10.0366815 53.5654608),
Qrito,,"['amenity:restaurant', 'cuisine:mexican']",['POI'],POINT(10.0116507 53.5575866),
McDonald's,,"['amenity:fast_food', 'cuisine:burger']",['POI'],POINT(10.0047918 53.6329201),
St. Pauli,,"['amenity:fast_food', 'cuisine:sandwich;coffee_shop']",['POI'],POINT(10.0031466 53.628563),
scoom,,['amenity:fast_food'],['POI'],POINT(10.0062238 53.6331079),
Goedeken Frischeshop,,"['amenity:fast_food', 'cuisine:fish']",['POI'],POINT(9.936507 53.544591),
Sense of Taste,,['amenity:fast_food'],['POI'],POINT(9.9712508 53.5821694),
Balducci,,['amenity:restaurant'],['POI'],POINT(10.0922317 53.6547773),
Strandhalle,,['amenity:restaurant'],['POI'],POINT(10.0909674 53.4428927),
Mr. Wok,,"['amenity:fast_food', 'cuisine:asian']",['POI'],POINT(10.0868171 53.5517761),
Amaranto Tapas & Vino,,"['amenity:restaurant', 'cuisine:mediterranean']",['POI'],POINT(10.0153283 53.5781665),
alsterback,,"['amenity:cafe', 'cuisine:coffee_shop']",['POI'],POINT(10.0245044 53.6159474),
Call a Pizza,,"['amenity:fast_food', 'cuisine:pizza']",['POI'],POINT(10.1028153 53.5428479),
elbe Kebap House,,['amenity:fast_food'],['POI'],POINT(9.8634586 53.5719877),
Domino's,,"['amenity:fast_food', 'cuisine:pizza']",['POI'],POINT(10.0002074 53.5953029),
Winterhuder Kaffeehaus,,"['amenity:cafe', 'cuisine:regional']",['POI'],POINT(9.9993638 53.5949917),
yorisa,,"['amenity:restaurant', 'cuisine:asian']",['POI'],POINT(9.9980174 53.5942515),
Ham An,,"['amenity:restaurant', 'cuisine:vietnamese']",['POI'],POINT(9.9964193 53.5939501),
Alte runde Ecke,,['amenity:pub'],['POI'],POINT(10.0010651 53.5930579),
Cafe Neo,,['amenity:cafe'],['POI'],POINT(10.0010057 53.5926963),
Kulinaria,,"['amenity:restaurant', 'cuisine:greek']",['POI'],POINT(10.1117494 53.5376609),
Albert's Restaurant,,['amenity:restaurant'],['POI'],POINT(10.0900052 53.5053519),
Domino's,,"['amenity:fast_food', 'cuisine:pizza']",['POI'],POINT(10.0131759 53.6430532),
Kaya,,"['amenity:fast_food', 'cuisine:kebab']",['POI'],POINT(10.01612 53.6497741),
Wandsbeker Bothe,,['amenity:pub'],['POI'],POINT(10.0689483 53.5744688),
Casa Nostra,,"['amenity:restaurant', 'cuisine:italian']",['POI'],POINT(10.011536 53.5572968),
Weinbar Collio,,['amenity:bar'],['POI'],POINT(10.0124983 53.5581038),
Frau Möller,,"['amenity:pub', 'cuisine:german']",['POI'],POINT(10.0132469 53.5586752),
Neumann|s,,"['amenity:restaurant', 'cuisine:regional']",['POI'],POINT(10.0130728 53.5591424),
Pizzamatrosen,,"['amenity:restaurant', 'cuisine:pizza;ice_cream']",['POI'],POINT(9.9518581 53.5456604),
La Bottega,,"['amenity:restaurant', 'cuisine:italian']",['POI'],POINT(9.9953895 53.5677438),
Eiscafe Tropea,,"['amenity:cafe', 'cuisine:ice_cream']",['POI'],POINT(9.9522791 53.5764653),
Brücke 10,Fischbrötchen,"['amenity:fast_food', 'cuisine:fish']",['POI'],POINT(9.9638381 53.5454327),
Edenhall,,['amenity:pub'],['POI'],POINT(10.017207 53.5865575),
Roomyz,,['amenity:cafe'],['POI'],POINT(10.0471061 53.5872454),
Men's Needs,,['amenity:bar'],['POI'],POINT(9.9860723 53.5554909),
Port,,"['amenity:restaurant', 'cuisine:german']",['POI'],POINT(9.9690756 53.5467278),
Restaurant Zum Dorfkrug,,['amenity:restaurant'],['POI'],POINT(9.7978413 53.4690207),
Amor's Pizza,,"['amenity:fast_food', 'cuisine:pizza']",['POI'],POINT(9.9132906 53.5593754),
WASSERSCHLOSS,,['amenity:restaurant'],['POI'],POINT(10.0000397 53.5455547),
Rudolph's,,"['amenity:restaurant', 'bar:yes', 'cuisine:italian;pizza;german']",['POI'],POINT(10.0027973 53.5449071),
Knusperstube,,['amenity:cafe'],['POI'],POINT(10.0711371 53.5736057),
Rock Café,,['amenity:pub'],['POI'],POINT(9.959474 53.5484284),
Palang good coffee,,"['amenity:cafe', 'cuisine:coffee_shop']",['POI'],POINT(10.0018725 53.5483844),
Eiscafé Röhling,,"['amenity:cafe', 'cuisine:ice_cream']",['POI'],POINT(10.1364021 53.5918423),
Delzepich Eis,,"['amenity:cafe', 'cuisine:ice_cream']",['POI'],POINT(10.0181999 53.5774153),
Cafe Pishkash,,['amenity:pub'],['POI'],POINT(9.9990228 53.4440969),
Mina,,"['amenity:fast_food', 'cuisine:kebab']",['POI'],POINT(10.0066006 53.4978089),
Döner Connection,,"['amenity:fast_food', 'cuisine:kebab']",['POI'],POINT(9.9642358 53.4647373),
Café am Park,,"['amenity:cafe', 'cuisine:ice_cream;coffee']",['POI'],POINT(9.9936226 53.4411015),
Restaurant Zeus,,"['amenity:restaurant', 'cuisine:greek;curry;seafood']",['POI'],POINT(9.9507549 53.5786414),
Golden Kebab,,"['amenity:fast_food', 'cuisine:kebab']",['POI'],POINT(9.9512042 53.5783523),
Croque Francais,,"['amenity:fast_food', 'cuisine:croque']",['POI'],POINT(9.9515195 53.5780822),
Ciao Ana,,"['amenity:restaurant', 'cuisine:italian;pizza;pasta']",['POI'],POINT(9.9762693 53.5462381),
Speicherstadt Kaffeerösterei,,['amenity:cafe'],['POI'],POINT(9.9880392 53.543817),
antiochia Burger Haus,,"['amenity:fast_food', 'cuisine:burger']",['POI'],POINT(9.9495633 53.5793562),
Club 20457,,['amenity:bar'],['POI'],POINT(9.9983205 53.5429129),
Pho Tinh,Akzeptiert nur Bargeld,"['amenity:restaurant', 'cuisine:vietnamese']",['POI'],POINT(10.0016606 53.5494038),
Banks Bistro Levant,,"['amenity:fast_food', 'cuisine:burger']",['POI'],POINT(10.0141099 53.544185),
Fischbeisl,,"['amenity:fast_food', 'cuisine:seafood']",['POI'],POINT(9.9401874 53.5443526),
Fischmarkt Bistro,,"['amenity:fast_food', 'cuisine:seafood']",['POI'],POINT(9.9400014 53.5443595),
Café Schmidt,,"['amenity:cafe', 'cuisine:cake']",['POI'],POINT(9.9398457 53.5447605),
Meeres-Kost,,"['amenity:fast_food', 'cuisine:seafood']",['POI'],POINT(9.9382023 53.5444759),
CARLOS Sambrosa,,"['amenity:fast_food', 'cuisine:mexican']",['POI'],POINT(10.0058977 53.5535331),
KFC,,"['amenity:fast_food', 'cuisine:chicken']",['POI'],POINT(10.0058496 53.5534462),
Sushi Supply,,"['amenity:fast_food', 'cuisine:sushi']",['POI'],POINT(10.0057503 53.5534691),
Subway,,"['amenity:fast_food', 'cuisine:sandwich']",['POI'],POINT(10.0059142 53.5536062),
HSV Kaffeepause,,['amenity:cafe'],['POI'],POINT(9.9621547 53.5499571),
Mundfein Pizzawerkstatt,,"['amenity:fast_food', 'cuisine:pizza']",['POI'],POINT(9.8740968 53.5912491),
mai-mai,,"['amenity:fast_food', 'cuisine:asian']",['POI'],POINT(9.8732909 53.5920869),
Gallo Bianco,,['amenity:restaurant'],['POI'],POINT(10.000609 53.5969085),
Sofia's,,"['amenity:fast_food', 'cuisine:pizza']",['POI'],POINT(9.9885406 53.4504803),
Special Connection,,['amenity:cafe'],['POI'],POINT(9.9517933 53.5457119),
Semtex Kulturkollektiv,,['amenity:bar'],['POI'],POINT(9.9632423 53.5481634),
Taverna Elia,,"['amenity:restaurant', 'cuisine:greek']",['POI'],POINT(9.9218921 53.5557797),
"""Pizza e Vino""",,"['amenity:fast_food', 'cuisine:italian_pizza']",['POI'],POINT(10.0880147 53.5509297),
Bereket Döner,,"['amenity:fast_food', 'cuisine:kebab']",['POI'],POINT(10.0849254 53.554524),
Katze,Beliebte Bar die besonders durch ihre Happy Hour Caipirinha bekannt sind,['amenity:bar'],['POI'],POINT(9.9616887 53.5625634),
CampusCafé,,['amenity:cafe'],['POI'],POINT(9.9840746 53.5656165),
Artemis,,"['amenity:restaurant', 'cuisine:turkish']",['POI'],POINT(10.1492406 53.5295686),
Deniz-Grill,,"['amenity:fast_food', 'cuisine:kebab']",['POI'],POINT(10.1502981 53.5270428),
Restaurant Engel,,"['amenity:restaurant', 'cuisine:fish;german']",['POI'],POINT(9.8635655 53.5464004),
Schanz-Elyseé,"Croques, Pasta, Eintöpfe und Fußballübertragungen","['amenity:pub', 'cuisine:french']",['POI'],POINT(9.9642885 53.5597104),
Curry Pirates,,"['amenity:restaurant', 'cuisine:german;barbecue']",['POI'],POINT(10.0213265 53.5779909),
Alt Helgoländer Fischerstube,warme Küche bis 22:00,"['amenity:restaurant', 'cuisine:seafood']",['POI'],POINT(9.952972 53.5458954),
Café Greco,,['amenity:cafe'],['POI'],POINT(10.2116202 53.4888176),
Mongolei,,"['amenity:restaurant', 'cuisine:asian']",['POI'],POINT(10.0980556 53.5890374),
McCafé,,"['amenity:cafe', 'cuisine:coffee_shop']",['POI'],POINT(10.0047581 53.6331151),
Café May,,"['amenity:cafe', 'cuisine:international']",['POI'],POINT(10.0410609 53.6025743),
Smiley's Pizza Profis,,"['amenity:fast_food', 'cuisine:pizza']",['POI'],POINT(10.0588989 53.5937474),
espresso,,['amenity:cafe'],['POI'],POINT(10.0521207 53.5934758),
Weltcafé ElbFaire,,['amenity:cafe'],['POI'],POINT(10.0022997 53.5428095),
Austerbar,,['amenity:bar'],['POI'],POINT(9.9593226 53.5727464),
Hammer Döner,,"['amenity:fast_food', 'cuisine:kebab']",['POI'],POINT(10.056993 53.5644104),
Aroma,,['amenity:restaurant'],['POI'],POINT(10.0431605 53.5960103),
Soul Sushi Sasel,,"['amenity:restaurant', 'cuisine:sushi']",['POI'],POINT(10.0940186 53.6383778),
Pina Bar,,['amenity:bar'],['POI'],POINT(10.0657516 53.5980608),
vju im Energiebunker,,"['amenity:cafe', 'cuisine:coffee_shop']",['POI'],POINT(9.9896185 53.5101461),
Dos Amigos,,"['amenity:restaurant', 'cuisine:mexican']",['POI'],POINT(10.2081193 53.4887999),
Luigi's,,"['amenity:restaurant', 'cuisine:italian']",['POI'],POINT(9.9745558 53.5456347),
Cantinho do Antonio,,['amenity:pub'],['POI'],POINT(9.9759587 53.5455709),
The Baby Goat Barn,,"['amenity:pub', 'cuisine:burger;pizza;salad;sandwich']",['POI'],POINT(9.9649692 53.5501567),
Meisennest,,['amenity:pub'],['POI'],POINT(10.0555219 53.5874959),
Köz Piazola,,['amenity:fast_food'],['POI'],POINT(10.1542673 53.6043723),
Haus 5 Bistro,,['amenity:restaurant'],['POI'],POINT(9.9686877 53.5488767),
San Lorenzo,,"['amenity:restaurant', 'cuisine:italian']",['POI'],POINT(9.9364612 53.5476111),
Barcelona,,"['amenity:restaurant', 'cuisine:tapas']",['POI'],POINT(9.9364862 53.5471769),
Kent Club,,['amenity:bar'],['POI'],POINT(9.9497263 53.5627155),
Kleines Bootshaus,,['amenity:fast_food'],['POI'],POINT(9.9923878 53.5411608),
Bootshaus,,['amenity:restaurant'],['POI'],POINT(9.9909836 53.5410897),
Catch of the Day,,['amenity:fast_food'],['POI'],POINT(9.9661422 53.5453779),
Crocc'izz,,"['amenity:restaurant', 'cuisine:burger;noodle;sandwich']",['POI'],POINT(9.9669338 53.4582039),
Die Pizzabäckerei,"Handgemachte Pizza für Hamburg Wandsbek, Eilbek, Barmbek und Umgebung","['amenity:fast_food', 'cuisine:pizza']",['POI'],POINT(10.0562404 53.5698017),
Calabrese Eiscafé,Eis-Creme und -Torten,"['amenity:cafe', 'cuisine:ice_cream']",['POI'],POINT(10.0089998 53.4978486),
Shankra,,"['amenity:fast_food', 'cuisine:indian']",['POI'],POINT(9.9485016 53.5603703),
MẬU,,"['amenity:restaurant', 'cuisine:vietnamese']",['POI'],POINT(9.9868437 53.5927583),
Dschungel,,['amenity:bar'],['POI'],POINT(9.9675098 53.5585666),
La Catalana,,"['amenity:restaurant', 'cuisine:spanish']",['POI'],POINT(9.9475039 53.5607729),
Bockel's-Bier-Bar,,['amenity:pub'],['POI'],POINT(9.7911713 53.4699463),
Smiley's,,"['amenity:fast_food', 'cuisine:pizza']",['POI'],POINT(9.9529639 53.6337144),
Eiscafé Siebenhüner,,"['amenity:cafe', 'cuisine:ice_cream']",['POI'],POINT(9.9528697 53.6334886),
City Döner & Pizza,,['amenity:fast_food'],['POI'],POINT(9.9477877 53.6405989),
L'Orient,,"['amenity:restaurant', 'cuisine:lebanon;mediterranean']",['POI'],POINT(10.0224048 53.5841718),
Domino's,,"['amenity:fast_food', 'cuisine:pizza']",['POI'],POINT(10.0229017 53.5843002),
BistroKitchen 53°Nord,,['amenity:restaurant'],['POI'],POINT(10.0112791 53.5885033),
Piazza,,"['amenity:restaurant', 'cuisine:italian']",['POI'],POINT(9.9619409 53.5623434),
Napoli,,['amenity:restaurant'],['POI'],POINT(9.9619026 53.5623802),
Möwe Sturzflug,,['amenity:bar'],['POI'],POINT(9.9648819 53.5523376),
Tazzi Pizza,,"['amenity:restaurant', 'cuisine:pizza']",['POI'],POINT(9.9645477 53.5519945),
Spanische Treppe,,"['amenity:restaurant', 'cuisine:spanish']",['POI'],POINT(10.0191272 53.5654751),
Taj,,"['amenity:restaurant', 'cuisine:indian']",['POI'],POINT(10.1034019 53.6529816),
Russano's,,"['amenity:restaurant', 'cuisine:italian']",['POI'],POINT(9.8827232 53.5593778),
Palastküche,,"['amenity:restaurant', 'cuisine:german']",['POI'],POINT(10.1109845 53.5418258),
Krox Billstedt,,"['amenity:fast_food', 'cuisine:pizza;burger;croque;crepe']",['POI'],POINT(10.1224363 53.5386989),
Treffpunkt,,['amenity:bar'],['POI'],POINT(10.1221927 53.5387375),
Meram,,"['amenity:restaurant', 'cuisine:turkish']",['POI'],POINT(10.1018453 53.5402357),
Sushi Lô,,"['amenity:restaurant', 'cuisine:sushi']",['POI'],POINT(9.9882259 53.5714085),
CavaRo Weinbar,,['amenity:bar'],['POI'],POINT(9.9882298 53.5714837),
Shalimar Gardens,,"['amenity:restaurant', 'cuisine:curry;indian;burger']",['POI'],POINT(9.9879383 53.5664668),
Cucina D'Elisa,,"['amenity:restaurant', 'cuisine:italian']",['POI'],POINT(9.9882876 53.5711662),
Subway,,"['amenity:fast_food', 'cuisine:sandwich']",['POI'],POINT(9.9878771 53.5551878),
Call a Pizza Hamburg Eppendorf,,"['amenity:fast_food', 'cuisine:pizza']",['POI'],POINT(9.9712966 53.5992517),
Planet Billard,,['amenity:pub'],['POI'],POINT(9.9712966 53.5991785),
Pinakas,,"['amenity:restaurant', 'cuisine:greek']",['POI'],POINT(9.9851567 53.5706634),
Big Food,,"['amenity:fast_food', 'cuisine:kebab']",['POI'],POINT(9.9635934 53.5596887),
Sushi Lô,,"['amenity:restaurant', 'cuisine:asian;japanese;sushi']",['POI'],POINT(9.9637837 53.5593276),
Cao,,"['amenity:fast_food', 'cuisine:vietnamese']",['POI'],POINT(9.963735 53.5594187),
Kebaba Dein Dönermann,,"['amenity:fast_food', 'cuisine:turkish']",['POI'],POINT(9.9631568 53.5621051),
Chakra,"Café, Bar, Restaurant","['amenity:cafe', 'cuisine:international']",['POI'],POINT(9.9632782 53.5621522),
Home Sweet Home,,"['amenity:restaurant', 'cuisine:german']",['POI'],POINT(10.0708648 53.5972117),
Asia Unique,"Japanisch, Thai, Koreanisch, Nepalesisch","['amenity:fast_food', 'cuisine:asian']",['POI'],POINT(9.9645525 53.5626318),
Piri Piri,,"['amenity:restaurant', 'cuisine:portuguese']",['POI'],POINT(9.9621816 53.5614902),
Café Stenzel,,"['amenity:cafe', 'cuisine:cake']",['POI'],POINT(9.9622325 53.5614172),
Bacchus,,"['amenity:restaurant', 'cuisine:greek']",['POI'],POINT(10.1453659 53.5913862),
Asia Hoang,,"['amenity:fast_food', 'cuisine:asian']",['POI'],POINT(10.1541454 53.6031272),
Piment,,['amenity:restaurant'],['POI'],POINT(9.979474 53.5820995),
Falafel Factory,,"['amenity:fast_food', 'cuisine:falafel']",['POI'],POINT(9.9652495 53.5640363),
Schanzen Döner,,"['amenity:fast_food', 'cuisine:kebab']",['POI'],POINT(9.9652408 53.5639926),
Absinth,,['amenity:bar'],['POI'],POINT(9.9652092 53.5638832),
Bier-Kate,,['amenity:pub'],['POI'],POINT(9.9403476 53.5741844),
Treffpunkt gemütliche Kneipe,,['amenity:pub'],['POI'],POINT(10.0973064 53.6506507),
Kaiser-Pavillon,,"['amenity:restaurant', 'cuisine:asian;chinese;japanese;mediterranean']",['POI'],POINT(9.849819 53.4724766),
Papa Johns,,"['amenity:fast_food', 'cuisine:pizza']",['POI'],POINT(10.0179974 53.5498954),
HENRIKS Bar & Restaurant,,['amenity:restaurant'],['POI'],POINT(9.9921098 53.5635549),
Haciendo Cafe,,['amenity:cafe'],['POI'],POINT(10.0236179 53.6267198),
Pizza Max,,"['amenity:fast_food', 'cuisine:pizza']",['POI'],POINT(10.0401373 53.5407944),
Döner Company,,"['amenity:fast_food', 'cuisine:kebab;turkish']",['POI'],POINT(9.930517 53.55218),
Klippkroog,,"['amenity:restaurant', 'cuisine:german']",['POI'],POINT(9.9391517 53.5522663),
Brückenstern,,['amenity:restaurant'],['POI'],POINT(9.9540737 53.561624),
Paros Grill,,['amenity:restaurant'],['POI'],POINT(9.9791258 53.4574188),
Harburger Stube,,['amenity:pub'],['POI'],POINT(9.9806064 53.46083),
Berglund,,['amenity:bar'],['POI'],POINT(10.0136338 53.5814939),
Cafe Crema,,['amenity:cafe'],['POI'],POINT(10.1059747 53.5397437),
bataq,,['amenity:bar'],['POI'],POINT(9.9780167 53.4610261),
ALHAYBA,,['amenity:fast_food'],['POI'],POINT(9.9803436 53.4603948),
Hypnotized,,['amenity:bar'],['POI'],POINT(9.9801455 53.4602687),
Speicherstadt Kaffeerösterei,,['amenity:cafe'],['POI'],POINT(9.9823822 53.5845712),
Thai-Gourmet-Imbiss,,"['amenity:restaurant', 'cuisine:thai']",['POI'],POINT(9.9616295 53.574456),
Kim Chi,,"['amenity:restaurant', 'cuisine:vietnamese']",['POI'],POINT(10.0974517 53.6193509),
Bistro Hoang Mai,,"['amenity:fast_food', 'cuisine:vietnamese']",['POI'],POINT(10.1358957 53.5704047),
Bei Angelika,,['amenity:pub'],['POI'],POINT(10.1187983 53.5369355),
Extrawurst,,"['amenity:fast_food', 'cuisine:sausage']",['POI'],POINT(10.0651458 53.5716143),
Memory,,['amenity:restaurant'],['POI'],POINT(9.7930466 53.5807372),
Mamalicious,,"['amenity:fast_food', 'cuisine:cheesecake']",['POI'],POINT(9.9595722 53.5637191),
Pizzeria al Volo,,"['amenity:restaurant', 'cuisine:italian']",['POI'],POINT(9.9704127 53.5814907),
The Boilerman Bar,,['amenity:pub'],['POI'],POINT(9.9704748 53.5815227),
Viet Quán,,"['amenity:restaurant', 'cuisine:vietnamese;asian']",['POI'],POINT(10.0733116 53.574542),
Taverna Pegasus,,"['amenity:restaurant', 'cuisine:greek']",['POI'],POINT(9.8414889 53.6086422),
Dubrovnik,,"['amenity:restaurant', 'cuisine:balkan']",['POI'],POINT(9.8401686 53.6078266),
Casa Franco Caramba,,"['amenity:restaurant', 'cuisine:portuguese']",['POI'],POINT(9.9760789 53.5451374),
Eclair au Café,,"['amenity:cafe', 'cuisine:french']",['POI'],POINT(9.9562121 53.5683626),
Saloon,,['amenity:restaurant'],['POI'],POINT(10.11795 53.5361789),
Mi Pho,,"['amenity:restaurant', 'cuisine:vietnamese']",['POI'],POINT(9.9090683 53.6324759),
Boberg Döner Haus,,"['amenity:fast_food', 'cuisine:kebab']",['POI'],POINT(10.1666309 53.5153075),
Sushi Shop,,"['amenity:fast_food', 'cuisine:sushi']",['POI'],POINT(10.0107663 53.5572469),
Gasthof Hitscherberg,,['amenity:restaurant'],['POI'],POINT(10.197401 53.4376001),
Gasthof Kücken,,['amenity:pub'],['POI'],POINT(10.2068243 53.4287427),
Nardo's,,"['amenity:restaurant', 'cuisine:german']",['POI'],POINT(9.9227298 53.5531412),
In der Zwischenzeit,,['amenity:cafe'],['POI'],POINT(10.1635042 53.6496046),
ARIA – ristorante italiano,,"['amenity:restaurant', 'cuisine:italian']",['POI'],POINT(10.0225021 53.6338249),
HÀ DĂNG,,"['amenity:restaurant', 'cuisine:vietnamese']",['POI'],POINT(10.2148072 53.4858969),
Momento Di Due Königsberg,,"['amenity:restaurant', 'cuisine:german']",['POI'],POINT(10.0034514 53.4414439),
Redroom,,['amenity:bar'],['POI'],POINT(9.8649825 53.555934),
Tibet,,"['amenity:restaurant', 'cuisine:asian']",['POI'],POINT(9.7920419 53.5807734),
Toprak Döner,,"['amenity:fast_food', 'cuisine:kebab']",['POI'],POINT(10.1631044 53.5692184),
Zur Post,,"['amenity:restaurant', 'cuisine:regional']",['POI'],POINT(9.7784998 53.5348368),
Ritze Curry,,['amenity:fast_food'],['POI'],POINT(9.9594908 53.5497145),
ciao bella,,"['amenity:fast_food', 'cuisine:pizza']",['POI'],POINT(10.0063022 53.5535325),
Hummer Pedersen,,"['amenity:restaurant', 'cuisine:seafood']",['POI'],POINT(9.9436057 53.5446029),
Ma Maison Tapas Bar,,['amenity:restaurant'],['POI'],POINT(10.213375 53.4873001),
sofacafé,,['amenity:cafe'],['POI'],POINT(9.9702961 53.4632624),
Sushibar,,"['amenity:restaurant', 'cuisine:sushi']",['POI'],POINT(10.2131557 53.4862333),
Cuneo,,"['amenity:restaurant', 'cuisine:italian']",['POI'],POINT(9.9625365 53.5479178),
Zum Anker,,['amenity:pub'],['POI'],POINT(9.9625177 53.5480276),
mama,,"['amenity:restaurant', 'cuisine:italian']",['POI'],POINT(10.0806106 53.6416595),
Dai Nam,,"['amenity:restaurant', 'cuisine:vietnamese']",['POI'],POINT(9.9780037 53.572357),
Falafel Pyramides,,"['amenity:fast_food', 'cuisine:arab']",['POI'],POINT(9.9285739 53.5560058),
east Restaurant,,['amenity:restaurant'],['POI'],POINT(9.9659906 53.5512059),
Pizza Smileys,,"['amenity:fast_food', 'cuisine:pizza']",['POI'],POINT(9.8746058 53.6055204),
Thai Box,,['amenity:fast_food'],['POI'],POINT(9.9868519 53.4573486),
Jim Burrito's Cantina,,"['amenity:restaurant', 'cuisine:mexican']",['POI'],POINT(9.9637965 53.5599547),
Public Coffee Roasters,,['amenity:cafe'],['POI'],POINT(9.9826548 53.5513688),
Karofisch,,"['amenity:restaurant', 'cuisine:fish']",['POI'],POINT(9.9699334 53.5574736),
Man Wah,,"['amenity:restaurant', 'cuisine:chinese']",['POI'],POINT(9.9648019 53.549239),
Thai Town,,"['amenity:restaurant', 'cuisine:thai']",['POI'],POINT(9.9649012 53.5489619),
Shikara,,"['amenity:restaurant', 'cuisine:indian']",['POI'],POINT(9.9649205 53.5488236),
Pizza Max,,"['amenity:fast_food', 'cuisine:pizza']",['POI'],POINT(10.2123842 53.4870699),
Huang,,"['amenity:restaurant', 'cuisine:asian']",['POI'],POINT(10.0027183 53.5499368),
Bax Café Crème,,['amenity:cafe'],['POI'],POINT(10.2074549 53.4920122),
BistrOceaN,,"['amenity:fast_food', 'cuisine:seafood']",['POI'],POINT(9.9368553 53.5445662),
Kartoffelhaus Papas,,['amenity:restaurant'],['POI'],POINT(9.7912329 53.4681529),
Trattoria Campo,,"['amenity:restaurant', 'cuisine:italian']",['POI'],POINT(9.9921741 53.5928378),
mama trattoria,,"['amenity:restaurant', 'cuisine:italian;pizza']",['POI'],POINT(10.017927 53.5829238),
Gasthaus Q21,,"['amenity:restaurant', 'cuisine:regional']",['POI'],POINT(10.0395239 53.6035609),
Bertto`s Pizzamacherei,,"['amenity:fast_food', 'cuisine:pizza']",['POI'],POINT(9.9703187 53.5840466),
Deichdiele,,"['amenity:cafe', 'bar:yes']",['POI'],POINT(9.9862077 53.5053226),
Lu's Asian Food,,"['amenity:restaurant', 'cuisine:asian']",['POI'],POINT(10.0261404 53.5853073),
Croque du nord,,['amenity:fast_food'],['POI'],POINT(10.0267422 53.5854425),
Dubara,,"['amenity:fast_food', 'cuisine:kebab']",['POI'],POINT(10.0250939 53.5847734),
Okay Grill,,"['amenity:fast_food', 'cuisine:turkish;kebab']",['POI'],POINT(9.9421305 53.5775603),
Café par ici,,"['amenity:cafe', 'cuisine:french']",['POI'],POINT(9.996289 53.5841705),
Hi Croque,,"['amenity:fast_food', 'cuisine:sandwich']",['POI'],POINT(9.9549077 53.5752848),
Drafthouse,,['amenity:bar'],['POI'],POINT(9.9614739 53.548885),
Trattoria Remo’s,,"['amenity:restaurant', 'cuisine:italian']",['POI'],POINT(9.963075 53.5538898),
Le Croque,,"['amenity:fast_food', 'cuisine:french']",['POI'],POINT(9.9640779 53.5801991),
Quo Vadis,,['amenity:cafe'],['POI'],POINT(9.9798028 53.5682546),
Cafe Vivet,,['amenity:restaurant'],['POI'],POINT(10.0027038 53.5518174),
Morgenmuffel,,['amenity:restaurant'],['POI'],POINT(9.9883968 53.5939321),
Perfect Pizza,,"['amenity:fast_food', 'cuisine:pizza']",['POI'],POINT(9.9888709 53.5936363),
Formidable,,['amenity:cafe'],['POI'],POINT(9.9884523 53.5931015),
Habicht 106,,['amenity:pub'],['POI'],POINT(10.0494557 53.5946629),
Pizzeria Palermo,,"['amenity:restaurant', 'cuisine:italian']",['POI'],POINT(9.9619991 53.5505276),
Hülsen Petit Fisch Bistro,,['amenity:cafe'],['POI'],POINT(9.9874279 53.5940013),
Dametto,,['amenity:restaurant'],['POI'],POINT(9.9874383 53.5941401),
Hermitage Cafè,,"['amenity:cafe', 'cuisine:russian']",['POI'],POINT(9.9878466 53.5926567),
Taverna Symposion,,"['amenity:restaurant', 'cuisine:greek']",['POI'],POINT(9.9875138 53.5943822),
Là Phin,,['amenity:cafe'],['POI'],POINT(9.9881455 53.59324),
Marathon,,"['amenity:restaurant', 'cuisine:greek']",['POI'],POINT(9.910053 53.6472889),
asiahub,,"['amenity:restaurant', 'cuisine:asian']",['POI'],POINT(9.8130439 53.5641421),
Die Treppe,,['amenity:pub'],['POI'],POINT(9.9801811 53.4611148),
Raw Like Sushi,,"['amenity:restaurant', 'cuisine:sushi']",['POI'],POINT(9.9872161 53.5922537),
Bodega,,['amenity:pub'],['POI'],POINT(9.9644894 53.5674523),
Fofftein,,"['amenity:cafe', 'cuisine:german;regional']",['POI'],POINT(9.9636687 53.5688979),
I'lncontro da Cosimo,,"['amenity:restaurant', 'cuisine:italian']",['POI'],POINT(9.9648928 53.5667829),
Juwelier Espressobar,,['amenity:cafe'],['POI'],POINT(9.9647301 53.5670605),
Trattoria da Leandro,,"['amenity:restaurant', 'cuisine:italian;italian_pizza']",['POI'],POINT(9.9642426 53.5678926),
Schweinske,,"['amenity:restaurant', 'branch:Lohbrügge', 'cuisine:burger;escalope;german']",['POI'],POINT(10.2066606 53.4940787),
Huang,,"['amenity:restaurant', 'cuisine:asian']",['POI'],POINT(10.2074321 53.4915204),
Tibet,,"['amenity:restaurant', 'cuisine:tibetan']",['POI'],POINT(9.9394787 53.5585304),
Junge,,['amenity:cafe'],['POI'],POINT(9.9845638 53.5877115),
Schlachterbörse,,"['amenity:restaurant', 'cuisine:steak_house']",['POI'],POINT(9.9679653 53.5608016),
Café Missingsch,,['amenity:cafe'],['POI'],POINT(10.0129619 53.5833972),
Café Ferdinand,,['amenity:cafe'],['POI'],POINT(9.9923497 53.5529644),
Schönes Leben,,['amenity:restaurant'],['POI'],POINT(9.987144 53.5457329),
Neumann's,,['amenity:restaurant'],['POI'],POINT(9.9848171 53.5708905),
Madrigal,,"['amenity:restaurant', 'cuisine:spanish;Tapas']",['POI'],POINT(10.0106304 53.583703),
Menmō,,['amenity:restaurant'],['POI'],POINT(10.0100221 53.5834835),
Mia Mio,,['amenity:cafe'],['POI'],POINT(9.9495039 53.5806355),
Asia Quick,,"['amenity:fast_food', 'cuisine:asian']",['POI'],POINT(10.041519 53.5665684),
Pizzeria am Schlump,,"['amenity:restaurant', 'cuisine:pizza']",['POI'],POINT(9.972252 53.5685663),
Albatros Café,,['amenity:cafe'],['POI'],POINT(10.0367753 53.574867),
Ristorante Mamma Mia,,"['amenity:restaurant', 'cuisine:italian']",['POI'],POINT(10.1990972 53.4850938),
Nord Coast,,"['amenity:cafe', 'cuisine:coffee_shop']",['POI'],POINT(9.9663154 53.5796197),
Wilhelms im Wälderhaus,,['amenity:cafe'],['POI'],POINT(10.0027988 53.4962161),
Küchenfreunde Kraftwerk,,['amenity:restaurant'],['POI'],POINT(9.9327866 53.5657091),
Imbiss Frascati Platz,,"['amenity:restaurant', 'cuisine:regional']",['POI'],POINT(10.2111897 53.483846),
Paddy's,,['amenity:pub'],['POI'],POINT(9.9940431 53.5495686),
Student Affairs,,"['amenity:cafe', 'cuisine:coffee_shop']",['POI'],POINT(10.1999854 53.493617),
Rutsche,,['amenity:pub'],['POI'],POINT(9.9614565 53.5485851),
Kleine Heimat,,['amenity:cafe'],['POI'],POINT(10.0007724 53.542293),
ROLIN,,"['amenity:restaurant', 'cuisine:regional']",['POI'],POINT(9.8067875 53.6579048),
STRAUCHS FALCO,,['amenity:restaurant'],['POI'],POINT(10.0004819 53.5429328),
Authentikka,,"['amenity:restaurant', 'cuisine:indian']",['POI'],POINT(10.0139502 53.5818779),
Kiez Alm Hamburg,,['amenity:bar'],['POI'],POINT(9.957165 53.551108),
Behr,,['amenity:pub'],['POI'],POINT(9.9487979 53.5798324),
Körri Speisekontor,,"['amenity:restaurant', 'cuisine:regional']",['POI'],POINT(10.0039123 53.5486529),
Im Sprinkenhof,,"['amenity:restaurant', 'cuisine:regional']",['POI'],POINT(10.0032809 53.5486202),
Gugu,,['amenity:bar'],['POI'],POINT(9.9955213 53.5498869),
De Marco,,"['amenity:restaurant', 'cuisine:italian']",['POI'],POINT(9.9954289 53.5498885),
Salam City,,"['amenity:fast_food', 'cuisine:arab;lebanese']",['POI'],POINT(9.9953241 53.5498904),
Il Cortile,,"['amenity:restaurant', 'cuisine:italian']",['POI'],POINT(9.8967993 53.5700831),
New Saigon,,"['amenity:restaurant', 'cuisine:asian;vietnamese']",['POI'],POINT(10.0225849 53.5842197),
Crown Pizza,,"['amenity:fast_food', 'cuisine:pizza']",['POI'],POINT(9.9931622 53.5164214),
LiZ Libertäres Zentrum,,['amenity:cafe'],['POI'],POINT(9.9746437 53.5590588),
Hobenköök,,"['amenity:restaurant', 'cuisine:regional']",['POI'],POINT(10.1105189 53.630536),
Mister Croque,,"['amenity:fast_food', 'cuisine:sandwich']",['POI'],POINT(9.9450031 53.5797362),
Truc's,,"['amenity:fast_food', 'cuisine:chinese;thai;vietnamese']",['POI'],POINT(9.9829 53.5701),
Lust auf Sizilien,,"['amenity:restaurant', 'cuisine:italian']",['POI'],POINT(9.7871063 53.6382381),
Pizza Max,,"['amenity:fast_food', 'cuisine:pizza;burger']",['POI'],POINT(9.9803082 53.5967715),
Corner Café,,['amenity:cafe'],['POI'],POINT(10.0168518 53.5506798),
Parea,,"['amenity:restaurant', 'cuisine:greek;pasta']",['POI'],POINT(9.9425507 53.5806951),
Urknall,,['amenity:pub'],['POI'],POINT(9.9423147 53.579345),
Wolle&Toddy,,['amenity:pub'],['POI'],POINT(10.0133212 53.5549153),
Domino's Pizza,,"['amenity:fast_food', 'cuisine:pizza']",['POI'],POINT(9.9461624 53.5795297),
Pluto,,['amenity:restaurant'],['POI'],POINT(9.9964923 53.5706734),
Ratsherrn Klause,,['amenity:pub'],['POI'],POINT(9.9766806 53.5646716),
Leonardo,,"['amenity:cafe', 'cuisine:ice_cream']",['POI'],POINT(9.9804784 53.6821571),
Holsten Quelle,,['amenity:pub'],['POI'],POINT(9.8540946 53.4703665),
Samo's Cafe Bar,,['amenity:pub'],['POI'],POINT(9.9444806 53.5807731),
Salli's,,"['amenity:fast_food', 'cuisine:turkish']",['POI'],POINT(9.9695958 53.5681334),
Carroux Kaffeerösterei,,['amenity:cafe'],['POI'],POINT(9.8121894 53.5585513),
My Poké,,"['amenity:restaurant', 'cuisine:asian']",['POI'],POINT(9.9306901 53.5527852),
Mahajivan,,"['amenity:restaurant', 'cuisine:indian']",['POI'],POINT(9.9624213 53.5500939),
Cafe Melt,,['amenity:cafe'],['POI'],POINT(9.9735266 53.5454709),
Cafe am Hafen,,"['amenity:cafe', 'cuisine:coffee_shop']",['POI'],POINT(9.9735229 53.5457055),
Pub 34,,['amenity:pub'],['POI'],POINT(10.0226918 53.5672521),
Ristorante L´Ancora,,"['amenity:restaurant', 'cuisine:italian']",['POI'],POINT(9.9759234 53.5453933),
Mar Salgado,,['amenity:restaurant'],['POI'],POINT(9.9749291 53.5461018),
Back-Lava,,['amenity:cafe'],['POI'],POINT(10.01473 53.5543849),
Pizza Max,,"['amenity:fast_food', 'cuisine:pizza']",['POI'],POINT(10.1238775 53.5882703),
MAATS Blankenese,,['amenity:cafe'],['POI'],POINT(9.8239689 53.5542163),
Mama Kumpir,,"['amenity:fast_food', 'cuisine:turkish;balkan;pizza']",['POI'],POINT(9.9350141 53.5829705),
Asia Wok,,"['amenity:fast_food', 'cuisine:asian;noodles;sushi;chinese;thai;indian']",['POI'],POINT(9.9377286 53.5811319),
Seoul 1988,,"['amenity:restaurant', 'cuisine:asian;korean;chinese']",['POI'],POINT(9.9389875 53.5806517),
Crazy Devil's,,['amenity:pub'],['POI'],POINT(9.9358798 53.5826888),
Joker's Bar,Zutritt nur ab 18 Jahren,['amenity:pub'],['POI'],POINT(9.9381878 53.581437),
AlsterCliff,,['amenity:restaurant'],['POI'],POINT(10.0021864 53.5740167),
Barbarabar,,['amenity:bar'],['POI'],POINT(9.9610528 53.5506556),
Pasta Pasta,,"['amenity:restaurant', 'cuisine:pasta;pizza']",['POI'],POINT(9.9910382 53.5410144),
L'orient,,"['amenity:restaurant', 'cuisine:lebanese']",['POI'],POINT(9.9288154 53.5544075),
Hayati's Küche,,['amenity:fast_food'],['POI'],POINT(10.0201863 53.552482),
döner time,,"['amenity:fast_food', 'cuisine:kebab']",['POI'],POINT(10.0224631 53.5530006),
Bistro Vegetario,,['amenity:fast_food'],['POI'],POINT(10.0216487 53.5528762),
Karlsons,,"['amenity:restaurant', 'cuisine:scandinavian']",['POI'],POINT(9.9821161 53.55047),
Schön-Café,,['amenity:cafe'],['POI'],POINT(10.053903 53.5773547),
Das Joy,,"['amenity:restaurant', 'cuisine:pizza;regional']",['POI'],POINT(10.0178817 53.5775082),
San Daniele,,"['amenity:restaurant', 'cuisine:italian']",['POI'],POINT(10.0747345 53.6635597),
SoulKebab,,"['amenity:fast_food', 'cuisine:kebab']",['POI'],POINT(9.994844 53.5999144),
Wilstorfer friends Bar,,['amenity:pub'],['POI'],POINT(9.9929977 53.4415015),
Panther cafébarkitchen,,"['amenity:cafe', 'cuisine:coffee_shop;international']",['POI'],POINT(9.974516 53.5583089),
Jahreszeiten Grill,,['amenity:restaurant'],['POI'],POINT(9.9915198 53.5555409),
Gazi Antep,,"['amenity:fast_food', 'cuisine:kebab']",['POI'],POINT(9.7944042 53.6609643),
Pastelaria Carlos,,"['amenity:cafe', 'cuisine:portuguese']",['POI'],POINT(10.0409581 53.6029408),
Tunici,,"['amenity:restaurant', 'cuisine:croatian']",['POI'],POINT(10.0411411 53.6019839),
Yoshi,,"['amenity:restaurant', 'cuisine:japanese']",['POI'],POINT(9.9905334 53.5529069),
Nissis Kunstkantine,,['amenity:restaurant'],['POI'],POINT(9.9955998 53.5416403),
Taverna Jota & Jorgos,,"['amenity:restaurant', 'cuisine:greek']",['POI'],POINT(9.9713255 53.5707379),
Hong Kong Wok,,"['amenity:restaurant', 'cuisine:asian']",['POI'],POINT(10.0920078 53.568443),
Batman,,"['amenity:fast_food', 'cuisine:kebab']",['POI'],POINT(10.0142923 53.5541791),
Clubhaus,,['amenity:restaurant'],['POI'],POINT(9.8730171 53.5794577),
Premium Food,,"['amenity:fast_food', 'cuisine:kebab;pizza']",['POI'],POINT(9.9653973 53.4645104),
Bobby Reich,,['amenity:cafe'],['POI'],POINT(10.0003727 53.5803678),
cantinetta ristorante,,"['amenity:restaurant', 'cuisine:italian']",['POI'],POINT(9.9954557 53.5437552),
MOJO Jazz Café,,['amenity:cafe'],['POI'],POINT(9.9679283 53.5497575),
ănici,,"['amenity:restaurant', 'cuisine:vietnamese']",['POI'],POINT(9.9552853 53.5756697),
L´Orient,,"['amenity:restaurant', 'cuisine:lebanese']",['POI'],POINT(9.9483165 53.57733),
Oster Grill,,"['amenity:fast_food', 'cuisine:kebab']",['POI'],POINT(9.949663 53.576246),
Hatari Pfälzer Stüble,,"['amenity:restaurant', 'cuisine:german']",['POI'],POINT(9.9571122 53.5804351),
Brimborium,,"['amenity:restaurant', 'cuisine:regional']",['POI'],POINT(9.9311966 53.6287006),
Bubble Tea,,['amenity:cafe'],['POI'],POINT(9.995057 53.5513905),
Domino's,,"['amenity:fast_food', 'cuisine:pizza']",['POI'],POINT(9.8645474 53.5701661),
Restaurant Yang-Zi,,"['amenity:restaurant', 'cuisine:korean']",['POI'],POINT(9.9872833 53.682397),
Carlos Coffee,,['amenity:cafe'],['POI'],POINT(9.9545636 53.5753522),
Eclair au cafe,,['amenity:cafe'],['POI'],POINT(10.017372 53.5775981),
KorallBar,,['amenity:bar'],['POI'],POINT(9.9620902 53.5511305),
Markt Koenig,,['amenity:restaurant'],['POI'],POINT(9.9660757 53.5568782),
Soul Kebap,,"['amenity:fast_food', 'cuisine:kebab']",['POI'],POINT(9.9668 53.5564894),
Burgerlich,,"['amenity:restaurant', 'cuisine:burger']",['POI'],POINT(9.9989738 53.5497036),
Die Rösterei Coffeum,,['amenity:cafe'],['POI'],POINT(10.0015825 53.5498826),
Mina,,"['amenity:restaurant', 'cuisine:kebab']",['POI'],POINT(10.0095916 53.4978283),
kofookoo,,"['amenity:restaurant', 'cuisine:asian;chinese;japanese;sushi']",['POI'],POINT(9.9655155 53.5568986),
Das weisse Haus,,['amenity:restaurant'],['POI'],POINT(9.9152103 53.5446758),
övelgönner fährhaus,,['amenity:restaurant'],['POI'],POINT(9.9148128 53.5446861),
Nuggis Elbkate,Gaststätte und Kneipe mit Fischbrötchen auf die Hand und muckeligem Innenraum,"['amenity:fast_food', 'cuisine:regional']",['POI'],POINT(9.9148612 53.5435509),
Elbwarte Augustinum,,['amenity:cafe'],['POI'],POINT(9.9166007 53.5437705),
Rainville Elbterassen,,['amenity:bar'],['POI'],POINT(9.9308689 53.5458787),
EisBar,,"['amenity:cafe', 'cuisine:ice_cream;coffee']",['POI'],POINT(9.9460599 53.5444614),
"Speisenwirtschaft, Bed&Breakfast und Café",,"['amenity:restaurant', 'cuisine:german;international']",['POI'],POINT(9.8699059 53.6575144),
Mr. Ape,,['amenity:bar'],['POI'],POINT(9.9512552 53.5777005),
emek,,['amenity:fast_food'],['POI'],POINT(9.9654139 53.5646073),
Trattoria 500,,"['amenity:restaurant', 'cuisine:italian']",['POI'],POINT(9.9586228 53.5529526),
Eat Restaurant,,"['amenity:restaurant', 'cuisine:chinese']",['POI'],POINT(9.9894716 53.5543439),
Cafe Liam,,['amenity:cafe'],['POI'],POINT(10.1681571 53.648465),
Pizza Al Taglio,,"['amenity:restaurant', 'cuisine:italian;pizza']",['POI'],POINT(9.9280171 53.5565298),
DAVID'S,,['amenity:bar'],['POI'],POINT(9.9631083 53.5471488),
waterkant,,"['amenity:restaurant', 'cuisine:fish']",['POI'],POINT(9.9631652 53.5472005),
20up,"Dresscode: elegant, nicht sportlich",['amenity:bar'],['POI'],POINT(9.9633526 53.5472091),
Novo2,,['amenity:bar'],['POI'],POINT(10.0250454 53.558903),
Novo2,,['amenity:restaurant'],['POI'],POINT(10.0253025 53.5589612),
BENTOSushi & Asian cuisine,,"['amenity:restaurant', 'cuisine:sushi']",['POI'],POINT(10.0905101 53.5539294),
Catch of the Day,,"['amenity:restaurant', 'cuisine:regional']",['POI'],POINT(9.9996197 53.5431815),
Steil's Hope,,['amenity:restaurant'],['POI'],POINT(10.0523635 53.6097719),
Eis Pauli,,"['amenity:cafe', 'cuisine:ice_cream']",['POI'],POINT(9.9623544 53.5547225),
Le Quán Hamburg City,,"['amenity:restaurant', 'cuisine:asian']",['POI'],POINT(9.9964557 53.5485248),
Brooklyn Burger Bar,,"['amenity:restaurant', 'cuisine:burger']",['POI'],POINT(9.9964863 53.5486556),
Alexandros,,['amenity:restaurant'],['POI'],POINT(9.994757 53.549642),
Green Table,asiatisch veganes Restaurant,['amenity:restaurant'],['POI'],POINT(9.9927848 53.5493857),
Ballintimes,,['amenity:cafe'],['POI'],POINT(9.9999236 53.554796),
unabsteigBar,,['amenity:pub'],['POI'],POINT(9.9189509 53.5898223),
Hamburg Bäckerei,,"['amenity:cafe', 'cuisine:breakfast']",['POI'],POINT(9.9972344 53.5485175),
dean&david,,"['amenity:fast_food', 'cuisine:salad;sandwich']",['POI'],POINT(9.9948263 53.5516583),
Urfa King,,"['amenity:fast_food', 'cuisine:kebab']",['POI'],POINT(9.7938262 53.465005),
Thanh Thanh,,"['amenity:restaurant', 'cuisine:asian']",['POI'],POINT(9.7934796 53.4649541),
IVY,,"['amenity:restaurant', 'cuisine:bistro']",['POI'],POINT(10.0000134 53.5483047),
Vintage Café,,"['amenity:cafe', 'bar:no', 'cuisine:pancake']",['POI'],POINT(9.9831154 53.4638752),
Oh it's fresh!,,"['amenity:cafe', 'cuisine:coffee_shop']",['POI'],POINT(10.0030396 53.54535),
Grill Royal Hamburg,,['amenity:restaurant'],['POI'],POINT(9.9986067 53.5539757),
Starbucks,,"['amenity:cafe', 'cuisine:coffee_shop']",['POI'],POINT(9.8620475 53.5710285),
comebuy,,['amenity:bar'],['POI'],POINT(9.9904129 53.5556558),
Gretchens Villa,,['amenity:cafe'],['POI'],POINT(9.9741156 53.5585071),
Smash Burger by Flame,,"['amenity:fast_food', 'cuisine:burger']",['POI'],POINT(9.9046544 53.6076724),
Jim Block,,['amenity:fast_food'],['POI'],POINT(9.939276 53.55149),
Ginza,,"['amenity:restaurant', 'cuisine:japanese']",['POI'],POINT(10.0013289 53.5524823),
Mundfein Pizzawerkstatt,,"['amenity:fast_food', 'cuisine:pizza']",['POI'],POINT(10.0128396 53.5483541),
Shudu,,"['amenity:restaurant', 'cuisine:chinese']",['POI'],POINT(10.0051795 53.552283),
Ma Karo,,"['amenity:cafe', 'cuisine:breakfast']",['POI'],POINT(9.9752402 53.5575138),
Wabisabi Ramen,,"['amenity:restaurant', 'cuisine:japanese;ramen;sushi']",['POI'],POINT(9.9752241 53.5575879),
anong,,"['amenity:restaurant', 'cuisine:asian']",['POI'],POINT(9.9752068 53.5586839),
XeÔm Eatery,,"['amenity:restaurant', 'cuisine:vietnamese']",['POI'],POINT(9.9752084 53.5593151),
Freundlich + Kompetent,,['amenity:bar'],['POI'],POINT(10.0283061 53.5711793),
Indian Temple,,"['amenity:restaurant', 'cuisine:indian']",['POI'],POINT(10.043956 53.5924109),
burrico,,"['amenity:fast_food', 'cuisine:mexican']",['POI'],POINT(9.9967101 53.5469621),
Cave Bar,,['amenity:bar'],['POI'],POINT(9.9705488 53.5646391),
Mövenpick,,['amenity:restaurant'],['POI'],POINT(9.9705714 53.5645217),
Pure,,['amenity:restaurant'],['POI'],POINT(9.9936648 53.5462642),
Tapas Bar Mi Esperanza,,['amenity:bar'],['POI'],POINT(9.933786 53.4361615),
Café CFEL,,['amenity:cafe'],['POI'],POINT(9.885067 53.5790478),
Arena Bar,,['amenity:bar'],['POI'],POINT(9.8898211 53.5750376),
Hotel Hongkong,Hotelbar,['amenity:pub'],['POI'],POINT(9.9610381 53.5508544),
Küchenfreunde,,"['amenity:restaurant', 'branch:Grindelhof', 'cuisine:international']",['POI'],POINT(9.9851073 53.5705082),
Küchenfreunde,,"['amenity:restaurant', 'branch:Lehmweg']",['POI'],POINT(9.9795363 53.5822289),
Weinrestaurant Schoppenhauer,,"['amenity:restaurant', 'cuisine:regional']",['POI'],POINT(9.9912842 53.5452038),
Döner-Treff,,"['amenity:fast_food', 'cuisine:kebab;turkish']",['POI'],POINT(10.0675253 53.5832726),
Das Cafe,,['amenity:cafe'],['POI'],POINT(9.8869512 53.5704062),
BAN BAB KEBABKLUB,,"['amenity:fast_food', 'cuisine:kebab']",['POI'],POINT(9.9726826 53.5585215),
Deichklause,,['amenity:pub'],['POI'],POINT(10.0291573 53.5426399),
BLACK ROCK Bar&Grill Hamburg,,['amenity:restaurant'],['POI'],POINT(9.9708621 53.4667313),
El Toro,,"['amenity:restaurant', 'cuisine:spanish']",['POI'],POINT(9.968811 53.5668825),
Le Jardin,,['amenity:restaurant'],['POI'],POINT(9.8893799 53.5751885),
barca,,['amenity:cafe'],['POI'],POINT(10.0054208 53.5586338),
La Douce,,['amenity:cafe'],['POI'],POINT(9.9531532 53.5790249),
Das Höfenhaus,,['amenity:cafe'],['POI'],POINT(10.0237223 53.4220315),
Paparazzi Bar,,['amenity:bar'],['POI'],POINT(10.0244046 53.4222257),
Taverna Samos,,"['amenity:restaurant', 'cuisine:greek']",['POI'],POINT(9.9481174 53.577555),
Eat Indisch,,"['amenity:restaurant', 'bar:no', 'cuisine:indian']",['POI'],POINT(10.0267108 53.4176578),
MAZZA,,['amenity:restaurant'],['POI'],POINT(9.9667206 53.5699353),
MAZZA,,['amenity:restaurant'],['POI'],POINT(10.0854775 53.6581542),
Salentino,,"['amenity:restaurant', 'cuisine:italian']",['POI'],POINT(10.0108784 53.5816651),
Liman Fischrestaurant,,['amenity:restaurant'],['POI'],POINT(10.0122611 53.5808992),
Caramba Especial,,"['amenity:restaurant', 'cuisine:portuguese']",['POI'],POINT(9.9763762 53.5449213),
Taifun,,['amenity:bar'],['POI'],POINT(9.9796696 53.5479504),
Casa Ricardo,,"['amenity:restaurant', 'cuisine:spanish']",['POI'],POINT(9.976038 53.5452204),
NebenanNahDran,,"['amenity:restaurant', 'cuisine:german']",['POI'],POINT(10.1543305 53.6013284),
Konak Kebap,,"['amenity:fast_food', 'cuisine:kebab']",['POI'],POINT(10.1561708 53.6052945),
Viet home,,"['amenity:fast_food', 'cuisine:asian']",['POI'],POINT(10.1564655 53.6052972),
Ciao Bella,,"['amenity:restaurant', 'cuisine:italian']",['POI'],POINT(10.1556479 53.6044854),
Steidl,,['amenity:cafe'],['POI'],POINT(10.1545314 53.6034814),
San Michele,,"['amenity:restaurant', 'cuisine:italian']",['POI'],POINT(10.0184558 53.573059),
Pallas,,['amenity:bar'],['POI'],POINT(9.964512 53.5590798),
Zoë III,viele alte Sofas,['amenity:bar'],['POI'],POINT(9.9646053 53.5586584),
Café Johanna,,"['amenity:cafe', 'cuisine:tea;cake;coffee_shop']",['POI'],POINT(9.9750434 53.5470636),
Budai,,['amenity:restaurant'],['POI'],POINT(10.1608667 53.6051602),
Schmidtchen Cafehaus,,['amenity:cafe'],['POI'],POINT(10.150294 53.5953658),
Karyatis,,"['amenity:restaurant', 'cuisine:greek']",['POI'],POINT(10.151082 53.5958651),
LyLy Restaurant,,"['amenity:restaurant', 'cuisine:chinese']",['POI'],POINT(10.1497668 53.595628),
A Varina,,"['amenity:restaurant', 'cuisine:portuguese']",['POI'],POINT(9.9766785 53.5454016),
Milch,,"['amenity:cafe', 'cuisine:coffee_shop']",['POI'],POINT(9.9747366 53.5459388),
Pastalozzi,,"['amenity:restaurant', 'cuisine:italian']",['POI'],POINT(9.9750663 53.5456295),
Pasteleria Cristal,,['amenity:cafe'],['POI'],POINT(9.9749485 53.5459802),
Cafe Marisol,,['amenity:cafe'],['POI'],POINT(9.9751229 53.5452471),
Nudel Box,,"['amenity:fast_food', 'cuisine:asian']",['POI'],POINT(10.0582442 53.6104026),
Hanan,,"['amenity:fast_food', 'cuisine:burger']",['POI'],POINT(10.0577551 53.6113953),
Denis Bar,,['amenity:bar'],['POI'],POINT(10.011417 53.5540162),
Vanessa Bar,,['amenity:bar'],['POI'],POINT(10.0110777 53.5541412),
Dschungel Bar,,['amenity:bar'],['POI'],POINT(10.0112185 53.5541723),
Badshah Restaurant,,"['amenity:restaurant', 'bar:no', 'cuisine:indian']",['POI'],POINT(10.0112904 53.5539718),
WunderBar,,['amenity:bar'],['POI'],POINT(10.0108698 53.5540879),
Windstärke 11,,['amenity:bar'],['POI'],POINT(10.0120752 53.5542031),
Rund um die Uhr,,['amenity:bar'],['POI'],POINT(10.0119523 53.5541653),
Mama Trattoria,,"['amenity:restaurant', 'cuisine:italian']",['POI'],POINT(9.8125195 53.5622249),
Knusperkeks,,"['amenity:cafe', 'cuisine:coffee_shop']",['POI'],POINT(9.9875529 53.5158575),
Luicella's Ice Cream,,"['amenity:cafe', 'cuisine:ice_cream']",['POI'],POINT(10.011768 53.580919),
Bistro Carmagnole,,"['amenity:restaurant', 'cuisine:french']",['POI'],POINT(9.9606332 53.5613215),
Shukria Quick,,"['amenity:restaurant', 'cuisine:indian']",['POI'],POINT(9.9894725 53.5932612),
Hoång Deli,,"['amenity:restaurant', 'cuisine:asian']",['POI'],POINT(9.9522818 53.5770368),
La Pergola,,"['amenity:restaurant', 'cuisine:italian']",['POI'],POINT(9.9531918 53.5760315),
Alpenkantine,,"['amenity:restaurant', 'cuisine:german']",['POI'],POINT(9.95333 53.576003),
Campus Suite,,"['amenity:cafe', 'branch:Eppendorf', 'cuisine:coffee_shop;sandwich']",['POI'],POINT(9.9886571 53.5920808),
Café Mexico,,"['amenity:restaurant', 'cuisine:mexican']",['POI'],POINT(9.9655635 53.5664808),
Enjoy Coffee Bar,,['amenity:cafe'],['POI'],POINT(10.001512 53.5529244),
Doctor Fruit,,['amenity:fast_food'],['POI'],POINT(9.9744933 53.590399),
Schwalben Eck,,['amenity:pub'],['POI'],POINT(10.0465156 53.5935662),
Mitarbeiterrestaurant UKE,,['amenity:restaurant'],['POI'],POINT(9.9733259 53.5919359),
Claudio's,,['amenity:restaurant'],['POI'],POINT(9.975836 53.557979),
Deliberger Restaurants,,['amenity:restaurant'],['POI'],POINT(10.1979627 53.4933467),
St. Pauli Eck,,['amenity:pub'],['POI'],POINT(9.9625031 53.5510948),
Petit Amour,,"['amenity:restaurant', 'cuisine:french']",['POI'],POINT(9.9310617 53.5514099),
Tex's Bar-b-q,,"['amenity:restaurant', 'cuisine:american']",['POI'],POINT(9.968043 53.5502836),
Din Hau,,['amenity:fast_food'],['POI'],POINT(9.9405794 53.5506765),
Lemon,,['amenity:bar'],['POI'],POINT(9.9622079 53.5663085),
Espresso House,,"['amenity:cafe', 'cuisine:coffee_shop']",['POI'],POINT(9.9789813 53.5439874),
Restaurant FUGU by Sushi Factory,,"['amenity:restaurant', 'cuisine:sushi']",['POI'],POINT(9.9392334 53.5448087),
Poke Bar,,['amenity:restaurant'],['POI'],POINT(9.9386106 53.5448446),
The Big Balmy,,"['amenity:restaurant', 'cuisine:burger']",['POI'],POINT(9.9403667 53.5443387),
Morgenland,,"['amenity:restaurant', 'cuisine:arab']",['POI'],POINT(10.0471943 53.5875175),
Café HCU,,['amenity:cafe'],['POI'],POINT(10.0042816 53.5401582),
Hanseatic,,['amenity:restaurant'],['POI'],POINT(9.8527069 53.5494518),
Dim Sum Haus Restaurant China,,"['amenity:restaurant', 'cuisine:chinese']",['POI'],POINT(10.0084813 53.5546544),
Barrossa Eiscafé,,['amenity:cafe'],['POI'],POINT(9.8293051 53.6534595),
Caruso,,"['amenity:restaurant', 'cuisine:italian']",['POI'],POINT(10.0360247 53.5800277),
Bok,,"['amenity:fast_food', 'cuisine:asian']",['POI'],POINT(10.0456484 53.5672221),
Alsterliebe,,['amenity:cafe'],['POI'],POINT(10.0960128 53.6515132),
Hafen Diner,,"['amenity:restaurant', 'cuisine:american']",['POI'],POINT(9.969359 53.5467367),
Meadi,,"['amenity:restaurant', 'cuisine:sushi']",['POI'],POINT(9.9922167 53.5925113),
Yoko Sushi,,"['amenity:restaurant', 'cuisine:sushi']",['POI'],POINT(9.9918318 53.5929673),
Carlos Coffee,,"['amenity:restaurant', 'cuisine:sandwich']",['POI'],POINT(9.9284699 53.5544677),
Pasteleria Cafe Veloso,,"['amenity:cafe', 'cuisine:portuguese']",['POI'],POINT(9.927292 53.5545073),
Mavi,,"['amenity:restaurant', 'cuisine:turkish']",['POI'],POINT(9.9876131 53.5415042),
Cantinetta Ristorante & Bar,,"['amenity:restaurant', 'cuisine:italian']",['POI'],POINT(9.994497 53.5441443),
Eiscafé Il Salottino,,['amenity:cafe'],['POI'],POINT(10.0436967 53.5688495),
Libero,,['amenity:pub'],['POI'],POINT(9.9691164 53.5574988),
Seasons,,['amenity:cafe'],['POI'],POINT(10.0920184 53.5683584),
Maya Kaffeehaus,,['amenity:cafe'],['POI'],POINT(10.0245601 53.5460691),
alegria,,['amenity:cafe'],['POI'],POINT(10.0248753 53.5448682),
Coffee Fellows,,"['amenity:cafe', 'cuisine:coffee_shop']",['POI'],POINT(10.0181845 53.5455591),
DulsBar,,['amenity:pub'],['POI'],POINT(10.0640098 53.5822839),
Dulsberg Kebap-Haus,,"['amenity:fast_food', 'cuisine:turkish']",['POI'],POINT(10.0650461 53.5816813),
Ellewitt,,['amenity:pub'],['POI'],POINT(10.0389834 53.5912133),
Bei Pavlos,,['amenity:pub'],['POI'],POINT(10.0686509 53.5803634),
Henkelmanncafe,,['amenity:cafe'],['POI'],POINT(9.9951662 53.5686478),
Cafe dell'Arte,,['amenity:cafe'],['POI'],POINT(9.9878004 53.563385),
lam vegan,,"['amenity:restaurant', 'cuisine:vietnamese']",['POI'],POINT(9.9690142 53.5672862),
Williamine,,['amenity:restaurant'],['POI'],POINT(9.9688372 53.5671891),
Dönerei,,"['amenity:fast_food', 'cuisine:kebab']",['POI'],POINT(10.0387819 53.5337834),
Stulle Plus,,['amenity:restaurant'],['POI'],POINT(10.0253789 53.5496614),
Call a Pizza,,"['amenity:fast_food', 'cuisine:pizza']",['POI'],POINT(9.9831439 53.4622068),
Goldenblack,,['amenity:cafe'],['POI'],POINT(9.975196 53.5587701),
Shuttle-Imbiss,,['amenity:fast_food'],['POI'],POINT(9.9182797 53.5902042),
Mundfein - Pizzawerksatt,,"['amenity:fast_food', 'cuisine:pizza']",['POI'],POINT(10.0781811 53.6170176),
Crazy Croque,,"['amenity:fast_food', 'cuisine:sandwich']",['POI'],POINT(10.1537578 53.5984179),
Bambusgarten,,['amenity:cafe'],['POI'],POINT(10.1888729 53.643188),
Recall,,['amenity:fast_food'],['POI'],POINT(9.854194 53.4693227),
Beatle's,,['amenity:cafe'],['POI'],POINT(10.1454062 53.5942866),
Cafe around the world,,['amenity:cafe'],['POI'],POINT(10.1386967 53.5931639),
Fleet Grill House,,['amenity:fast_food'],['POI'],POINT(10.1589181 53.4895969),
IMBISS,,"['amenity:fast_food', 'cuisine:greek;german']",['POI'],POINT(10.1916432 53.6807657),
Kokoro,,['amenity:fast_food'],['POI'],POINT(10.0479099 53.568112),
Black Line,,"['amenity:cafe', 'cuisine:coffee_shop']",['POI'],POINT(9.9585119 53.571715),
45’LIK,,['amenity:cafe'],['POI'],POINT(10.024532 53.6029146),
As Urfa,,"['amenity:fast_food', 'cuisine:kebab']",['POI'],POINT(10.0120303 53.5536216),
Mai-Mai,,"['amenity:fast_food', 'cuisine:asian']",['POI'],POINT(10.0047487 53.5520225),
Lust auf Italien,,"['amenity:restaurant', 'cuisine:italian']",['POI'],POINT(9.9388303 53.5442542),
Fisch & So,,"['amenity:fast_food', 'cuisine:fish_and_chips']",['POI'],POINT(9.9419257 53.5440424),
Yin Seafood,,"['amenity:restaurant', 'cuisine:chinese']",['POI'],POINT(9.9388857 53.5444227),
Marseille,,"['amenity:restaurant', 'cuisine:french']",['POI'],POINT(9.9424234 53.5445848),
Döner Time,,['amenity:fast_food'],['POI'],POINT(9.9410545 53.5519941),
Köz Sultan,,"['amenity:restaurant', 'cuisine:turkish']",['POI'],POINT(9.9404884 53.5520257),
Caffino,,['amenity:cafe'],['POI'],POINT(9.9434089 53.5519351),
Alem do Tejo,,"['amenity:restaurant', 'cuisine:portuguese']",['POI'],POINT(9.9370138 53.5525971),
Bergkate,,['amenity:pub'],['POI'],POINT(9.9378259 53.552416),
Dutchman,,['amenity:pub'],['POI'],POINT(9.9382674 53.5524699),
The Saloon Steakhouse,,"['amenity:restaurant', 'cuisine:steak_house']",['POI'],POINT(9.9376838 53.5524893),
anatolian street food,,"['amenity:fast_food', 'cuisine:turkish']",['POI'],POINT(9.928318 53.5556974),
Croquewerk,,['amenity:fast_food'],['POI'],POINT(10.0419675 53.5912839),
Asia Mai,,"['amenity:fast_food', 'cuisine:asian']",['POI'],POINT(10.0211334 53.420109),
Bar Same Same,,['amenity:bar'],['POI'],POINT(9.99809 53.5957168),
Haak,,['amenity:pub'],['POI'],POINT(10.0593977 53.5775015),
Theaterkeller,,['amenity:restaurant'],['POI'],POINT(10.008576 53.5544245),
Stadt Restaurant,,['amenity:restaurant'],['POI'],POINT(10.0084204 53.5547941),
A Casa Do Benfica,,"['amenity:restaurant', 'cuisine:portuguese']",['POI'],POINT(9.976325 53.545224),
Little Buddha,,"['amenity:restaurant', 'cuisine:asian']",['POI'],POINT(9.9467142 53.5772229),
Azeitona,,"['amenity:restaurant', 'cuisine:falafel']",['POI'],POINT(9.9464736 53.5791668),
Chào Bạn,,"['amenity:restaurant', 'cuisine:vietnamese']",['POI'],POINT(9.9478978 53.5799794),
Dos Amigos,,"['amenity:restaurant', 'cuisine:mexican']",['POI'],POINT(9.9438966 53.578654),
Crazy Angels,,['amenity:pub'],['POI'],POINT(9.941955 53.5781963),
Grill Center,,"['amenity:fast_food', 'cuisine:kebab']",['POI'],POINT(9.9454352 53.5794445),
Aurora,,['amenity:pub'],['POI'],POINT(9.9420934 53.5776649),
Happenpappen,,"['amenity:restaurant', 'cuisine:international;cake;burger']",['POI'],POINT(9.9703757 53.5574472),
ima vegan,,['amenity:cafe'],['POI'],POINT(9.9427228 53.5770749),
Chango,,"['amenity:restaurant', 'cuisine:mexican']",['POI'],POINT(9.9893898 53.5463351),
La Quesadilla,Mexikanisch-Karibische Küche; Cocktails,"['amenity:restaurant', 'cuisine:mexican']",['POI'],POINT(9.9773818 53.582387),
Burg Döner,,"['amenity:fast_food', 'cuisine:kebab;turkish']",['POI'],POINT(10.0421292 53.5559528),
Langenfelder Frühstücksecke,,['amenity:cafe'],['POI'],POINT(9.9384751 53.5803364),
Happy Waffel,,"['amenity:cafe', 'cuisine:pasta']",['POI'],POINT(10.0018041 53.5502779),
Frau Hiebel,,['amenity:pub'],['POI'],POINT(9.9399782 53.579757),
Cafe Buondi,,"['amenity:cafe', 'cuisine:portuguese;sandwich']",['POI'],POINT(9.94529 53.551142),
Thiemanns,,['amenity:restaurant'],['POI'],POINT(9.9844226 53.5525124),
beets&roots,,['amenity:restaurant'],['POI'],POINT(9.9966584 53.5483132),
Perle,,['amenity:restaurant'],['POI'],POINT(9.9988435 53.5485037),
Alissa Eis,Samstag und Sonntag geschlossen,"['amenity:cafe', 'cuisine:ice_cream']",['POI'],POINT(10.001963 53.550193),
Cafe Delice,,['amenity:cafe'],['POI'],POINT(9.9467585 53.5788956),
Café Estoril,,['amenity:cafe'],['POI'],POINT(9.9474205 53.5782277),
Won Chikin,,['amenity:fast_food'],['POI'],POINT(9.9470807 53.578583),
San Burrito,,"['amenity:fast_food', 'cuisine:californian']",['POI'],POINT(9.9471191 53.5779147),
Thang Long One,,"['amenity:restaurant', 'cuisine:vietnamese']",['POI'],POINT(9.9471841 53.5778507),
Tokio Sushi,,"['amenity:restaurant', 'cuisine:sushi']",['POI'],POINT(9.9470659 53.5779709),
Kkokki,,"['amenity:restaurant', 'cuisine:korean']",['POI'],POINT(9.9468239 53.578196),
Cross Sushi,,"['amenity:fast_food', 'cuisine:sushi']",['POI'],POINT(9.9481168 53.5776193),
Mission Pizza,,"['amenity:fast_food', 'cuisine:pizza']",['POI'],POINT(9.947933 53.578041),
Kuddl,,['amenity:pub'],['POI'],POINT(9.9478891 53.5779891),
MAD about Juice,,['amenity:cafe'],['POI'],POINT(9.9508221 53.5760111),
Andronaco HafenContor,,"['amenity:restaurant', 'cuisine:italian']",['POI'],POINT(9.9972082 53.543672),
Bunker Döner,,['amenity:fast_food'],['POI'],POINT(9.9700577 53.5574676),
Seoul 1988,,"['amenity:restaurant', 'cuisine:korean']",['POI'],POINT(9.9750604 53.5567561),
Bingöl Döner,,"['amenity:fast_food', 'cuisine:kebab']",['POI'],POINT(9.9675381 53.5502094),
Holy Kitchen,,"['amenity:restaurant', 'cuisine:tacos']",['POI'],POINT(9.9629465 53.548472),
Gassenhauer,,['amenity:restaurant'],['POI'],POINT(9.9634226 53.5487603),
Mother's Fine Coffee,,"['amenity:cafe', 'cuisine:coffee_shop']",['POI'],POINT(9.9628258 53.548461),
McDonald's,,"['amenity:fast_food', 'cuisine:burger']",['POI'],POINT(9.9635922 53.5498252),
La Famille,,"['amenity:fast_food', 'cuisine:sandwich']",['POI'],POINT(10.0120569 53.558153),
Freudenhaus,Küche nur bis maximal 22.30/23.00 Uhr,"['amenity:restaurant', 'cuisine:german']",['POI'],POINT(9.9620664 53.5502465),
Restaurant Nil,,['amenity:restaurant'],['POI'],POINT(9.9633511 53.5562983),
Bar Hamburg,Shisha & Zigarren,['amenity:bar'],['POI'],POINT(10.0063245 53.5563592),
Bey Kebab,,"['amenity:fast_food', 'cuisine:kebab']",['POI'],POINT(10.0524289 53.5932511),
Destille,,['amenity:pub'],['POI'],POINT(9.9989146 53.5532817),
Sakura Udon,,"['amenity:restaurant', 'cuisine:sushi']",['POI'],POINT(9.9998507 53.5525312),
Smietana,,['amenity:restaurant'],['POI'],POINT(9.9989951 53.5533184),
Ashirwad,,"['amenity:restaurant', 'cuisine:indian']",['POI'],POINT(9.9163201 53.5642087),
Elbwein,,['amenity:cafe'],['POI'],POINT(9.8802947 53.5648198),
Restaurant Krameramtsstuben,,['amenity:restaurant'],['POI'],POINT(9.9804079 53.5479704),
Entenwerder1,,['amenity:cafe'],['POI'],POINT(10.037895 53.5293462),
Soulkebab,,"['amenity:restaurant', 'cuisine:kebab;turkish']",['POI'],POINT(10.0457672 53.5878452),
Beyoğlu,,"['amenity:restaurant', 'cuisine:turkish']",['POI'],POINT(10.0438712 53.5918552),
Fresh & Easy,,"['amenity:fast_food', 'cuisine:lebanese']",['POI'],POINT(10.043901 53.5920335),
Mosaic,,['amenity:cafe'],['POI'],POINT(10.0446035 53.5932111),
Café estoril,,['amenity:cafe'],['POI'],POINT(9.9512018 53.5771421),
Chrissi's,,['amenity:pub'],['POI'],POINT(9.9510345 53.5780364),
Cafe Yapistir,,"['amenity:cafe', 'cuisine:tea']",['POI'],POINT(9.9492774 53.5790425),
Bierkrug,,['amenity:pub'],['POI'],POINT(9.9957461 53.5704417),
The Table,,['amenity:restaurant'],['POI'],POINT(10.0029903 53.5426486),
Kim's Kitchen,,"['amenity:fast_food', 'cuisine:asian']",['POI'],POINT(9.950107 53.5790172),
Arian's Pub,,['amenity:pub'],['POI'],POINT(9.9500457 53.5790555),
Café Tuana,,"['amenity:cafe', 'cuisine:coffee_shop;breakfast']",['POI'],POINT(9.9492387 53.5795441),
geen,,"['amenity:cafe', 'cuisine:cake;coffee_shop;pancake;sandwich']",['POI'],POINT(9.9481025 53.5802518),
meraki,,"['amenity:cafe', 'cuisine:greek']",['POI'],POINT(9.9477583 53.5804676),
Supper Club,,"['amenity:fast_food', 'cuisine:burger;breakfast']",['POI'],POINT(9.9934333 53.5850767),
Roncalli Grand Cafe,,['amenity:cafe'],['POI'],POINT(10.0028407 53.5512043),
Nordmeer,,"['amenity:restaurant', 'cuisine:german']",['POI'],POINT(10.0470447 53.5679294),
Marktschänke,,['amenity:pub'],['POI'],POINT(9.9300699 53.5514541),
Papa John's,,"['amenity:fast_food', 'cuisine:pizza']",['POI'],POINT(10.002543 53.6601542),
Eiscafé Elena,,"['amenity:cafe', 'cuisine:ice_cream']",['POI'],POINT(9.9561346 53.5794326),
Glück und Selig,,['amenity:cafe'],['POI'],POINT(9.9559496 53.579742),
Shanghai,,"['amenity:restaurant', 'cuisine:chinese']",['POI'],POINT(10.0255554 53.6321518),
Wilder Kaiser,,"['amenity:restaurant', 'cuisine:austrian']",['POI'],POINT(10.0256472 53.6325436),
Istanbul Kebabhaus,,"['amenity:fast_food', 'cuisine:kebab']",['POI'],POINT(10.0260714 53.6326093),
Lalé Café,,['amenity:cafe'],['POI'],POINT(10.02318 53.6266775),
Asia-Wok,,"['amenity:restaurant', 'cuisine:asian']",['POI'],POINT(10.0145664 53.6303768),
Erdapfel,,['amenity:cafe'],['POI'],POINT(10.0030381 53.5486363),
Prego,,"['amenity:restaurant', 'cuisine:italian']",['POI'],POINT(10.0009813 53.5517883),
Ika Sushi und Wok,,"['amenity:fast_food', 'cuisine:sushi']",['POI'],POINT(10.2168913 53.48557),
Sports Lounge,,['amenity:pub'],['POI'],POINT(9.948229 53.5828311),
AN Vegan House,,"['amenity:restaurant', 'cuisine:vietnamese']",['POI'],POINT(10.0118709 53.5808711),
Mai Asia,,"['amenity:restaurant', 'cuisine:asian']",['POI'],POINT(9.9852117 53.5459743),
burgerme,,"['amenity:fast_food', 'cuisine:burger']",['POI'],POINT(10.0802955 53.5497876),
Yoko Sushi,,"['amenity:fast_food', 'cuisine:sushi']",['POI'],POINT(10.0389239 53.5664727),
Santa Fe,,['amenity:restaurant'],['POI'],POINT(10.0173252 53.5824981),
W die Weinbar,,['amenity:restaurant'],['POI'],POINT(10.0023395 53.5913837),
Ky Lan,,"['amenity:restaurant', 'cuisine:vietnamese']",['POI'],POINT(10.0021879 53.5918797),
Qasr,,['amenity:restaurant'],['POI'],POINT(10.0328441 53.5629893),
Fischpfanne,,"['amenity:restaurant', 'cuisine:seafood']",['POI'],POINT(9.9673737 53.5453139),
"Steak, Fish und Schnitzel House",,"['amenity:restaurant', 'cuisine:seafood;steak_house']",['POI'],POINT(9.9659128 53.545386),
Ankerplatz,,['amenity:fast_food'],['POI'],POINT(9.9697509 53.5451572),
Captain's Dinner,,['amenity:restaurant'],['POI'],POINT(9.9695011 53.5451817),
Dockline,,"['amenity:restaurant', 'cuisine:pizza']",['POI'],POINT(9.9708451 53.5449946),
Underdocks Fischbude,,['amenity:fast_food'],['POI'],POINT(9.9693055 53.5451924),
Coffee and more,,['amenity:cafe'],['POI'],POINT(9.9660623 53.545377),
Futterluke,,['amenity:fast_food'],['POI'],POINT(9.9664686 53.5453191),
Fischbrötchen König,,['amenity:fast_food'],['POI'],POINT(9.9671677 53.5453158),
Fischkajüte,,"['amenity:restaurant', 'cuisine:seafood']",['POI'],POINT(9.9679289 53.54525),
Hafenwirtschaft Hamburg,,['amenity:restaurant'],['POI'],POINT(9.9643528 53.5454275),
Freibeuter,,['amenity:fast_food'],['POI'],POINT(9.9682413 53.5452281),
Plop'n' Snack,,['amenity:fast_food'],['POI'],POINT(9.9649681 53.5454035),
Aras Kebap,,"['amenity:fast_food', 'cuisine:kebab']",['POI'],POINT(10.0135913 53.5486251),
Zensai,,"['amenity:restaurant', 'cuisine:asian;indian;sushi']",['POI'],POINT(9.9068673 53.6335688),
Urfam Lahmacun und Pizza Salon,,['amenity:fast_food'],['POI'],POINT(10.1237663 53.5389006),
Cafe Leonar,,['amenity:cafe'],['POI'],POINT(9.9840813 53.5697536),
Mash,,"['amenity:restaurant', 'cuisine:steak_house']",['POI'],POINT(9.9440426 53.5445503),
Elissar,,['amenity:bar'],['POI'],POINT(10.0358323 53.5511984),
Delhicious,,"['amenity:restaurant', 'cuisine:indian']",['POI'],POINT(10.035543 53.5498676),
Brotstube,,['amenity:cafe'],['POI'],POINT(9.9772343 53.5443668),
Donutman,,"['amenity:fast_food', 'cuisine:donut']",['POI'],POINT(9.9773094 53.5443732),
Café Schwesterherz,"Frühstücksbuffet, Tee- und Kaffee-Spezialitäten, herzhafte und süße Leckereien",['amenity:cafe'],['POI'],POINT(10.033235 53.6197571),
Pizza Bande,,"['amenity:restaurant', 'cuisine:pizza']",['POI'],POINT(9.9575482 53.54893),
La Rosa,,"['amenity:restaurant', 'cuisine:peruvian']",['POI'],POINT(10.0224216 53.5494844),
Yildiz,,['amenity:cafe'],['POI'],POINT(10.0952816 53.5427175),
the Burger Factory,,"['amenity:fast_food', 'cuisine:burger']",['POI'],POINT(10.0424985 53.5805466),
Starlight,,['amenity:bar'],['POI'],POINT(9.9862238 53.5054295),
Wat Dat Pho,,"['amenity:restaurant', 'cuisine:vietnamese']",['POI'],POINT(9.9858564 53.5054566),
Café Belém,,"['amenity:cafe', 'cuisine:portuguese']",['POI'],POINT(9.9858429 53.5053322),
Café Gegenüber,,['amenity:cafe'],['POI'],POINT(9.9875864 53.5072528),
The Bakery's,,['amenity:cafe'],['POI'],POINT(10.0031997 53.553201),
Gröninger Brauhaus,,"['amenity:restaurant', 'cuisine:regional']",['POI'],POINT(9.9961373 53.546294),
Hot Pizza,,"['amenity:fast_food', 'cuisine:italian;pizza']",['POI'],POINT(10.0610321 53.5793186),
Belachan Express,,"['amenity:fast_food', 'cuisine:thai']",['POI'],POINT(9.9747247 53.5792085),
Pink Bambus,,['amenity:fast_food'],['POI'],POINT(9.9714063 53.5820186),
Burgerme,,"['amenity:fast_food', 'cuisine:burger']",['POI'],POINT(10.0463468 53.5826102),
Schacht Deli,,['amenity:restaurant'],['POI'],POINT(9.9720444 53.5685083),
Pizzamax.de,,"['amenity:fast_food', 'cuisine:pizza']",['POI'],POINT(9.9748368 53.5697537),
Health Kitchen - N55,,['amenity:fast_food'],['POI'],POINT(9.9736498 53.5935363),
Health Kitchen,,"['amenity:cafe', 'cuisine:coffee_shop']",['POI'],POINT(9.9731697 53.5918233),
Pizza Pasta Bar,,"['amenity:restaurant', 'cuisine:pizza']",['POI'],POINT(9.9730668 53.5920139),
Tam Quan,,"['amenity:restaurant', 'cuisine:asian']",['POI'],POINT(9.9702443 53.5837845),
Köz Antep,,"['amenity:fast_food', 'cuisine:turkish']",['POI'],POINT(9.9640589 53.5521641),
Öz Antep,,"['amenity:fast_food', 'cuisine:turkish']",['POI'],POINT(9.9631997 53.5522843),
Piceno,,"['amenity:restaurant', 'cuisine:italian']",['POI'],POINT(9.9624705 53.5499415),
Veermaster,,['amenity:bar'],['POI'],POINT(9.9672452 53.5501721),
Cowboy & Indianer,,['amenity:pub'],['POI'],POINT(9.966074 53.5500558),
Asia Imbiss Kim,,"['amenity:fast_food', 'cuisine:asian;korean']",['POI'],POINT(9.9633925 53.5537836),
Asia Express Food,,"['amenity:fast_food', 'cuisine:asian']",['POI'],POINT(9.9635488 53.5587985),
Domschänke,,['amenity:bar'],['POI'],POINT(9.9675732 53.5515526),
SomeDimSum,,"['amenity:restaurant', 'cuisine:chinese']",['POI'],POINT(9.9640527 53.5690723),
Pera,,['amenity:cafe'],['POI'],POINT(9.9673843 53.5726818),
To Steki,,['amenity:bar'],['POI'],POINT(10.1017126 53.5397469),
Alster Grill-Eck,,['amenity:fast_food'],['POI'],POINT(9.9968887 53.5999453),
Alster Sushi,,"['amenity:fast_food', 'cuisine:sushi']",['POI'],POINT(9.9969571 53.5997524),
Dream Cafe,,['amenity:cafe'],['POI'],POINT(9.9969184 53.5998336),
echt asien,,"['amenity:restaurant', 'cuisine:asian']",['POI'],POINT(9.996378 53.5999266),
Café 53,,['amenity:cafe'],['POI'],POINT(9.9643014 53.5677579),
Die Perle im Stadtpark,,['amenity:restaurant'],['POI'],POINT(10.0308475 53.5965086),
Taverna Hellas,,"['amenity:restaurant', 'cuisine:greek']",['POI'],POINT(9.9628149 53.5484071),
Com Nieu 21,,"['amenity:restaurant', 'cuisine:vietnamese']",['POI'],POINT(9.9623088 53.5488442),
Kornhauskeller,,"['amenity:restaurant', 'cuisine:oriental;italian;arab;german']",['POI'],POINT(9.9967666 53.546624),
Playoff Lounge,,['amenity:bar'],['POI'],POINT(9.8828877 53.5820557),
Tippel II,,['amenity:pub'],['POI'],POINT(9.9647007 53.5505851),
Copa Cabana,,['amenity:bar'],['POI'],POINT(9.9626285 53.5525745),
St. Pauli Treff,,['amenity:pub'],['POI'],POINT(9.9654058 53.551706),
Tawan Daeng Imbiss und Karaoke Bar,,"['amenity:fast_food', 'cuisine:thai']",['POI'],POINT(9.9631813 53.5481164),
Chingu,,"['amenity:restaurant', 'cuisine:korean']",['POI'],POINT(9.9621512 53.5499141),
Döner Company,,"['amenity:fast_food', 'cuisine:kebab']",['POI'],POINT(9.9619057 53.5491694),
Lukullus,,"['amenity:fast_food', 'cuisine:sausage']",['POI'],POINT(9.9622216 53.5493103),
Autogepäckträger am Michel,,['amenity:cafe'],['POI'],POINT(9.97787 53.5486339),
Story,,['amenity:bar'],['POI'],POINT(9.9629391 53.5498031),
Lima Lima,,['amenity:pub'],['POI'],POINT(9.9659638 53.5500429),
Zar und Zimmermann,,['amenity:pub'],['POI'],POINT(10.0100872 53.5543223),
La Cosecha,,"['amenity:restaurant', 'cuisine:spanish']",['POI'],POINT(9.9993897 53.5539169),
Mayfair coffee,,['amenity:cafe'],['POI'],POINT(10.0054647 53.5576055),
Villa von St. Pauli,,['amenity:bar'],['POI'],POINT(9.9616166 53.5485884),
Hans-Albers-Eck,,['amenity:pub'],['POI'],POINT(9.9611604 53.5485731),
Murphy´s Irish Pup,,['amenity:pub'],['POI'],POINT(9.9613295 53.5485642),
Yummies,,['amenity:fast_food'],['POI'],POINT(10.0153886 53.5553535),
Papaye,,['amenity:restaurant'],['POI'],POINT(10.0597443 53.5766178),
adam&sophie Hornung's Gastronomie,,"['amenity:restaurant', 'cuisine:regional']",['POI'],POINT(10.1207913 53.5570838),
Amadeus,,"['amenity:restaurant', 'bar:yes']",['POI'],POINT(10.045147 53.5892933),
Central Congress,,['amenity:bar'],['POI'],POINT(10.0042543 53.5499569),
bona'me,,['amenity:restaurant'],['POI'],POINT(10.0013066 53.5487474),
Berliner Bahnhof,,['amenity:restaurant'],['POI'],POINT(10.0063896 53.5471794),
Soul Kebab,,"['amenity:fast_food', 'cuisine:kebab']",['POI'],POINT(9.9653944 53.5645304),
Falafel Kimo,,"['amenity:fast_food', 'cuisine:arab']",['POI'],POINT(9.965373 53.5644666),
Utspann,,['amenity:pub'],['POI'],POINT(9.9600101 53.5506274),
Deniz Imbiß,,"['amenity:fast_food', 'cuisine:kebab;pizza']",['POI'],POINT(9.9600111 53.5506635),
Hammer Eck,,['amenity:pub'],['POI'],POINT(10.0619451 53.5557198),
Hans im Glück,,"['amenity:restaurant', 'branch:Hamburg Altes Rathaus', 'cuisine:burger']",['POI'],POINT(9.9924708 53.5486008),
Nord Coast Coffee Roastery,,"['amenity:cafe', 'cuisine:coffee_shop']",['POI'],POINT(9.9880626 53.5465554),
Arione,,"['amenity:restaurant', 'cuisine:pizza']",['POI'],POINT(9.9877807 53.5463634),
Zum Brandanfang,,"['amenity:restaurant', 'cuisine:german']",['POI'],POINT(9.9874395 53.5460965),
Deichgraf,,"['amenity:restaurant', 'cuisine:german']",['POI'],POINT(9.9874967 53.5461625),
The Bohemian,,['amenity:pub'],['POI'],POINT(9.9870261 53.5459666),
Whiskyplaza im alten Hamburger Aalspeicher,,['amenity:bar'],['POI'],POINT(9.9870194 53.5454782),
Fisch&Co,,['amenity:restaurant'],['POI'],POINT(9.9870646 53.5455529),
Melis Fischbistro,,"['amenity:fast_food', 'cuisine:fish']",['POI'],POINT(9.9503294 53.5729306),
Bar 227,,['amenity:bar'],['POI'],POINT(9.9552346 53.5615496),
Sira,,"['amenity:restaurant', 'cuisine:turkish']",['POI'],POINT(10.0467373 53.5876287),
Pizzeria Zamazingo,,"['amenity:restaurant', 'cuisine:pizza']",['POI'],POINT(9.9464108 53.5516056),
Köz Antep Altona,,['amenity:restaurant'],['POI'],POINT(9.9468466 53.5515424),
Mini-Grill,,"['amenity:fast_food', 'cuisine:chicken']",['POI'],POINT(9.962404 53.5525832),
Mimosa,,"['amenity:cafe', 'cuisine:bistro']",['POI'],POINT(9.9635997 53.5524729),
Jupibar,,['amenity:cafe'],['POI'],POINT(9.9839951 53.5550961),
Nasch,,['amenity:cafe'],['POI'],POINT(9.9840289 53.5552852),
Gaststätte Schröder,,['amenity:pub'],['POI'],POINT(9.9807225 53.5828058),
T-Stube,,['amenity:cafe'],['POI'],POINT(9.9822238 53.5670325),
Horner Marie,,['amenity:pub'],['POI'],POINT(10.0869946 53.5537927),
Viva L´Italia,,"['amenity:fast_food', 'cuisine:italian']",['POI'],POINT(9.8735803 53.5335275),
New Balochistan Barmbek,,"['amenity:restaurant', 'cuisine:indian;pakistani']",['POI'],POINT(10.0445222 53.5923402),
Teheran,,"['amenity:restaurant', 'cuisine:persian']",['POI'],POINT(10.0137315 53.5521051),
WilliamsBurger,,"['amenity:fast_food', 'cuisine:burger']",['POI'],POINT(9.9876053 53.5159458),
Kazu Ramen Bar,,"['amenity:restaurant', 'cuisine:japanese;ramen']",['POI'],POINT(10.0126867 53.5797749),
Sera Quie,,"['amenity:cafe', 'cuisine:turkish']",['POI'],POINT(9.9872315 53.5161117),
Gepellos Pizza-Manufaktur,,"['amenity:fast_food', 'cuisine:pizza']",['POI'],POINT(9.9638972 53.5778079),
Rolatino,,"['amenity:restaurant', 'cuisine:italian']",['POI'],POINT(9.8862283 53.5759951),
GenussWelt,,['amenity:cafe'],['POI'],POINT(9.8874675 53.5746461),
Riverside,,['amenity:bar'],['POI'],POINT(10.0465537 53.5835384),
Almaz,,['amenity:cafe'],['POI'],POINT(9.9702027 53.5838124),
Pizzaservice Mundfein,,"['amenity:restaurant', 'cuisine:pizza']",['POI'],POINT(9.9144226 53.5575561),
Schweinske,,"['amenity:restaurant', 'bar:yes', 'branch:Ochsenzoll', 'cuisine:burger;escalope;german']",['POI'],POINT(10.0011467 53.6777281),
Treffpunkt,,['amenity:pub'],['POI'],POINT(10.0928021 53.598335),
Berg 4,,['amenity:bar'],['POI'],POINT(9.9611043 53.5501657),
Delal Döner,,['amenity:fast_food'],['POI'],POINT(9.8926986 53.6031629),
Restaurant Tschebull,,"['amenity:restaurant', 'cuisine:austrian']",['POI'],POINT(10.0029376 53.551034),
Vapiano,,"['amenity:restaurant', 'cuisine:italian']",['POI'],POINT(9.9882678 53.5547116),
Café Freddo,,['amenity:cafe'],['POI'],POINT(9.9979457 53.6832581),
Tu Huus - TENNIS CLUBHOUSE,,['amenity:restaurant'],['POI'],POINT(9.833076 53.6407547),
Melange,,"['amenity:restaurant', 'cuisine:regional']",['POI'],POINT(9.9910537 53.5516545),
Gurke,,['amenity:restaurant'],['POI'],POINT(9.9950017 53.5687907),
Hensel was sonst,,"['amenity:restaurant', 'cuisine:burger']",['POI'],POINT(10.0124541 53.5806456),
Edelsatt,,"['amenity:restaurant', 'cuisine:burger']",['POI'],POINT(10.0127373 53.5803019),
Paledo,Superfood Deli,['amenity:restaurant'],['POI'],POINT(10.0126392 53.5798356),
Zaza Bar,,['amenity:bar'],['POI'],POINT(10.0125513 53.5805356),
Suliko,,"['amenity:restaurant', 'cuisine:georgian']",['POI'],POINT(9.9954041 53.5676992),
friends,,['amenity:cafe'],['POI'],POINT(10.0525234 53.593376),
Wodka Bombe,,['amenity:bar'],['POI'],POINT(9.9602926 53.5497492),
Ali Baba's Kitchen,,['amenity:fast_food'],['POI'],POINT(9.9861891 53.5052636),
Eat & Sweet,,['amenity:cafe'],['POI'],POINT(9.9509572 53.6191984),
Stockholm Espresso Club,,"['amenity:cafe', 'cuisine:coffee_shop;cake;pancake']",['POI'],POINT(10.0120296 53.5828432),
Harput Döner,,"['amenity:fast_food', 'cuisine:kebab']",['POI'],POINT(10.0653189 53.55376),
Marché Airport Hamburg,,['amenity:restaurant'],['POI'],POINT(10.0050044 53.6310087),
Mövenpick Hamburg Airport,,['amenity:restaurant'],['POI'],POINT(10.0049721 53.6311811),
Pier 2 Bar,,['amenity:bar'],['POI'],POINT(10.0046307 53.6327876),
ACE Pizza,,"['amenity:restaurant', 'cuisine:pizza']",['POI'],POINT(9.9670407 53.583129),
Kaya Feinkost,,['amenity:fast_food'],['POI'],POINT(9.9318546 53.5629487),
Clax,,['amenity:pub'],['POI'],POINT(10.0171115 53.5861867),
Kleine Haie Grosse Fische,,"['amenity:fast_food', 'cuisine:fish']",['POI'],POINT(9.9601411 53.5489929),
AKROPOLIS Restaurant,,"['amenity:restaurant', 'cuisine:greek']",['POI'],POINT(10.1683473 53.5148011),
Favoloso,,['amenity:cafe'],['POI'],POINT(9.9889288 53.5571956),
Bierkrug,,['amenity:pub'],['POI'],POINT(9.999769 53.6811905),
Bounasera,,"['amenity:restaurant', 'cuisine:italian']",['POI'],POINT(10.0001904 53.6804063),
Kapadokya Döner,,"['amenity:fast_food', 'cuisine:kebab']",['POI'],POINT(9.9987589 53.6817074),
Croquerie Norderstedt,,['amenity:fast_food'],['POI'],POINT(9.9970408 53.6822355),
pintxos y mas,,"['amenity:restaurant', 'cuisine:spanish']",['POI'],POINT(9.9102031 53.6392208),
Pausenschön,,['amenity:cafe'],['POI'],POINT(9.9824699 53.5504537),
Kardelen,,"['amenity:fast_food', 'cuisine:kebab']",['POI'],POINT(9.9824506 53.5507189),
Butcher's Steakhouse,,"['amenity:restaurant', 'cuisine:american']",['POI'],POINT(9.9973633 53.5705684),
(m)eatery GmbH,,"['amenity:restaurant', 'cuisine:american']",['POI'],POINT(9.9869171 53.5566282),
Kebab-House,,"['amenity:fast_food', 'cuisine:kebab']",['POI'],POINT(9.9264934 53.5643297),
MAD about juice,,"['amenity:cafe', 'cuisine:sandwich;coffee_shop;regional']",['POI'],POINT(10.0125147 53.5805735),
Public Coffee Roasters,,"['amenity:cafe', 'cuisine:coffee_shop']",['POI'],POINT(10.012892 53.5801451),
Mizu,,"['amenity:restaurant', 'cuisine:japanese']",['POI'],POINT(10.0136462 53.5792341),
Nou7Bar,,['amenity:bar'],['POI'],POINT(10.0129258 53.5815057),
New York Bagel Bar,,['amenity:cafe'],['POI'],POINT(10.0125677 53.5799271),
Radiance Bar,,['amenity:bar'],['POI'],POINT(10.0088648 53.5816837),
Petit Café,,"['amenity:cafe', 'cuisine:coffee_shop']",['POI'],POINT(9.98356 53.5845021),
Bistro libanese L'Emir,,['amenity:cafe'],['POI'],POINT(10.0149643 53.5821751),
Quan Do,,"['amenity:restaurant', 'cuisine:asian']",['POI'],POINT(10.0151628 53.5822329),
Campus Suite,,"['amenity:cafe', 'branch:Asklepios Klinik', 'cuisine:coffee_shop;sandwich']",['POI'],POINT(9.9501356 53.4594541),
Kebab Lounge,,['amenity:fast_food'],['POI'],POINT(10.001015 53.6783005),
Cafe May,,['amenity:cafe'],['POI'],POINT(10.0819309 53.5538786),
Trucys,,['amenity:cafe'],['POI'],POINT(10.016773 53.5826442),
Viet No1,,"['amenity:restaurant', 'cuisine:vietnamese']",['POI'],POINT(10.0193768 53.5748588),
Bistro Winzerhood,,['amenity:cafe'],['POI'],POINT(10.0191927 53.5748484),
Sushi für Hamburg,,"['amenity:restaurant', 'cuisine:sushi']",['POI'],POINT(10.1998161 53.4853833),
Burger Legends,,"['amenity:fast_food', 'cuisine:burger']",['POI'],POINT(9.9169028 53.6000871),
Volkan´s Grillhaus,,"['amenity:fast_food', 'cuisine:kebab']",['POI'],POINT(10.0851709 53.5538993),
Breslauer Stube,,['amenity:pub'],['POI'],POINT(9.9962844 53.6839085),
Wachtel Eck,,['amenity:pub'],['POI'],POINT(10.0502811 53.5890168),
Wloka's,,['amenity:restaurant'],['POI'],POINT(9.9945042 53.5518331),
Good One Café,,['amenity:cafe'],['POI'],POINT(9.9669189 53.5584653),
Tokas,,"['amenity:cafe', 'cuisine:bubble_tea']",['POI'],POINT(9.9368465 53.5515837),
Erfrischungsraum Oldtimertankstelle Brandshof,,"['amenity:restaurant', 'cuisine:regional']",['POI'],POINT(10.0270478 53.5399256),
L'Amira,,"['amenity:restaurant', 'cuisine:arab;oriental;syrian']",['POI'],POINT(10.0144957 53.5542447),
Öz Karides,,"['amenity:restaurant', 'cuisine:fish']",['POI'],POINT(10.0146145 53.5542995),
Kebo Döner,,"['amenity:fast_food', 'cuisine:turkish;kebab']",['POI'],POINT(10.0416037 53.5792471),
Gun Club,,['amenity:bar'],['POI'],POINT(9.9635983 53.5481356),
Chingu,,"['amenity:restaurant', 'cuisine:korean']",['POI'],POINT(10.0030054 53.5533335),
Yuzu,,"['amenity:restaurant', 'cuisine:asian;sushi']",['POI'],POINT(10.0065204 53.607421),
Taverna Plaka,,"['amenity:restaurant', 'cuisine:greek']",['POI'],POINT(9.9646816 53.5602351),
Leila Eat & Meet,,['amenity:restaurant'],['POI'],POINT(9.9637523 53.5600336),
mam - eat greek,,"['amenity:restaurant', 'cuisine:greek']",['POI'],POINT(9.9638514 53.5598361),
Crispi,,"['amenity:cafe', 'cuisine:italian']",['POI'],POINT(9.9116191 53.558908),
Asia Hip,,"['amenity:fast_food', 'cuisine:asian']",['POI'],POINT(9.9121391 53.5592019),
Wally's Cafe,,['amenity:cafe'],['POI'],POINT(9.9106027 53.5598762),
Most Wanted Burger,,['amenity:restaurant'],['POI'],POINT(9.9103067 53.5594022),
Kinh Do,,"['amenity:restaurant', 'cuisine:asian']",['POI'],POINT(10.1570886 53.5500321),
Peace Love & Burgers,,"['amenity:fast_food', 'cuisine:burger']",['POI'],POINT(10.1072906 53.5598972),
Elbschlosskeller,,['amenity:pub'],['POI'],POINT(9.961507 53.5498573),
Zum Goldenen Handschuh,,['amenity:pub'],['POI'],POINT(9.9611095 53.550013),
Hatsukoi Hamburg - japanese grill & sushi,,"['amenity:restaurant', 'cuisine:japanese;sushi']",['POI'],POINT(9.9368164 53.5525614),
Subway,,"['amenity:fast_food', 'cuisine:sandwich']",['POI'],POINT(10.2067093 53.4895616),
Alacati,,"['amenity:restaurant', 'cuisine:pizza']",['POI'],POINT(10.0620823 53.580843),
CYN CYN,Hand Pulled Noodles,"['amenity:restaurant', 'cuisine:noodle;asian;chinese']",['POI'],POINT(9.9599757 53.5726273),
arc,,['amenity:restaurant'],['POI'],POINT(9.9597558 53.5724298),
Die Boutique,,['amenity:restaurant'],['POI'],POINT(10.0081293 53.5811881),
Speisekammer,,['amenity:cafe'],['POI'],POINT(9.9596006 53.5719726),
The Boilerman Bar,,['amenity:bar'],['POI'],POINT(9.9980541 53.5422933),
Goa,,"['amenity:restaurant', 'cuisine:indian']",['POI'],POINT(9.9938317 53.5416918),
Orogelato,nur Barbezahlung,"['amenity:cafe', 'cuisine:ice_cream']",['POI'],POINT(9.9978343 53.5435774),
Stricker's Kehr Wieder Spitze,"Die ""echte"" geografische Kehrwiederspitze liegt nebenan mit der Wasserschutzpolizei darauf","['amenity:restaurant', 'cuisine:german']",['POI'],POINT(9.9821611 53.5421976),
Lattemacchiato,,['amenity:cafe'],['POI'],POINT(9.9952629 53.5682431),
Baba Azeitona,,"['amenity:restaurant', 'cuisine:arab']",['POI'],POINT(9.9634037 53.558557),
kropkå,,['amenity:cafe'],['POI'],POINT(9.9683306 53.5801862),
"Schmidtchen Café, Barmbek",,['amenity:cafe'],['POI'],POINT(10.0490146 53.5765015),
Sellhorn's Gasthof,,['amenity:restaurant'],['POI'],POINT(9.8515063 53.6801409),
Mohltied,,['amenity:cafe'],['POI'],POINT(9.9789596 53.5539156),
Cigköftem,,"['amenity:fast_food', 'cuisine:turkish']",['POI'],POINT(9.9808036 53.4615612),
Cafe Fele,,['amenity:cafe'],['POI'],POINT(9.9740883 53.5787994),
Cafe Lual,,['amenity:cafe'],['POI'],POINT(9.9691881 53.5765271),
Marend,,"['amenity:restaurant', 'cuisine:austrian']",['POI'],POINT(9.9603 53.5721877),
Call a Pizza,,"['amenity:fast_food', 'branch:Hamburg Bergedorf', 'cuisine:pizza']",['POI'],POINT(10.1799092 53.4867937),
Mendoza,,"['amenity:restaurant', 'bar:yes', 'cuisine:steak_house']",['POI'],POINT(9.9808665 53.6818893),
Asia Linh Chi,,['amenity:fast_food'],['POI'],POINT(9.998038 53.6822998),
Vina-Haus,,"['amenity:restaurant', 'cuisine:vietnamese']",['POI'],POINT(9.9136319 53.5638495),
Classic Coffee Hookah,,['amenity:bar'],['POI'],POINT(10.0329877 53.5631445),
Olivias Kiez Oase,,['amenity:pub'],['POI'],POINT(9.9572765 53.5509106),
Domino's,,"['amenity:fast_food', 'cuisine:pizza']",['POI'],POINT(10.0327014 53.5628496),
Laurent,,"['amenity:restaurant', 'cuisine:italian']",['POI'],POINT(10.1531266 53.5967498),
AnTee Vegan,,"['amenity:restaurant', 'cuisine:international;sushi']",['POI'],POINT(10.0192791 53.5540249),
Mathilde Bar,,['amenity:bar'],['POI'],POINT(9.9298568 53.5539454),
Surf 'n' Turf,,['amenity:restaurant'],['POI'],POINT(10.0085714 53.5828066),
Zum Österreicher,,"['amenity:restaurant', 'cuisine:austrian']",['POI'],POINT(10.1432562 53.5707091),
burgerme,,"['amenity:fast_food', 'cuisine:burger']",['POI'],POINT(10.1400902 53.6229574),
Balaustine,,['amenity:restaurant'],['POI'],POINT(9.9868869 53.5616442),
3 Zimmer Wohnung,,['amenity:bar'],['POI'],POINT(9.9603358 53.550658),
Manufact Coffee Roasters,,['amenity:cafe'],['POI'],POINT(9.9671286 53.5597755),
Highway,,['amenity:bar'],['POI'],POINT(10.0465382 53.5677919),
Quanto Basta,,"['amenity:restaurant', 'cuisine:italian']",['POI'],POINT(9.8081696 53.6524974),
Cafè Del Rheyna,,['amenity:cafe'],['POI'],POINT(10.0157692 53.6478995),
Graupi Bistro&Café,,"['amenity:cafe', 'cuisine:breakfast;coffee_shop;tea;turkish']",['POI'],POINT(9.9630025 53.556151),
Osaka Sushi,,"['amenity:restaurant', 'cuisine:japanese']",['POI'],POINT(9.8837003 53.5594201),
Bistro Europa,,['amenity:pub'],['POI'],POINT(9.9874602 53.6833503),
BU Kochlounge,,"['amenity:fast_food', 'cuisine:international']",['POI'],POINT(10.0555913 53.5930522),
Daniel Wischer,,"['amenity:restaurant', 'cuisine:fish']",['POI'],POINT(9.9930699 53.5498122),
Akropolis,,"['amenity:restaurant', 'cuisine:greek']",['POI'],POINT(9.8653066 53.6154122),
kraweel,,"['amenity:cafe', 'cuisine:bistro']",['POI'],POINT(9.9602008 53.5529223),
Sabai Jai,,"['amenity:restaurant', 'cuisine:thai']",['POI'],POINT(10.0661077 53.5818841),
HafenVokü,,['amenity:restaurant'],['POI'],POINT(9.960625 53.5465652),
Drip Bar,,['amenity:bar'],['POI'],POINT(9.9575471 53.5470172),
Café Beerental,,['amenity:cafe'],['POI'],POINT(9.952894 53.4490736),
Sein,,['amenity:cafe'],['POI'],POINT(9.9470539 53.5560892),
Bla Bla,,['amenity:pub'],['POI'],POINT(9.985589 53.4573826),
Nadi's Imbiss,,['amenity:fast_food'],['POI'],POINT(9.9876214 53.4532246),
Bar Lisboa,,['amenity:cafe'],['POI'],POINT(9.9875986 53.4529954),
Lokumhan,,['amenity:cafe'],['POI'],POINT(9.9850268 53.4573197),
The Kumpir,,"['amenity:fast_food', 'cuisine:turkish']",['POI'],POINT(9.9858774 53.4569764),
Zaza King,,"['amenity:fast_food', 'cuisine:kebab']",['POI'],POINT(9.9859051 53.4571149),
Alpha Sports,,['amenity:bar'],['POI'],POINT(9.9874309 53.452658),
Sandzak Klub Hamburg,,['amenity:pub'],['POI'],POINT(9.9874123 53.4537338),
Portugal Fanclub,,['amenity:pub'],['POI'],POINT(9.9870227 53.4553481),
Enjoy Cafe & Cocktails,,['amenity:cafe'],['POI'],POINT(9.9871651 53.4549651),
Four Seasons,,['amenity:restaurant'],['POI'],POINT(9.9871934 53.4548065),
Corner,,['amenity:pub'],['POI'],POINT(9.9872804 53.4546032),
Public Cafe,,['amenity:cafe'],['POI'],POINT(9.9873311 53.4544615),
Hep Yek,,['amenity:bar'],['POI'],POINT(9.9874029 53.4542689),
Casablanca,,['amenity:bar'],['POI'],POINT(9.9874445 53.4541187),
Monsieur Croque,,"['amenity:fast_food', 'cuisine:french']",['POI'],POINT(9.9875947 53.4537977),
Domino's,,"['amenity:fast_food', 'cuisine:pizza']",['POI'],POINT(9.985565 53.4563005),
Köz Patara,,"['amenity:restaurant', 'cuisine:turkish']",['POI'],POINT(9.9856524 53.4561764),
Miami Cafe bar,,['amenity:bar'],['POI'],POINT(9.9863506 53.4558714),
Özlem Köfte,,"['amenity:fast_food', 'cuisine:kebab']",['POI'],POINT(9.9870501 53.4553121),
Miss Tantuni & Grill,,['amenity:fast_food'],['POI'],POINT(9.9868545 53.4555147),
von Allwörden,,['amenity:cafe'],['POI'],POINT(9.9873475 53.4574995),
Bosporus Lounge,,"['amenity:fast_food', 'cuisine:turkish']",['POI'],POINT(9.9878955 53.4563888),
Pizza Hut Express,,"['amenity:fast_food', 'cuisine:pizza']",['POI'],POINT(9.9878317 53.4562284),
Mr. Phung,,"['amenity:fast_food', 'cuisine:asian']",['POI'],POINT(9.9879255 53.4564679),
Pommesfreunde,,['amenity:fast_food'],['POI'],POINT(9.9879564 53.4565502),
Burger Bro,,"['amenity:fast_food', 'cuisine:burger']",['POI'],POINT(9.9877951 53.4561395),
Ciao Bella,,"['amenity:fast_food', 'cuisine:italian']",['POI'],POINT(9.9876532 53.4566034),
Manju,,"['amenity:fast_food', 'cuisine:indian']",['POI'],POINT(9.9876234 53.4565265),
Subway,,"['amenity:fast_food', 'cuisine:sandwich']",['POI'],POINT(9.9870109 53.4565807),
Laziz,,"['amenity:fast_food', 'cuisine:arab']",['POI'],POINT(9.9875764 53.4563847),
Zenthai,,"['amenity:fast_food', 'cuisine:asian']",['POI'],POINT(9.9875364 53.4562789),
Portugal,,"['amenity:cafe', 'cuisine:portuguese']",['POI'],POINT(9.9803209 53.566357),
Food Court,,['amenity:food_court'],['POI'],POINT(9.9877459 53.4565111),
McDonald's,,"['amenity:fast_food', 'cuisine:burger']",['POI'],POINT(9.9875227 53.4564555),
Mr. Clou,,['amenity:fast_food'],['POI'],POINT(9.986994 53.4565345),
Nordsee,,"['amenity:fast_food', 'cuisine:seafood']",['POI'],POINT(9.9872199 53.4564088),
Tea Motion,,"['amenity:cafe', 'cuisine:bubble_tea']",['POI'],POINT(9.9872816 53.4563531),
Starbucks,,"['amenity:cafe', 'cuisine:coffee_shop']",['POI'],POINT(10.0063164 53.6312351),
FHG Kantine,,['amenity:restaurant'],['POI'],POINT(10.0057778 53.6278728),
Wackerhof,,['amenity:restaurant'],['POI'],POINT(9.8432936 53.5726267),
Köster-Cafe,,['amenity:cafe'],['POI'],POINT(10.0570524 53.5904631),
Segafredo,,"['amenity:cafe', 'cuisine:coffee_shop']",['POI'],POINT(9.9871863 53.4565168),
Gasthaus Heimathafen,,['amenity:restaurant'],['POI'],POINT(9.9822165 53.5445155),
Miss Sofie,,"['amenity:fast_food', 'cuisine:danish;ice_cream']",['POI'],POINT(9.9867202 53.5408187),
Porta Venezia,,"['amenity:restaurant', 'cuisine:italian']",['POI'],POINT(9.968358 53.677424),
Ristoretto,,['amenity:cafe'],['POI'],POINT(9.9977453 53.596472),
Boston Burger & more,,"['amenity:fast_food', 'cuisine:burger;cake;chicken;coffee_shop;friture;grill']",['POI'],POINT(9.9850294 53.5834568),
"Die ""kleine"" Crêperie",,"['amenity:fast_food', 'cuisine:crepe']",['POI'],POINT(9.9846149 53.5835818),
Cindys Diner,,"['amenity:restaurant', 'cuisine:burger']",['POI'],POINT(10.0053359 53.6321112),
Gosch,,"['amenity:restaurant', 'cuisine:fish']",['POI'],POINT(10.0053549 53.6319756),
Vering Sport e.V.,,['amenity:bar'],['POI'],POINT(9.9872177 53.515962),
Klick,,['amenity:pub'],['POI'],POINT(9.972618 53.5573538),
Kitty,,['amenity:pub'],['POI'],POINT(9.9723072 53.5572197),
Barmeier's Café & Biergarten,,['amenity:cafe'],['POI'],POINT(9.9897417 53.5971064),
Green Papaya,,"['amenity:restaurant', 'cuisine:asian;sushi']",['POI'],POINT(9.9467545 53.5783591),
Cafe Canale,,['amenity:cafe'],['POI'],POINT(10.0103754 53.5814615),
Amira,,"['amenity:cafe', 'cuisine:coffee_shop']",['POI'],POINT(9.9766501 53.5836518),
Favorita,,"['amenity:cafe', 'cuisine:italian;coffee_shop']",['POI'],POINT(9.9707649 53.5816339),
Chillim,,['amenity:bar'],['POI'],POINT(10.01368 53.6433401),
Anleger Hamburg,,['amenity:bar'],['POI'],POINT(9.991283 53.6010996),
Elbgold,,['amenity:cafe'],['POI'],POINT(9.9839517 53.5839174),
Firat Kebap,,"['amenity:fast_food', 'cuisine:kebab']",['POI'],POINT(10.0311373 53.5798662),
Maa´Deyo,,['amenity:restaurant'],['POI'],POINT(9.9575978 53.5479779),
OXEN Café,,['amenity:cafe'],['POI'],POINT(9.979882 53.6818405),
Grindel Backhus,,['amenity:cafe'],['POI'],POINT(10.0205818 53.58153),
Begas Bar,,['amenity:bar'],['POI'],POINT(9.7829603 53.6544367),
Die alte Druckerei,,['amenity:bar'],['POI'],POINT(9.9997119 53.5489424),
Maharani,,"['amenity:restaurant', 'cuisine:indian']",['POI'],POINT(9.979058 53.5728581),
Baku,,"['amenity:restaurant', 'cuisine:russian']",['POI'],POINT(9.9790608 53.5729544),
Tayas,,['amenity:cafe'],['POI'],POINT(9.9777227 53.5766884),
La Fiesta,,['amenity:bar'],['POI'],POINT(9.9629194 53.5480807),
Störtebeker Fischrestaurant,,"['amenity:restaurant', 'cuisine:fish']",['POI'],POINT(9.9626669 53.5466225),
Museum Bar,,['amenity:bar'],['POI'],POINT(9.9615786 53.5469972),
Pils Börse,,['amenity:pub'],['POI'],POINT(9.962411 53.5486309),
Pinoy,,['amenity:bar'],['POI'],POINT(9.9628473 53.5482083),
David Quelle,,['amenity:pub'],['POI'],POINT(9.9623297 53.5489297),
Journal,,['amenity:pub'],['POI'],POINT(9.9624012 53.5487003),
Ready Pizza,,"['amenity:fast_food', 'cuisine:pizza']",['POI'],POINT(9.8585829 53.5764867),
Doppelschicht,,['amenity:pub'],['POI'],POINT(9.9565168 53.5472607),
Alte Deichkate,,['amenity:cafe'],['POI'],POINT(10.1383715 53.5032832),
Dos Hermanos,,['amenity:cafe'],['POI'],POINT(10.0674053 53.577109),
Ristorante Vivere,,"['amenity:restaurant', 'cuisine:italian']",['POI'],POINT(10.0551473 53.6332653),
Steak & Fish Palast,,['amenity:restaurant'],['POI'],POINT(9.9649955 53.5499483),
Pyjama Bar,,['amenity:bar'],['POI'],POINT(9.9653913 53.5499876),
Sausalitos,,"['amenity:restaurant', 'cuisine:mexican']",['POI'],POINT(9.9665448 53.5501045),
Gasthaus an der Alster,,"['amenity:restaurant', 'cuisine:regional']",['POI'],POINT(9.9982332 53.5528516),
Surfkitchen,,['amenity:restaurant'],['POI'],POINT(10.0004223 53.5427849),
Mö Grill,,['amenity:fast_food'],['POI'],POINT(10.001569 53.5510333),
Café Auszeit,,['amenity:cafe'],['POI'],POINT(10.0633857 53.5556281),
Mini Golf,,['amenity:fast_food'],['POI'],POINT(9.9725999 53.5527304),
Café Seepavillon,,['amenity:cafe'],['POI'],POINT(9.9819302 53.5623794),
Sushi für Hamburg,,"['amenity:restaurant', 'cuisine:sushi']",['POI'],POINT(10.0980465 53.552988),
Dude's Coffee & Cake,,"['amenity:cafe', 'cuisine:coffee_shop']",['POI'],POINT(10.0265372 53.5796526),
Bartels Breakfastclub,,['amenity:cafe'],['POI'],POINT(10.0475036 53.5828603),
Dorfcafe,,['amenity:cafe'],['POI'],POINT(9.8167262 53.6035412),
La Cucina,,"['amenity:restaurant', 'cuisine:italian']",['POI'],POINT(10.0225107 53.6616742),
Lily of the Valley,,['amenity:restaurant'],['POI'],POINT(9.9287072 53.5555723),
Spaccaforno,,"['amenity:restaurant', 'cuisine:pizza']",['POI'],POINT(9.9919733 53.5488722),
HHAMBURGER,,"['amenity:fast_food', 'cuisine:burger']",['POI'],POINT(10.0330107 53.5631683),
Cox,,"['amenity:restaurant', 'cuisine:french']",['POI'],POINT(10.0115945 53.557544),
Rooster,,"['amenity:cafe', 'cuisine:coffee_shop']",['POI'],POINT(10.019122 53.5825548),
Basak,,['amenity:fast_food'],['POI'],POINT(10.009768 53.497917),
Sofra,,"['amenity:restaurant', 'cuisine:pizza']",['POI'],POINT(10.0099517 53.4979108),
Mai Mai,,['amenity:fast_food'],['POI'],POINT(10.0098669 53.4979137),
Ottensener Foodkitchen,,"['amenity:fast_food', 'cuisine:burger']",['POI'],POINT(10.0042414 53.4970123),
Otto's Burger,,"['amenity:restaurant', 'cuisine:burger']",['POI'],POINT(9.9658749 53.5616223),
Ristorante Da Mario,,"['amenity:restaurant', 'cuisine:italian']",['POI'],POINT(9.9960944 53.5703582),
Cruisers Food,,['amenity:fast_food'],['POI'],POINT(9.8649843 53.6151383),
Cafe Sol Portugal,,"['amenity:cafe', 'cuisine:coffee_shop']",['POI'],POINT(10.0905528 53.5486974),
Köz Kapadokya,,"['amenity:restaurant', 'cuisine:turkish']",['POI'],POINT(9.9866101 53.506498),
Taste of Tandoori,,"['amenity:restaurant', 'cuisine:indian']",['POI'],POINT(9.8976764 53.5658446),
Rio The Grillbar,,"['amenity:restaurant', 'cuisine:steak_house']",['POI'],POINT(10.0356466 53.6150223),
was wir wirklich LIEBEN - FEINKOST,,"['amenity:restaurant', 'branch:Lange Reihe', 'cuisine:breakfast']",['POI'],POINT(10.0113784 53.5573054),
Asia Man,,"['amenity:fast_food', 'cuisine:asian']",['POI'],POINT(10.1334964 53.5846633),
Gießkanne,,['amenity:pub'],['POI'],POINT(9.9038822 53.6090169),
Michis Bistro und Cafe,,"['amenity:cafe', 'cuisine:coffee_shop']",['POI'],POINT(9.902279 53.6075374),
Cafesito,,"['amenity:fast_food', 'cuisine:portuguese']",['POI'],POINT(9.9023332 53.6076029),
Rüya Grill,,['amenity:fast_food'],['POI'],POINT(9.9024497 53.6076614),
im treff punkt,,['amenity:pub'],['POI'],POINT(9.9043328 53.6088273),
Kamin,,['amenity:pub'],['POI'],POINT(9.9492876 53.6050437),
Bless,,"['amenity:restaurant', 'cuisine:asian']",['POI'],POINT(9.9702302 53.5810266),
Chaplin's Pub,,['amenity:bar'],['POI'],POINT(10.0100966 53.5538324),
Tapiro D'Oro,Zufahrt und Parken vom Wohldorfer Damm,"['amenity:restaurant', 'cuisine:italian']",['POI'],POINT(10.1245892 53.6710101),
Café Pause,,['amenity:cafe'],['POI'],POINT(10.1098024 53.6546084),
Villari,,['amenity:restaurant'],['POI'],POINT(10.006835 53.6721309),
Eight Corners,,"['amenity:cafe', 'cuisine:coffee_shop']",['POI'],POINT(10.0062202 53.6701424),
San Marco,,"['amenity:restaurant', 'cuisine:italian']",['POI'],POINT(9.7962865 53.5801025),
Spiros & Spiros,,"['amenity:restaurant', 'cuisine:greek']",['POI'],POINT(9.8015118 53.579807),
Unicum,,['amenity:pub'],['POI'],POINT(10.0221781 53.6296141),
Burger Factory,,"['amenity:fast_food', 'cuisine:burger']",['POI'],POINT(10.1141478 53.6256168),
Grill @ Döner,,"['amenity:fast_food', 'cuisine:kebab']",['POI'],POINT(9.876757 53.5333417),
Chen,,"['amenity:fast_food', 'cuisine:chinese']",['POI'],POINT(10.0022054 53.5532766),
Berg Bombe,,['amenity:bar'],['POI'],POINT(9.9614784 53.5505474),
ANHU Asia,,"['amenity:fast_food', 'cuisine:asian']",['POI'],POINT(10.1055898 53.5398147),
ANHU Asia,,"['amenity:restaurant', 'cuisine:asian']",['POI'],POINT(10.2129835 53.5421311),
Peter Pane,Burgergrill & Bar,"['amenity:restaurant', 'cuisine:burger']",['POI'],POINT(10.0089493 53.5836365),
"Vibes Coffee, Drinks & More",Küche bis 16 Uhr,"['amenity:cafe', 'cuisine:breakfast']",['POI'],POINT(10.0089445 53.5837389),
Raj Mahal,,"['amenity:restaurant', 'cuisine:indian']",['POI'],POINT(9.7988722 53.660655),
Marktstübchen,,['amenity:pub'],['POI'],POINT(10.0152882 53.6481351),
Hansekai,,"['amenity:restaurant', 'cuisine:fish;burger']",['POI'],POINT(10.001773 53.5080528),
Harpurt Kebap,,['amenity:fast_food'],['POI'],POINT(9.9852681 53.6844719),
Micky's Bier & Cocktailbar,,['amenity:pub'],['POI'],POINT(9.9808297 53.5502456),
Trattoria Due da Enzo,,"['amenity:restaurant', 'cuisine:italian']",['POI'],POINT(9.9809357 53.5505897),
Ai Bánh Mì,,"['amenity:restaurant', 'cuisine:vietnamese']",['POI'],POINT(10.0021625 53.5499303),
Taj Mahal,,"['amenity:restaurant', 'cuisine:indian']",['POI'],POINT(10.0154258 53.6357715),
HBB Bistro,,"['amenity:fast_food', 'cuisine:kebab']",['POI'],POINT(10.0322237 53.6209744),
Café & au Lait,,['amenity:cafe'],['POI'],POINT(10.0326544 53.6210211),
Quan 19,,"['amenity:restaurant', 'cuisine:vietnamese']",['POI'],POINT(10.0150949 53.5755471),
Köpi-Bar,,['amenity:pub'],['POI'],POINT(9.8879997 53.5597105),
Hala,,['amenity:restaurant'],['POI'],POINT(9.8877871 53.5597042),
Chez Wilma,,['amenity:bar'],['POI'],POINT(9.8123409 53.5621165),
Hokkaido Sushi,,"['amenity:fast_food', 'cuisine:japanese']",['POI'],POINT(9.8444836 53.5549652),
Die Drossel,,['amenity:pub'],['POI'],POINT(10.0445898 53.5888419),
Lomo,,['amenity:pub'],['POI'],POINT(9.9597982 53.5607601),
espressolution,,['amenity:cafe'],['POI'],POINT(9.9601175 53.5609299),
4Fäuste,,['amenity:bar'],['POI'],POINT(9.9616627 53.56177),
d'David,,"['amenity:restaurant', 'cuisine:italian']",['POI'],POINT(9.9625554 53.5615668),
Barrio Alto,,"['amenity:restaurant', 'cuisine:portuguese']",['POI'],POINT(9.9627376 53.561344),
Waffelaria,,['amenity:cafe'],['POI'],POINT(9.9611793 53.5629524),
Chou Chou,,"['amenity:restaurant', 'cuisine:french;crepe']",['POI'],POINT(9.9650779 53.561827),
Jill,,"['amenity:restaurant', 'cuisine:pizza']",['POI'],POINT(9.964882 53.5620492),
Public Coffee Roasters,,['amenity:cafe'],['POI'],POINT(9.9416122 53.5775506),
Heimatjuwel,,"['amenity:restaurant', 'cuisine:fine_dining;regional;german']",['POI'],POINT(9.9477006 53.5801271),
Collab,,['amenity:bar'],['POI'],POINT(9.9628227 53.5531214),
Mediterrano,,['amenity:restaurant'],['POI'],POINT(10.0217911 53.5472458),
Cheat day Döner,,"['amenity:fast_food', 'cuisine:kebab']",['POI'],POINT(9.9733624 53.5804005),
Pape 2 Kaffeehaus,,['amenity:cafe'],['POI'],POINT(9.9731008 53.580603),
Pizza Puro,,"['amenity:restaurant', 'cuisine:pizza']",['POI'],POINT(9.9732163 53.5805494),
The Bowl,,"['amenity:restaurant', 'cuisine:hawaiian']",['POI'],POINT(9.9735328 53.5802572),
Falkenstübchen,,['amenity:pub'],['POI'],POINT(9.9771797 53.582488),
Gray,,['amenity:cafe'],['POI'],POINT(9.97911 53.5831718),
Fein & Mein,,['amenity:cafe'],['POI'],POINT(10.0153098 53.5903644),
Café Ein & Alles,,['amenity:cafe'],['POI'],POINT(10.0034867 53.5929784),
Erdapfel,Kumpir,['amenity:restaurant'],['POI'],POINT(10.0030275 53.5486218),
Café Fabric,,['amenity:cafe'],['POI'],POINT(9.9974712 53.5960449),
Sarsari Lounge,,['amenity:bar'],['POI'],POINT(9.9977416 53.5962256),
Salat-Perle,,['amenity:fast_food'],['POI'],POINT(9.9982683 53.5955223),
Aldos Pizza & More,,"['amenity:restaurant', 'cuisine:pizza']",['POI'],POINT(10.1987089 53.5008313),
Leobar,,['amenity:bar'],['POI'],POINT(9.98493 53.5713184),
GO by Steffen Henssler,,"['amenity:restaurant', 'cuisine:sushi']",['POI'],POINT(9.9880609 53.572322),
Brühwerk,,"['amenity:cafe', 'cuisine:coffee_shop']",['POI'],POINT(9.9988732 53.5536308),
Jolie,,['amenity:restaurant'],['POI'],POINT(9.9619788 53.5524161),
little Snack's & more,,['amenity:fast_food'],['POI'],POINT(9.9789027 53.5716239),
Domino's,,"['amenity:fast_food', 'cuisine:pizza']",['POI'],POINT(9.9788416 53.5716839),
Hungry Belly,,"['amenity:restaurant', 'cuisine:vietnamese']",['POI'],POINT(9.93276 53.5671418),
Mizu - Asia food & sushi,,"['amenity:fast_food', 'cuisine:asian']",['POI'],POINT(10.0428625 53.6040276),
Pho Dam,,"['amenity:restaurant', 'cuisine:vietnamese']",['POI'],POINT(9.9300481 53.5527645),
Codos,,"['amenity:cafe', 'cuisine:coffee']",['POI'],POINT(9.9289484 53.5534192),
Schlemmerschule - Eventlocation,,['amenity:restaurant'],['POI'],POINT(10.0217484 53.5571252),
burgerme,,"['amenity:fast_food', 'cuisine:burger']",['POI'],POINT(9.8626552 53.5978739),
Grill-Kate,,"['amenity:restaurant', 'cuisine:barbecue']",['POI'],POINT(9.8680359 53.5957825),
NOMAD,,"['amenity:restaurant', 'cuisine:japanese']",['POI'],POINT(9.994299 53.5591493),
Der erdbeerfressende Drache,,['amenity:restaurant'],['POI'],POINT(9.9954361 53.55929),
burger BRO,,"['amenity:fast_food', 'cuisine:burger']",['POI'],POINT(9.9867949 53.6856593),
China-Thai Bistro,,['amenity:fast_food'],['POI'],POINT(9.9774392 53.5717153),
Sert Grill Imbiss,,"['amenity:fast_food', 'cuisine:turkish']",['POI'],POINT(10.0202671 53.5773549),
B7 Hamburg,,['amenity:bar'],['POI'],POINT(9.9843516 53.457022),
Cafe & Bar Celona,,"['amenity:restaurant', 'cuisine:burger;coffee_shop;international']",['POI'],POINT(9.9813581 53.5854773),
Arepa Café,,['amenity:restaurant'],['POI'],POINT(10.0125707 53.5549735),
GrillMill,,"['amenity:fast_food', 'cuisine:burger;pizza;salad']",['POI'],POINT(10.1238578 53.588445),
Eat Thai,,"['amenity:restaurant', 'cuisine:thai']",['POI'],POINT(9.9848955 53.5699074),
Metropolis KINOBAR,,['amenity:bar'],['POI'],POINT(9.9887347 53.5563621),
authentikka,,"['amenity:restaurant', 'cuisine:indian']",['POI'],POINT(10.0022459 53.5527441),
Quan36too,,"['amenity:restaurant', 'cuisine:asian']",['POI'],POINT(10.003574 53.5529624),
Störtebeker Beer & Dine,,"['amenity:cafe', 'bar:yes']",['POI'],POINT(9.9835858 53.5413559),
Arnoldi's Food Company,,"['amenity:fast_food', 'cuisine:american']",['POI'],POINT(9.7945726 53.6697719),
Cafe am Michel,cafe with souvenirshop,['amenity:cafe'],['POI'],POINT(9.9779059 53.5485084),
Kabul,,"['amenity:restaurant', 'cuisine:afghan']",['POI'],POINT(10.0152007 53.5550844),
Good Morning Vietnam,,"['amenity:restaurant', 'cuisine:vietnamese']",['POI'],POINT(10.0214371 53.6308513),
L'Osteria,,"['amenity:restaurant', 'cuisine:italian']",['POI'],POINT(9.999156 53.5949924),
Asiahung,,"['amenity:fast_food', 'cuisine:asian']",['POI'],POINT(10.0060601 53.5536301),
Manju,,"['amenity:fast_food', 'cuisine:indian']",['POI'],POINT(10.0062022 53.5536533),
Da Elena,,"['amenity:restaurant', 'cuisine:italian']",['POI'],POINT(9.9832491 53.594521),
Ready Pizza,,"['amenity:fast_food', 'cuisine:pizza;burger;pasta']",['POI'],POINT(10.0145736 53.6304391),
Falknershop,,"['amenity:cafe', 'cuisine:Kiosk']",['POI'],POINT(9.8866676 53.4459599),
Vi Foods,,"['amenity:restaurant', 'cuisine:asian']",['POI'],POINT(10.0478468 53.5827917),
Le Golden Igel,,"['amenity:restaurant', 'cuisine:spanish']",['POI'],POINT(9.9815305 53.5532645),
clouds – Heaven’s Bar & Kitchen,,['amenity:restaurant'],['POI'],POINT(9.9679954 53.5494486),
Four Seasons,,['amenity:cafe'],['POI'],POINT(10.0613052 53.5694242),
Ali Baba Döner & Grill,,"['amenity:restaurant', 'cuisine:kebab;turkish']",['POI'],POINT(9.9418735 53.5519874),
pro linguis,,"['amenity:restaurant', 'cuisine:international']",['POI'],POINT(9.9879333 53.5708975),
Padideh Persisches Restaurant,,['amenity:restaurant'],['POI'],POINT(10.057498 53.5658351),
Jim Block,,"['amenity:fast_food', 'cuisine:burger']",['POI'],POINT(10.0158669 53.6489779),
Orkinus,,"['amenity:restaurant', 'cuisine:fish']",['POI'],POINT(10.1012177 53.5404034),
Café Aura,,['amenity:cafe'],['POI'],POINT(10.0439774 53.595458),
Antep Kebab House,,"['amenity:restaurant', 'cuisine:turkish']",['POI'],POINT(10.1028001 53.5400388),
Kandie Shop,,"['amenity:cafe', 'cuisine:coffee_shop']",['POI'],POINT(9.9615497 53.5532851),
Kemp's,,"['amenity:pub', 'cuisine:british']",['POI'],POINT(9.9951557 53.5682232),
Smiley's,,"['amenity:fast_food', 'branch:Hamburg Altona', 'cuisine:pizza']",['POI'],POINT(9.9512013 53.5562609),
Café König,,['amenity:cafe'],['POI'],POINT(9.9373839 53.547497),
Pick Up Gay Bar,,['amenity:bar'],['POI'],POINT(10.0119628 53.5556455),
Blanco Coffee,,['amenity:cafe'],['POI'],POINT(10.0104868 53.5818205),
Hamburger Küche & Heimkost,,['amenity:restaurant'],['POI'],POINT(10.0881249 53.6065466),
4 Zeiten,"Vegan, vegetarisch und auch Lebensmitteltoleranzen, sowie deliziöse Besonderheiten",['amenity:fast_food'],['POI'],POINT(10.0586379 53.5666874),
Peter Pane,,"['amenity:restaurant', 'bar:yes', 'cuisine:burger']",['POI'],POINT(9.8157326 53.5631458),
Lion's Bar,,['amenity:bar'],['POI'],POINT(9.993092 53.5155454),
Domino's,,"['amenity:fast_food', 'branch:Wilhelmsburg Inselpark', 'cuisine:pizza']",['POI'],POINT(10.0038322 53.4969735),
St. Pauli Nixe,,['amenity:cafe'],['POI'],POINT(9.9575376 53.5470618),
clockers BAR St. Pauli,,['amenity:bar'],['POI'],POINT(9.9580224 53.5530876),
Zum Rettungsring,,['amenity:pub'],['POI'],POINT(9.9597611 53.5490195),
Chez Ronny 's Lounge,,['amenity:bar'],['POI'],POINT(9.9596344 53.5486035),
Danmark-Snack,,"['amenity:fast_food', 'cuisine:hot_dog']",['POI'],POINT(9.9598793 53.5497101),
Little Amsterdam,Ein Hauch von leichter und weltoffener Lebensart der Niederlande mitten in Eppendorf – Willkommen im Little Amsterdam! Deine Location direkt am Isebekkanal.,['amenity:cafe'],['POI'],POINT(9.97956 53.5812094),
TIDE Treibholz & Feinkost,,['amenity:cafe'],['POI'],POINT(9.9271056 53.5511853),
Silbersack Billard-Treff,,['amenity:bar'],['POI'],POINT(9.9595956 53.5485557),
Asia Imbiss Saigon,,"['amenity:fast_food', 'cuisine:asian']",['POI'],POINT(9.9595586 53.5484982),
La Bottega Lentini,,"['amenity:restaurant', 'cuisine:italian']",['POI'],POINT(9.9786909 53.5843584),
Trattoria Italiana,,"['amenity:restaurant', 'cuisine:italian']",['POI'],POINT(10.0443771 53.5674883),
Goldherz,,"['amenity:cafe', 'cuisine:tapas;coffee;cake;breakfast;pancakes']",['POI'],POINT(10.0245181 53.5662578),
CAFE GREKE,,['amenity:bar'],['POI'],POINT(9.9480791 53.5584296),
Bombay Bistro,,"['amenity:fast_food', 'cuisine:indian']",['POI'],POINT(10.0803304 53.5497541),
Sportsbar,,['amenity:pub'],['POI'],POINT(10.1233463 53.5708004),
Navarra,,['amenity:restaurant'],['POI'],POINT(9.9217442 53.5642228),
Fisch-Kate,,"['amenity:restaurant', 'cuisine:german']",['POI'],POINT(9.9874535 53.6837802),
Café Obsthof Puurten Quast,,['amenity:cafe'],['POI'],POINT(9.815312 53.5131387),
Gomo Grill,,['amenity:fast_food'],['POI'],POINT(10.014589 53.6304719),
Tiefgang Bar,,['amenity:pub'],['POI'],POINT(9.9656747 53.557316),
Holsten Bäckerei,,['amenity:cafe'],['POI'],POINT(9.8643551 53.5380288),
Pablo's,,['amenity:pub'],['POI'],POINT(9.9850414 53.516169),
La Patina,,"['amenity:restaurant', 'cuisine:italian']",['POI'],POINT(9.9876566 53.5163528),
Malto,,['amenity:bar'],['POI'],POINT(9.9429206 53.5554674),
Winner's Play,,['amenity:bar'],['POI'],POINT(9.9430683 53.5555317),
Smiley's Pizza,,"['amenity:fast_food', 'cuisine:pizza']",['POI'],POINT(10.0509797 53.568607),
Idol Döner,,"['amenity:fast_food', 'cuisine:kebab']",['POI'],POINT(10.05529 53.5693843),
Paddy's Bar,,['amenity:pub'],['POI'],POINT(10.0515619 53.5682878),
Legler's - Modern Bistro,,['amenity:cafe'],['POI'],POINT(9.9314072 53.5543267),
Cafe Kö,,['amenity:bar'],['POI'],POINT(10.0213541 53.5745976),
Domino's Pizza,,"['amenity:fast_food', 'cuisine:pizza']",['POI'],POINT(10.0227114 53.5743686),
BATU Noodle Society,,"['amenity:restaurant', 'cuisine:chinese']",['POI'],POINT(9.9594874 53.5638398),
Happy Wok,,"['amenity:restaurant', 'cuisine:asian']",['POI'],POINT(9.7982299 53.6771374),
Teufels Küche,,"['amenity:restaurant', 'cuisine:burger;mediterranean']",['POI'],POINT(9.925467 53.550152),
asiahub,,"['amenity:fast_food', 'cuisine:asian']",['POI'],POINT(10.15498 53.6048567),
Büdel’s Bierdeckel,,['amenity:pub'],['POI'],POINT(9.9591985 53.5646902),
Zur Altstadt,,"['amenity:restaurant', 'cuisine:german']",['POI'],POINT(9.9789577 53.4618505),
betahaus Café,,"['amenity:cafe', 'cuisine:coffee_shop']",['POI'],POINT(9.9597262 53.5624615),
Herz Hamburg,,['amenity:bar'],['POI'],POINT(9.9645131 53.549936),
Pizza Max,,"['amenity:fast_food', 'cuisine:pizza']",['POI'],POINT(9.9500223 53.5511478),
Sultan's,,['amenity:fast_food'],['POI'],POINT(10.0458595 53.5873843),
Burger Heroes,,"['amenity:fast_food', 'cuisine:burger']",['POI'],POINT(10.0623199 53.5706393),
burgerme,,"['amenity:fast_food', 'cuisine:burger']",['POI'],POINT(10.1005466 53.5849028),
Salatparadies,,['amenity:restaurant'],['POI'],POINT(9.9026166 53.6091283),
Elbgau Pub,,['amenity:pub'],['POI'],POINT(9.9001144 53.6062892),
Caglar Bäckerei,,['amenity:cafe'],['POI'],POINT(10.0413994 53.5344303),
Tigre,,"['amenity:restaurant', 'cuisine:peruvian;latin_american']",['POI'],POINT(9.9326561 53.5562979),
Hanse Bistro,,['amenity:fast_food'],['POI'],POINT(10.0137979 53.6237427),
Ackerperlen Offener Garten,,"['amenity:cafe', 'cuisine:regional']",['POI'],POINT(10.0555977 53.4924067),
Nachhaltigkeitspavillon OSAKA9,"Drinks only, Ice Cream in the summer","['amenity:cafe', 'cuisine:ice_cream']",['POI'],POINT(9.9992377 53.5424113),
Tafelspitz,,"['amenity:restaurant', 'cuisine:austrian']",['POI'],POINT(10.0018723 53.5965793),
Zeit Café,,"['amenity:cafe', 'cuisine:coffee_shop']",['POI'],POINT(9.9985081 53.5497019),
Das kleine Phi,,['amenity:pub'],['POI'],POINT(9.9715177 53.5573154),
La Maison,,['amenity:cafe'],['POI'],POINT(9.9707514 53.5582209),
Yokohama Coffeebar,,"['amenity:cafe', 'cuisine:cake']",['POI'],POINT(10.0044685 53.5421598),
Kupferkrug,,['amenity:restaurant'],['POI'],POINT(10.0207363 53.5112258),
Sushi Supply,,"['amenity:restaurant', 'cuisine:sushi']",['POI'],POINT(9.9953495 53.5507337),
Flamm'Hus,,['amenity:restaurant'],['POI'],POINT(9.9930947 53.5436268),
Eis Eis Baby,,"['amenity:cafe', 'cuisine:ice_cream']",['POI'],POINT(9.9964179 53.599524),
Osteria Fellini,,"['amenity:restaurant', 'cuisine:italian']",['POI'],POINT(9.9970235 53.5994667),
Taverna Elina,,"['amenity:restaurant', 'cuisine:greek']",['POI'],POINT(9.8119271 53.521044),
philipps restaurant,,"['amenity:restaurant', 'cuisine:Casual_fine_dining']",['POI'],POINT(9.9708612 53.558065),
Altstädter Stube,,['amenity:restaurant'],['POI'],POINT(10.0021005 53.5494261),
Jesus Center,,['amenity:restaurant'],['POI'],POINT(9.9621052 53.5615186),
Da Enzo,,"['amenity:restaurant', 'cuisine:italian']",['POI'],POINT(9.8448358 53.5543638),
Burger Village,,"['amenity:restaurant', 'cuisine:burger']",['POI'],POINT(9.9364721 53.5470722),
Victoria Klause,,['amenity:pub'],['POI'],POINT(9.9692119 53.5878549),
Sushi-Restaurant Jade,,"['amenity:restaurant', 'cuisine:sushi']",['POI'],POINT(9.9939568 53.6813818),
Bar 33,,['amenity:bar'],['POI'],POINT(9.9628493 53.5482942),
the Other Place,,['amenity:bar'],['POI'],POINT(9.9624902 53.548171),
Zum Windjammer,,['amenity:pub'],['POI'],POINT(9.9628891 53.5481244),
Anleger 15,,['amenity:pub'],['POI'],POINT(9.9624719 53.5482604),
Trattoria Piccolo Mondo,,"['amenity:restaurant', 'cuisine:italian']",['POI'],POINT(9.9626227 53.5473692),
elbgold,,"['amenity:cafe', 'cuisine:coffee_shop']",['POI'],POINT(9.9930555 53.5496054),
Zum Florian,,['amenity:restaurant'],['POI'],POINT(9.7878214 53.4253601),
Bistro Schowittchen,,"['amenity:fast_food', 'cuisine:pizza;baguette']",['POI'],POINT(9.791305 53.4697725),
Bei Marina,,['amenity:pub'],['POI'],POINT(9.9669496 53.5605731),
CARLS Brasserie,,['amenity:restaurant'],['POI'],POINT(9.9858838 53.5412076),
Sunfood Bistro,,['amenity:pub'],['POI'],POINT(9.954799 53.5551053),
Félix,,"['amenity:restaurant', 'cuisine:french']",['POI'],POINT(9.8431046 53.5556338),
Petisco,,"['amenity:restaurant', 'cuisine:tapas']",['POI'],POINT(9.9621615 53.5621285),
Piazza Romana,,"['amenity:restaurant', 'cuisine:italian']",['POI'],POINT(9.9902687 53.5635782),
NEWPORT - CAFFEE & WEIN,,['amenity:restaurant'],['POI'],POINT(9.8835521 53.5596299),
Tunnelklause,,['amenity:pub'],['POI'],POINT(9.8649468 53.6151051),
Chopan Kebab,,['amenity:fast_food'],['POI'],POINT(10.0128059 53.5536238),
Trafo im Volkspark,,['amenity:fast_food'],['POI'],POINT(9.9015381 53.5839153),
Pauli Döner,,"['amenity:fast_food', 'cuisine:friture;kebab']",['POI'],POINT(9.9626085 53.5560948),
Da Mario,,"['amenity:restaurant', 'cuisine:italian']",['POI'],POINT(9.9626049 53.5561966),
Neni,,['amenity:restaurant'],['POI'],POINT(9.998357 53.5423139),
Cantina Fux & Ganz,,['amenity:restaurant'],['POI'],POINT(9.9438539 53.5582543),
Food Lounge Bergedorf,"Mit den Marken ""Ciao Bella"" und ""Ruff's Burger"".",['amenity:restaurant'],['POI'],POINT(10.2137851 53.4865141),
Café Zonck,,['amenity:bar'],['POI'],POINT(10.0157274 53.5243106),
Grilly Idol Burger,,"['amenity:restaurant', 'cuisine:burger']",['POI'],POINT(9.9622491 53.5523859),
Portonovo,,"['amenity:restaurant', 'cuisine:italian']",['POI'],POINT(9.9971911 53.5707232),
Cafe Josephin's,,['amenity:cafe'],['POI'],POINT(10.0369147 53.5619261),
Cressole feine Suppen & Currys,,"['amenity:restaurant', 'cuisine:soup']",['POI'],POINT(9.9271726 53.5549135),
Dulf's Burger,,"['amenity:restaurant', 'cuisine:burger']",['POI'],POINT(9.9751479 53.5570164),
Kaiyō,,"['amenity:restaurant', 'cuisine:sushi']",['POI'],POINT(9.9938682 53.5488621),
Fritz Burger,,['amenity:fast_food'],['POI'],POINT(10.139099 53.6268306),
Kleine Weinstube Jockel,,['amenity:bar'],['POI'],POINT(10.0062885 53.5565004),
Pier 81 - Eggers,,['amenity:restaurant'],['POI'],POINT(10.0309497 53.5459112),
Goldene Kanne,,['amenity:cafe'],['POI'],POINT(9.9293104 53.5650648),
Tarterie Jolie,,['amenity:cafe'],['POI'],POINT(9.9901017 53.5414124),
Café du Port,,['amenity:cafe'],['POI'],POINT(9.9630251 53.5526512),
Pamukkale,,['amenity:pub'],['POI'],POINT(9.9628928 53.5523124),
green lovers,,['amenity:fast_food'],['POI'],POINT(9.9867021 53.5412529),
Mimo,,"['amenity:restaurant', 'cuisine:italian']",['POI'],POINT(9.9616178 53.5503316),
Akropolis,,"['amenity:restaurant', 'cuisine:greek']",['POI'],POINT(9.7894321 53.424617),
Meine Kleinraumdisko,,['amenity:pub'],['POI'],POINT(9.9662757 53.5574633),
Schanzen Asia,,['amenity:fast_food'],['POI'],POINT(9.9654532 53.5572874),
Ustam,,"['amenity:restaurant', 'cuisine:turkish;kebab']",['POI'],POINT(9.9646708 53.557242),
Nom,,"['amenity:restaurant', 'cuisine:vietnamese']",['POI'],POINT(9.9752082 53.5490832),
Mutterland Café,,"['amenity:cafe', 'cuisine:coffee_shop;german;regional']",['POI'],POINT(10.0075424 53.5547934),
Elisa – Konditorei und Café,,"['amenity:cafe', 'cuisine:breakfast;cake']",['POI'],POINT(10.0388084 53.562515),
Berg Grill-Imbiss,,['amenity:fast_food'],['POI'],POINT(9.9614515 53.5506174),
Maria Bar,,['amenity:bar'],['POI'],POINT(9.9639087 53.5481358),
bonjour Kumpir,,"['amenity:fast_food', 'cuisine:turkish']",['POI'],POINT(10.1041386 53.5401667),
Café Evergreen bistro,,['amenity:restaurant'],['POI'],POINT(10.2044692 53.504469),
Giovanni 2,,['amenity:restaurant'],['POI'],POINT(9.9622194 53.5544249),
KaffeeKontor,,['amenity:cafe'],['POI'],POINT(9.9648186 53.559845),
Engel,,['amenity:pub'],['POI'],POINT(10.208032 53.4901523),
Pamukkale,,"['amenity:restaurant', 'cuisine:turkish']",['POI'],POINT(10.2086017 53.4901632),
Soul Kebab,,"['amenity:fast_food', 'cuisine:kebab']",['POI'],POINT(10.2076405 53.4890091),
Tung Asia,,['amenity:restaurant'],['POI'],POINT(10.2075409 53.4892799),
Truva,,['amenity:restaurant'],['POI'],POINT(10.2073954 53.4909024),
Cutter's Kajüte,,['amenity:bar'],['POI'],POINT(10.2071812 53.4908257),
Das grüne Leuchten,,['amenity:pub'],['POI'],POINT(9.9831401 53.5555213),
Markt Café Stadtbäckerei Glinde,,['amenity:cafe'],['POI'],POINT(10.2125972 53.5415821),
Singh Indian Restaurant,,"['amenity:restaurant', 'cuisine:indian']",['POI'],POINT(10.0136303 53.554459),
Muräne Café Bar Events,,['amenity:cafe'],['POI'],POINT(9.9621264 53.5538652),
Mr. Dam,,"['amenity:restaurant', 'cuisine:thai;asian']",['POI'],POINT(9.9619838 53.5537357),
Rain Cafeatery,,['amenity:fast_food'],['POI'],POINT(9.9309482 53.5512166),
Café Neumann,,['amenity:cafe'],['POI'],POINT(10.0479199 53.6439719),
Futterkrippe,,['amenity:fast_food'],['POI'],POINT(9.8854936 53.4423853),
Flickenschildt,,"['amenity:restaurant', 'cuisine:german']",['POI'],POINT(10.0261886 53.5700534),
Buon Giorno,,"['amenity:restaurant', 'cuisine:italian']",['POI'],POINT(9.9830142 53.5494365),
No-Ne-Bistro,,"['amenity:cafe', 'cuisine:asian;rice;noodle;seafood']",['POI'],POINT(10.0160517 53.5712553),
Capitol,,"['amenity:fast_food', 'cuisine:kebab']",['POI'],POINT(10.1070849 53.5423694),
Burger King,,"['amenity:fast_food', 'cuisine:burger']",['POI'],POINT(10.1060681 53.5417353),
Asiahung,,"['amenity:fast_food', 'cuisine:asian']",['POI'],POINT(10.1061271 53.5418165),
La Bella,,"['amenity:fast_food', 'cuisine:italian;pizza']",['POI'],POINT(9.9931229 53.5434822),
Lee's Sushi Bar,,"['amenity:fast_food', 'cuisine:sushi']",['POI'],POINT(9.9930055 53.543474),
Chutney,,"['amenity:fast_food', 'cuisine:indian']",['POI'],POINT(9.9928834 53.5436134),
Momo,,"['amenity:fast_food', 'cuisine:asian']",['POI'],POINT(9.9930283 53.5436226),
Modöner,,"['amenity:fast_food', 'cuisine:kebab']",['POI'],POINT(9.9929694 53.5436188),
Simply Food,,"['amenity:restaurant', 'cuisine:italian;italian_pizza']",['POI'],POINT(10.0397347 53.6024409),
nosh,,['amenity:restaurant'],['POI'],POINT(9.9629886 53.5620004),
Holsten-Schwemme,,['amenity:pub'],['POI'],POINT(9.9559785 53.5482812),
Urfam,,"['amenity:fast_food', 'cuisine:kebab;turkish']",['POI'],POINT(10.0621836 53.5710604),
Eis Café San Marco,,"['amenity:cafe', 'cuisine:ice_cream']",['POI'],POINT(9.9043762 53.608066),
Tai Tan,,"['amenity:restaurant', 'cuisine:asian']",['POI'],POINT(9.9470766 53.5444362),
Café Winklers,,['amenity:cafe'],['POI'],POINT(9.9567445 53.5549909),
Tortuga Bar,,['amenity:pub'],['POI'],POINT(9.9602103 53.553881),
Maria Café,,"['amenity:cafe', 'cuisine:brazilian']",['POI'],POINT(9.9572504 53.5524912),
Kleine Freiheit No. 3,,['amenity:pub'],['POI'],POINT(9.9565778 53.5529365),
DÄMER Kaffeerösterei,,"['amenity:cafe', 'cuisine:coffee_shop']",['POI'],POINT(9.9619796 53.5623112),
café panda,,['amenity:cafe'],['POI'],POINT(9.9709395 53.5574059),
Antep Lahmacun Döner & mehr,,"['amenity:fast_food', 'cuisine:kebab']",['POI'],POINT(10.0860667 53.5540896),
Horner City Bistro Cafe,,['amenity:cafe'],['POI'],POINT(10.0854779 53.5540787),
Sushi for Friends,,"['amenity:fast_food', 'cuisine:sushi']",['POI'],POINT(9.9339442 53.5813982),
Olivia Jones Bar,,['amenity:bar'],['POI'],POINT(9.9575793 53.5510114),
Fischbrötchen,,['amenity:fast_food'],['POI'],POINT(9.9898875 53.5424462),
Rödings Backshop,,"['amenity:fast_food', 'cuisine:pizza']",['POI'],POINT(9.9870348 53.5478608),
Country Kitchen,,"['amenity:restaurant', 'cuisine:german']",['POI'],POINT(9.8709291 53.5653182),
Il Vagabondo,,"['amenity:restaurant', 'cuisine:italian']",['POI'],POINT(9.9284834 53.5565352),
Yummies Deli & Bar Restaurant,,"['amenity:restaurant', 'cuisine:italian;american']",['POI'],POINT(10.0153627 53.5553729),
Katers Köök,,['amenity:cafe'],['POI'],POINT(9.9686023 53.567073),
Smileys Pizza,,"['amenity:restaurant', 'cuisine:pizza']",['POI'],POINT(10.207367 53.4935408),
Luca Bistro e Vino,,"['amenity:cafe', 'cuisine:bistro']",['POI'],POINT(9.9511085 53.5778827),
Sushi für Hamburg,,"['amenity:restaurant', 'cuisine:sushi']",['POI'],POINT(9.9874535 53.6746911),
Café Lia,,['amenity:cafe'],['POI'],POINT(10.1053883 53.5409587),
Domino's,,"['amenity:fast_food', 'cuisine:pizza']",['POI'],POINT(10.2055026 53.4951584),
Soul Sushi,,"['amenity:fast_food', 'cuisine:sushi']",['POI'],POINT(10.2057889 53.4948753),
Der Suhrhof,,['amenity:restaurant'],['POI'],POINT(10.2079701 53.4891282),
Pabla,,"['amenity:restaurant', 'cuisine:indian']",['POI'],POINT(10.0140672 53.5552553),
Klapsmühle,,['amenity:pub'],['POI'],POINT(9.9652756 53.5499774),
Brothers,,['amenity:fast_food'],['POI'],POINT(10.1811822 53.488148),
Wundervoll,,['amenity:cafe'],['POI'],POINT(9.9823053 53.5697683),
Café David,,"['amenity:cafe', 'cuisine:portuguese']",['POI'],POINT(9.9842766 53.5699666),
Salon Wechsel Dich,,"['amenity:cafe', 'cuisine:waffle;cafe']",['POI'],POINT(9.9850458 53.5704306),
Rustikate,,['amenity:pub'],['POI'],POINT(10.0977432 53.5450024),
Café am Fleet,,['amenity:cafe'],['POI'],POINT(9.9872044 53.545374),
yoko Sushi,,"['amenity:fast_food', 'cuisine:sushi']",['POI'],POINT(10.1247919 53.5809664),
Stapelfelder Hof Christos,,"['amenity:restaurant', 'cuisine:greek;mediterranean']",['POI'],POINT(10.2201846 53.6053671),
Café Carlos,,['amenity:cafe'],['POI'],POINT(10.0238428 53.6030024),
Holsten Stube,,['amenity:pub'],['POI'],POINT(10.1863801 53.5088054),
Miss Kebap,,"['amenity:fast_food', 'cuisine:kebab']",['POI'],POINT(10.1861228 53.5088308),
Masala,,"['amenity:fast_food', 'cuisine:indian']",['POI'],POINT(10.1862963 53.5088301),
Ristorante Vincenzo,,"['amenity:restaurant', 'cuisine:italian']",['POI'],POINT(9.9867847 53.5455049),
Ristorante Vincenzo,,"['amenity:restaurant', 'cuisine:italian']",['POI'],POINT(9.9492315 53.5447887),
Otto's Burger,,"['amenity:restaurant', 'cuisine:burger']",['POI'],POINT(10.0103122 53.5563181),
Coffee & Cakes,,['amenity:cafe'],['POI'],POINT(9.976371 53.5462629),
La Famiglia,,"['amenity:restaurant', 'cuisine:italian']",['POI'],POINT(10.0163966 53.5538458),
Café Näscherei,,"['amenity:cafe', 'cuisine:breakfast']",['POI'],POINT(10.0192818 53.5670944),
The Ramen Hamburg II,,"['amenity:restaurant', 'cuisine:japanese']",['POI'],POINT(10.0197116 53.5662859),
Simit Factory,,"['amenity:cafe', 'cuisine:turkish']",['POI'],POINT(10.044713 53.5902246),
Leontes,,['amenity:cafe'],['POI'],POINT(10.0457472 53.58943),
Copenhagen Coffee Lab,,"['amenity:cafe', 'cuisine:coffee_shop']",['POI'],POINT(10.0451827 53.5905063),
Saigon Café,,"['amenity:restaurant', 'cuisine:asian']",['POI'],POINT(10.0453222 53.5902105),
Kentauros,,"['amenity:restaurant', 'cuisine:greek']",['POI'],POINT(10.0387426 53.5870841),
Emi Lounge,,['amenity:bar'],['POI'],POINT(10.0596517 53.5778406),
LiderSportbar,,['amenity:bar'],['POI'],POINT(9.9584843 53.5662282),
Amarê,,['amenity:cafe'],['POI'],POINT(9.9593057 53.5644003),
Cafe Reinhardt,,['amenity:cafe'],['POI'],POINT(10.0823292 53.640597),
Dö Back Berne,,"['amenity:fast_food', 'cuisine:kebab;turkish']",['POI'],POINT(10.1387938 53.6265839),
Zeik,,"['amenity:restaurant', 'cuisine:asian']",['POI'],POINT(10.0016891 53.5889417),
Cafeteria,,['amenity:fast_food'],['POI'],POINT(9.8770383 53.5751085),
Kantine,,['amenity:restaurant'],['POI'],POINT(9.8763801 53.5750831),
Nikkei Nine,,"['amenity:restaurant', 'cuisine:asian']",['POI'],POINT(9.991448 53.5554563),
Zwergenstübchen,,['amenity:pub'],['POI'],POINT(10.113742 53.6528551),
Bistro,,['amenity:fast_food'],['POI'],POINT(10.1659428 53.6504959),
Die Raute,,['amenity:restaurant'],['POI'],POINT(9.9000844 53.5877626),
Witwenball,,['amenity:restaurant'],['POI'],POINT(9.9651856 53.5671193),
Aivy Cà Phê,,"['amenity:restaurant', 'cuisine:asian']",['POI'],POINT(10.1270972 53.5807003),
Restaurant Yamas,,['amenity:restaurant'],['POI'],POINT(10.2145086 53.5411591),
Bistro,,['amenity:fast_food'],['POI'],POINT(9.9514816 53.5543796),
Elvy,,['amenity:fast_food'],['POI'],POINT(9.9905393 53.5896577),
Meusel's Landdrostei,,['amenity:restaurant'],['POI'],POINT(9.7966836 53.6609223),
Campus Döner,,"['amenity:fast_food', 'cuisine:kebab;turkish']",['POI'],POINT(9.9813713 53.5669472),
el falafel,,['amenity:restaurant'],['POI'],POINT(9.9837626 53.5650108),
Yumi streetkitchen,,['amenity:restaurant'],['POI'],POINT(9.9838872 53.5649086),
Sekandar,,"['amenity:restaurant', 'cuisine:indian;afghan']",['POI'],POINT(10.1037776 53.5398568),
The Basement,,['amenity:cafe'],['POI'],POINT(9.9628002 53.5568172),
haebel,,['amenity:restaurant'],['POI'],POINT(9.9577363 53.553152),
Café O Fado,,"['amenity:cafe', 'cuisine:portuguese']",['POI'],POINT(10.0176187 53.5698525),
"Marina, Hallo Restaurant & Café",,['amenity:restaurant'],['POI'],POINT(9.9840606 53.4576534),
Asia Tung,,"['amenity:restaurant', 'cuisine:vietnamese']",['POI'],POINT(9.982183 53.4596128),
Brechtmanns Bistro,,"['amenity:cafe', 'cuisine:bistro']",['POI'],POINT(9.9870965 53.5930986),
Bizim-Sportsbar e.V.,,['amenity:bar'],['POI'],POINT(9.9096173 53.6472871),
1910 e.V. Weinbar,"Geöffnet: 2 Stunden bis 20 Minuten vor Spielbeginn; 20 Minuten nach Spielende bis: 24 Uhr am Freitag und Samstag, 23:30 Uhr bei Wochentagsspielen; Abweichungen nach oben und unten je nach Andrang möglich",['amenity:bar'],['POI'],POINT(9.9689931 53.5545459),
The Rabbithole,Cigarlounge,['amenity:bar'],['POI'],POINT(9.9564287 53.5518131),
Cohibar,,['amenity:bar'],['POI'],POINT(10.0010776 53.5526784),
Bistro Belpasso,,['amenity:cafe'],['POI'],POINT(10.033896 53.5649324),
Sushi & Asia Lounge,,"['amenity:restaurant', 'cuisine:asian;noodle;sushi;soup']",['POI'],POINT(10.2103515 53.4858331),
Hygge,,['amenity:restaurant'],['POI'],POINT(9.8746615 53.5652386),
Sushi Shop,,"['amenity:fast_food', 'cuisine:sushi']",['POI'],POINT(9.9864969 53.5906411),
Schmückis Trucker Treff,,['amenity:fast_food'],['POI'],POINT(10.0476842 53.5459243),
Möwenblick,,"['amenity:cafe', 'cuisine:italian']",['POI'],POINT(9.9836792 53.5942916),
Wong Restaurant,,"['amenity:restaurant', 'cuisine:asian']",['POI'],POINT(10.0125562 53.6436191),
NDR-Kantine,,['amenity:fast_food'],['POI'],POINT(9.9474385 53.5978694),
Smiley's,,"['amenity:fast_food', 'cuisine:pizza']",['POI'],POINT(10.1031778 53.5433516),
El Paisa,,"['amenity:restaurant', 'cuisine:colombian;german']",['POI'],POINT(9.9301044 53.579545),
Elbdeli,,"['amenity:cafe', 'cuisine:international']",['POI'],POINT(9.9093232 53.5577371),
Call a Pizza,,"['amenity:fast_food', 'branch:Hamburg Hamm', 'cuisine:pizza']",['POI'],POINT(10.0521978 53.5607533),
NAKAMA,,"['amenity:restaurant', 'cuisine:sushi;fusion;asian']",['POI'],POINT(9.9952724 53.547119),
Takumi Ramen-Station Hamburg,,"['amenity:restaurant', 'cuisine:japanese;noodle']",['POI'],POINT(9.9308492 53.5525909),
Maui Poke Guys,,"['amenity:fast_food', 'cuisine:fish;caribbean']",['POI'],POINT(9.9752575 53.5598376),
Relax Café,,"['amenity:cafe', 'cuisine:bagel;burger;ice_cream;breakfast;coffee_shop;turkish;sausage']",['POI'],POINT(10.0456882 53.5510729),
Massimo,,"['amenity:restaurant', 'cuisine:italian;pizza;pasta;al_forno']",['POI'],POINT(9.9058517 53.6647122),
Krug Weinstube,,['amenity:restaurant'],['POI'],POINT(9.9575026 53.553201),
La Dersimo,,['amenity:cafe'],['POI'],POINT(10.1013391 53.5406204),
Vollmundig,,"['amenity:restaurant', 'cuisine:cake']",['POI'],POINT(9.9864325 53.5103689),
Peter Pane,,"['amenity:restaurant', 'branch:Burgergrill & Bar', 'cuisine:burger']",['POI'],POINT(9.970901 53.58246),
Mili´s Cafe,,['amenity:cafe'],['POI'],POINT(9.9780522 53.5448984),
My House,,"['amenity:fast_food', 'cuisine:asian;vietnamese']",['POI'],POINT(9.9285814 53.5557667),
Beyoglu,,['amenity:fast_food'],['POI'],POINT(9.9796353 53.5499853),
Blue,,"['amenity:restaurant', 'cuisine:regional']",['POI'],POINT(9.9833617 53.653509),
KinEz,,['amenity:cafe'],['POI'],POINT(10.0214846 53.5631268),
Rive,,['amenity:restaurant'],['POI'],POINT(9.9421932 53.5434555),
Condi Lounge,,"['amenity:restaurant', 'cuisine:coffee_shop']",['POI'],POINT(9.9913765 53.5553809),
Kaffeepause bei Maren,,['amenity:cafe'],['POI'],POINT(10.0159451 53.6600484),
M1,,['amenity:bar'],['POI'],POINT(9.9837978 53.5183822),
Mangia Bene,,"['amenity:restaurant', 'cuisine:italian']",['POI'],POINT(9.7934199 53.4617105),
Winner'sPLAY Sportsbar,,['amenity:bar'],['POI'],POINT(9.9165414 53.5991191),
Grill-Imbiss,,['amenity:fast_food'],['POI'],POINT(10.0212783 53.5968555),
Cafe Lowinsky's,,"['amenity:cafe', 'cuisine:bagel;sandwich;cake;brownies;cookies']",['POI'],POINT(9.9800972 53.5833822),
Marktplatz,,['amenity:restaurant'],['POI'],POINT(9.8443017 53.5531745),
Casa Portugal,,['amenity:bar'],['POI'],POINT(9.7927773 53.6607049),
Ristorante Rigoletto,,"['amenity:restaurant', 'cuisine:italian']",['POI'],POINT(9.7928354 53.660436),
Anhu Asia,,"['amenity:fast_food', 'cuisine:asian;sushi']",['POI'],POINT(10.1640674 53.5666857),
Hatay Dürüm Fried Chicken,,['amenity:fast_food'],['POI'],POINT(9.9624188 53.4650222),
Porticello,,"['amenity:restaurant', 'cuisine:italian;pizza']",['POI'],POINT(9.9850957 53.5454809),
MOMO Ramen,"Glutenfreie Ramen nicht vorhanden. Mitbringen von eigenen (glutenfreien Nudeln) jedoch möglich. Zudem gibt es auch die Möglichkeit, Ramen ohne Nudeln zu bestellen. In dem Fall wird dies durch mehr Einlagen ausgeglichen","['amenity:restaurant', 'cuisine:noodle']",['POI'],POINT(9.9633778 53.5662408),
Mundfein,,"['amenity:fast_food', 'cuisine:pizza']",['POI'],POINT(10.1261411 53.5300765),
mok kitchen,,"['amenity:fast_food', 'cuisine:asian']",['POI'],POINT(9.9554671 53.5751898),
Weinwirtschaft Kleines Jacob,,"['amenity:cafe', 'cuisine:bistro']",['POI'],POINT(9.8437886 53.5507003),
GAO Kitchen,,"['amenity:restaurant', 'cuisine:asian']",['POI'],POINT(10.0121092 53.5581917),
Hot Dogs,,['amenity:fast_food'],['POI'],POINT(10.0124171 53.5584258),
Le Parisien,,['amenity:cafe'],['POI'],POINT(10.0118252 53.5579924),
Linda,,['amenity:cafe'],['POI'],POINT(10.0182924 53.5830685),
Grill Athen Palast,,"['amenity:restaurant', 'cuisine:barbecue;german;greek']",['POI'],POINT(10.1321275 53.5709446),
Schmidt & Schmidtchen,,['amenity:cafe'],['POI'],POINT(10.0087444 53.5971192),
Smiley´s Pizza Profis Hamburg-Harburg,,"['amenity:fast_food', 'cuisine:noodle;pizza;sandwich']",['POI'],POINT(9.9597208 53.456611),
Millerntor,,['amenity:pub'],['POI'],POINT(9.9648378 53.5509553),
Taub Trüb,,['amenity:pub'],['POI'],POINT(9.9640581 53.5505527),
Weideeck,,['amenity:pub'],['POI'],POINT(10.0389397 53.5804329),
Il Garage,,['amenity:restaurant'],['POI'],POINT(9.9293 53.553877),
CARLS Weinbar,,['amenity:bar'],['POI'],POINT(9.9859471 53.540821),
Futur III,,['amenity:cafe'],['POI'],POINT(9.9720809 53.5586978),
TRDLO Factory,,"['amenity:cafe', 'cuisine:czech']",['POI'],POINT(9.9960612 53.5416713),
Kaya Feinkost,,"['amenity:fast_food', 'cuisine:kebab;mediterranean']",['POI'],POINT(9.8527776 53.4705358),
mimosas Brunch Club,,['amenity:cafe'],['POI'],POINT(9.9804723 53.5849325),
Hans im Glück,,"['amenity:restaurant', 'cuisine:burger']",['POI'],POINT(10.0021668 53.5538224),
Golden Garden,,"['amenity:restaurant', 'cuisine:asian;japanese;mediterranean;sushi']",['POI'],POINT(9.9871302 53.4499338),
China Imbiss Wu,,['amenity:fast_food'],['POI'],POINT(10.0802886 53.5493966),
Café Einfach Rosa,,['amenity:cafe'],['POI'],POINT(9.897287 53.4468096),
Kebab,,['amenity:fast_food'],['POI'],POINT(10.1814166 53.4894809),
Marina,,"['amenity:restaurant', 'cuisine:seafood']",['POI'],POINT(10.0439758 53.5934922),
Phở & Rice,,"['amenity:restaurant', 'cuisine:vietnamese']",['POI'],POINT(10.0073375 53.5558115),
Herr Schmöll,,['amenity:pub'],['POI'],POINT(9.9584607 53.5529771),
Teigfabrik Ottensen,,"['amenity:restaurant', 'cuisine:italian']",['POI'],POINT(9.9300586 53.5502807),
Hardal,,['amenity:fast_food'],['POI'],POINT(10.1060919 53.541771),
Mahadev Restaurant,,['amenity:restaurant'],['POI'],POINT(10.0796539 53.584804),
Eminönü Fischrestaurant,,"['amenity:restaurant', 'cuisine:fish']",['POI'],POINT(9.9859936 53.4566675),
Frittenwerk,,"['amenity:restaurant', 'cuisine:fried_food']",['POI'],POINT(9.9944859 53.5513363),
Alt Damaskus,,"['amenity:restaurant', 'cuisine:arab']",['POI'],POINT(9.9828021 53.4586329),
Sirali Kebab,,"['amenity:fast_food', 'cuisine:kebab']",['POI'],POINT(9.9831938 53.4585246),
Bei Uns,,"['amenity:restaurant', 'cuisine:mediterranean;pizza']",['POI'],POINT(10.0203534 53.5876283),
Days,,['amenity:bar'],['POI'],POINT(10.0452354 53.567545),
Süllberg Alm,,"['amenity:restaurant', 'cuisine:international']",['POI'],POINT(9.801049 53.5595282),
Pizza Jungs,,"['amenity:restaurant', 'cuisine:pizza']",['POI'],POINT(10.0408909 53.6031941),
Bairro Bar,,['amenity:bar'],['POI'],POINT(9.9745319 53.5458933),
B+B Asia Bistro,,['amenity:fast_food'],['POI'],POINT(10.1146397 53.6533474),
Sushii Harburg,,"['amenity:fast_food', 'cuisine:sushi']",['POI'],POINT(9.9837877 53.4618496),
Aduns,,['amenity:bar'],['POI'],POINT(9.9826415 53.4622099),
Kohldampf,,"['amenity:fast_food', 'cuisine:burger']",['POI'],POINT(10.0309372 53.5798867),
WonderWaffel,,"['amenity:cafe', 'cuisine:waffle']",['POI'],POINT(10.001646 53.5522492),
Bistro Elbwein,,['amenity:restaurant'],['POI'],POINT(9.8085574 53.563622),
KEBABHAUS,,"['amenity:fast_food', 'cuisine:kebab;turkish']",['POI'],POINT(9.8800729 53.532457),
Diora,,['amenity:restaurant'],['POI'],POINT(9.984377 53.4612975),
Maxim,,['amenity:bar'],['POI'],POINT(9.9834848 53.4614628),
Schmidt und Schmidtchen,,['amenity:cafe'],['POI'],POINT(9.8656189 53.5539308),
Museumscafé,,['amenity:cafe'],['POI'],POINT(9.8657138 53.5528085),
Bosna Imbiss,,"['amenity:fast_food', 'cuisine:bosnian']",['POI'],POINT(10.0391261 53.5791485),
Bundt's Gartenrestaurant,,['amenity:restaurant'],['POI'],POINT(9.8137072 53.5203078),
Bundt's Cafe,,['amenity:cafe'],['POI'],POINT(9.8137136 53.5202248),
Europa Food House,,['amenity:fast_food'],['POI'],POINT(10.0037029 53.6591125),
Hanoi Quan,,['amenity:restaurant'],['POI'],POINT(10.0767958 53.6155715),
Borseleck,,['amenity:pub'],['POI'],POINT(9.9251515 53.5568772),
Hof Neun Linden,,['amenity:cafe'],['POI'],POINT(10.1691598 53.5046375),
Minus Gelato Bar,,"['amenity:bar', 'cuisine:ice_cream;coffee_shop']",['POI'],POINT(9.9752366 53.5576683),
Ariana,,"['amenity:restaurant', 'cuisine:afghan']",['POI'],POINT(10.0010669 53.5528309),
Park Café Planten un Blomen,,['amenity:cafe'],['POI'],POINT(9.9746848 53.5531762),
Goldbach,,"['amenity:restaurant', 'cuisine:fish;german;regional']",['POI'],POINT(9.9935207 53.5498945),
Hobenköök,,['amenity:restaurant'],['POI'],POINT(10.0078169 53.5433336),
Max Cafe & Bar,,['amenity:bar'],['POI'],POINT(9.8747165 53.4794534),
100/200,,"['amenity:restaurant', 'cuisine:Nouvelle_Cuisine']",['POI'],POINT(10.0284841 53.537433),
Paradeis Café,u.a. persische Eisspezialitäten,"['amenity:cafe', 'cuisine:ice_cream;cake;coffee']",['POI'],POINT(10.0117854 53.647386),
Aomame Ramen,Ramenbar und Pokébowls,"['amenity:restaurant', 'cuisine:ramen']",['POI'],POINT(9.985887 53.5057044),
Ottensener,,"['amenity:restaurant', 'cuisine:burger']",['POI'],POINT(9.9280711 53.5593479),
China Bistro,,"['amenity:fast_food', 'cuisine:chinese']",['POI'],POINT(9.9258395 53.555275),
Gyrosland,,"['amenity:fast_food', 'cuisine:greek']",['POI'],POINT(10.0409302 53.6030467),
Flower's Whisper,,"['amenity:cafe', 'cuisine:chinese;ramen;dessert;bubble_tea;coffee;cake']",['POI'],POINT(10.0031946 53.551203),
Dàm,,"['amenity:restaurant', 'cuisine:vietnamese']",['POI'],POINT(10.0395022 53.6024254),
Der Stackmeister,,['amenity:restaurant'],['POI'],POINT(10.063879 53.4604358),
Wolfs Junge,,"['amenity:restaurant', 'cuisine:fine_dining']",['POI'],POINT(10.0177706 53.5746961),
Café Hosch,,['amenity:cafe'],['POI'],POINT(10.0085911 53.5810904),
Lütt & Lecker Fischbrötchen,"Fischbrötchen, Kiosk","['amenity:restaurant', 'cuisine:fish']",['POI'],POINT(9.9518334 53.5452579),
Braakermühle,,['amenity:cafe'],['POI'],POINT(10.015271 53.5745109),
Cafe am Sand,,['amenity:cafe'],['POI'],POINT(9.9800684 53.4611467),
Wöbcke,,['amenity:cafe'],['POI'],POINT(9.794005 53.464902),
elbgold,,['amenity:cafe'],['POI'],POINT(10.0099007 53.5830582),
Bridge,,['amenity:bar'],['POI'],POINT(10.0420356 53.5801382),
Hashtag,,['amenity:bar'],['POI'],POINT(10.0421408 53.5802333),
Snoopy's Pizzawerk,,"['amenity:fast_food', 'cuisine:pizza']",['POI'],POINT(10.0157182 53.635393),
Asia Imbiss,Ostasiatische Spezialitäten,"['amenity:restaurant', 'cuisine:asian']",['POI'],POINT(10.0418608 53.5791348),
Sai-Gon Nhi,,"['amenity:fast_food', 'cuisine:asian']",['POI'],POINT(10.0007826 53.6155796),
The Walrus Bar,,['amenity:bar'],['POI'],POINT(9.9625263 53.5555442),
CÀI Kitchen,,"['amenity:restaurant', 'cuisine:chinese;sichuan']",['POI'],POINT(9.9731523 53.559446),
Pani Smak,,['amenity:restaurant'],['POI'],POINT(10.0238585 53.5849377),
Due Amici,,"['amenity:restaurant', 'cuisine:italian']",['POI'],POINT(10.0645788 53.5785233),
Oro,,['amenity:restaurant'],['POI'],POINT(10.2110015 53.4907102),
Mai-Mai,,"['amenity:fast_food', 'cuisine:asian;chinese']",['POI'],POINT(9.8527688 53.4702703),
Lucky Friends,,"['amenity:restaurant', 'cuisine:chinese']",['POI'],POINT(9.9826627 53.5554719),
Zipang,,"['amenity:restaurant', 'cuisine:japanese']",['POI'],POINT(9.9663106 53.5797084),
VITAMINGO,,"['amenity:fast_food', 'cuisine:salad;chicken']",['POI'],POINT(10.0262627 53.5459197),
bistro fresh,"Säfte, Cafe, Tee, Salate, Croques",['amenity:cafe'],['POI'],POINT(10.025095 53.5566249),
Hanging Out Café,,['amenity:cafe'],['POI'],POINT(9.9815002 53.5681526),
Rice Brothers,,"['amenity:restaurant', 'cuisine:asian']",['POI'],POINT(9.9630433 53.5605349),
AstraEck,,['amenity:pub'],['POI'],POINT(9.9621505 53.4649665),
Studio Gusto,,"['amenity:cafe', 'cuisine:italian']",['POI'],POINT(9.9463871 53.5797402),
Cafeteria,,['amenity:cafe'],['POI'],POINT(10.0203491 53.6044492),
Soul Sushi Barmbek,,"['amenity:restaurant', 'cuisine:sushi']",['POI'],POINT(10.0445488 53.5925987),
Soul Sushi,,"['amenity:restaurant', 'branch:Hamburg Langenhorn', 'cuisine:sushi']",['POI'],POINT(10.0119849 53.6464241),
La Crème de la Crêpe,,['amenity:restaurant'],['POI'],POINT(9.9325981 53.5507398),
flamingo flower,,['amenity:cafe'],['POI'],POINT(9.9863719 53.588144),
Kokomo Noodle Club,,"['amenity:restaurant', 'cuisine:ramen;soup;japanese']",['POI'],POINT(9.9621292 53.5523991),
Asiahung,,"['amenity:fast_food', 'cuisine:asian']",['POI'],POINT(10.0275868 53.5708957),
Zweipunktnull,,"['amenity:restaurant', 'cuisine:pizza']",['POI'],POINT(9.9277091 53.5548805),
Café Mama Silvia,"Peruanisch, Frühstück, Bowls","['amenity:cafe', 'cuisine:peruvian']",['POI'],POINT(10.0185072 53.5772815),
LORDS Deli,,['amenity:cafe'],['POI'],POINT(10.0293471 53.5755446),
Al Granada,,"['amenity:restaurant', 'cuisine:spanish;oriental']",['POI'],POINT(10.0397023 53.6060502),
gin koi,,"['amenity:restaurant', 'cuisine:japanese;sushi']",['POI'],POINT(9.9299926 53.5508307),
Frau Kowolik,,['amenity:cafe'],['POI'],POINT(10.0200472 53.5869263),
Frühling Bistro,Befindet sich nur in einem Teil des EG dieses Einfamilienhauses.,"['amenity:fast_food', 'cuisine:chinese;kebab']",['POI'],POINT(10.000927 53.6173297),
Pizza Max,,"['amenity:fast_food', 'cuisine:pizza']",['POI'],POINT(10.1291374 53.5387611),
Bramfelder Wirtshaus,,['amenity:restaurant'],['POI'],POINT(10.0816193 53.6207098),
Hamburg-Kaffeerösterei,,['amenity:cafe'],['POI'],POINT(10.0951799 53.6510446),
JIN GUI,,"['amenity:restaurant', 'cuisine:japanese']",['POI'],POINT(9.9864351 53.551375),
Bar Noir,,['amenity:bar'],['POI'],POINT(9.9864465 53.5515168),
Bar Bleu,,['amenity:bar'],['POI'],POINT(9.9863132 53.5515743),
Izakaya by Dokuwa,,"['amenity:restaurant', 'cuisine:japanese']",['POI'],POINT(9.9752018 53.558861),
the med bar,,['amenity:bar'],['POI'],POINT(9.9702234 53.5581968),
Playground Coffee St.Pauli,,"['amenity:cafe', 'cuisine:coffee_shop;cake']",['POI'],POINT(9.9653787 53.5516292),
Pizzeria König,,"['amenity:restaurant', 'cuisine:italian_pizza']",['POI'],POINT(9.9302849 53.551167),
el local,,"['amenity:restaurant', 'cuisine:spanish']",['POI'],POINT(9.8284239 53.5577031),
Berlin Döner Kiosk,,['amenity:fast_food'],['POI'],POINT(10.0556332 53.6067266),
Burgerlich,burger,['amenity:restaurant'],['POI'],POINT(9.9881597 53.5557449),
Miss Kumpir,Kumpir ist eine türkische Backkartoffelspezialität,"['amenity:fast_food', 'cuisine:turkish']",['POI'],POINT(10.0124552 53.6500289),
Schnitzerella,,['amenity:fast_food'],['POI'],POINT(9.9291273 53.554679),
was wir wirklich LIEBEN - Deli,,"['amenity:cafe', 'branch:Hegestraße']",['POI'],POINT(9.9817277 53.5829774),
Chinarestaurant Bihu,,"['amenity:restaurant', 'cuisine:chinese']",['POI'],POINT(10.1170163 53.5965209),
Bistro,,['amenity:cafe'],['POI'],POINT(9.8219609 53.5662639),
Brian’s Steak and Lobster,,['amenity:restaurant'],['POI'],POINT(9.9963582 53.5704204),
Asia Pham,,"['amenity:fast_food', 'cuisine:asian']",['POI'],POINT(9.7952368 53.5807785),
Jellyfish,,"['amenity:restaurant', 'cuisine:fish']",['POI'],POINT(9.9654911 53.5665784),
Heidberg Döner,,"['amenity:fast_food', 'cuisine:kebab']",['POI'],POINT(10.0268939 53.6747185),
Paledo,,['amenity:restaurant'],['POI'],POINT(9.9782928 53.5952238),
Fricke 46,,['amenity:pub'],['POI'],POINT(9.9783031 53.5949988),
Bierkrug,Raucher Eckkneipe,['amenity:pub'],['POI'],POINT(9.9836244 53.5945227),
Dulf's Burger,,['amenity:restaurant'],['POI'],POINT(10.0172024 53.5827757),
Moin Kumpir,,['amenity:fast_food'],['POI'],POINT(10.0112914 53.5571654),
Löschecke,,['amenity:pub'],['POI'],POINT(9.9684565 53.4569807),
Köz Ocakbasi,,"['amenity:fast_food', 'cuisine:kebab']",['POI'],POINT(10.0109777 53.552795),
Nordsee,,"['amenity:fast_food', 'cuisine:seafood']",['POI'],POINT(10.0912388 53.6541557),
Restaurant Korfu,,"['amenity:restaurant', 'cuisine:greek']",['POI'],POINT(9.7943688 53.658021),
Da Franco,,['amenity:restaurant'],['POI'],POINT(9.799094 53.6603476),
Grill-Pavillon,,['amenity:fast_food'],['POI'],POINT(9.904018 53.5890294),
Storehouse,,['amenity:restaurant'],['POI'],POINT(9.9986549 53.5473421),
CARINO,,"['amenity:restaurant', 'cuisine:italian']",['POI'],POINT(10.0119106 53.559522),
Sushi For Love,,"['amenity:restaurant', 'cuisine:sushi']",['POI'],POINT(9.840285 53.4725083),
Mezedes,,"['amenity:restaurant', 'cuisine:greek']",['POI'],POINT(9.9870165 53.5957403),
Domino's,,"['amenity:fast_food', 'branch:Hamburg Harburg Eißendorf', 'cuisine:pizza']",['POI'],POINT(9.9766177 53.4552741),
Cafe May,,"['amenity:cafe', 'cuisine:coffee_shop']",['POI'],POINT(10.0627107 53.5777222),
Taugenichts Bar,,['amenity:bar'],['POI'],POINT(9.9479252 53.5604525),
bianc,,"['amenity:restaurant', 'cuisine:mediterranean']",['POI'],POINT(9.9944479 53.5429789),
Eaton Place,,"['amenity:cafe', 'cuisine:British']",['POI'],POINT(9.9302897 53.5506922),
Il Sorriso,,"['amenity:restaurant', 'cuisine:italian']",['POI'],POINT(10.0920403 53.6361631),
Freistil,,['amenity:restaurant'],['POI'],POINT(9.9365611 53.4738461),
Instinct Coffee,,['amenity:cafe'],['POI'],POINT(9.9777151 53.5652046),
Domino's,,"['amenity:fast_food', 'cuisine:pizza']",['POI'],POINT(10.1671352 53.6238024),
Die Grete,,['amenity:bar'],['POI'],POINT(9.9629391 53.5663779),
Bizim Döner,,"['amenity:fast_food', 'cuisine:kebab']",['POI'],POINT(10.167325 53.6487152),
McDonald's,,"['amenity:fast_food', 'cuisine:burger']",['POI'],POINT(9.9820326 53.4598637),
ciao bella,,"['amenity:restaurant', 'cuisine:italian']",['POI'],POINT(10.1054636 53.5398068),
Asia Din Hau,,"['amenity:restaurant', 'cuisine:asian']",['POI'],POINT(9.8882271 53.4721481),
Fuchs Bar,,['amenity:bar'],['POI'],POINT(9.9603487 53.4410208),
Spezzagrano,,"['amenity:restaurant', 'cuisine:italian']",['POI'],POINT(10.041814 53.5990564),
Trattoria da Michele,,"['amenity:restaurant', 'cuisine:pizza;italian']",['POI'],POINT(9.9877524 53.6677786),
China Wall,,['amenity:fast_food'],['POI'],POINT(10.0608949 53.5634165),
Café Rennkoppel,,['amenity:cafe'],['POI'],POINT(9.9585032 53.4649811),
Black Forest Bar & Food,,['amenity:bar'],['POI'],POINT(9.9803341 53.5853177),
Bake & Coffee,,['amenity:cafe'],['POI'],POINT(9.8260961 53.5642931),
Avenue 95,,['amenity:cafe'],['POI'],POINT(9.9701506 53.5821611),
ASTRA Brauerei St. Pauli,,['amenity:restaurant'],['POI'],POINT(9.9562566 53.5501523),
Thomas Read Irish Pub,,['amenity:pub'],['POI'],POINT(9.9566397 53.5500714),
Billy the Butcher,,"['amenity:restaurant', 'cuisine:burger']",['POI'],POINT(9.990598 53.5528603),
Chez Malik's,"Malik's bar usually opens after 18:00, but it varies. Malik is the owner and the bartender. There are various affordable homebrewn drinks. It's easy to create an event for yourself like a birthday. Downstairs there are changing art exhibitions.",['amenity:bar'],['POI'],POINT(10.0100558 53.5552996),
Lesser Panda Ramen,"Reservierungen nur via Website möglich, nicht über Telefon","['amenity:restaurant', 'cuisine:noodle']",['POI'],POINT(9.9752013 53.5599272),
Heimat,,"['amenity:restaurant', 'cuisine:german;local;fine_dining']",['POI'],POINT(9.9992017 53.5414446),
Shawarma Marina,,"['amenity:fast_food', 'cuisine:kebab;burger;falafel;oriental;pizza']",['POI'],POINT(10.0124831 53.5543657),
Mühlencafé,,"['amenity:cafe', 'cuisine:cake']",['POI'],POINT(10.0231585 53.4997779),
Ria de Aveiro,,['amenity:cafe'],['POI'],POINT(9.9809525 53.461006),
YaKu,,"['amenity:restaurant', 'bar:yes', 'cuisine:mexican;peruvian']",['POI'],POINT(9.9858723 53.5707978),
Coppa Boom,,['amenity:bar'],['POI'],POINT(9.9620502 53.5506108),
Medellin Lounge,,['amenity:bar'],['POI'],POINT(9.9058798 53.5658257),
Schweinske Bahrenfeld,,"['amenity:restaurant', 'branch:Bahrenfeld', 'cuisine:burger;escalope;german']",['POI'],POINT(9.9020179 53.5651267),
sanktpaulibar,,['amenity:bar'],['POI'],POINT(9.9630987 53.549112),
Sazza-Bar,,['amenity:restaurant'],['POI'],POINT(9.9802995 53.5844965),
Merkur Döner,,"['amenity:fast_food', 'cuisine:kebab']",['POI'],POINT(10.0333148 53.5363896),
ALEX,,"['amenity:restaurant', 'branch:Hamburg Überseebrücke', 'cuisine:breakfast;burger;international;steak_house']",['POI'],POINT(9.9755584 53.5443049),
Panaelme,,"['amenity:restaurant', 'cuisine:german;georgian;italian']",['POI'],POINT(9.9931091 53.5456807),
Crane and Crane,,['amenity:bar'],['POI'],POINT(9.9600001 53.5507833),
El Coco,,"['amenity:fast_food', 'cuisine:german;american;mexican']",['POI'],POINT(9.9929109 53.5434674),
Sorgenbrecher,,['amenity:bar'],['POI'],POINT(9.9614404 53.5509464),
Holsten Treff,,['amenity:pub'],['POI'],POINT(10.097891 53.552891),
Berne Kebap Haus,,['amenity:fast_food'],['POI'],POINT(10.1388133 53.625322),
Kuchnia,,"['amenity:restaurant', 'cuisine:polish']",['POI'],POINT(9.9601036 53.552391),
P&P - drinks & gude laune,,"['amenity:bar', 'cuisine:pizza']",['POI'],POINT(9.9607244 53.5525637),
Babanin Yeri,,"['amenity:fast_food', 'cuisine:kebab']",['POI'],POINT(9.9582267 53.5530394),
XO Seafoodbar,,"['amenity:restaurant', 'cuisine:seafood']",['POI'],POINT(9.9583697 53.5531969),
Haidari's Food service,,['amenity:fast_food'],['POI'],POINT(9.9873744 53.4509648),
Café Refugio,,['amenity:cafe'],['POI'],POINT(9.9808759 53.4578752),
Lauras Küche,,['amenity:restaurant'],['POI'],POINT(9.980331 53.565438),
El Greco,,"['amenity:pub', 'cuisine:greek']",['POI'],POINT(9.9850564 53.4544248),
Mafia Bites,,['amenity:restaurant'],['POI'],POINT(10.0087957 53.5558182),
Niko's Treff,,['amenity:pub'],['POI'],POINT(10.2092761 53.4907688),
Seemannsgarn,"Café, Wolle und Workshops",['amenity:cafe'],['POI'],POINT(10.20923 53.4904754),
Juicery by em,,['amenity:cafe'],['POI'],POINT(9.9644503 53.5593078),
Café Pharaonen,,['amenity:cafe'],['POI'],POINT(9.9816878 53.5642834),
Broscheks,,['amenity:restaurant'],['POI'],POINT(9.9875502 53.5526396),
Café Pronto,,['amenity:cafe'],['POI'],POINT(9.9448339 53.593279),
Quan36,,"['amenity:restaurant', 'cuisine:vietnamese']",['POI'],POINT(9.9629327 53.5610916),
Croque Star,,"['amenity:fast_food', 'cuisine:sandwich;french']",['POI'],POINT(10.0465138 53.5881723),
Filia Café & Feinkost,,['amenity:cafe'],['POI'],POINT(10.2096255 53.4894253),
Café Schlick,,['amenity:cafe'],['POI'],POINT(10.0557135 53.52755),
Café Alsterberg,,"['amenity:cafe', 'cuisine:coffee;cake;salad']",['POI'],POINT(10.013538 53.6171472),
Le Cochinchine,cuisine du vietnam,"['amenity:restaurant', 'cuisine:vietnamese']",['POI'],POINT(9.9800408 53.5844017),
Vümpf,,['amenity:pub'],['POI'],POINT(9.9797702 53.58435),
Ceviche Bar,,"['amenity:restaurant', 'cuisine:peruvian;ceviche']",['POI'],POINT(9.9793621 53.5834668),
Hatari,,"['amenity:restaurant', 'cuisine:burger;german']",['POI'],POINT(9.9596383 53.5723365),
Da Sinito,,"['amenity:restaurant', 'cuisine:italian']",['POI'],POINT(9.9651563 53.674809),
Theo´s,,"['amenity:restaurant', 'cuisine:steak_house']",['POI'],POINT(9.99008 53.5632433),
circle8brewery,,['amenity:pub'],['POI'],POINT(10.0066947 53.6080657),
Mrs. Waffel,"Angebote: Frühstück, Eis, Kaffee, Kuchen, Waffeln","['amenity:cafe', 'cuisine:ice_cream']",['POI'],POINT(9.9842279 53.4586219),
BrewDog St. Pauli,,['amenity:pub'],['POI'],POINT(9.9684853 53.5497853),
Watergate,,['amenity:cafe'],['POI'],POINT(9.9652615 53.5454291),
Imbiss bei Louis,,"['amenity:fast_food', 'cuisine:regional']",['POI'],POINT(10.0289815 53.5450915),
Denkbar,,"['amenity:cafe', 'cuisine:greek']",['POI'],POINT(9.9516979 53.5721232),
Houtang Hot Pot,,['amenity:restaurant'],['POI'],POINT(9.9569578 53.5494776),
Hooters,,"['amenity:restaurant', 'bar:yes', 'branch:St. Pauli', 'cuisine:burger']",['POI'],POINT(9.9571706 53.5494702),
Quan 19,,"['amenity:restaurant', 'cuisine:asian;vietnamese']",['POI'],POINT(9.9047971 53.6069334),
Döner by Flame,,"['amenity:fast_food', 'cuisine:kebab']",['POI'],POINT(9.9045745 53.6076194),
coast enoteca,,['amenity:restaurant'],['POI'],POINT(9.9931014 53.5399285),
Bogy's,,['amenity:bar'],['POI'],POINT(10.0187664 53.5838403),
Bierbrunnen,,['amenity:pub'],['POI'],POINT(9.9813143 53.4633675),
To Stéki,,['amenity:bar'],['POI'],POINT(9.9803015 53.4634317),
Schrødingers,,['amenity:cafe'],['POI'],POINT(9.9753079 53.5644807),
Very Very Veggie Vegan Sushi,,"['amenity:restaurant', 'cuisine:chinese']",['POI'],POINT(10.019162 53.5824003),
Hamburger Alm,,['amenity:pub'],['POI'],POINT(9.9638936 53.549889),
Ratsherrn Bar Winterhude,,"['amenity:bar', 'cuisine:barbecue;german;chicken;burger;diner;regional;sausage;sandwich;local']",['POI'],POINT(10.0131747 53.5797869),
Cafe Schmidtchen,,['amenity:cafe'],['POI'],POINT(9.9339719 53.5491964),
Café Lounge Hamburg,,['amenity:cafe'],['POI'],POINT(10.0206493 53.5256273),
Khao San,,"['amenity:restaurant', 'cuisine:asian;thai']",['POI'],POINT(9.9575374 53.5751308),
1407,,['amenity:cafe'],['POI'],POINT(9.9573596 53.5751657),
Scharley's Bar,,['amenity:bar'],['POI'],POINT(9.9572878 53.5751783),
Trattoria Salento,,"['amenity:restaurant', 'cuisine:italian;mediterranean']",['POI'],POINT(9.9570595 53.5752214),
Mega’s,Bar & Steakhouse,['amenity:pub'],['POI'],POINT(9.9551576 53.5755334),
Copenhagen Coffee Lab,,['amenity:cafe'],['POI'],POINT(9.9545774 53.5757189),
Trucys,,['amenity:cafe'],['POI'],POINT(9.954458 53.5757433),
Crêperie Monsieur Rémi,"Buchweizen-Galettes, Weizen-Crêpes, Salate, cremige Suppen, Aperitifs und Digestifs, bretonische Cidres, Wein, Bier, Limonade, Heißgetränke","['amenity:restaurant', 'cuisine:french;galette;crepe']",['POI'],POINT(9.9544277 53.5753991),
citta,,"['amenity:restaurant', 'cuisine:asian']",['POI'],POINT(9.9534303 53.5759823),
THIRDROOM,,"['amenity:cafe', 'cuisine:cake']",['POI'],POINT(9.955232 53.5756187),
Stader Tor 01,,['amenity:pub'],['POI'],POINT(9.9625949 53.4694144),
Queue Billiard Pub,,['amenity:pub'],['POI'],POINT(10.0445365 53.5939951),
Osborne,,['amenity:bar'],['POI'],POINT(9.9617617 53.5484157),
Finkenwerder Fährhaus,,['amenity:bar'],['POI'],POINT(9.8826121 53.5312136),
Mikkels,,['amenity:cafe'],['POI'],POINT(9.9294476 53.5537327),
My Kebap's,,['amenity:restaurant'],['POI'],POINT(9.9745321 53.5800952),
Hofladencafé Gut Wulfsdorf,,['amenity:cafe'],['POI'],POINT(10.1902808 53.6595985),
Pizza Hut,,"['amenity:restaurant', 'cuisine:pizza']",['POI'],POINT(9.9942686 53.5509789),
Chiyo Sushi,,"['amenity:fast_food', 'cuisine:sushi']",['POI'],POINT(10.0253865 53.5441725),
Johann's,,['amenity:restaurant'],['POI'],POINT(10.0832874 53.5382273),
KASA,,"['amenity:restaurant', 'cuisine:italian']",['POI'],POINT(9.9597538 53.5677997),
Vorfeldkantine,,['amenity:restaurant'],['POI'],POINT(10.0058937 53.6253146),
Hoi An,,"['amenity:restaurant', 'cuisine:vietnamese']",['POI'],POINT(9.9871165 53.4659264),
Ponzu,,"['amenity:restaurant', 'cuisine:sushi;asian']",['POI'],POINT(9.9507097 53.6182374),
Das Café,,['amenity:cafe'],['POI'],POINT(10.0585057 53.611995),
Traumzeit,,['amenity:restaurant'],['POI'],POINT(10.0124634 53.5550665),
Health Kitchen,,"['amenity:restaurant', 'cuisine:german']",['POI'],POINT(9.9757609 53.5898057),
The Ramen Hamburg,,"['amenity:restaurant', 'cuisine:japanese']",['POI'],POINT(10.0022625 53.5533014),
Köz Ocakbasi,,"['amenity:fast_food', 'cuisine:kebab']",['POI'],POINT(9.9783681 53.4612561),
Robben Café,,['amenity:cafe'],['POI'],POINT(10.1979813 53.6588388),
Makalu Kitchen,,"['amenity:restaurant', 'cuisine:asian;sushi;indian;curry']",['POI'],POINT(9.9195315 53.5899952),
Uhlenhorster Weinstube,,['amenity:restaurant'],['POI'],POINT(10.0189681 53.5667359),
Bum Pho Hong,,"['amenity:restaurant', 'cuisine:asian']",['POI'],POINT(9.9628223 53.5483724),
Café Gitane,,['amenity:restaurant'],['POI'],POINT(10.0104858 53.5576156),
El Pikosito,,"['amenity:restaurant', 'cuisine:mexican']",['POI'],POINT(9.9417128 53.5477991),
Ach Der Deniz,,"['amenity:fast_food', 'cuisine:kebab']",['POI'],POINT(9.8757144 53.4749076),
Domino's,,"['amenity:fast_food', 'cuisine:pizza']",['POI'],POINT(10.2143994 53.4859714),
Smileys Pizza,,"['amenity:fast_food', 'cuisine:pizza']",['POI'],POINT(9.9530649 53.5760576),
IKEA Restaurant,,"['amenity:fast_food', 'cuisine:swedish']",['POI'],POINT(9.9421353 53.5515892),
IKEA Restaurant,,['amenity:restaurant'],['POI'],POINT(10.0933822 53.5107222),
Falafel Bistro,,['amenity:fast_food'],['POI'],POINT(10.1018972 53.6207109),
Brammibal's Donuts,,"['amenity:fast_food', 'cuisine:coffee_shop;donut']",['POI'],POINT(9.9652555 53.5572801),
Burger mit Glück,,"['amenity:fast_food', 'cuisine:burger']",['POI'],POINT(9.9787831 53.4616292),
crus,,['amenity:bar'],['POI'],POINT(9.9804281 53.4635901),
City-Back-Shop,,['amenity:cafe'],['POI'],POINT(10.0241948 53.6028806),
Fähre 7,,"['amenity:fast_food', 'cuisine:fish_sandwich']",['POI'],POINT(9.9708105 53.545465),
Kante,,"['amenity:pub', 'cuisine:cake;coffee_shop;sandwich;tea']",['POI'],POINT(9.9630481 53.5562826),
Bodega Sesenta,,"['amenity:restaurant', 'cuisine:tapas']",['POI'],POINT(10.0261906 53.5693816),
Ollita Peruana,,['amenity:restaurant'],['POI'],POINT(10.019308 53.5793954),
Domino's Pizza,,"['amenity:fast_food', 'cuisine:pizza']",['POI'],POINT(9.9963991 53.5430742),
Elsa's Restaurant & Bar,,"['amenity:restaurant', 'cuisine:ethiopian;eritrean']",['POI'],POINT(9.9206201 53.5627593),
Rexrodt,,"['amenity:restaurant', 'cuisine:german']",['POI'],POINT(10.0187146 53.5671323),
Grill Imbiss,,['amenity:fast_food'],['POI'],POINT(9.9134161 53.5960452),
Bistré,,['amenity:cafe'],['POI'],POINT(9.9824456 53.5537418),
Wurst & Durst,,"['amenity:fast_food', 'cuisine:sausage']",['POI'],POINT(10.0065375 53.5536497),
Punto Ernesto,,['amenity:fast_food'],['POI'],POINT(10.006525 53.5535682),
Salli's Kebab Grill,,"['amenity:fast_food', 'cuisine:kebab']",['POI'],POINT(10.0064316 53.5535891),
Sahha,,"['amenity:fast_food', 'cuisine:syrian']",['POI'],POINT(10.0062705 53.5535859),
Mr. CLOU,,"['amenity:fast_food', 'cuisine:juice']",['POI'],POINT(10.0062154 53.5535046),
Löwenbräu,,"['amenity:pub', 'cuisine:bavarian']",['POI'],POINT(10.0061667 53.5535624),
GALERIA Restaurant,,"['amenity:restaurant', 'cuisine:international']",['POI'],POINT(9.9921298 53.5531333),
Minigolf Sportanlage,,['amenity:restaurant'],['POI'],POINT(10.0839987 53.5604795),
Borstel Kebab,,"['amenity:fast_food', 'cuisine:kebab']",['POI'],POINT(9.9795277 53.6066222),
Croque Factory Groß Borstel,,"['amenity:fast_food', 'cuisine:sandwich']",['POI'],POINT(9.9794463 53.6066508),
Pizzamacherei,,"['amenity:restaurant', 'cuisine:pizza']",['POI'],POINT(9.9559364 53.5685921),
Pizzabar Harburg,,['amenity:restaurant'],['POI'],POINT(9.9696744 53.4608013),
Cafe Coffeine,,['amenity:cafe'],['POI'],POINT(9.9275529 53.5593059),
Krupunder Park,,"['amenity:restaurant', 'cuisine:german']",['POI'],POINT(9.8764113 53.6254184),
Hans im Glück,,"['amenity:restaurant', 'cuisine:burger']",['POI'],POINT(9.9853746 53.4569155),
Kantine Wilhelmsburg,,['amenity:restaurant'],['POI'],POINT(10.0031444 53.4979168),
Café & Bar Amarillo,,['amenity:cafe'],['POI'],POINT(10.0165997 53.5705483),
Thessaloniki,,"['amenity:restaurant', 'cuisine:greek']",['POI'],POINT(10.0166935 53.6726307),
Bayern Stüberl,,"['amenity:bar', 'cuisine:bavarian']",['POI'],POINT(9.9621601 53.5484342),
Santa Paula - Café & Bar,,['amenity:bar'],['POI'],POINT(9.962699 53.5517533),
Café Dialog,,['amenity:cafe'],['POI'],POINT(10.0621288 53.5817848),
Tài Pho,,"['amenity:fast_food', 'cuisine:asian']",['POI'],POINT(9.9802916 53.5675826),
Smiley's,,"['amenity:fast_food', 'cuisine:italian']",['POI'],POINT(9.974362 53.6099185),
China Express Zixin,,"['amenity:fast_food', 'cuisine:chinese']",['POI'],POINT(9.9745525 53.609722),
Café Flop,,['amenity:cafe'],['POI'],POINT(10.2191902 53.4871698),
Pommes Kult,,['amenity:fast_food'],['POI'],POINT(9.9943684 53.5995476),
Shawarma Marina,,['amenity:restaurant'],['POI'],POINT(10.0372867 53.5657319),
Café Nova,Viele Programme und Kurse während und außerhalb der Öffnungszeiten,['amenity:cafe'],['POI'],POINT(10.0175712 53.5253601),
eat. drink. love.,,['amenity:cafe'],['POI'],POINT(9.9803162 53.5848887),
dean&david,,"['amenity:fast_food', 'cuisine:salad;sandwich']",['POI'],POINT(10.0027588 53.5537604),
Genuss Speicher,Café und Rösterei im Erdgeschoss. Kaffeemuseum im Kellergeschoss.,"['amenity:cafe', 'cuisine:coffee_shop']",['POI'],POINT(9.9966922 53.5447494),
Restaurant Klinker,,"['amenity:restaurant', 'cuisine:regional']",['POI'],POINT(9.9769424 53.5773576),
Mr. Phung,,"['amenity:fast_food', 'cuisine:asian']",['POI'],POINT(9.9944769 53.5510558),
Bo Bo Asian Fusion,,['amenity:fast_food'],['POI'],POINT(9.9946197 53.5512003),
La pasta Franco,,"['amenity:fast_food', 'cuisine:pizza']",['POI'],POINT(9.9945902 53.5511159),
Franco Due,,"['amenity:fast_food', 'cuisine:pizza']",['POI'],POINT(9.9944864 53.5512334),
Hokkaido Sushi,,"['amenity:fast_food', 'cuisine:japanese']",['POI'],POINT(9.844385 53.5550231),
yoko-club,,['amenity:bar'],['POI'],POINT(9.9822283 53.5555078),
Poké Pao,,"['amenity:restaurant', 'cuisine:hawaiian']",['POI'],POINT(10.0413855 53.6003759),
Kaibo,,"['amenity:restaurant', 'cuisine:sushi;fusion']",['POI'],POINT(10.0022162 53.660447),
Domino's,,"['amenity:fast_food', 'cuisine:pizza']",['POI'],POINT(10.0187082 53.5494855),
Hanoi Deli,,"['amenity:restaurant', 'cuisine:vietnamese']",['POI'],POINT(9.9814121 53.5849299),
Henk & Henri,"Keksmanufaktur, die z.B. auch Workshops anbietet.",['amenity:cafe'],['POI'],POINT(9.9812749 53.5847541),
amalieBISTRO,,['amenity:restaurant'],['POI'],POINT(10.1510519 53.6409061),
Domino's,,"['amenity:fast_food', 'cuisine:pizza']",['POI'],POINT(10.0002853 53.6719248),
nomi,,"['amenity:restaurant', 'cuisine:japanese']",['POI'],POINT(9.9752756 53.5487235),
Campus Suite,,"['amenity:cafe', 'branch:Ochsenzoll', 'cuisine:coffee_shop;sandwich']",['POI'],POINT(10.0076089 53.6732122),
Wenden Kebap,,"['amenity:fast_food', 'cuisine:kebab']",['POI'],POINT(10.0362098 53.5500291),
Café NEON,,['amenity:cafe'],['POI'],POINT(10.043976 53.5925048),
Eclair au Café,"Cafe, Patisserie","['amenity:cafe', 'cuisine:coffee_shop;french']",['POI'],POINT(9.9291351 53.5538568),
Saliba,,"['amenity:restaurant', 'cuisine:syrian']",['POI'],POINT(9.9921992 53.5519181),
Grillhaus Der Grieche,,"['amenity:restaurant', 'cuisine:greek']",['POI'],POINT(9.978932 53.607327),
Shanghai House,,"['amenity:restaurant', 'cuisine:italian']",['POI'],POINT(9.9794277 53.6070383),
Saigon Quan,,"['amenity:fast_food', 'cuisine:vietnamese']",['POI'],POINT(9.9807749 53.6064752),
burgerme Hamburg Groß Borstel,,"['amenity:fast_food', 'cuisine:american']",['POI'],POINT(9.9793454 53.6071581),
Presscafé,,['amenity:cafe'],['POI'],POINT(10.0329772 53.5451271),
Cafeteria Krankenhaus Mariahilf,,['amenity:restaurant'],['POI'],POINT(9.9377313 53.4707379),
Café Lorenz,,['amenity:cafe'],['POI'],POINT(9.9649784 53.5662236),
Thai foo,,"['amenity:fast_food', 'cuisine:thai']",['POI'],POINT(10.1582203 53.6044801),
Cooper`s,,"['amenity:fast_food', 'cuisine:burger']",['POI'],POINT(10.156568 53.6052942),
Pamboli Tapas Bar,,"['amenity:restaurant', 'cuisine:majorca']",['POI'],POINT(10.0244888 53.5797493),
Zwick,,['amenity:bar'],['POI'],POINT(9.9949783 53.5719518),
Kaffee Aramo Roasters,,"['amenity:cafe', 'cuisine:coffee_shop']",['POI'],POINT(9.9695297 53.5847545),
My Kebap's,,"['amenity:fast_food', 'cuisine:turkish']",['POI'],POINT(10.0130121 53.581533),
Kampai,,"['amenity:restaurant', 'cuisine:sushi']",['POI'],POINT(9.9614471 53.5507821),
Café E.N.A,,['amenity:cafe'],['POI'],POINT(10.0534313 53.5519557),
Espresso House,,"['amenity:cafe', 'cuisine:coffee_shop']",['POI'],POINT(10.0448923 53.5878226),
Copenhagen Coffee Lab,,['amenity:cafe'],['POI'],POINT(9.9662114 53.5659096),
Steak House,,['amenity:fast_food'],['POI'],POINT(9.9357954 53.5920101),
Gepellos Pizza,,"['amenity:fast_food', 'cuisine:pizza']",['POI'],POINT(10.2121765 53.503864),
Brix,,['amenity:bar'],['POI'],POINT(9.9818138 53.5845015),
Dallmeyers Backhus,,['amenity:cafe'],['POI'],POINT(10.2114491 53.513716),
Heisse Ecke,,['amenity:bar'],['POI'],POINT(9.9632777 53.5494191),
Mc Queen,,"['amenity:cafe', 'cuisine:cake']",['POI'],POINT(9.9598853 53.5925974),
Asia Top,,"['amenity:fast_food', 'cuisine:asian']",['POI'],POINT(9.9280519 53.5592608),
Half the Sky,,"['amenity:restaurant', 'cuisine:chinese']",['POI'],POINT(9.9383166 53.5585292),
Trattoria Ciao Bella,,"['amenity:restaurant', 'cuisine:pizza;italian']",['POI'],POINT(10.2137625 53.486475),
Ruff's Burger Restaurant,,"['amenity:restaurant', 'cuisine:burger;american']",['POI'],POINT(10.2136732 53.4865002),
Bodhi Vegan Living,,"['amenity:restaurant', 'cuisine:asian']",['POI'],POINT(10.0127162 53.5587078),
Schweinske,,"['amenity:restaurant', 'branch:Bramfeld', 'cuisine:burger;escalope;german']",['POI'],POINT(10.0774246 53.6163833),
Döner Treff,,"['amenity:fast_food', 'cuisine:kebab']",['POI'],POINT(9.9784615 53.4604005),
Viet-Thai Gourmet,,"['amenity:fast_food', 'cuisine:thai;vietnamese']",['POI'],POINT(9.9823353 53.4611965),
Dubara,,"['amenity:fast_food', 'cuisine:kebab']",['POI'],POINT(9.9823443 53.4611704),
Gepellos,,"['amenity:restaurant', 'cuisine:pizza']",['POI'],POINT(9.9294357 53.5655671),
Wildwuchs Bar,,['amenity:bar'],['POI'],POINT(10.001076 53.5075202),
Mamma Maria,,"['amenity:restaurant', 'cuisine:italian']",['POI'],POINT(10.128839 53.4441335),
Caféwerk,,['amenity:cafe'],['POI'],POINT(9.9325579 53.4710359),
Osteria Aurora,,"['amenity:restaurant', 'cuisine:italian']",['POI'],POINT(10.0530918 53.6506501),
Sportpark Jahnhöhe,,"['amenity:restaurant', 'cuisine:german']",['POI'],POINT(9.9320073 53.4565418),
Los Amigos,,['amenity:cafe'],['POI'],POINT(9.9836596 53.594705),
Eiscafe Venezia,,"['amenity:cafe', 'cuisine:ice_cream']",['POI'],POINT(10.165923 53.5418999),
Friedrich - Café-Bistro-Bar,,"['amenity:cafe', 'cuisine:eurasisch;modern']",['POI'],POINT(10.0089647 53.608471),
Cafè & Crème,,"['amenity:cafe', 'cuisine:french']",['POI'],POINT(9.9785343 53.5945011),
Anime Burger,,"['amenity:restaurant', 'cuisine:american;burger']",['POI'],POINT(9.9336807 53.5820603),
Curry Naan,,"['amenity:restaurant', 'cuisine:indian']",['POI'],POINT(9.97393 53.4598585),
Mission Pizza,,"['amenity:restaurant', 'cuisine:pizza']",['POI'],POINT(9.9849204 53.5712788),
La Fortuna,,"['amenity:restaurant', 'cuisine:italian;pasta;pizza']",['POI'],POINT(10.0792592 53.6176116),
Noor Coffee,,['amenity:cafe'],['POI'],POINT(10.0145567 53.5830814),
Diggi Smalls,,"['amenity:restaurant', 'cuisine:oriental']",['POI'],POINT(9.9796748 53.5695295),
Hard Rock Cafe,,"['amenity:restaurant', 'branch:Hamburg', 'cuisine:american']",['POI'],POINT(9.967964 53.545683),
Kini,,"['amenity:restaurant', 'cuisine:korean']",['POI'],POINT(9.9637299 53.5623067),
Copenhagen Coffee Lab,,['amenity:cafe'],['POI'],POINT(9.9672957 53.5566919),
Honeybee Breakfast,,['amenity:cafe'],['POI'],POINT(9.9839826 53.5648304),
Berta Emil Richard Schneider,,['amenity:restaurant'],['POI'],POINT(9.9678387 53.5609958),
CAFE BY DOKUWA,,"['amenity:cafe', 'bar:no', 'cuisine:japanese']",['POI'],POINT(9.9728572 53.5583608),
burgerme Hamburg Harburg,,"['amenity:fast_food', 'cuisine:burger']",['POI'],POINT(9.9786355 53.4643961),
Quan 27,,"['amenity:restaurant', 'cuisine:vietnamese;authentic']",['POI'],POINT(9.9648498 53.5668568),
Pizzeria Atoll,,"['amenity:restaurant', 'cuisine:italian;pizza']",['POI'],POINT(9.8545907 53.4726386),
Smiley's Pizza,,"['amenity:fast_food', 'cuisine:pizza;pasta']",['POI'],POINT(9.8235919 53.4704504),
Black Burger,,"['amenity:fast_food', 'cuisine:burger']",['POI'],POINT(9.9481764 53.6402803),
Cafè Priča,,['amenity:cafe'],['POI'],POINT(9.8237032 53.4709078),
Nova,,"['amenity:restaurant', 'cuisine:german;international;pizza']",['POI'],POINT(9.9663149 53.4370166),
Marshall Street Café,,['amenity:cafe'],['POI'],POINT(9.9981124 53.548652),
Via Toselli,,"['amenity:restaurant', 'cuisine:italian']",['POI'],POINT(9.9741127 53.5458005),
YU GARDEN,,"['amenity:restaurant', 'cuisine:chinese']",['POI'],POINT(9.9901031 53.568583),
why not Café,"Das [why not] ist eine NGO zur Förderung der ganzheitlichen Integration und des Zusammenlebens der Menschen, insbesondere der Geflüchteten, Migranten und Menschen mit Migrationshintergrund.",['amenity:restaurant'],['POI'],POINT(9.9209941 53.5586326),
Frohme Stübchen,,['amenity:pub'],['POI'],POINT(9.9278022 53.6296662),
Kumpir & Döner,,"['amenity:fast_food', 'cuisine:kebab']",['POI'],POINT(10.0714874 53.5737067),
Imbiss Eck,,['amenity:fast_food'],['POI'],POINT(9.9713564 53.5453044),
Zum Tanzenden Einhorn,,['amenity:bar'],['POI'],POINT(10.0548448 53.5606352),
Imbiss am Nedderfeld,,"['amenity:fast_food', 'cuisine:german']",['POI'],POINT(9.9665774 53.6036043),
köpke essen + trinken,,['amenity:restaurant'],['POI'],POINT(9.9816076 53.5916429),
Restaurant Martini,,['amenity:restaurant'],['POI'],POINT(9.9822755 53.5912991),
Tikka Biryani,,"['amenity:fast_food', 'cuisine:indian;pakistani;curry']",['POI'],POINT(9.9466923 53.5804096),
Horse in Pub,,"['amenity:restaurant', 'cuisine:burger;german']",['POI'],POINT(9.9823055 53.4296829),
Asia Quick,,"['amenity:fast_food', 'cuisine:asian;chinese;noodles;sushi;indian;curry']",['POI'],POINT(9.9108582 53.6030678),
Off Kitchens,"Öffnungszeiten sind wetterabhängig, im Winter geschlossen
Bei gutem Wetter: Mo - Do 16 - 21.30 Uhr, Fr - So 14 - 21.30 Uhr",['amenity:restaurant'],['POI'],POINT(9.9960411 53.5431177),
Night Light,,['amenity:bar'],['POI'],POINT(9.9610591 53.5478906),
The Central Bar,,['amenity:pub'],['POI'],POINT(10.2108789 53.5405695),
Ada Döner,,"['amenity:restaurant', 'cuisine:kebab']",['POI'],POINT(9.9927787 53.5060153),
blanco,,"['amenity:cafe', 'cuisine:coffee_shop']",['POI'],POINT(10.0124399 53.5584628),
Tadim Urfa,,"['amenity:fast_food', 'cuisine:kebab']",['POI'],POINT(9.9874302 53.5146894),
Joy&Tea,,"['amenity:cafe', 'cuisine:bubble_tea']",['POI'],POINT(10.0032445 53.5512113),
Roadrunner,,"['amenity:restaurant', 'cuisine:burger;american']",['POI'],POINT(9.9039213 53.4430264),
wagu wagu,,"['amenity:restaurant', 'cuisine:korean;japanese;bowls']",['POI'],POINT(10.0034464 53.5512639),
Happy Donazz,,"['amenity:fast_food', 'cuisine:donut']",['POI'],POINT(10.0663147 53.5730769),
Spiess Taverne,,"['amenity:restaurant', 'cuisine:greek']",['POI'],POINT(10.0629894 53.5960387),
Moraba,,['amenity:restaurant'],['POI'],POINT(9.8823859 53.559352),
JA AN,,"['amenity:restaurant', 'branch:Hamburg Ottensen', 'cuisine:asian']",['POI'],POINT(9.9318077 53.5469313),
Shiso Burger,,"['amenity:restaurant', 'cuisine:burger']",['POI'],POINT(10.0019327 53.5505682),
VietWOK,,"['amenity:fast_food', 'cuisine:vietnamese']",['POI'],POINT(10.0137462 53.6490566),
Kaya,,['amenity:fast_food'],['POI'],POINT(10.0135974 53.6490446),
Octopus Fisch Haus,,"['amenity:restaurant', 'cuisine:fish']",['POI'],POINT(9.9598903 53.5647323),
vis à vis snackbar,,['amenity:cafe'],['POI'],POINT(10.0126795 53.5590396),
Maria's,,"['amenity:restaurant', 'cuisine:persian']",['POI'],POINT(10.0115272 53.5550146),
Hunt Coffee,Rösterei & coffee lab,['amenity:cafe'],['POI'],POINT(9.9905618 53.5551104),
Star Bahrenfelder Grillhaus,,"['amenity:fast_food', 'cuisine:kebab;burger']",['POI'],POINT(9.9120408 53.5653357),
homely,,['amenity:cafe'],['POI'],POINT(10.010823 53.5572867),
stadtsalat,,"['amenity:restaurant', 'cuisine:salad']",['POI'],POINT(9.9892481 53.5569607),
Peter Pane,,"['amenity:restaurant', 'cuisine:burger']",['POI'],POINT(9.9498521 53.5583348),
Teatro Lounge,,"['amenity:restaurant', 'cuisine:german;french']",['POI'],POINT(9.9586648 53.5493418),
Pizza Hot Chili,,"['amenity:fast_food', 'cuisine:pizza;salad;pasta']",['POI'],POINT(9.9583799 53.4566127),
Donja Restaurant,,"['amenity:restaurant', 'cuisine:afghan']",['POI'],POINT(10.0982825 53.5417285),
Phönix,,"['amenity:restaurant', 'cuisine:chinese']",['POI'],POINT(9.9002088 53.5573687),
Kleinhuis,,['amenity:restaurant'],['POI'],POINT(10.0980938 53.6701808),
Restaurant Ausspann,,"['amenity:restaurant', 'cuisine:regional']",['POI'],POINT(9.9074565 53.650687),
Gaststätte Nebenan,,['amenity:restaurant'],['POI'],POINT(10.1629612 53.6293398),
Emilia Ristorante,,"['amenity:fast_food', 'cuisine:italian']",['POI'],POINT(10.0912736 53.6540063),
Taverne Bar Donatella,,['amenity:bar'],['POI'],POINT(9.9595214 53.5511845),
Bramfelder Inn,,['amenity:pub'],['POI'],POINT(10.0822938 53.6214041),
Croque & Crepes,,['amenity:fast_food'],['POI'],POINT(10.0820884 53.6212089),
Mr. Asia,,"['amenity:fast_food', 'cuisine:asian']",['POI'],POINT(10.0822387 53.6213353),
Yoko Sushi,,"['amenity:fast_food', 'cuisine:japanese;sushi']",['POI'],POINT(10.0822043 53.6205058),
Domino's,,"['amenity:fast_food', 'cuisine:pizza']",['POI'],POINT(10.0817 53.6199274),
Bobby & Fritz Currywurst & Pommes,,"['amenity:fast_food', 'cuisine:sausage']",['POI'],POINT(9.9774723 53.6002838),
Toni,,['amenity:cafe'],['POI'],POINT(9.9982614 53.5429903),
Katzentempel,,['amenity:restaurant'],['POI'],POINT(9.9977765 53.5431275),
Pizza Prinz,,"['amenity:restaurant', 'cuisine:pizza']",['POI'],POINT(10.010824 53.5475777),
Berek Döner,,"['amenity:fast_food', 'cuisine:kebab']",['POI'],POINT(10.1800272 53.48688),
China Restaurant Allermöhe,,"['amenity:restaurant', 'cuisine:chinese']",['POI'],POINT(10.1801665 53.4870509),
"Taquería ""Mexiko Strasse""",,"['amenity:restaurant', 'branch:Eppendorfer Weg', 'cuisine:mexican']",['POI'],POINT(9.9704259 53.5810986),
asia hub,,"['amenity:fast_food', 'cuisine:asian']",['POI'],POINT(9.9459198 53.5516767),
Fischbrötchen Manufaktur,,"['amenity:fast_food', 'cuisine:fish']",['POI'],POINT(9.9706933 53.546082),
Athen Pallas,,"['amenity:restaurant', 'cuisine:greek']",['POI'],POINT(9.7958402 53.5667318),
Baris Grill-Haus,,"['amenity:restaurant', 'cuisine:turkish']",['POI'],POINT(9.8393681 53.6087661),
Coppers Bar & Kitchen,,"['amenity:restaurant', 'cuisine:burger;steak_house']",['POI'],POINT(9.8401426 53.6086722),
Zenthai,,"['amenity:restaurant', 'cuisine:asian']",['POI'],POINT(10.1187424 53.6064882),
Reep,,"['amenity:restaurant', 'cuisine:regional']",['POI'],POINT(9.9639975 53.5492095),
Campus Suite,,"['amenity:cafe', 'branch:REWE Stellinger Höfe', 'cuisine:coffee_shop;sandwich']",['POI'],POINT(9.9138145 53.5990009),
foodlab café,,['amenity:cafe'],['POI'],POINT(10.0028007 53.5401527),
foodlab Popup Fenster,,['amenity:restaurant'],['POI'],POINT(10.0025099 53.5401676),
bonjour,,['amenity:cafe'],['POI'],POINT(10.0891064 53.5123121),
Wallter's Wine Beef Kontor,,['amenity:restaurant'],['POI'],POINT(9.991082 53.55093),
Café Lagos,,['amenity:cafe'],['POI'],POINT(9.9490753 53.5508897),
Blondo's Pizza Delivery,,"['amenity:fast_food', 'cuisine:pizza;salad;pasta']",['POI'],POINT(10.0065337 53.6077909),
Moji Sushi Delivery,,"['amenity:restaurant', 'cuisine:sushi']",['POI'],POINT(10.0065039 53.6077834),
Fang & Feld,,"['amenity:restaurant', 'cuisine:regional']",['POI'],POINT(9.9847452 53.5415396),
Hausbrucher Hof,,['amenity:pub'],['POI'],POINT(9.8886641 53.4720843),
Nan Café,,['amenity:cafe'],['POI'],POINT(10.0329539 53.5873576),
Kailua Poké,,"['amenity:restaurant', 'cuisine:hawaiian']",['POI'],POINT(10.0133791 53.5789856),
Monkey Beach,,['amenity:restaurant'],['POI'],POINT(10.0133915 53.5789449),
Eckstein,,"['amenity:restaurant', 'cuisine:international']",['POI'],POINT(9.9572705 53.5747562),
Shiso Burger,,"['amenity:restaurant', 'cuisine:burger']",['POI'],POINT(9.9888754 53.5481783),
3 Käsehoch,,"['amenity:restaurant', 'cuisine:pizza']",['POI'],POINT(9.9671892 53.5930392),
Das Café im Hamburg-Haus,,"['amenity:restaurant', 'cuisine:regional']",['POI'],POINT(9.9562309 53.5717079),
Mercato Venezia da Nico,,"['amenity:restaurant', 'cuisine:italian']",['POI'],POINT(9.9599582 53.5730692),
Zimt und Koriander,,"['amenity:restaurant', 'cuisine:Tapas']",['POI'],POINT(9.9594155 53.5725711),
Stormarn's Eck,,['amenity:pub'],['POI'],POINT(10.0944631 53.6518134),
Pegasos,,"['amenity:restaurant', 'cuisine:greek']",['POI'],POINT(9.9246776 53.4530504),
La Tua Pizza,,"['amenity:fast_food', 'cuisine:pizza']",['POI'],POINT(10.1186539 53.5619833),
Co Do,,"['amenity:restaurant', 'cuisine:vietnamese']",['POI'],POINT(10.0243983 53.6126868),
alstersnack,,['amenity:cafe'],['POI'],POINT(10.0244553 53.6126328),
Camping Coffee,,"['amenity:cafe', 'cuisine:cake']",['POI'],POINT(9.9885873 53.5521059),
Tuana Hamburg,,"['amenity:restaurant', 'cuisine:turkish;german']",['POI'],POINT(9.9877236 53.5676926),
L'Osteria,,"['amenity:restaurant', 'branch:Bleichenbrücke', 'cuisine:italian']",['POI'],POINT(9.9878008 53.5514305),
The Burger Brothers,,"['amenity:fast_food', 'cuisine:burger;pizza;salad;dessert']",['POI'],POINT(9.9035655 53.6736704),
Kapitel Drei,,['amenity:cafe'],['POI'],POINT(9.9469226 53.5544981),
Café Zwei Herz,,['amenity:cafe'],['POI'],POINT(10.0300986 53.6044005),
NKD Pizza,,['amenity:fast_food'],['POI'],POINT(9.953063 53.5882639),
Tam Quan,,"['amenity:restaurant', 'cuisine:vietnamese']",['POI'],POINT(9.9702647 53.5837684),
Café Irma,,['amenity:cafe'],['POI'],POINT(10.0171644 53.5467952),
Bierapotheke,,['amenity:pub'],['POI'],POINT(10.0249656 53.4208646),
Vierundvierzig QM,,"['amenity:cafe', 'cuisine:sandwich']",['POI'],POINT(9.9398043 53.5617448),
Grill - Haus - Der Grieche,,"['amenity:restaurant', 'cuisine:greek']",['POI'],POINT(9.9789416 53.6073306),
La Veneziana,,"['amenity:cafe', 'cuisine:ice_cream']",['POI'],POINT(9.9808149 53.5679416),
Roatan Caribbean Restaurant,,"['amenity:restaurant', 'cuisine:caribbean']",['POI'],POINT(9.9538653 53.5458922),
Sel Chicken,,"['amenity:fast_food', 'cuisine:burger;chicken;salad']",['POI'],POINT(10.1025443 53.5401152),
Yoko Sushi,,"['amenity:fast_food', 'cuisine:sushi;asian;japanese']",['POI'],POINT(9.9111176 53.6028994),
Çiğköfte,,['amenity:fast_food'],['POI'],POINT(9.9109462 53.6030106),
Sel Kebap's,,"['amenity:fast_food', 'cuisine:salad;kebab;pizza;sandwich']",['POI'],POINT(10.1026175 53.5400853),
RöstereiCafé Koffietied,Selbstgerösteter Kaffe,"['amenity:cafe', 'cuisine:coffee_shop']",['POI'],POINT(9.9048611 53.4385859),
mandarine Cafe Bar,,['amenity:bar'],['POI'],POINT(9.9601769 53.5641693),
Cantina 33,,['amenity:cafe'],['POI'],POINT(9.9561087 53.5625282),
Coffee Crib,,['amenity:cafe'],['POI'],POINT(9.9592386 53.5646248),
Sushi for Friends,,['amenity:restaurant'],['POI'],POINT(9.9668063 53.4581795),
Affenfelsen Niendorf,,"['amenity:fast_food', 'cuisine:burger']",['POI'],POINT(9.9534975 53.6342839),
Park Café am Lutherpark,,['amenity:cafe'],['POI'],POINT(9.9075262 53.5725378),
Zille's Eck,,['amenity:pub'],['POI'],POINT(9.9390468 53.5800465),
Garduong,,"['amenity:restaurant', 'cuisine:vietnamese']",['POI'],POINT(9.9714876 53.5815764),
Mission Pizza,,"['amenity:restaurant', 'cuisine:italian;pizza']",['POI'],POINT(9.9165486 53.5631699),
Kaya Feinkost,,"['amenity:restaurant', 'cuisine:kebab']",['POI'],POINT(10.1593127 53.6049793),
Fräulein von Elbe,,['amenity:cafe'],['POI'],POINT(10.0131628 53.6500254),
Saray Köz,,"['amenity:restaurant', 'cuisine:kebab;turkish;pizza;burger']",['POI'],POINT(10.0136392 53.5538321),
Grand,,['amenity:bar'],['POI'],POINT(9.90922 53.6048685),
L'Quan,,['amenity:restaurant'],['POI'],POINT(10.0665649 53.5732015),
Venice,,['amenity:restaurant'],['POI'],POINT(10.0646965 53.5716084),
Dr. KEBAP,,['amenity:fast_food'],['POI'],POINT(10.0642322 53.5714713),
Lemon Grass Scent,,"['amenity:restaurant', 'cuisine:asian;japanese;thai;vietnamese']",['POI'],POINT(10.0643738 53.57153),
Subway,,"['amenity:fast_food', 'cuisine:sandwich']",['POI'],POINT(10.0617213 53.570547),
Back-LAVA,,['amenity:restaurant'],['POI'],POINT(10.0618915 53.5710193),
PINK BAMBUS,,['amenity:restaurant'],['POI'],POINT(10.0617738 53.5709623),
Köz Adana,,['amenity:restaurant'],['POI'],POINT(10.061494 53.570932),
Zur Stumpfen Ecke,,['amenity:pub'],['POI'],POINT(9.9863492 53.4578961),
Te Cadi,,['amenity:cafe'],['POI'],POINT(9.983789 53.4586314),
Eisfabrik,,"['amenity:cafe', 'cuisine:ice_cream']",['POI'],POINT(9.9278935 53.5568415),
Ta Vegan House,,"['amenity:restaurant', 'cuisine:vietnamese']",['POI'],POINT(9.9754014 53.5454025),
The Public pub & bar,,['amenity:restaurant'],['POI'],POINT(10.0469665 53.586115),
Djengo's Döner,,"['amenity:fast_food', 'cuisine:kebab;falafel;pizza']",['POI'],POINT(9.9491598 53.5583143),
Conny's Bierkiste,,['amenity:pub'],['POI'],POINT(9.9483159 53.5605816),
Royal Gourmet,"All U Can Eat Buffet mittags 8,90€ (mo-fr)","['amenity:restaurant', 'cuisine:chinese;mongolian']",['POI'],POINT(9.987486 53.6700904),
Fisch Pauli,,"['amenity:fast_food', 'cuisine:fish_and_chips']",['POI'],POINT(9.9728075 53.5583344),
Arpi's,,['amenity:restaurant'],['POI'],POINT(10.0127265 53.5548316),
Le Quán,,"['amenity:restaurant', 'cuisine:asian']",['POI'],POINT(10.1652803 53.6485387),
Strandperle,,['amenity:restaurant'],['POI'],POINT(9.9054982 53.5444649),
Lieberbrook,,"['amenity:cafe', 'cuisine:breakfast;cake;coffee_shop;tea']",['POI'],POINT(9.8254332 53.5685644),
SVAAdish,,"['amenity:restaurant', 'cuisine:indian']",['POI'],POINT(10.0079766 53.5854766),
YAKAMOZ e.V.,,['amenity:bar'],['POI'],POINT(9.992401 53.5162896),
Harburger Party-Service,,['amenity:restaurant'],['POI'],POINT(9.976866 53.4532475),
Döner Point,,"['amenity:fast_food', 'cuisine:kebab']",['POI'],POINT(9.9871037 53.5151162),
Zahara,,['amenity:bar'],['POI'],POINT(9.9873654 53.5141651),
Imbiss bei Schorsch,Filiale II Schlemmermarkt Passage,['amenity:fast_food'],['POI'],POINT(9.994347 53.5511658),
BUDDELS Gasthaus und Weinbar,,['amenity:restaurant'],['POI'],POINT(9.9871322 53.5456993),
Gewächshaus-Hamburg,,['amenity:cafe'],['POI'],POINT(9.9173979 53.5711195),
Eis Langner,,"['amenity:cafe', 'cuisine:ice_cream']",['POI'],POINT(9.8997705 53.6135135),
Caffè 57 ½,,"['amenity:cafe', 'cuisine:breakfast;coffee_shop;pancake;regional']",['POI'],POINT(9.9582774 53.5713525),
Döner Welt Getränke Welt,,"['amenity:fast_food', 'cuisine:kebab']",['POI'],POINT(9.9610698 53.5492036),
Burger Heroes,,"['amenity:fast_food', 'cuisine:burger']",['POI'],POINT(9.9612978 53.5491961),
St. Pauli Burger & Noodlehouse,,"['amenity:fast_food', 'cuisine:burger']",['POI'],POINT(9.9615092 53.5491891),
JAYJAY'S,,['amenity:fast_food'],['POI'],POINT(9.9971616 53.5941761),
Kobe Nord,,"['amenity:restaurant', 'cuisine:sushi']",['POI'],POINT(10.0330468 53.6273643),
Spaccaforno,,"['amenity:restaurant', 'cuisine:pizza']",['POI'],POINT(10.0255914 53.6268755),
Gözleme Café,,['amenity:cafe'],['POI'],POINT(9.993613 53.515984),
Qubism,,"['amenity:cafe', 'cuisine:ice_cream']",['POI'],POINT(9.9134562 53.5586568),
Schnelsener 1,,['amenity:pub'],['POI'],POINT(9.9172976 53.6366158),
Döner 58,,"['amenity:fast_food', 'cuisine:kebab']",['POI'],POINT(9.9052297 53.6161409),
Bellevue,,['amenity:bar'],['POI'],POINT(10.0430854 53.5962152),
Brodersen,,"['amenity:restaurant', 'cuisine:regional;german;fish']",['POI'],POINT(9.9891887 53.566651),
Elma,,"['amenity:restaurant', 'cuisine:german;regional']",['POI'],POINT(9.9369861 53.5574694),
Okyaku,,"['amenity:restaurant', 'cuisine:sushi;asian']",['POI'],POINT(9.8419952 53.6355417),
KÆF Rösterei & Café,,"['amenity:cafe', 'cuisine:coffee_shop']",['POI'],POINT(9.9828355 53.6817032),
Subway,,"['amenity:fast_food', 'cuisine:sandwich']",['POI'],POINT(9.8623876 53.57023),
Café Paari,,['amenity:cafe'],['POI'],POINT(10.0261661 53.6322812),
Landhaus Voigt,,"['amenity:restaurant', 'cuisine:german']",['POI'],POINT(10.1022011 53.4752081),
Patan Café,,['amenity:cafe'],['POI'],POINT(9.9275319 53.5489561),
Café Eims,,['amenity:cafe'],['POI'],POINT(9.9491845 53.5795955),
Adra,,"['amenity:restaurant', 'cuisine:kebab']",['POI'],POINT(10.1031094 53.5799195),
Kiez Döner,,"['amenity:fast_food', 'cuisine:kebab']",['POI'],POINT(9.9579594 53.5499031),
Sultan Darbar,,['amenity:restaurant'],['POI'],POINT(10.1049961 53.5395787),
Isabella,,['amenity:cafe'],['POI'],POINT(9.9912211 53.5508139),
Praça de Coimbra,,"['amenity:restaurant', 'cuisine:portuguese']",['POI'],POINT(9.9750109 53.5457741),
Mersin Café,,"['amenity:cafe', 'bar:no', 'cuisine:turkish']",['POI'],POINT(9.8762231 53.4742588),
My Poké Neuer Wall,,"['amenity:restaurant', 'cuisine:hawaiian;poke']",['POI'],POINT(9.992366 53.5520338),
My Poké Eppendorf,,"['amenity:restaurant', 'cuisine:hawaiian;poke']",['POI'],POINT(9.9751052 53.5799108),
Do Mundo,,"['amenity:restaurant', 'cuisine:barbecue']",['POI'],POINT(9.9602491 53.5492367),
Familiencafé Krümel,,['amenity:restaurant'],['POI'],POINT(10.0613336 53.5811122),
Kixx,,['amenity:bar'],['POI'],POINT(9.9535329 53.5505524),
Café ZessP,,['amenity:cafe'],['POI'],POINT(9.9705177 53.4629968),
Croque Lounge - Hamburg,,"['amenity:fast_food', 'cuisine:sandwich']",['POI'],POINT(9.9511147 53.6222496),
Bar Kunterbunt,,['amenity:pub'],['POI'],POINT(10.0108704 53.5538408),
Café Bar Pulcinella,,['amenity:bar'],['POI'],POINT(9.9033783 53.606775),
Bistro Dersimo,,['amenity:cafe'],['POI'],POINT(10.0771673 53.5492261),
Yoko Sushi,,"['amenity:restaurant', 'cuisine:sushi']",['POI'],POINT(10.0786813 53.5499641),
Jay's Pizza,,"['amenity:restaurant', 'cuisine:pizza']",['POI'],POINT(10.0788967 53.5498523),
Freihafen,,['amenity:restaurant'],['POI'],POINT(10.0279972 53.6009887),
Pier,,['amenity:bar'],['POI'],POINT(10.0278689 53.6010808),
Kings Döner,,['amenity:fast_food'],['POI'],POINT(9.9026239 53.6085635),
Mausefalle,,['amenity:pub'],['POI'],POINT(9.9580612 53.5498962),
JusTea,,"['amenity:cafe', 'cuisine:tea']",['POI'],POINT(10.0016001 53.5496673),
"Tadim - Döner, Pizza",,['amenity:restaurant'],['POI'],POINT(10.0981689 53.5418874),
L‘Quán,,"['amenity:restaurant', 'bar:yes', 'cuisine:vietnamese']",['POI'],POINT(10.0461305 53.5886799),
Zum Baumacker,,['amenity:pub'],['POI'],POINT(9.898797 53.6138374),
Eichen Café,,['amenity:cafe'],['POI'],POINT(10.0069427 53.6825425),
Đỗ Quán,,"['amenity:restaurant', 'cuisine:vietnamese']",['POI'],POINT(10.042433 53.5790091),
Bermuda,,['amenity:bar'],['POI'],POINT(9.9610997 53.5503027),
Parzelle,,['amenity:pub'],['POI'],POINT(9.9610259 53.5510187),
Le Dersimo,,['amenity:cafe'],['POI'],POINT(10.077296 53.5493123),
Ada Döner,,"['amenity:fast_food', 'cuisine:kebab']",['POI'],POINT(10.0779971 53.5502046),
Gaststätte Limnos,,"['amenity:restaurant', 'cuisine:greek']",['POI'],POINT(10.0775228 53.5503496),
Misa's Kitchen,,"['amenity:restaurant', 'cuisine:asian']",['POI'],POINT(10.022937 53.6048104),
China Service & Sushi Zuhause,,"['amenity:fast_food', 'cuisine:chinese']",['POI'],POINT(9.9872835 53.5137495),
The Island,,['amenity:pub'],['POI'],POINT(9.9931461 53.5156793),
Tea's,,"['amenity:fast_food', 'cuisine:bubble_tea']",['POI'],POINT(9.9956013 53.5516934),
Alte Bäckerei,,"['amenity:restaurant', 'cuisine:german']",['POI'],POINT(10.0731255 53.5548145),
Torcello,,['amenity:restaurant'],['POI'],POINT(9.995465 53.5671982),
Bagel Pösel,,['amenity:fast_food'],['POI'],POINT(9.9953003 53.567989),
Arin Döner,,"['amenity:fast_food', 'cuisine:kebab']",['POI'],POINT(9.7985035 53.6610233),
Naan,,"['amenity:restaurant', 'cuisine:mediterranean']",['POI'],POINT(10.0455882 53.588325),
Asia Pham,,"['amenity:fast_food', 'cuisine:asian']",['POI'],POINT(9.8009102 53.660467),
Deal Döner,,"['amenity:fast_food', 'cuisine:kebab']",['POI'],POINT(9.8000613 53.6609077),
Niitaka Sushi,,"['amenity:restaurant', 'cuisine:sushi']",['POI'],POINT(9.8018759 53.660344),
Lieger Caesar,,['amenity:restaurant'],['POI'],POINT(9.9888526 53.5423264),
Soul Sushi,,"['amenity:fast_food', 'cuisine:sushi']",['POI'],POINT(9.9279385 53.5931316),
Gegenwind,,['amenity:cafe'],['POI'],POINT(9.9487937 53.5600917),
Welcome India,,"['amenity:restaurant', 'cuisine:asian;indian']",['POI'],POINT(9.8998363 53.6105802),
Moku Poké,,"['amenity:restaurant', 'cuisine:hawaiian']",['POI'],POINT(10.0223397 53.5669927),
Osho Ayu-Leela,,"['amenity:restaurant', 'cuisine:indian']",['POI'],POINT(10.023257 53.5681485),
The Lisbeth,,['amenity:restaurant'],['POI'],POINT(9.9871576 53.5462318),
Bacchus,,['amenity:restaurant'],['POI'],POINT(10.1976525 53.5013414),
duCafé,,['amenity:cafe'],['POI'],POINT(9.8963203 53.6044536),
Liberté,,"['amenity:restaurant', 'bar:yes', 'cuisine:french']",['POI'],POINT(9.9527031 53.5441562),
Nøne Meat,,['amenity:restaurant'],['POI'],POINT(9.9719945 53.5816246),
Casa Mosa,,['amenity:restaurant'],['POI'],POINT(9.9422024 53.5905383),
Vy Delivery,,"['amenity:fast_food', 'cuisine:vietnamese']",['POI'],POINT(9.9599529 53.5750171),
Dolce Vita,,['amenity:cafe'],['POI'],POINT(9.9889058 53.5598456),
Subway,,"['amenity:fast_food', 'cuisine:sandwich']",['POI'],POINT(10.1038081 53.5398901),
ELBAR de Calpesa,,['amenity:restaurant'],['POI'],POINT(9.9287954 53.5674457),
Traumkuh,,"['amenity:fast_food', 'cuisine:burger']",['POI'],POINT(9.9797307 53.5694556),
Çiğköftem,,['amenity:fast_food'],['POI'],POINT(9.9803727 53.5674456),
Kelms Küche,Lieferdienst,['amenity:fast_food'],['POI'],POINT(10.0806602 53.619531),
"Pizzaria da Mighele, Bar Infinito",,"['amenity:restaurant', 'cuisine:pizza;italian']",['POI'],POINT(9.9284408 53.5547455),
Pizza Electric,,"['amenity:restaurant', 'cuisine:pizza']",['POI'],POINT(9.9795923 53.5663837),
kiosque.,,['amenity:cafe'],['POI'],POINT(9.9627825 53.5579136),
Friends2,,['amenity:pub'],['POI'],POINT(9.9930185 53.515315),
Bistro Pizzarello,,"['amenity:restaurant', 'cuisine:pizza;italian']",['POI'],POINT(10.0928432 53.6537364),
Refugium,,"['amenity:cafe', 'cuisine:bistro;pizza']",['POI'],POINT(10.0030748 53.4943663),
Trattoria Brunello,,"['amenity:restaurant', 'cuisine:italian']",['POI'],POINT(10.0954302 53.6510942),
MÄDCHEN*CAFÉ,,['amenity:cafe'],['POI'],POINT(9.9560935 53.5718719),
Kinfelts Kitchen & Wine,,['amenity:restaurant'],['POI'],POINT(9.9869419 53.5414841),
An Khang,,"['amenity:restaurant', 'cuisine:vietnamese']",['POI'],POINT(9.9705632 53.5834992),
Dil,,"['amenity:fast_food', 'cuisine:indian']",['POI'],POINT(10.0678232 53.5724241),
Jasino,,"['amenity:fast_food', 'cuisine:pizza;burger;pasta']",['POI'],POINT(9.9486794 53.5617549),
Ikigai,,"['amenity:restaurant', 'cuisine:asian;noodles;japanese;sushi']",['POI'],POINT(9.961755 53.5735812),
Afra Eimsbüttel,,['amenity:restaurant'],['POI'],POINT(9.9588164 53.5745825),
Long Asia,,"['amenity:fast_food', 'cuisine:asian']",['POI'],POINT(9.9743636 53.5981106),
Cont(r)a Sportsbar,,['amenity:pub'],['POI'],POINT(9.9657945 53.5794467),
Pane e tulipani,,['amenity:restaurant'],['POI'],POINT(10.0066289 53.5483745),
Urfa Foods,,"['amenity:fast_food', 'cuisine:kebab']",['POI'],POINT(9.9780656 53.4610569),
La pata negra,,"['amenity:restaurant', 'cuisine:spanish;tapas']",['POI'],POINT(10.0158476 53.5714739),
Big Food Grill,,['amenity:fast_food'],['POI'],POINT(10.2074207 53.4915764),
La Ponte,,"['amenity:restaurant', 'cuisine:pizza']",['POI'],POINT(9.9376333 53.5928387),
Chay Vegan,,"['amenity:restaurant', 'cuisine:asian']",['POI'],POINT(10.0020439 53.5525756),
Pronto's Pizza,,"['amenity:restaurant', 'cuisine:pizza']",['POI'],POINT(9.7764655 53.6574521),
Gundermann,,['amenity:cafe'],['POI'],POINT(9.9781337 53.5708546),
xodó,,"['amenity:restaurant', 'cuisine:brazilian']",['POI'],POINT(10.0196034 53.566579),
GRACE - Bar & Lounge,,['amenity:bar'],['POI'],POINT(9.9834209 53.5646913),
Adis‘s Cevapcici Restaurant,,"['amenity:restaurant', 'cuisine:barbecue;croatian;friture']",['POI'],POINT(10.0968492 53.5424006),
ujote espresso,,"['amenity:cafe', 'cuisine:coffee_shop']",['POI'],POINT(9.9697014 53.5768316),
Restaurant Victoria,,['amenity:restaurant'],['POI'],POINT(9.9945062 53.5164885),
MAHAL,,"['amenity:fast_food', 'cuisine:indian']",['POI'],POINT(10.2085492 53.4883767),
Campus Suite,,"['amenity:cafe', 'branch:Valentinskamp', 'cuisine:coffee_shop;sandwich']",['POI'],POINT(9.9860236 53.5558559),
Dö-Back Köz Haus,,"['amenity:fast_food', 'cuisine:kebab']",['POI'],POINT(10.140394 53.6257841),
Sunset Billard Hoheluft,,['amenity:bar'],['POI'],POINT(9.9709926 53.5823573),
SUSHIMEN,,"['amenity:restaurant', 'cuisine:sushi']",['POI'],POINT(10.0413853 53.6005723),
Marco’s Bistro de Glamour,,['amenity:cafe'],['POI'],POINT(10.0770103 53.6137193),
Cozymir,"Hausgemachte Kuchen (statt Zucker oder Süßstoffen werden andere natürliche Stoffe verwendet), Quiche, Shakshuka (Eier pochiert in würziger Tomatensoße), ukrainische Spezialitäten wie Blinchiki süß/ herzhaft (Pfannkuchen), Syrniki (Quarkpfannkuchen)",['amenity:cafe'],['POI'],POINT(10.0773208 53.6131538),
Pampilo,,"['amenity:restaurant', 'cuisine:steak_house']",['POI'],POINT(10.1637536 53.5412829),
Ændré,,['amenity:cafe'],['POI'],POINT(9.979664 53.582421),
Gurlitt,,['amenity:restaurant'],['POI'],POINT(10.008472 53.5596873),
S.L.U.T,,['amenity:bar'],['POI'],POINT(10.0141454 53.5561894),
Eiscafe San Remo,,"['amenity:cafe', 'cuisine:ice_cream']",['POI'],POINT(9.9904021 53.5557493),
Christines Café,,"['amenity:cafe', 'bar:no', 'cuisine:cake;ice_cream']",['POI'],POINT(10.134926 53.4760025),
Reinam Shisha Cafe,,['amenity:bar'],['POI'],POINT(9.9919238 53.5155927),
Rodos Café Bar,,['amenity:bar'],['POI'],POINT(9.9898222 53.5156575),
Café Bom Dia,,"['amenity:cafe', 'bar:yes', 'cuisine:Portugiese']",['POI'],POINT(9.9814943 53.4595567),
Bootshaus Alster,,"['amenity:restaurant', 'cuisine:steak;sushi']",['POI'],POINT(9.9965002 53.5533701),
Asia Do Anh,,"['amenity:fast_food', 'cuisine:asian']",['POI'],POINT(9.7990835 53.6622512),
Strandhotel Blankenese,,"['amenity:restaurant', 'bar:yes']",['POI'],POINT(9.8082483 53.556489),
Was wir wirklich LIEBEN - Marktwagen,,"['amenity:fast_food', 'branch:Überseeboulevard', 'cuisine:salad;burger']",['POI'],POINT(9.9981182 53.5424767),
Was wir wirklich LIEBEN - Marktwagen,,"['amenity:fast_food', 'branch:Marie-Jonas Platz', 'cuisine:salad;burger']",['POI'],POINT(9.9866474 53.5905052),
Smiley's Pizza Profis,,"['amenity:fast_food', 'branch:Pinneberg', 'cuisine:pizza']",['POI'],POINT(9.794174 53.6676255),
Call a Pizza,,"['amenity:fast_food', 'branch:Pinneberg', 'cuisine:pizza']",['POI'],POINT(9.7887328 53.6697981),
Salzbrenner Bistro,,['amenity:fast_food'],['POI'],POINT(9.9672089 53.5594333),
Ceviche,,"['amenity:restaurant', 'cuisine:peruvian']",['POI'],POINT(9.9770622 53.583397),
mekan,,['amenity:restaurant'],['POI'],POINT(9.9842134 53.4588978),
Copenhagen Coffee Lab,,"['amenity:cafe', 'cuisine:coffee_shop']",['POI'],POINT(9.9284359 53.5547938),
innerluck,,['amenity:restaurant'],['POI'],POINT(9.9439454 53.5912255),
golden bean,,['amenity:cafe'],['POI'],POINT(9.9474164 53.5772214),
Mannat,,"['amenity:restaurant', 'bar:yes', 'cuisine:indian']",['POI'],POINT(10.166356 53.6230764),
Sushi Meister,,"['amenity:restaurant', 'cuisine:sushi']",['POI'],POINT(10.0823137 53.6606675),
Pizza Hot Chili,,"['amenity:fast_food', 'cuisine:pizza']",['POI'],POINT(10.0824827 53.6606837),
Lobby No. 12,,['amenity:pub'],['POI'],POINT(10.1151882 53.6535102),
Himmlische Versuchung,,['amenity:cafe'],['POI'],POINT(9.940885 53.5821957),
Burger King,,"['amenity:fast_food', 'cuisine:burger']",['POI'],POINT(10.0223378 53.5187351),
Gretel & Alfons,,['amenity:bar'],['POI'],POINT(9.9575437 53.5508599),
Landhaus Restaurant,,['amenity:restaurant'],['POI'],POINT(10.1399459 53.6292411),
Samarkand,,['amenity:restaurant'],['POI'],POINT(9.8911696 53.5732817),
Sportcafe Eidelstedt,,['amenity:pub'],['POI'],POINT(9.900202 53.6038555),
Domino's,,"['amenity:fast_food', 'cuisine:pizza']",['POI'],POINT(9.9925714 53.5060426),
Liquid Garden,,['amenity:bar'],['POI'],POINT(10.0012432 53.5496102),
Hapiness Station,,['amenity:fast_food'],['POI'],POINT(9.9368477 53.597056),
Lezzet Kebab House,,"['amenity:fast_food', 'cuisine:turkish']",['POI'],POINT(10.0448774 53.5912006),
Café Wonne und Segen,,['amenity:cafe'],['POI'],POINT(9.9251275 53.5908272),
The Burger Factory,,"['amenity:restaurant', 'cuisine:burger']",['POI'],POINT(9.9850783 53.684861),
Ngan Tinh Vietnamesisches Restaurant,,"['amenity:restaurant', 'cuisine:vietnamese']",['POI'],POINT(10.0032967 53.5511644),
Töpferkrug,,['amenity:bar'],['POI'],POINT(10.2145544 53.4858582),
Toast bar,,['amenity:bar'],['POI'],POINT(9.9630505 53.5562466),
Fräulein Fritz,,['amenity:restaurant'],['POI'],POINT(10.0181861 53.5538723),
Los amigos,,['amenity:restaurant'],['POI'],POINT(10.2081406 53.488789),
Pizza Mia,,"['amenity:restaurant', 'cuisine:pizza']",['POI'],POINT(10.1550958 53.6048972),
Cordes Restaurant,,"['amenity:restaurant', 'cuisine:regional']",['POI'],POINT(9.8975613 53.4236862),
Cam On,,"['amenity:restaurant', 'cuisine:vietnamese']",['POI'],POINT(9.9586557 53.5719072),
MalinaStories Café,,['amenity:cafe'],['POI'],POINT(10.0457006 53.5916133),
Herr Buhbe,,"['amenity:restaurant', 'cuisine:german']",['POI'],POINT(9.9808996 53.5508603),
Café Herzstück,,"['amenity:cafe', 'cuisine:breakfast;cake;coffee_shop']",['POI'],POINT(10.0203474 53.5557996),
Das Goldene Ei,Bar & restaurant. No cider.,['amenity:restaurant'],['POI'],POINT(10.0093948 53.5487242),
Bootshaus Kombüse,,['amenity:restaurant'],['POI'],POINT(9.982083 53.550737),
Der Holländer,,"['amenity:fast_food', 'cuisine:pizza;burger']",['POI'],POINT(9.8860274 53.4722383),
Apos Bistro,,['amenity:pub'],['POI'],POINT(10.1428699 53.6175289),
Liness,,['amenity:cafe'],['POI'],POINT(9.9190115 53.6356152),
Oechsle Restaurant & Weinbar,,"['amenity:restaurant', 'cuisine:german']",['POI'],POINT(9.9803517 53.565018),
A la Fish,,"['amenity:restaurant', 'cuisine:seafood']",['POI'],POINT(9.9810309 53.4631238),
Café Nordwind,,['amenity:cafe'],['POI'],POINT(10.0856583 53.5864608),
Nonna Neta,,"['amenity:cafe', 'cuisine:cake;coffee_shop;ice_cream']",['POI'],POINT(9.9870968 53.5932223),
Asia WOK,,"['amenity:restaurant', 'cuisine:asian']",['POI'],POINT(10.0085445 53.5798992),
Anleger Hamburg,,['amenity:cafe'],['POI'],POINT(9.9910844 53.6009899),
Campus Suite,,"['amenity:cafe', 'cuisine:coffee_shop;sandwich']",['POI'],POINT(10.0294482 53.6746932),
The Local,,['amenity:bar'],['POI'],POINT(9.954897 53.5576316),
Holsten Bäckerei,,['amenity:cafe'],['POI'],POINT(10.003165 53.5424246),
Hamburg im Süden,,['amenity:restaurant'],['POI'],POINT(10.000566 53.5430129),
The best baked potato,,['amenity:restaurant'],['POI'],POINT(10.0007748 53.5430476),
Kaispeicher B Cafe-Bar,,['amenity:cafe'],['POI'],POINT(10.0001043 53.5432914),
Kumpin,,['amenity:bar'],['POI'],POINT(10.0004475 53.543343),
Puzzle Bar,,['amenity:bar'],['POI'],POINT(10.0075976 53.5403599),
Kantine Elbe,,['amenity:restaurant'],['POI'],POINT(10.0734447 53.6006853),
Steelrunner,"Stationärer Food Truck. Verkauft Currywurst, Bratwurst und Pommes.",['amenity:fast_food'],['POI'],POINT(10.0715957 53.6009766),
Kiosk,,['amenity:cafe'],['POI'],POINT(10.0701184 53.6018336),
Verlan Cafe,,['amenity:cafe'],['POI'],POINT(9.9703059 53.5583789),
Bao Bao,,"['amenity:restaurant', 'cuisine:vietnamese']",['POI'],POINT(9.988797 53.5906957),
OT Restaurant,,"['amenity:restaurant', 'cuisine:thai']",['POI'],POINT(9.9293785 53.5520934),
JA ĂN,,"['amenity:restaurant', 'cuisine:sushi']",['POI'],POINT(10.0842261 53.6602677),
Taverna Astakos,,"['amenity:restaurant', 'cuisine:greek']",['POI'],POINT(9.9672605 53.5796721),
Gisela Rodriguez,,"['amenity:fast_food', 'cuisine:sandwich']",['POI'],POINT(10.0141239 53.6425517),
ESS_BAR,,['amenity:restaurant'],['POI'],POINT(10.2011501 53.5127009),
Atlantic Grill & Health,,['amenity:restaurant'],['POI'],POINT(10.0044127 53.557016),
Buddha Kitchen,,['amenity:restaurant'],['POI'],POINT(9.9787054 53.4615368),
Café Schneckenhaus,,['amenity:cafe'],['POI'],POINT(9.9571723 53.5585905),
Pizza Hot Chili,,"['amenity:fast_food', 'cuisine:pizza']",['POI'],POINT(10.0426254 53.5672097),
Istanbul Kebap Haus,,['amenity:fast_food'],['POI'],POINT(9.791102 53.6521647),
Hausgemacht in der alten IDA Brauerei,,['amenity:restaurant'],['POI'],POINT(9.7935316 53.6518863),
Thai China Wok,,"['amenity:fast_food', 'cuisine:asian;thai']",['POI'],POINT(10.0305969 53.6261556),
Burger Lounge,,['amenity:fast_food'],['POI'],POINT(10.0736718 53.6113027),
Cotidiano,,['amenity:restaurant'],['POI'],POINT(9.9907894 53.5506242),
SPEISEKAI,,"['amenity:restaurant', 'cuisine:german;regional']",['POI'],POINT(9.9925332 53.5853759),
Pommes Helden,,"['amenity:fast_food', 'cuisine:fries']",['POI'],POINT(9.9520268 53.5758885),
Cardamom,,"['amenity:restaurant', 'cuisine:indian']",['POI'],POINT(9.9874637 53.5530446),
Doy Doy Kebap House,,"['amenity:fast_food', 'cuisine:turkish']",['POI'],POINT(9.9668381 53.5799212),
Brotstube by Schanzenbäckerei,,['amenity:cafe'],['POI'],POINT(9.9400032 53.5518097),
Café ROOTS,,['amenity:cafe'],['POI'],POINT(9.9685597 53.5806292),
The Pub Formerly Known As Froggys,,['amenity:pub'],['POI'],POINT(9.9569927 53.5670145),
Dionysos,,"['amenity:restaurant', 'cuisine:greek']",['POI'],POINT(9.9584908 53.5716681),
Der Player,,"['amenity:restaurant', 'cuisine:german']",['POI'],POINT(9.9282553 53.5588948),
Angi's Pub,,['amenity:pub'],['POI'],POINT(9.963728 53.5512355),
croque world,,['amenity:fast_food'],['POI'],POINT(10.0194531 53.5792364),
Merdane Café Patisserie,,['amenity:cafe'],['POI'],POINT(9.9377431 53.5514321),
Mantu,,"['amenity:restaurant', 'cuisine:afghan']",['POI'],POINT(10.0319374 53.5736276),
Wine Bar,,['amenity:bar'],['POI'],POINT(10.0309287 53.5730502),
illy,,['amenity:cafe'],['POI'],POINT(10.0287346 53.5717732),
GaumenSchmaus,,"['amenity:fast_food', 'branch:Bönningstedt', 'cuisine:chicken']",['POI'],POINT(9.9053326 53.6644952),
Omnipolos Pizza & Beer,,"['amenity:pub', 'cuisine:pizza']",['POI'],POINT(9.9676439 53.5608815),
Louis Croque,,['amenity:restaurant'],['POI'],POINT(10.0331505 53.5625206),
Buhjah Bowls Bahrenfeld,,['amenity:restaurant'],['POI'],POINT(9.9198429 53.5628665),
Buhjah Bowls Hafencity,,['amenity:restaurant'],['POI'],POINT(10.0109133 53.5382926),
Ginza,,"['amenity:restaurant', 'cuisine:japanese']",['POI'],POINT(10.0014517 53.5524023),
Baron,,['amenity:pub'],['POI'],POINT(9.9829954 53.5166899),
Lotus Streetfood,,['amenity:restaurant'],['POI'],POINT(9.987743 53.5172062),
Saito Sushi,,"['amenity:restaurant', 'cuisine:sushi']",['POI'],POINT(10.0003506 53.6808076),
Montana,Burger Steak und Fisch,"['amenity:restaurant', 'cuisine:burger;fish;salad;steak_house;pasta']",['POI'],POINT(9.819035 53.6188331),
Pizza Max,,"['amenity:fast_food', 'branch:Hamburg-Sasel', 'cuisine:pizza']",['POI'],POINT(10.1057455 53.6513362),
Takumi Ramen Station,,"['amenity:restaurant', 'cuisine:ramen;japanese']",['POI'],POINT(9.9600661 53.5643319),
Schmidt & Schmidtchen,,['amenity:cafe'],['POI'],POINT(10.0369333 53.5878105),
Kaffee Fleck,,['amenity:cafe'],['POI'],POINT(10.0034998 53.5527036),
Mikabalami,,"['amenity:restaurant', 'cuisine:asian']",['POI'],POINT(9.9650913 53.5614399),
Smartbowls,,"['amenity:restaurant', 'cuisine:sushi']",['POI'],POINT(9.9428134 53.5551853),
Extratour,,['amenity:bar'],['POI'],POINT(10.0122617 53.5557187),
LUA,,['amenity:cafe'],['POI'],POINT(9.9527665 53.5655873),
Schmidtchen Bergedorf,,['amenity:cafe'],['POI'],POINT(10.2105368 53.4884793),
Hindukusch,,"['amenity:restaurant', 'cuisine:oriental']",['POI'],POINT(9.9831424 53.5704664),
Real Sushi Hamburg,,"['amenity:fast_food', 'cuisine:sushi']",['POI'],POINT(10.0510025 53.5885083),
Yoko Sushi,,"['amenity:restaurant', 'cuisine:sushi']",['POI'],POINT(9.9956972 53.6838834),
Dart Sporttreff e.V.,,['amenity:bar'],['POI'],POINT(10.2152911 53.4863691),
Eisige Liebe,,['amenity:cafe'],['POI'],POINT(10.2141235 53.4870214),
On Dao,,['amenity:restaurant'],['POI'],POINT(10.2144452 53.4870808),
Sportlounge,,"['amenity:restaurant', 'cuisine:german']",['POI'],POINT(9.9783758 53.6760298),
Brammibal‘s Donuts,,"['amenity:fast_food', 'cuisine:donut']",['POI'],POINT(9.9364807 53.5592985),
Sushi like a dream,,['amenity:restaurant'],['POI'],POINT(9.960204 53.4408649),
Avocado Nerds,,"['amenity:restaurant', 'cuisine:mexican']",['POI'],POINT(9.9905096 53.5551958),
Kebab Kitchen,,"['amenity:restaurant', 'cuisine:kebab']",['POI'],POINT(10.0411519 53.6018623),
Mr. Dumpling,"Coming soon, derzeit nur zum Mitnehmen","['amenity:restaurant', 'cuisine:dumpling']",['POI'],POINT(9.9292482 53.5520828),
Jerewan Grill,,"['amenity:restaurant', 'cuisine:armenian']",['POI'],POINT(9.9260987 53.5515205),
Togao,,"['amenity:restaurant', 'cuisine:asian']",['POI'],POINT(10.208113 53.489215),
Domino's,,"['amenity:fast_food', 'cuisine:pizza']",['POI'],POINT(10.0659806 53.5987042),
Black Hat Coffee,,['amenity:cafe'],['POI'],POINT(9.9605939 53.5730636),
Schmidtchen KörberHaus,,['amenity:cafe'],['POI'],POINT(10.2085211 53.4872553),
Brunch Factory,,['amenity:restaurant'],['POI'],POINT(10.2057552 53.4774111),
KALION Greek Restaurant,,"['amenity:restaurant', 'cuisine:greek']",['POI'],POINT(10.0310744 53.6832107),
Cheesecake Heaven,,['amenity:cafe'],['POI'],POINT(10.0148804 53.5821506),
Gorgonzola,,"['amenity:restaurant', 'cuisine:italian;pizza;pasta']",['POI'],POINT(10.0147469 53.5821117),
Sushi Meister,,"['amenity:fast_food', 'cuisine:sushi']",['POI'],POINT(10.1659624 53.6224095),
brammibal's donuts,,"['amenity:fast_food', 'cuisine:donut']",['POI'],POINT(10.0073278 53.5535516),
Subway,,"['amenity:fast_food', 'cuisine:sandwich']",['POI'],POINT(10.2066217 53.4896133),
Fischhalle,Café-Bistro | Live Music | Galerie,"['amenity:restaurant', 'cuisine:coffee_shop;cake']",['POI'],POINT(9.9824471 53.4671814),
Deja Vu,,['amenity:bar'],['POI'],POINT(9.9866478 53.5177682),
Relax Lounge,,['amenity:bar'],['POI'],POINT(9.9871521 53.517623),
The Room,,['amenity:bar'],['POI'],POINT(9.9870769 53.517654),
Celestia,,"['amenity:restaurant', 'bar:yes']",['POI'],POINT(9.9864309 53.5160397),
Schwester Kumpir,,"['amenity:restaurant', 'bar:no', 'cuisine:Balkan']",['POI'],POINT(9.9872233 53.5160265),
Dionysos,,"['amenity:restaurant', 'cuisine:greek']",['POI'],POINT(10.1246752 53.5705843),
Soul Sushi,,"['amenity:fast_food', 'cuisine:sushi']",['POI'],POINT(10.1464426 53.5944661),
Çiğköftem,,"['amenity:fast_food', 'cuisine:turkish']",['POI'],POINT(10.0091332 53.4979216),
Lá Vegan,,['amenity:fast_food'],['POI'],POINT(10.0202588 53.5524875),
Wohnzimmer,,['amenity:bar'],['POI'],POINT(10.0467446 53.5876809),
croque star,,['amenity:fast_food'],['POI'],POINT(10.0465411 53.5880888),
Tagliere e Vino,,"['amenity:restaurant', 'cuisine:italian']",['POI'],POINT(9.9928005 53.548918),
Alte Schmiede,,"['amenity:restaurant', 'cuisine:regional']",['POI'],POINT(9.9280521 53.5556282),
Der Urfa Döner,,"['amenity:fast_food', 'cuisine:kebab']",['POI'],POINT(10.0380448 53.5608075),
Tonndorfer Burg,,['amenity:pub'],['POI'],POINT(10.1240301 53.5860569),
Yummi,,"['amenity:fast_food', 'cuisine:vietnamese']",['POI'],POINT(10.1254007 53.5865664),
La Vita,,"['amenity:restaurant', 'cuisine:italian']",['POI'],POINT(9.9472934 53.5803655),
Black Pearl,,['amenity:bar'],['POI'],POINT(9.7931015 53.6604406),
Yoko,,"['amenity:restaurant', 'cuisine:sushi']",['POI'],POINT(9.7976464 53.6610436),
Köz Hanedar,,['amenity:restaurant'],['POI'],POINT(9.8004554 53.6612318),
Baba Snack,,['amenity:fast_food'],['POI'],POINT(9.8006791 53.6607159),
Hygge the farm,,['amenity:cafe'],['POI'],POINT(9.8485877 53.5579483),
Tazzi Pizza 2 go,,"['amenity:restaurant', 'cuisine:pizza']",['POI'],POINT(9.9569214 53.553175),
Schnitzery,,['amenity:restaurant'],['POI'],POINT(9.9664214 53.5660102),
The Village,,['amenity:bar'],['POI'],POINT(9.9514467 53.6207387),
Buns Streetfood,,"['amenity:fast_food', 'cuisine:diner;international;sandwich']",['POI'],POINT(9.9601954 53.5641035),
Damascino,,"['amenity:restaurant', 'cuisine:syrian']",['POI'],POINT(10.0215117 53.5569031),
Safari Bierdorf,,['amenity:pub'],['POI'],POINT(9.9577715 53.5507752),
Shooters,,['amenity:bar'],['POI'],POINT(9.9576709 53.5505167),
Brooklyn Bar,,['amenity:bar'],['POI'],POINT(9.9577192 53.5506163),
Dahan Noodle,,"['amenity:restaurant', 'cuisine:ramen']",['POI'],POINT(9.9941851 53.542087),
Kaya Feinkost,,"['amenity:fast_food', 'cuisine:kebab']",['POI'],POINT(9.9519008 53.6225625),
Schwarzwald Stube,,"['amenity:restaurant', 'cuisine:black_forest']",['POI'],POINT(9.9520643 53.6227522),
Highway,,['amenity:bar'],['POI'],POINT(9.9575981 53.5510822),
Giovani am Park,,"['amenity:restaurant', 'cuisine:italian_pizza;pizza']",['POI'],POINT(10.0154934 53.5591581),
Dollhouse Beach Club,,['amenity:bar'],['POI'],POINT(9.9574513 53.5506589),
Kaiserkeller,,['amenity:bar'],['POI'],POINT(9.9578905 53.5512153),
Galeria 36,,['amenity:bar'],['POI'],POINT(9.9579069 53.5511217),
Champions Coffee,,['amenity:cafe'],['POI'],POINT(9.9601083 53.5490621),
Blaue Nacht,,['amenity:pub'],['POI'],POINT(9.9622314 53.5485879),
Reeperbahn Döner,,"['amenity:fast_food', 'cuisine:kebab']",['POI'],POINT(9.9593344 53.5496925),
Titty Twister,,['amenity:bar'],['POI'],POINT(9.9591674 53.5498299),
Grizzlys,,['amenity:bar'],['POI'],POINT(9.9590854 53.5497127),
Hausverbot,,['amenity:pub'],['POI'],POINT(9.9598082 53.5482628),
Nordlicht,,['amenity:pub'],['POI'],POINT(9.9596576 53.5482228),
Jebena,,['amenity:cafe'],['POI'],POINT(10.0181445 53.5542444),
Double Coffee,,['amenity:cafe'],['POI'],POINT(10.0262643 53.5700929),
iCroque,,['amenity:fast_food'],['POI'],POINT(10.0231657 53.5733574),
Info-Café,,['amenity:cafe'],['POI'],POINT(9.9488689 53.620062),
Mai Mai,,"['amenity:restaurant', 'cuisine:chinese']",['POI'],POINT(10.0154677 53.6495589),
Solo Kitchen,,['amenity:fast_food'],['POI'],POINT(10.0338547 53.5521607),
The Garden's Table,,['amenity:cafe'],['POI'],POINT(10.0124908 53.548278),
Die Minibar,,['amenity:cafe'],['POI'],POINT(9.9852519 53.5141806),
Aroma,,"['amenity:cafe', 'cuisine:bubble_tea']",['POI'],POINT(9.9867171 53.5123496),
Smileys,,"['amenity:restaurant', 'cuisine:pizza']",['POI'],POINT(10.0249216 53.5446958),
the kumpir,,"['amenity:fast_food', 'cuisine:potato']",['POI'],POINT(9.9284476 53.5546751),
TA - vegan house,,['amenity:restaurant'],['POI'],POINT(9.9389801 53.5517918),
DOCK8 DÖNER,,['amenity:restaurant'],['POI'],POINT(9.9889226 53.4656213),
Burger King,,"['amenity:fast_food', 'cuisine:burger']",['POI'],POINT(10.0674145 53.5724036),
Wüstenrose,,"['amenity:restaurant', 'cuisine:oriental;syrian']",['POI'],POINT(10.0399771 53.605796),
SUL Portugal Café & Bistro,,['amenity:cafe'],['POI'],POINT(10.0006563 53.5078406),
Papperlapapp,,['amenity:pub'],['POI'],POINT(9.978435 53.6832571),
Speedy's Pizzaservice,,"['amenity:fast_food', 'cuisine:pizza']",['POI'],POINT(9.9815388 53.6814842),
Casa Di Bianca,,"['amenity:restaurant', 'cuisine:italian']",['POI'],POINT(10.0820043 53.6412074),
L’Quán,,"['amenity:restaurant', 'cuisine:vietnamese']",['POI'],POINT(10.0659362 53.5730222),
Röbek | Eatery,,['amenity:restaurant'],['POI'],POINT(9.8777364 53.5674453),
Queue Billard Pub,,['amenity:pub'],['POI'],POINT(9.9005465 53.5579098),
Tsubaki,,"['amenity:restaurant', 'cuisine:asian;sushi']",['POI'],POINT(10.0095619 53.6082682),
Troja,,['amenity:pub'],['POI'],POINT(10.1683422 53.6282797),
Andronaco Bistro,,"['amenity:restaurant', 'cuisine:italian']",['POI'],POINT(9.922697 53.5663386),
Café Termoli,,"['amenity:cafe', 'cuisine:italian']",['POI'],POINT(10.1324565 53.5808268),
Del Signore,,"['amenity:restaurant', 'cuisine:italian']",['POI'],POINT(10.027409 53.6023411),
braena,,['amenity:restaurant'],['POI'],POINT(9.9553719 53.5794378),
JayJay's,,"['amenity:fast_food', 'cuisine:poke;juice']",['POI'],POINT(9.949488 53.5793967),
La Tropicana,,"['amenity:restaurant', 'cuisine:colombian']",['POI'],POINT(10.0402578 53.6050044),
Mc Carella,,"['amenity:restaurant', 'cuisine:italian']",['POI'],POINT(9.9887012 53.5898064),
Pars,,"['amenity:restaurant', 'cuisine:persian']",['POI'],POINT(10.018888 53.5567802),
La Cocina Kochschule,,['amenity:restaurant'],['POI'],POINT(9.9739172 53.549351),
Deathpresso,,"['amenity:cafe', 'cuisine:cake;sandwich']",['POI'],POINT(9.9636133 53.5588799),
Codo,,"['amenity:fast_food', 'cuisine:vietnamese']",['POI'],POINT(9.9669686 53.5564406),
Sandcafé,,"['amenity:cafe', 'cuisine:breakfast;cake']",['POI'],POINT(9.9422713 53.5550909),
Beamstop,,['amenity:cafe'],['POI'],POINT(9.8306689 53.5890406),
Beamstop,,['amenity:restaurant'],['POI'],POINT(9.8307064 53.5891027),
Das Eiswerk Florenz,,['amenity:cafe'],['POI'],POINT(10.0909224 53.6546617),
Subway,,"['amenity:fast_food', 'cuisine:sandwich']",['POI'],POINT(9.9372464 53.5778873),
Donutman,,['amenity:cafe'],['POI'],POINT(9.9770379 53.5443507),
Papa John's,,"['amenity:fast_food', 'cuisine:pizza']",['POI'],POINT(10.0450217 53.5913016),
Sushi Love,,"['amenity:restaurant', 'cuisine:sushi']",['POI'],POINT(10.0245009 53.6025561),
Mirel,,"['amenity:cafe', 'cuisine:portuguese']",['POI'],POINT(9.9798869 53.5832201),
HEVIR,,"['amenity:restaurant', 'cuisine:pasta;turkish']",['POI'],POINT(9.9789198 53.5695837),
MYNT,,['amenity:cafe'],['POI'],POINT(9.9565006 53.5791673),
Galopper,,"['amenity:restaurant', 'cuisine:pizza']",['POI'],POINT(9.9486664 53.5795165),
Kogai Sushi,,"['amenity:restaurant', 'cuisine:sushi']",['POI'],POINT(9.9852471 53.5558249),
Cham The Vegan Kitchen,,"['amenity:restaurant', 'cuisine:vietnamese']",['POI'],POINT(9.9611196 53.5624895),
Sushi für Hamburg,,['amenity:restaurant'],['POI'],POINT(9.9686772 53.5806791),
Salt & Silver Lateinamerika,,['amenity:restaurant'],['POI'],POINT(9.9586073 53.5465436),
Hidden Kitchen Hamburg,,['amenity:restaurant'],['POI'],POINT(9.9624416 53.5484558),
Dal Fabbro,,"['amenity:restaurant', 'cuisine:italian']",['POI'],POINT(9.9688687 53.5803865),
Schmidt's Bagel,,"['amenity:cafe', 'cuisine:bagel;coffee_shop']",['POI'],POINT(9.9976722 53.5945279),
Schmidt's Bagel,,"['amenity:cafe', 'cuisine:bagel;coffee_shop']",['POI'],POINT(9.9839258 53.550109),
Sicily,,['amenity:cafe'],['POI'],POINT(9.8114019 53.5585367),
Pizza Tonio,,['amenity:restaurant'],['POI'],POINT(10.0182331 53.5679242),
CODOS,,"['amenity:cafe', 'cuisine:coffee_shop;cake']",['POI'],POINT(10.012287 53.5802861),
Pizza Tonio,,['amenity:restaurant'],['POI'],POINT(9.9992132 53.592514),
Open Kitchen,,['amenity:restaurant'],['POI'],POINT(9.9390576 53.5442161),
Jazzcafé,,['amenity:restaurant'],['POI'],POINT(10.0431218 53.5564543),
Corfu Grill,,['amenity:restaurant'],['POI'],POINT(10.1303038 53.6031465),
Kult Eis,,"['amenity:cafe', 'cuisine:ice_cream']",['POI'],POINT(10.1224312 53.6271349),
CheekyPies,,['amenity:restaurant'],['POI'],POINT(9.9644662 53.5674951),
Sushi fy,,"['amenity:restaurant', 'cuisine:sushi']",['POI'],POINT(10.02272 53.5485392),
Park Cafe,,['amenity:restaurant'],['POI'],POINT(9.9625624 53.5618611),
Binboga Kebap House,,"['amenity:fast_food', 'cuisine:turkish']",['POI'],POINT(9.9869885 53.5106453),
Bobbys Bremsklotz,,['amenity:fast_food'],['POI'],POINT(9.9513502 53.5187741),
alpha Coffee Bar & More,,['amenity:cafe'],['POI'],POINT(10.0412121 53.5523145),
Rosi's Bar,,['amenity:pub'],['POI'],POINT(9.9610973 53.5503722),
Café Steeedt,,['amenity:cafe'],['POI'],POINT(9.9031438 53.6072669),
Asia Quick,,['amenity:restaurant'],['POI'],POINT(9.7948995 53.5807814),
Sechsundzwanzig Weingarten,,['amenity:bar'],['POI'],POINT(9.9636085 53.5491456),
Frühstück & Mittagstisch Imbiss,,"['amenity:fast_food', 'cuisine:german']",['POI'],POINT(10.0780428 53.6136871),
Jasmin Restaurant,,['amenity:fast_food'],['POI'],POINT(10.0353612 53.5468281),
Reisprinzen,,"['amenity:restaurant', 'cuisine:sushi']",['POI'],POINT(10.0315994 53.5569859),
Halbzeit,,['amenity:pub'],['POI'],POINT(9.8928292 53.5733746),
Café Gourmet,,"['amenity:cafe', 'cuisine:cafe;bistro']",['POI'],POINT(10.0403103 53.6055331),
The Roastery,,['amenity:cafe'],['POI'],POINT(9.892873 53.5719737),
Paradiesvogel,,['amenity:cafe'],['POI'],POINT(10.0150287 53.5373937),
Pinot & Becks,,['amenity:bar'],['POI'],POINT(9.9593461 53.5676754),
Café Noem,,"['amenity:cafe', 'cuisine:breakfast']",['POI'],POINT(9.9596834 53.5676849),
Grill-Shop Winterhude,,['amenity:fast_food'],['POI'],POINT(10.0188141 53.5829443),
Falafelicious,,"['amenity:fast_food', 'cuisine:falafel;arab']",['POI'],POINT(9.9616287 53.5683497),
Sonnenseite,,['amenity:bar'],['POI'],POINT(9.965004 53.5674151),
Domino's,,"['amenity:fast_food', 'branch:Hamburg Rahlstedt', 'cuisine:pizza']",['POI'],POINT(10.1449574 53.6024729),
Istan Blue,"Ehemals Day & Night -  
https://www.24hamburg.de/hamburg/nur-kartoffeln-und-drogen-im-sortiment-razzia-in-harburger-kiosk-92099985.html",['amenity:cafe'],['POI'],POINT(9.9580683 53.4563256),
Cheeky Pies,,['amenity:fast_food'],['POI'],POINT(9.9568916 53.5670411),
Yoko Sushi,,"['amenity:restaurant', 'cuisine:sushi']",['POI'],POINT(9.9571188 53.5674839),
Domino's,,"['amenity:fast_food', 'cuisine:pizza']",['POI'],POINT(9.9559759 53.5679217),
Raj Mahal,,"['amenity:restaurant', 'cuisine:indian']",['POI'],POINT(9.9569637 53.567624),
Good one,,"['amenity:cafe', 'cuisine:pancake;coffee_shop;salad;sandwich']",['POI'],POINT(9.9553009 53.5685662),
Boot e.V.,,"['amenity:cafe', 'cuisine:coffee_shop;ice_cream']",['POI'],POINT(10.0590222 53.5462678),
Sunsirius Bistro & Markt,,"['amenity:cafe', 'cuisine:turkish']",['POI'],POINT(9.909928 53.5664052),
Ghana Aba Abrokyire,,"['amenity:restaurant', 'cuisine:Ghanaian']",['POI'],POINT(9.9100742 53.5665035),
Smiley's,,"['amenity:fast_food', 'cuisine:pizza']",['POI'],POINT(9.8980932 53.6130974),
Cigköftem,,"['amenity:fast_food', 'cuisine:turkish']",['POI'],POINT(9.9227048 53.5535609),
The Pho 22,,"['amenity:restaurant', 'cuisine:vietnamese']",['POI'],POINT(9.9902426 53.5578217),
Tapas e Vinho,,['amenity:restaurant'],['POI'],POINT(10.0453771 53.5675639),
Avelino Tapas y Vino,,"['amenity:restaurant', 'cuisine:spanish;tapas']",['POI'],POINT(9.9926154 53.5459451),
Rendez-Vous,,['amenity:bar'],['POI'],POINT(10.0513881 53.568284),
Zaytuna,,['amenity:restaurant'],['POI'],POINT(10.0625552 53.5711173),
Kaya Döner,,"['amenity:fast_food', 'cuisine:kebab']",['POI'],POINT(9.9896672 53.4390623),
Murder Burger,,"['amenity:fast_food', 'cuisine:burger']",['POI'],POINT(9.9636309 53.5563256),
Pepironcino,,['amenity:restaurant'],['POI'],POINT(9.962541 53.555647),
engelke,,['amenity:cafe'],['POI'],POINT(9.9857124 53.5831322),
Entre Nous,,['amenity:restaurant'],['POI'],POINT(9.9875504 53.5823498),
Strandkind,,['amenity:cafe'],['POI'],POINT(9.8120555 53.5585047),
Okzident,,['amenity:cafe'],['POI'],POINT(9.9895593 53.5685399),
Le Levant,,['amenity:restaurant'],['POI'],POINT(9.9867215 53.5898509),
Sushi Mozart,"Heißt offiziell Sushi Mozart, ist vor Ort aber ein Cafe und verkauft vor Ort gar kein Sushi.",['amenity:cafe'],['POI'],POINT(9.9911823 53.545823),
Holstenstube,,['amenity:pub'],['POI'],POINT(10.0600921 53.6108397),
Steff's wild roots,"THE BEST WAFFLES IN TOWN ALL DAY BREAKFAST Lust auf süß und herzhaft? Willkommen in Steff’s Frühstücksparadies. Ob deftiges Grilled Sandwich, honigsüßer French Toast oder unsere berühmten Waffeln – bei uns findest du, was dein Herz begehrt.",['amenity:cafe'],['POI'],POINT(10.0171724 53.5696293),
Little Tiana,,['amenity:cafe'],['POI'],POINT(9.996743 53.5470316),
H'ugo,,['amenity:bar'],['POI'],POINT(9.9803269 53.4603018),
L'Quán,,"['amenity:restaurant', 'cuisine:asian']",['POI'],POINT(9.9850865 53.6838769),
Lotus Tempel,,"['amenity:restaurant', 'cuisine:indian']",['POI'],POINT(9.9132046 53.5594034),
Cinnamood,,"['amenity:cafe', 'cuisine:cake']",['POI'],POINT(10.0021574 53.5514802),
HERITAGE Bar,,['amenity:bar'],['POI'],POINT(10.0080313 53.5585283),
Soy,,['amenity:restaurant'],['POI'],POINT(9.9756738 53.5803497),
Frisch Verliebt,,['amenity:fast_food'],['POI'],POINT(9.8127327 53.5635372),
Kaffeerösterei Deathpresso,,['amenity:cafe'],['POI'],POINT(9.9635331 53.5588529),
Shifudo,,"['amenity:restaurant', 'cuisine:asian']",['POI'],POINT(10.0637544 53.5725111),
Safi Food,,"['amenity:fast_food', 'cuisine:kebab']",['POI'],POINT(10.0599346 53.5705518),
Bamiyan,,['amenity:restaurant'],['POI'],POINT(10.0592662 53.5703876),
Cafe Reinhardt - Cafe,,['amenity:cafe'],['POI'],POINT(10.0896603 53.6650134),
Kaffee kernig,,['amenity:cafe'],['POI'],POINT(10.0095869 53.5813345),
memán restaurant,,"['amenity:restaurant', 'cuisine:persian']",['POI'],POINT(9.9623051 53.5619989),
Bubble Tea,,"['amenity:cafe', 'cuisine:bubble_tea']",['POI'],POINT(9.9964953 53.5939898),
Marie,,['amenity:cafe'],['POI'],POINT(9.9871031 53.5933495),
Meier's Inn,,['amenity:pub'],['POI'],POINT(9.9097982 53.566469),
Bahrenfelder,,['amenity:pub'],['POI'],POINT(9.9067676 53.5672183),
Barmbeker Tönnchen,,['amenity:pub'],['POI'],POINT(10.0414238 53.6002119),
60 seconds to napoli,,"['amenity:restaurant', 'bar:yes', 'branch:Hamburg', 'cuisine:pizza']",['POI'],POINT(9.9912561 53.5487499),
Madame Mai,,"['amenity:restaurant', 'cuisine:asian']",['POI'],POINT(9.9257111 53.5622981),
Mangal Kebap's,,['amenity:fast_food'],['POI'],POINT(9.9615599 53.549673),
A-Club,,['amenity:bar'],['POI'],POINT(9.9583412 53.5497957),
Togao,,"['amenity:restaurant', 'bar:yes', 'cuisine:asian']",['POI'],POINT(9.8234264 53.5747082),
HUi Cookshop,,"['amenity:restaurant', 'cuisine:asian']",['POI'],POINT(9.959105 53.5530432),
Campus Cafe,,['amenity:cafe'],['POI'],POINT(9.954896 53.5676616),
Grill House,,['amenity:fast_food'],['POI'],POINT(10.0371559 53.5743855),
Antepi Ustam Baklavalari,,['amenity:fast_food'],['POI'],POINT(10.0094827 53.497849),
Most wanted Burger,,"['amenity:fast_food', 'cuisine:burger']",['POI'],POINT(10.1178062 53.6002046),
Bramfelder Bürgerstuben,,['amenity:pub'],['POI'],POINT(10.0525171 53.6035627),
Café Konditorei Melodie,,['amenity:cafe'],['POI'],POINT(10.0746118 53.6116429),
Oishi Ramen &Sushi,Typische japanische Ramen und Sushi.,['amenity:restaurant'],['POI'],POINT(9.9868033 53.4647699),
L'Quán,,"['amenity:fast_food', 'cuisine:vietnamese']",['POI'],POINT(10.0257417 53.5458226),
JING JING,,"['amenity:restaurant', 'cuisine:thai']",['POI'],POINT(9.9535107 53.567707),
Schulkantine,,['amenity:fast_food'],['POI'],POINT(9.9366049 53.560028),
L'autre creperie bretone Pti Breizh,,"['amenity:restaurant', 'cuisine:french']",['POI'],POINT(9.97021 53.5579154),
Cafémilonga im el abrazo,,['amenity:cafe'],['POI'],POINT(9.9215359 53.5649936),
Köpi-Stube,,['amenity:pub'],['POI'],POINT(9.7998996 53.6515113),
burgerme,,"['amenity:fast_food', 'cuisine:burger']",['POI'],POINT(9.799452 53.6514369),
Bodega Lima,,"['amenity:restaurant', 'cuisine:peruvian']",['POI'],POINT(9.972388 53.557626),
Comebuy,,"['amenity:cafe', 'branch:COMEBUY Hamburg IV Altona']",['POI'],POINT(9.932075 53.5523161),
Malizia Beach,,['amenity:restaurant'],['POI'],POINT(9.7973377 53.5582956),
Zum Elbblick,,"['amenity:restaurant', 'cuisine:regional']",['POI'],POINT(9.9421299 53.5451263),
Hänsel und Gretel,,"['amenity:fast_food', 'cuisine:sushi']",['POI'],POINT(10.0792386 53.6179597),
Smiley's Pizza,,"['amenity:fast_food', 'cuisine:pizza']",['POI'],POINT(10.0791715 53.6179032),
Harald's Imbiss,,"['amenity:fast_food', 'cuisine:german']",['POI'],POINT(10.0055706 53.6206725),
Claire's Croque,,['amenity:fast_food'],['POI'],POINT(9.9499038 53.5511695),
CODOS,,"['amenity:cafe', 'cuisine:coffee_shop']",['POI'],POINT(9.9398748 53.5521938),
Bravocado,,['amenity:restaurant'],['POI'],POINT(9.9396381 53.5522276),
Casanova Club,,['amenity:bar'],['POI'],POINT(9.9831805 53.4596753),
MaiGlückchen,,"['amenity:restaurant', 'cuisine:chinese;japanese']",['POI'],POINT(9.9941062 53.5420792),
Trader,,['amenity:cafe'],['POI'],POINT(9.9643522 53.5621076),
Grilled cheese wonderland,,"['amenity:fast_food', 'cuisine:sandwich']",['POI'],POINT(9.9636846 53.5505392),
Willi's,,"['amenity:fast_food', 'cuisine:sandwich']",['POI'],POINT(9.9474096 53.5494656),
Köz Grillhaus,,"['amenity:restaurant', 'cuisine:turkish;grill']",['POI'],POINT(9.8893076 53.4721929),
Sri Lankan Wave,,"['amenity:restaurant', 'cuisine:indian']",['POI'],POINT(9.9602052 53.5679387),
Rana's Royal,,"['amenity:restaurant', 'cuisine:indian']",['POI'],POINT(9.9800512 53.5679143),
Schi{e}f²,,"['amenity:restaurant', 'bar:yes']",['POI'],POINT(9.8114971 53.5554429),
blanco coffee,,['amenity:cafe'],['POI'],POINT(9.9652621 53.56168),
Chiado,,"['amenity:restaurant', 'cuisine:portuguese']",['POI'],POINT(9.8309998 53.607119),
sour kitchen,,"['amenity:restaurant', 'cuisine:turkish']",['POI'],POINT(10.0097753 53.5831949),
Atlas Kochsalon,,['amenity:restaurant'],['POI'],POINT(9.926686 53.5616838),
Rosalie’s,,['amenity:cafe'],['POI'],POINT(10.0904177 53.653092),
Copacabana Coffee,,['amenity:cafe'],['POI'],POINT(9.9552206 53.5750385),
Kantine Hamburg,,['amenity:restaurant'],['POI'],POINT(10.0284483 53.5450644),
Hans-Albers-Klause,,['amenity:pub'],['POI'],POINT(9.9606722 53.5482902),
Seanh Thai,,['amenity:restaurant'],['POI'],POINT(9.9620463 53.5484297),
HOLY TACO,,['amenity:restaurant'],['POI'],POINT(9.9621522 53.5491719),
Rotlicht Hamburg,,['amenity:pub'],['POI'],POINT(9.9604641 53.5485447),
Hesburger,,"['amenity:fast_food', 'cuisine:burger']",['POI'],POINT(9.9604811 53.5485775),
Rodizio Steakhouse,,"['amenity:restaurant', 'cuisine:steak_house']",['POI'],POINT(9.960536 53.5486915),
Kizzeria,,"['amenity:fast_food', 'cuisine:pizza;pasta']",['POI'],POINT(9.9611611 53.5487626),
Bei Teresa,,['amenity:cafe'],['POI'],POINT(9.9580613 53.5494238),
Black Bar,,['amenity:bar'],['POI'],POINT(9.9580108 53.5494265),
Mekong,,"['amenity:fast_food', 'cuisine:vietnamese;sushi']",['POI'],POINT(9.95783 53.5494359),
Falafel Meister,,['amenity:fast_food'],['POI'],POINT(9.9577669 53.5494392),
INKA CLUB,,['amenity:bar'],['POI'],POINT(9.957646 53.5494455),
mirou,,"['amenity:restaurant', 'cuisine:oriental;levante_küche']",['POI'],POINT(10.0122226 53.5803917),
Mensa Stellingen,,['amenity:restaurant'],['POI'],POINT(9.9316301 53.5995444),
Cafe Grindel,,['amenity:cafe'],['POI'],POINT(9.9791869 53.5691308),
Café Carl,,['amenity:cafe'],['POI'],POINT(9.9854385 53.5651088),
Zum Bierstübchen,,['amenity:pub'],['POI'],POINT(9.9901391 53.5166483),
Millenium Bar,,['amenity:bar'],['POI'],POINT(9.9900032 53.5166708),
Haus des Döners,,"['amenity:fast_food', 'cuisine:arab']",['POI'],POINT(9.9897492 53.5167034),
Globus Küche,,['amenity:restaurant'],['POI'],POINT(9.8695911 53.5845409),
Viet Garden,,['amenity:restaurant'],['POI'],POINT(9.8711828 53.5845984),
Çaglar,,['amenity:cafe'],['POI'],POINT(9.9823691 53.4597646),
Fat Bro's,,['amenity:fast_food'],['POI'],POINT(9.9827882 53.4606031),
Holger's Treff,,['amenity:bar'],['POI'],POINT(10.0129633 53.5544866),
La Cicchetteria,,"['amenity:restaurant', 'cuisine:italian']",['POI'],POINT(9.9625711 53.5615433),
Zen,,"['amenity:restaurant', 'cuisine:asian']",['POI'],POINT(9.9625774 53.5557939),
YUYU,,['amenity:restaurant'],['POI'],POINT(9.9627301 53.5565379),
Hala Lounge im GTHGC,,"['amenity:restaurant', 'cuisine:lebanese']",['POI'],POINT(9.8757409 53.5570239),
Die Lütte Brücke 10,,['amenity:fast_food'],['POI'],POINT(9.9641714 53.5454352),
Der Holländer,,['amenity:fast_food'],['POI'],POINT(10.1237316 53.5707944),
The Coffee Shop,,['amenity:cafe'],['POI'],POINT(9.9916631 53.5528651),
JIN Chicken,,['amenity:fast_food'],['POI'],POINT(9.9817413 53.4598688),
THAI FOO,,['amenity:fast_food'],['POI'],POINT(9.9819665 53.4598381),
BoBoq,,"['amenity:fast_food', 'cuisine:juice']",['POI'],POINT(9.9821179 53.4598861),
Harburger Lounge,,['amenity:bar'],['POI'],POINT(9.982305 53.4581191),
Ayasofya Café,,['amenity:cafe'],['POI'],POINT(9.9851822 53.5055038),
Starcafe,,['amenity:cafe'],['POI'],POINT(9.9859314 53.506383),
Sebastian,,['amenity:bar'],['POI'],POINT(9.8771854 53.5876846),
Bizim Mekan,,['amenity:restaurant'],['POI'],POINT(9.8774615 53.5874917),
Maxson Shop & Restaurant,,['amenity:restaurant'],['POI'],POINT(9.9206745 53.5210725),
Fresh Green,,['amenity:fast_food'],['POI'],POINT(9.9890511 53.5574588),
Turmbar,Bar in einem ehemaligen Hochbunker,['amenity:bar'],['POI'],POINT(9.9903571 53.5622656),
Viva Cantina,,['amenity:restaurant'],['POI'],POINT(10.0096762 53.5484518),
RoofDrop Bar,,['amenity:bar'],['POI'],POINT(10.009817 53.5483843),
CLAAS,,['amenity:restaurant'],['POI'],POINT(10.0035777 53.5433374),
FAME,,['amenity:bar'],['POI'],POINT(9.9543257 53.5504462),
Baborrito,,"['amenity:restaurant', 'cuisine:mexican']",['POI'],POINT(9.9837215 53.5650528),
Baborrito,,"['amenity:fast_food', 'cuisine:mexican']",['POI'],POINT(9.9803334 53.5675328),
Klönsnack,,['amenity:cafe'],['POI'],POINT(10.0520761 53.5474551),
Nigiri Sushi & More,,['amenity:restaurant'],['POI'],POINT(9.9813068 53.567233),
The States - American Sports & Cocktailbar,,"['amenity:restaurant', 'cuisine:american']",['POI'],POINT(9.907086 53.6607349),
Röstlich - Coffee Brothers,,['amenity:cafe'],['POI'],POINT(10.0052255 53.5519495),
Nachthafen,,['amenity:bar'],['POI'],POINT(9.9643404 53.5523825),
Döner Kitchen,,['amenity:fast_food'],['POI'],POINT(10.0430947 53.539103),
Asian Kitchen,,"['amenity:restaurant', 'cuisine:asian']",['POI'],POINT(10.0430522 53.5391471),
Heaven's Gaarden,,['amenity:cafe'],['POI'],POINT(9.9883336 53.591629),
Otto's Eiscafé,,"['amenity:cafe', 'cuisine:ice_cream;coffee_shop;sandwich']",['POI'],POINT(9.9554435 53.6013731),
Bamboole,,['amenity:restaurant'],['POI'],POINT(9.915827 53.5632039),
belum.coffeebar,,"['amenity:cafe', 'cuisine:sandwich']",['POI'],POINT(9.9845481 53.5945255),
Rohhäppchen,,"['amenity:restaurant', 'cuisine:sushi']",['POI'],POINT(10.0288263 53.5782907),
Bar Levante,,['amenity:restaurant'],['POI'],POINT(10.0034527 53.5512041),
Yume,,"['amenity:restaurant', 'cuisine:japanese']",['POI'],POINT(10.0092967 53.5561335),
Schützenhaus,,['amenity:restaurant'],['POI'],POINT(9.8454331 53.6288017),
Washington-Bar,,['amenity:bar'],['POI'],POINT(9.9616931 53.5470117),
Café Paari,,['amenity:cafe'],['POI'],POINT(10.0534575 53.6333111),
La Strada,,"['amenity:restaurant', 'cuisine:italian']",['POI'],POINT(10.0640835 53.5538934),
Big Bite,,"['amenity:fast_food', 'cuisine:kebab']",['POI'],POINT(9.9675903 53.4635847),
Greek Haus,,"['amenity:restaurant', 'cuisine:greek']",['POI'],POINT(9.853762 53.4702316),
Bistro CleCle,,['amenity:restaurant'],['POI'],POINT(10.0223856 53.5488667),
Suja,,['amenity:fast_food'],['POI'],POINT(9.9667685 53.5564467),
La Delizia,,"['amenity:fast_food', 'cuisine:pizza;burger']",['POI'],POINT(9.9719294 53.582252),
Lookma,,['amenity:fast_food'],['POI'],POINT(9.9722191 53.5814769),
poto,,"['amenity:restaurant', 'cuisine:sushi']",['POI'],POINT(9.9722683 53.5814208),
Mug & Muse,,['amenity:cafe'],['POI'],POINT(9.9786351 53.5699053),
Khaybar,,['amenity:restaurant'],['POI'],POINT(10.0423936 53.566751),
Sushi für Hamburg,,"['amenity:restaurant', 'cuisine:sushi']",['POI'],POINT(10.0397789 53.6059595),
BLOCK HOUSE,,"['amenity:restaurant', 'cuisine:steak_house']",['POI'],POINT(9.9875849 53.55636),
Le big TamTam,,"['amenity:restaurant', 'cuisine:mexican;pizza;asian']",['POI'],POINT(9.9880263 53.5529013),
Bulgari,,['amenity:cafe'],['POI'],POINT(9.9873681 53.4544144),
Sportsbar,,['amenity:bar'],['POI'],POINT(9.9875593 53.4539055),
Springers,,['amenity:cafe'],['POI'],POINT(9.9847746 53.5536993),
Mala Town,,"['amenity:restaurant', 'cuisine:chinese']",['POI'],POINT(9.985772 53.5554895),
Nice Sushi,,"['amenity:restaurant', 'cuisine:sushi']",['POI'],POINT(9.987391 53.4508544),
Cafe Infinity,,['amenity:cafe'],['POI'],POINT(9.9862158 53.4562919),
del favero,,"['amenity:restaurant', 'cuisine:italian']",['POI'],POINT(10.0931467 53.654875),
Zala,,"['amenity:restaurant', 'cuisine:indian']",['POI'],POINT(10.0559363 53.5695567),
Chutney Indian Food,,['amenity:fast_food'],['POI'],POINT(9.9346816 53.5522686),
Salli's Kebap & Grill,,"['amenity:fast_food', 'cuisine:kebab']",['POI'],POINT(9.9346789 53.5521707),
Compton's,,['amenity:cafe'],['POI'],POINT(9.9810766 53.5546313),
Herr He,,"['amenity:restaurant', 'cuisine:chinese']",['POI'],POINT(10.00704 53.5550378),
Der Geheime Garten - Blumencafé,,['amenity:cafe'],['POI'],POINT(9.9429859 53.5769874),
Cafe Habibi,,['amenity:pub'],['POI'],POINT(10.0373595 53.5560189),
1620,,['amenity:restaurant'],['POI'],POINT(9.9769818 53.5775),
Sushi Green,,"['amenity:restaurant', 'cuisine:sushi']",['POI'],POINT(10.0476945 53.5828281),
Fresh Masala,,"['amenity:restaurant', 'cuisine:indian']",['POI'],POINT(10.0724412 53.6091937),
Pokeman,,"['amenity:restaurant', 'cuisine:sushi;poke-bowl']",['POI'],POINT(10.0724466 53.6092852),
Hako Ramen,,"['amenity:restaurant', 'cuisine:chinese']",['POI'],POINT(10.0073678 53.5560651),
Reitclub,,['amenity:bar'],['POI'],POINT(9.961218 53.5483057),
Peggy Sue,,['amenity:bar'],['POI'],POINT(9.9612328 53.5482195),
Inside 80's Club,,['amenity:bar'],['POI'],POINT(9.9612388 53.548183),
Elbnah,,"['amenity:restaurant', 'cuisine:mediterranean']",['POI'],POINT(10.0762848 53.4480696),
Sushi Up,,['amenity:fast_food'],['POI'],POINT(10.0314065 53.5615975),
Bean There,,"['amenity:cafe', 'cuisine:coffee_shop;cake']",['POI'],POINT(10.013285 53.5846935),
Vodka Boom,,['amenity:bar'],['POI'],POINT(9.9604151 53.5492654),
Köz Steinbock,,"['amenity:restaurant', 'cuisine:turkish']",['POI'],POINT(9.9588833 53.549369),
24 Carat,,['amenity:bar'],['POI'],POINT(9.9594759 53.5493216),
Original Korea Chicken,,"['amenity:fast_food', 'cuisine:fries']",['POI'],POINT(9.95757 53.550177),
Ilay's Pub,,['amenity:pub'],['POI'],POINT(9.9574138 53.5505311),
Döner Freiheit,,"['amenity:fast_food', 'cuisine:kebab']",['POI'],POINT(9.9574283 53.5505813),
Bekun Restaurant,,"['amenity:restaurant', 'cuisine:sushi;asian']",['POI'],POINT(9.7923309 53.6631121),
Belle Vie,,['amenity:bar'],['POI'],POINT(10.0331756 53.5362882),
Zaubermaus,,['amenity:pub'],['POI'],POINT(10.1173553 53.6077788),
Teikei,,['amenity:cafe'],['POI'],POINT(9.9718808 53.5582871),
Kult,,['amenity:pub'],['POI'],POINT(10.0421825 53.5883012),
Standard,,['amenity:bar'],['POI'],POINT(9.9584091 53.5528345),
Big Döner House,,"['amenity:fast_food', 'cuisine:kebab;pizza']",['POI'],POINT(9.8540785 53.4712938),
STADTHAUS Restaurante & Bar,,"['amenity:restaurant', 'cuisine:international']",['POI'],POINT(9.9856597 53.5493386),
House of tasty HOT,,['amenity:fast_food'],['POI'],POINT(10.0450946 53.5883361),
Spaccaforno,,"['amenity:restaurant', 'cuisine:pizza']",['POI'],POINT(10.0080651 53.5809584),
Hot-Dog Station,,"['amenity:fast_food', 'cuisine:hot_dog']",['POI'],POINT(9.9607361 53.5492452),
Große Liebe,,['amenity:bar'],['POI'],POINT(9.9600131 53.5509731),
Moe's Vodka Bombe to go,,['amenity:bar'],['POI'],POINT(9.9599489 53.5510232),
Kleines Bistro,,['amenity:cafe'],['POI'],POINT(9.8981972 53.5499256),
Lovaena Café,,"['amenity:cafe', 'cuisine:coffee_shop']",['POI'],POINT(9.9866978 53.5127209),
OCEAN,,['amenity:bar'],['POI'],POINT(9.960328 53.5504793),
Café yade,,['amenity:cafe'],['POI'],POINT(9.9874881 53.505944),
La Bête Noire,,"['amenity:cafe', 'cuisine:coffee_shop;cake']",['POI'],POINT(9.959799 53.5680317),
Mutterland x Montblanc Haus,,"['amenity:cafe', 'cuisine:coffee_shop;regional']",['POI'],POINT(9.899027 53.5934865),
Otto's Eiscafé,,"['amenity:cafe', 'cuisine:ice_cream']",['POI'],POINT(9.9473087 53.6405044),
Mr.Goldies,,"['amenity:fast_food', 'cuisine:pizza;burger']",['POI'],POINT(9.8850145 53.6428687),
NO.MA.,,['amenity:bar'],['POI'],POINT(9.9589269 53.5496904),
Café Restaurant Four Seasons,,['amenity:restaurant'],['POI'],POINT(10.032552 53.5640448),
Okey Cocktail Bar,,['amenity:bar'],['POI'],POINT(10.032951 53.5630939),
Neuer Felsenkeller,,['amenity:pub'],['POI'],POINT(10.0325834 53.563687),
Little Cortille,,"['amenity:restaurant', 'cuisine:italian']",['POI'],POINT(9.9600703 53.5731539),
Wohnzimmer,,['amenity:cafe'],['POI'],POINT(9.9553429 53.6016684),
paaca,,['amenity:bar'],['POI'],POINT(9.961118 53.5507161),
Tokyo Bar,,['amenity:bar'],['POI'],POINT(9.961511 53.5500106),
Bergsteiger Bar,,['amenity:bar'],['POI'],POINT(9.9610568 53.55058),
Holstenquelle,,['amenity:pub'],['POI'],POINT(9.947986 53.5603655),
Anno 1904,,['amenity:pub'],['POI'],POINT(9.9479412 53.5609688),
Abis Bar,,['amenity:pub'],['POI'],POINT(10.1271219 53.5385527),
Abis Grill,,['amenity:fast_food'],['POI'],POINT(10.1270771 53.5386107),
Oh! Fisch - Meer und so,,['amenity:restaurant'],['POI'],POINT(9.9322713 53.5527879),
Kumpir,,['amenity:restaurant'],['POI'],POINT(9.9316599 53.5528826),
Special Curry,,['amenity:restaurant'],['POI'],POINT(9.931778 53.5529331),
Dragon Wok,,['amenity:restaurant'],['POI'],POINT(9.9318887 53.552939),
Dilay Döner,,['amenity:restaurant'],['POI'],POINT(9.9319057 53.5528294),
Aha Ramen n' Poke,,"['amenity:restaurant', 'cuisine:ramen']",['POI'],POINT(9.9320455 53.5528426),
Falafel House,,"['amenity:restaurant', 'cuisine:falafel']",['POI'],POINT(9.9317885 53.5528931),
Cao Asia,,['amenity:restaurant'],['POI'],POINT(9.932027 53.5529194),
Sushi Ten,,"['amenity:restaurant', 'cuisine:sushi']",['POI'],POINT(9.9320548 53.5528144),
Pizza Solo Bio,,"['amenity:restaurant', 'cuisine:pizza']",['POI'],POINT(9.9319223 53.5527987),
Pasta & Co,,"['amenity:restaurant', 'cuisine:pasta']",['POI'],POINT(9.9319324 53.5527432),
WaveCity,,['amenity:restaurant'],['POI'],POINT(10.0005703 53.5425606),
Chiyo Sushi & Asia Cuisine,,"['amenity:restaurant', 'cuisine:asian;sushi']",['POI'],POINT(10.0254447 53.5440225),
Gaststätte Anpfiff,,['amenity:pub'],['POI'],POINT(9.9943515 53.5179742),
A WOLF WILL NEVER BE A PET,,['amenity:bar'],['POI'],POINT(9.9752002 53.5588176),
Elbwein,,['amenity:bar'],['POI'],POINT(9.9641251 53.5666127),
bella luna,,"['amenity:restaurant', 'cuisine:italian']",['POI'],POINT(10.0328966 53.5630494),
Vier Drei Neun,,['amenity:bar'],['POI'],POINT(9.9619724 53.5666309),
MOMO Buns,,"['amenity:restaurant', 'cuisine:asian']",['POI'],POINT(9.9634403 53.566243),
My Kebap's,,"['amenity:fast_food', 'cuisine:kebab']",['POI'],POINT(10.0299683 53.5604465),
Sushi für Hamburg,,"['amenity:restaurant', 'cuisine:sushi']",['POI'],POINT(10.030126 53.5605236),
mirou,,"['amenity:restaurant', 'cuisine:jewish']",['POI'],POINT(9.9860023 53.5719729),
Astra Bar,,['amenity:pub'],['POI'],POINT(9.96129 53.5484108),
Koer,,['amenity:restaurant'],['POI'],POINT(9.9965789 53.5842293),
Café am Park,,['amenity:cafe'],['POI'],POINT(9.9017649 53.6190082),
OMEN Café,,"['amenity:cafe', 'cuisine:coffee_shop']",['POI'],POINT(9.9975543 53.5505369),
Avanti Kumpir & Falafel,,['amenity:fast_food'],['POI'],POINT(10.0086133 53.5552127),
Ocakbasi 27.,,['amenity:fast_food'],['POI'],POINT(10.1229908 53.5383086),
Luna Limetta,,['amenity:bar'],['POI'],POINT(9.9617392 53.5683677),
Louis Croque,,['amenity:fast_food'],['POI'],POINT(10.0432421 53.5957877),
Bistro & Café Pförtnerhuus,,['amenity:fast_food'],['POI'],POINT(10.0952476 53.5928039),
Subway,,"['amenity:fast_food', 'cuisine:sandwich']",['POI'],POINT(10.0013975 53.4986475),
Klappe,,"['amenity:restaurant', 'cuisine:local']",['POI'],POINT(9.929767 53.5539567),
Klangfrachter,,['amenity:bar'],['POI'],POINT(9.9613742 53.5484235),
LUX Cocktailbar,,['amenity:bar'],['POI'],POINT(9.9882728 53.5170473),
Kiss Pizza Pasta Burger,,['amenity:fast_food'],['POI'],POINT(10.0950795 53.5474814),
Casa Italiana Harburg,,"['amenity:fast_food', 'cuisine:pizza']",['POI'],POINT(9.9780588 53.4610545),
Meuterei,,['amenity:bar'],['POI'],POINT(9.9619156 53.5485735),
Crepes,,['amenity:fast_food'],['POI'],POINT(9.9183696 53.5902057),
Mr. Fresh,,"['amenity:fast_food', 'cuisine:Croques;salad']",['POI'],POINT(9.9200541 53.6314674),
Gurbet Baklavalari,,['amenity:fast_food'],['POI'],POINT(9.9018006 53.6066141),
Kiez Garden,,['amenity:bar'],['POI'],POINT(9.9668752 53.5497871),
Bake & Soda,,['amenity:cafe'],['POI'],POINT(10.0101352 53.5399211),
Efi Bar Weingeschwister,,"['amenity:bar', 'cuisine:tapas']",['POI'],POINT(9.9679643 53.5625624),
Drilling,,['amenity:bar'],['POI'],POINT(9.9079892 53.5582743),
Rothe Bistro,,['amenity:restaurant'],['POI'],POINT(10.0861815 53.545814),
Sportpub Tankstelle,,['amenity:bar'],['POI'],POINT(9.9610363 53.5480503),
Mary's Treff,,['amenity:bar'],['POI'],POINT(9.9610747 53.5476662),
Dr. INK bar,,['amenity:bar'],['POI'],POINT(9.961068 53.5477452),
Käpt'n Brass,,['amenity:bar'],['POI'],POINT(9.9612513 53.5479765),
Delhi Cooking,,"['amenity:restaurant', 'cuisine:indian']",['POI'],POINT(10.0425469 53.5673012),
Sportsbar,,['amenity:bar'],['POI'],POINT(10.0434661 53.5673969),
Cafe und Hofladen Hof Bullerbü,,['amenity:cafe'],['POI'],POINT(10.0527558 53.6150767),
Grill and Green,,['amenity:restaurant'],['POI'],POINT(9.9827582 53.5478794),
Dakat Grillhaus,,['amenity:restaurant'],['POI'],POINT(10.0211924 53.5280371),
Espresso Bar,,['amenity:cafe'],['POI'],POINT(10.0199417 53.5257423),
AMAR'S,,['amenity:cafe'],['POI'],POINT(10.0167231 53.5240631),
Elbinsel Café & Bistro,,['amenity:cafe'],['POI'],POINT(10.0152518 53.52347),
Jolly Joker,,['amenity:bar'],['POI'],POINT(10.0161033 53.5242326),
Bravi Ragazzi,,"['amenity:restaurant', 'cuisine:italian']",['POI'],POINT(10.1182325 53.5996394),
"Sweet Mint, Oriental Kitchen",,['amenity:restaurant'],['POI'],POINT(9.9623978 53.55015),
Teigtasche,,['amenity:restaurant'],['POI'],POINT(9.9624316 53.5500591),
Lucky Bar,,['amenity:bar'],['POI'],POINT(9.9611707 53.5498848),
Rock-Bar No 1,,['amenity:bar'],['POI'],POINT(9.9611683 53.5499305),
Hein Hoyer Dreams,,['amenity:cafe'],['POI'],POINT(9.9620833 53.5501936),
mok Kitchen,,"['amenity:restaurant', 'cuisine:asian']",['POI'],POINT(10.1151687 53.6245668),
(10) and counting,,['amenity:bar'],['POI'],POINT(9.963537 53.5628925),
mysa,,['amenity:restaurant'],['POI'],POINT(10.0053796 53.5498724),
Schmidt’s Bagelmanufaktur,,"['amenity:fast_food', 'cuisine:bagel']",['POI'],POINT(9.9646477 53.5622495),
Tünel,,['amenity:pub'],['POI'],POINT(9.9339673 53.5555384),
Condor,,['amenity:pub'],['POI'],POINT(9.9331984 53.5543332),
Scotty's,,['amenity:restaurant'],['POI'],POINT(9.9274865 53.5547153),
Pura Vida,,['amenity:bar'],['POI'],POINT(9.9647873 53.5495651),
Café Blomen,,['amenity:cafe'],['POI'],POINT(9.9870128 53.5596898),
My Balance,,['amenity:restaurant'],['POI'],POINT(10.1640312 53.6491218),
?? Bar & Lounge,,['amenity:bar'],['POI'],POINT(9.9607106 53.5490449),
Gustav Grün,,['amenity:restaurant'],['POI'],POINT(10.003015 53.5483022),
Frisches Brot aus dem Tandoor,,"['amenity:restaurant', 'cuisine:afghan']",['POI'],POINT(10.0153046 53.5540504),
Restaurante Barolo Bar,,['amenity:restaurant'],['POI'],POINT(9.9628395 53.5482665),
11:11,,"['amenity:cafe', 'cuisine:asian;breakfast;coffee_shop']",['POI'],POINT(10.0239629 53.5763679),
Lallier,,['amenity:bar'],['POI'],POINT(10.0108208 53.5827006),
Ankara Kebap Tantuni,,['amenity:fast_food'],['POI'],POINT(10.0155244 53.5545735),
Döner Royal,,['amenity:fast_food'],['POI'],POINT(9.9820177 53.4595969),
Horner Corner,,['amenity:pub'],['POI'],POINT(10.0904647 53.5487682),
La Patina,,"['amenity:restaurant', 'cuisine:pizza']",['POI'],POINT(9.9817604 53.4611994),
Legende,,['amenity:bar'],['POI'],POINT(10.0383811 53.5662836),
Café Hübris,,['amenity:cafe'],['POI'],POINT(9.9854924 53.5673545),
Masala Express,,"['amenity:restaurant', 'cuisine:indian']",['POI'],POINT(10.0622897 53.6017252),
Bistro Ahoi!,,['amenity:cafe'],['POI'],POINT(9.9607142 53.5294869),
Salli’s,,"['amenity:fast_food', 'cuisine:kebab']",['POI'],POINT(10.0038759 53.552763),
Kazu,,"['amenity:restaurant', 'cuisine:asian;ramen']",['POI'],POINT(10.0036099 53.5529347),
The Don A Roma,,"['amenity:restaurant', 'cuisine:italian;pizza']",['POI'],POINT(9.8130327 53.5639848),
Moin Karo - Café,,"['amenity:cafe', 'cuisine:coffee_shop;cake;bakery']",['POI'],POINT(9.9717558 53.5584527),
DenisGrill,,"['amenity:fast_food', 'cuisine:kebab']",['POI'],POINT(10.1225947 53.5389383),
Butterbrot,,['amenity:cafe'],['POI'],POINT(9.9825758 53.5453837),
Kowalski's,,['amenity:cafe'],['POI'],POINT(9.970684 53.5575128),
Denny's Café & Wein,,['amenity:cafe'],['POI'],POINT(10.0185036 53.5684343),
In Exile,,['amenity:bar'],['POI'],POINT(9.9617928 53.5511787),
Mr.Dumpling,,"['amenity:fast_food', 'cuisine:breakfast;turkish']",['POI'],POINT(9.9366931 53.5525528),
Warung Garuda,,"['amenity:restaurant', 'cuisine:indonesian']",['POI'],POINT(9.991547 53.5455129),
FC St. Pauli Clubheim,,['amenity:restaurant'],['POI'],POINT(9.9670836 53.5538045),
Isioka,,"['amenity:cafe', 'cuisine:coffee_shop;japanese']",['POI'],POINT(10.0081804 53.5857724),
La Sala,,['amenity:restaurant'],['POI'],POINT(9.9698354 53.5563345),
KARO&PAUL,,['amenity:bar'],['POI'],POINT(9.9698762 53.5562227),
CONSTANT GRIND,,['amenity:cafe'],['POI'],POINT(9.9700252 53.5561397),
Roederer's Café,,['amenity:cafe'],['POI'],POINT(9.8110136 53.5610216),
Angie's,,['amenity:bar'],['POI'],POINT(9.9634838 53.5491639),
Sportsbar66,,['amenity:bar'],['POI'],POINT(9.9598572 53.5488088),
Glanz&Gloria,,['amenity:bar'],['POI'],POINT(9.963211 53.5491382),
Leos Cafe,,['amenity:cafe'],['POI'],POINT(9.9904743 53.5553543),
"LUX, Kantine & Catering",,['amenity:restaurant'],['POI'],POINT(9.935405 53.5471377),
Breakfastdream,,['amenity:cafe'],['POI'],POINT(9.9788826 53.5663936),
Lille Kinder Buchhandel und Cafë,,"['amenity:cafe', 'cuisine:coffee_shop']",['POI'],POINT(9.9375907 53.559305),
Papa's,,"['amenity:restaurant', 'cuisine:greek']",['POI'],POINT(9.9209195 53.6452353),
BARAN PiDE TANTUNi,,"['amenity:restaurant', 'cuisine:turkish']",['POI'],POINT(9.9853081 53.5179471),
Lucca Lounge,,['amenity:bar'],['POI'],POINT(10.0379539 53.5608741),
curry 73,,"['amenity:fast_food', 'cuisine:german;local']",['POI'],POINT(10.0243563 53.5463032),
Eis-Coffee,,['amenity:bar'],['POI'],POINT(10.0088072 53.5012375),
Döner Center,,['amenity:fast_food'],['POI'],POINT(10.0088035 53.5018945),
Banoo,,"['amenity:restaurant', 'cuisine:persian']",['POI'],POINT(10.0989541 53.6429929),
China Ente Sasel,,"['amenity:restaurant', 'cuisine:chinese']",['POI'],POINT(10.0991137 53.643047),
DOON,,['amenity:cafe'],['POI'],POINT(10.0009374 53.5148376),
NAU,,"['amenity:restaurant', 'cuisine:portuguese']",['POI'],POINT(9.9754857 53.545834),
Herr Max,,['amenity:cafe'],['POI'],POINT(9.9823665 53.5834317),
Gotcha Matcha,,['amenity:cafe'],['POI'],POINT(9.982527 53.5835231),
JA ĂN Restaurant,,"['amenity:restaurant', 'cuisine:asian']",['POI'],POINT(10.1674678 53.6278868),
Schatziii,,['amenity:bar'],['POI'],POINT(10.0103525 53.5539196),
Shams Delights,,['amenity:restaurant'],['POI'],POINT(10.013482 53.5536162),
Mundfein,,"['amenity:fast_food', 'cuisine:pizza']",['POI'],POINT(10.1207162 53.6658291),
Rüya,,['amenity:restaurant'],['POI'],POINT(10.0407747 53.5794618),
Dailycioso,,['amenity:cafe'],['POI'],POINT(9.9700156 53.5813264),
CULDT - Coffee Unlimited,,['amenity:cafe'],['POI'],POINT(9.9968076 53.594427),
Cornelia Poletto,,['amenity:restaurant'],['POI'],POINT(9.9881461 53.5900128),
Mia Bar,,['amenity:bar'],['POI'],POINT(10.031022 53.5568668),
FischHütte,,['amenity:fast_food'],['POI'],POINT(9.9353463 53.5961209),
Sashimi Sushi,,['amenity:fast_food'],['POI'],POINT(10.0063061 53.6312887),
Çıtır Lahmacun,,"['amenity:restaurant', 'cuisine:turkish']",['POI'],POINT(9.9491311 53.5512313),
Table Dot,,['amenity:restaurant'],['POI'],POINT(9.9913853 53.5468527),
Chaskaa,,"['amenity:restaurant', 'cuisine:indian']",['POI'],POINT(9.9601988 53.5741576),
Maison Mai,indochine tapas bar,['amenity:restaurant'],['POI'],POINT(9.9900943 53.5482786),
Taparia Segovia UG,,"['amenity:restaurant', 'cuisine:spanish']",['POI'],POINT(9.9569085 53.6002661),
Garduong,,"['amenity:restaurant', 'cuisine:vietnamese']",['POI'],POINT(9.9449139 53.5517881),
Espresso House,,"['amenity:cafe', 'cuisine:coffee_shop']",['POI'],POINT(9.9994435 53.5406678),
Sky Walk,,['amenity:bar'],['POI'],POINT(9.9865178 53.5105619),
Café LEEV,,['amenity:cafe'],['POI'],POINT(9.9730231 53.582161),
Do Mundo,,['amenity:restaurant'],['POI'],POINT(9.960188 53.5492904),
The History Bar & Club,,['amenity:bar'],['POI'],POINT(9.9621045 53.5500746),
Pizza Garage,,"['amenity:restaurant', 'cuisine:pizza']",['POI'],POINT(9.9567245 53.5500299),
ITALBROT,,"['amenity:cafe', 'cuisine:italian']",['POI'],POINT(9.9448552 53.5492663),
Piccadilly,,['amenity:bar'],['POI'],POINT(9.9588314 53.5480478),
Locksmith Brewing,,['amenity:pub'],['POI'],POINT(10.1650756 53.6485138),
SVAAdish,,"['amenity:restaurant', 'cuisine:indian']",['POI'],POINT(9.9696058 53.5836927),
Injera Eritrea und Ethiopia Restaurant,,"['amenity:restaurant', 'cuisine:eritrean']",['POI'],POINT(10.0155567 53.5560511),
TEA MOTION,,"['amenity:cafe', 'cuisine:bubble_tea']",['POI'],POINT(10.2085208 53.4883275),
TWOSIX,,['amenity:bar'],['POI'],POINT(9.9875244 53.5614715),
The Noodle House,,"['amenity:restaurant', 'cuisine:chinese;noodles']",['POI'],POINT(10.0241052 53.5636066),
Vaveur Banh Mi,,"['amenity:fast_food', 'cuisine:sandwich;vietnamese']",['POI'],POINT(9.9823434 53.5834152),
Bella Notte,,['amenity:cafe'],['POI'],POINT(10.0820073 53.5774953),
Da San,,"['amenity:fast_food', 'cuisine:sushi']",['POI'],POINT(10.0209825 53.4226022),
Witthüs,,['amenity:restaurant'],['POI'],POINT(9.8224689 53.5590219),
Werft,,"['amenity:restaurant', 'bar:yes', 'cuisine:international']",['POI'],POINT(10.0152571 53.5453789),
4 Walls,,['amenity:cafe'],['POI'],POINT(9.9871068 53.5453195),
juventude do minho,,"['amenity:restaurant', 'cuisine:portuguese']",['POI'],POINT(10.0034912 53.5170664),
GLORIE,,['amenity:restaurant'],['POI'],POINT(10.0285075 53.5374199),
Köz Leo Restaurant,,"['amenity:restaurant', 'cuisine:turkish']",['POI'],POINT(10.1680556 53.6283818),
Burger Loft,,"['amenity:fast_food', 'cuisine:burger']",['POI'],POINT(9.965328 53.5642698),
La Lumière,,"['amenity:cafe', 'cuisine:croque;coffee_shop']",['POI'],POINT(9.9772921 53.5942778),
Hoangry Kitchen,,['amenity:fast_food'],['POI'],POINT(10.0507463 53.5574223),
Sharri,,['amenity:fast_food'],['POI'],POINT(10.0088237 53.5011331),
Madeira,,['amenity:cafe'],['POI'],POINT(10.0099942 53.501735),
Milchfee,,['amenity:cafe'],['POI'],POINT(10.0108224 53.5016197),
Bar 33,,['amenity:bar'],['POI'],POINT(9.9628848 53.5483021),
Langenfelde Grill,,"['amenity:fast_food', 'cuisine:kebab;pizza;sandwich;burger;pizza']",['POI'],POINT(9.9311662 53.5796021),
Jaipuri,,"['amenity:restaurant', 'cuisine:indian']",['POI'],POINT(10.0243917 53.6275433),
Köz Urfa,Restaurant 1,"['amenity:restaurant', 'cuisine:turkish']",['POI'],POINT(9.9363917 53.5525747),
Café du Chocolatier,,['amenity:cafe'],['POI'],POINT(9.9923229 53.5519442),
Domino's,,"['amenity:fast_food', 'cuisine:italian']",['POI'],POINT(10.0211555 53.4200443),
Vita Fresh,,['amenity:fast_food'],['POI'],POINT(9.8372588 53.6015165),
The Time,,['amenity:bar'],['POI'],POINT(9.961064 53.5478277),
Trinkbar,,['amenity:bar'],['POI'],POINT(9.9610486 53.547974),
Nachtschicht St. Pauli,,['amenity:bar'],['POI'],POINT(9.9608543 53.5478483),
En Coeur,,"['amenity:restaurant', 'cuisine:syrian']",['POI'],POINT(9.9794586 53.580249),
Copenhagen Coffee Lab,,['amenity:cafe'],['POI'],POINT(10.0075288 53.5855202),
bam!bam!,,"['amenity:restaurant', 'cuisine:asian']",['POI'],POINT(9.9703704 53.5810757),
Toom Peerstall,,['amenity:bar'],['POI'],POINT(9.961765 53.5524255),
Bartesse,,['amenity:cafe'],['POI'],POINT(9.9921864 53.621432),
Mr. Coffee,,['amenity:cafe'],['POI'],POINT(10.0021685 53.5438032),
Kalimera Bom Dia,,"['amenity:fast_food', 'cuisine:spanish;portuguese']",['POI'],POINT(10.2054922 53.4947803),
Atelier du par ici,,"['amenity:cafe', 'cuisine:french']",['POI'],POINT(9.9884595 53.5778667),
Sushiko,,['amenity:fast_food'],['POI'],POINT(10.0348571 53.5559155),
Ramba Zamba,,['amenity:pub'],['POI'],POINT(9.9617477 53.5485755),
Kebap Grill,,['amenity:fast_food'],['POI'],POINT(10.0213337 53.4191254),
Meininger Bar,,['amenity:bar'],['POI'],POINT(9.9382057 53.554415),
Los Damas,Syrische Küche,"['amenity:restaurant', 'cuisine:arab']",['POI'],POINT(10.0331156 53.5741365),
VAMOS Kitchen&Bar,,['amenity:restaurant'],['POI'],POINT(10.063427 53.5724445),
Sport Lounge,,['amenity:bar'],['POI'],POINT(9.9467402 53.5515474),
Meet me in the morning,,['amenity:cafe'],['POI'],POINT(9.9285208 53.563735),
Kyodai,,"['amenity:restaurant', 'cuisine:japanese;sushi']",['POI'],POINT(9.983674 53.5941536),
Un Dos Taco,,"['amenity:fast_food', 'cuisine:mexican']",['POI'],POINT(9.983674 53.5942034),
L'Osteria Hamburg Marzipanfabrik,,"['amenity:restaurant', 'cuisine:italian_pizza']",['POI'],POINT(9.907736 53.558082),
Ferno Pizza,,"['amenity:restaurant', 'cuisine:pizza']",['POI'],POINT(10.0844191 53.5504258),
Raj Mahal,,"['amenity:fast_food', 'cuisine:indian']",['POI'],POINT(9.9344509 53.5710302),
Elite Döner Imbiss,,"['amenity:fast_food', 'cuisine:kebab']",['POI'],POINT(9.7929857 53.5152272),
bena hol Döner & Pizza,,"['amenity:fast_food', 'cuisine:kebab;pizza']",['POI'],POINT(9.7932798 53.5151119),
Ruff's Burger,,['amenity:fast_food'],['POI'],POINT(9.9322656 53.5528758),
Die Ise - Die Chocolaterie,,['amenity:cafe'],['POI'],POINT(10.1147591 53.6538111),
White Eagle,,['amenity:pub'],['POI'],POINT(10.0129714 53.5545312),
Ph nomy Croque,,['amenity:fast_food'],['POI'],POINT(9.9547577 53.5487748),
Watan,,['amenity:fast_food'],['POI'],POINT(10.013096 53.5544196),
Böckmann's,,['amenity:restaurant'],['POI'],POINT(10.017779 53.5530404),
Café Yes,,['amenity:cafe'],['POI'],POINT(10.0097663 53.4949854),
M.i.P.,,"['amenity:cafe', 'cuisine:portuguese']",['POI'],POINT(9.9611374 53.563008),
Azatela Café & Backshop,,['amenity:cafe'],['POI'],POINT(9.9873905 53.5641016),
Caravela,,"['amenity:restaurant', 'cuisine:portuguese']",['POI'],POINT(10.0166434 53.5826127),
Sausalitos,,"['amenity:restaurant', 'cuisine:mexican']",['POI'],POINT(10.2086487 53.4892486),
Lilli Escher,,['amenity:bar'],['POI'],POINT(9.959592 53.5637688),
Mansoory's,,"['amenity:fast_food', 'cuisine:kebab']",['POI'],POINT(9.9548101 53.5489206),
Zweite Liebe,,['amenity:bar'],['POI'],POINT(9.9578731 53.5467712),
MiMi's Crêpes 2,,"['amenity:cafe', 'cuisine:crepes;japanese']",['POI'],POINT(9.9864907 53.5518391),
New Delhi,,['amenity:restaurant'],['POI'],POINT(9.9919318 53.4819407),
VyDelivery,,"['amenity:restaurant', 'cuisine:asian']",['POI'],POINT(10.02413 53.5798112),
BB - New Yorck Bagel Bar,,['amenity:cafe'],['POI'],POINT(9.9888959 53.5478596),
Traumzeit,,['amenity:restaurant'],['POI'],POINT(10.0075194 53.5561518),
Saigon Nho,,"['amenity:restaurant', 'cuisine:vietnamese']",['POI'],POINT(9.9827314 53.5698875),
Maras Eis & Bäckerei,,['amenity:cafe'],['POI'],POINT(9.9568737 53.4560914),
Kjeks,,['amenity:cafe'],['POI'],POINT(10.0119683 53.5883703),
Copenhagen Coffee Lab - Eppendorf,,"['amenity:cafe', 'cuisine:coffee_shop']",['POI'],POINT(9.9822167 53.5851627),
Beans and Buns,,"['amenity:restaurant', 'bar:no', 'cuisine:german']",['POI'],POINT(9.9416979 53.5627295),
Ricebrothers,,"['amenity:restaurant', 'cuisine:vietnamese']",['POI'],POINT(9.9647192 53.5454212),
Asia Imbiss,,"['amenity:restaurant', 'cuisine:korean']",['POI'],POINT(9.9440595 53.5560635),
L'Osteria,,"['amenity:restaurant', 'cuisine:italian']",['POI'],POINT(9.9795478 53.4617483),
Mensa Geomatikum,,['amenity:fast_food'],['POI'],POINT(9.9745011 53.5677567),
Bolle,,"['amenity:fast_food', 'cuisine:italian']",['POI'],POINT(9.9276922 53.5542604),
Café Rosa,,['amenity:cafe'],['POI'],POINT(9.9267924 53.5542299),
Sunar Kebap Haus,,"['amenity:fast_food', 'cuisine:kebab;fries']",['POI'],POINT(10.1078532 53.5600655),
The Avocado Show,,['amenity:restaurant'],['POI'],POINT(9.9982702 53.5412406),
Starbucks,,"['amenity:cafe', 'cuisine:coffee_shop']",['POI'],POINT(9.9985995 53.5402206),
Cardmom,,"['amenity:restaurant', 'cuisine:indian']",['POI'],POINT(9.9991418 53.5406335),
YeS FresH,,['amenity:fast_food'],['POI'],POINT(9.9987787 53.5406345),
60 seconds to napoli,,"['amenity:restaurant', 'cuisine:italian']",['POI'],POINT(10.0094092 53.5835643),
Kantine 2 - 370,,['amenity:restaurant'],['POI'],POINT(9.986462778842563 53.621193159899185),
McDonald's,,"['amenity:fast_food', 'cuisine:burger']",['POI'],POINT(10.04640321473368 53.55205689967264),
Café Alex,,['amenity:restaurant'],['POI'],POINT(9.992045679887024 53.55411751836175),
Pony Waldschänke,,"['amenity:restaurant', 'cuisine:regional;burger;sandwich;ice_cream;american;italian;tex-mex;barbecue']",['POI'],POINT(9.77003597596667 53.604715972179676),
Hofcafé Ellerbrock Holtkamp,,['amenity:cafe'],['POI'],POINT(9.7995251 53.60097495),
Cafe & Bar Celona,,"['amenity:restaurant', 'cuisine:international']",['POI'],POINT(10.067575877989656 53.57202620154917),
Stadion Eck,,"['amenity:restaurant', 'cuisine:german']",['POI'],POINT(9.884835734234096 53.580851274902216),
Hafenbahnhof,,['amenity:pub'],['POI'],POINT(9.92848611675751 53.54480973088552),
Millenium Eiscafe,,['amenity:cafe'],['POI'],POINT(10.154858897185534 53.60445148869265),
City Burger,,"['amenity:fast_food', 'cuisine:burger']",['POI'],POINT(10.153581438055364 53.59635442011715),
Eis-Insel,,['amenity:cafe'],['POI'],POINT(10.15361033015631 53.601420135623606),
Sands Bar,,['amenity:bar'],['POI'],POINT(9.989553438504894 53.55965405073171),
Auszeit,,"['amenity:restaurant', 'cuisine:international;mediterranean']",['POI'],POINT(10.160223743939344 53.58614818793137),
Burger King,,"['amenity:fast_food', 'cuisine:burger']",['POI'],POINT(9.937170270401174 53.57832535718823),
Hütte,,['amenity:pub'],['POI'],POINT(9.945172978681418 53.5570555553503),
Reitstall Klövensteen,,['amenity:restaurant'],['POI'],POINT(9.801414117746601 53.60550075264636),
McDonald's,,"['amenity:fast_food', 'cuisine:burger']",['POI'],POINT(9.936994528438587 53.5767252775502),
Hoh & Hoh,,"['amenity:restaurant', 'cuisine:chinese']",['POI'],POINT(9.861853294306803 53.59884882467399),
Zala,,"['amenity:restaurant', 'cuisine:indian']",['POI'],POINT(9.988323585950058 53.57161442331963),
McDonald's,,"['amenity:fast_food', 'cuisine:american;burger']",['POI'],POINT(10.19010918549458 53.60824882598441),
Bistro Zwutschkerl Alm,,"['amenity:restaurant', 'cuisine:austrian;german']",['POI'],POINT(9.985041354163172 53.661392929494525),
Rucola e Parma,,"['amenity:restaurant', 'cuisine:italian']",['POI'],POINT(9.975315200941147 53.57009675126154),
Cafe Del Sol,,"['amenity:restaurant', 'cuisine:international']",['POI'],POINT(10.12645062022272 53.5836799849506),
Quellenhof,,"['amenity:restaurant', 'cuisine:regional']",['POI'],POINT(10.11776726085768 53.684822018471394),
McDonald's,,"['amenity:fast_food', 'cuisine:burger']",['POI'],POINT(9.981840012063392 53.42141873121407),
Jahreszeiten Terrasse,,['amenity:bar'],['POI'],POINT(9.991766805901236 53.55517405636611),
Alsterperle,,['amenity:cafe'],['POI'],POINT(10.015457897701573 53.567857916984146),
Portonovo,,['amenity:restaurant'],['POI'],POINT(9.99643222584866 53.55927181020879),
Bodo's Bootssteg,,['amenity:restaurant'],['POI'],POINT(10.001811950000004 53.567327000000006),
Red Dog,,['amenity:pub'],['POI'],POINT(9.998492944922184 53.5790410311953),
Marsbar,,['amenity:bar'],['POI'],POINT(9.977659862853224 53.581805400455046),
McDonald's,,"['amenity:fast_food', 'cuisine:burger']",['POI'],POINT(9.875910028366622 53.58779225060657),
Mellinghus Weinbar und Kochschule,,['amenity:restaurant'],['POI'],POINT(10.091604748372816 53.66847215241109),
Pfeiffers,,['amenity:restaurant'],['POI'],POINT(10.091051603682255 53.6689471371524),
Immenhof,,"['amenity:restaurant', 'cuisine:german']",['POI'],POINT(10.09063481611003 53.670763778681085),
Toscanello,,"['amenity:restaurant', 'cuisine:italian']",['POI'],POINT(10.094609921249008 53.678656453570326),
Smiley's,,"['amenity:fast_food', 'cuisine:pizza']",['POI'],POINT(10.105686364084699 53.65366073982912),
X - Restaurant Bar Sushi & Grill,,['amenity:restaurant'],['POI'],POINT(9.99332045420917 53.57318314349968),
Burger King,,"['amenity:fast_food', 'cuisine:burger']",['POI'],POINT(10.083533882717267 53.621662808311925),
Balkan,,['amenity:restaurant'],['POI'],POINT(10.096686102073534 53.55615241388752),
Alte Mühle,,"['amenity:restaurant', 'cuisine:regional;german']",['POI'],POINT(10.10826045254653 53.670069427658674),
Sushi for friends,,"['amenity:restaurant', 'cuisine:japanese']",['POI'],POINT(10.106416141082306 53.652038328744204),
Domino's,,"['amenity:fast_food', 'cuisine:pizza']",['POI'],POINT(10.106282123869496 53.651701329284265),
Shin Shin,,"['amenity:restaurant', 'cuisine:chinese']",['POI'],POINT(10.11563029571491 53.65992742374545),
World of Pizza,,"['amenity:fast_food', 'cuisine:italian;pizza']",['POI'],POINT(10.106462243374473 53.653351899651554),
Taverna Santorini,,"['amenity:restaurant', 'cuisine:greek']",['POI'],POINT(10.103223626676295 53.64914669577918),
Park Restaurant,,"['amenity:restaurant', 'cuisine:german']",['POI'],POINT(10.076960902075513 53.65075587791455),
Forum Sasel,,['amenity:restaurant'],['POI'],POINT(10.112199630939743 53.65355540719529),
Taverna Pegasus,,"['amenity:restaurant', 'cuisine:greek']",['POI'],POINT(10.126448863919935 53.670059689357934),
Mr. No Nê,,"['amenity:fast_food', 'cuisine:chinese;asian']",['POI'],POINT(10.082650497153644 53.66073438516338),
Das Eiswerk Pavillon,,"['amenity:cafe', 'cuisine:ice_cream']",['POI'],POINT(10.0842372 53.65681275),
NAYA,,"['amenity:restaurant', 'cuisine:crossover']",['POI'],POINT(10.087682568661748 53.64721172238783),
La Madera,,"['amenity:restaurant', 'cuisine:spanish']",['POI'],POINT(10.098744580594259 53.64344124977449),
Kleine Rast,,"['amenity:fast_food', 'cuisine:regional']",['POI'],POINT(9.85107578117537 53.54910272150036),
ELV – Das Elb-Restaurant,,"['amenity:restaurant', 'cuisine:regional']",['POI'],POINT(9.854144261629314 53.54840836205311),
Cafe Weltladen,,['amenity:cafe'],['POI'],POINT(10.113287321647807 53.6541657592005),
Zum Lokstedter,,['amenity:restaurant'],['POI'],POINT(9.954515235520047 53.5963533558458),
Wellingten,,"['amenity:restaurant', 'cuisine:steak_house']",['POI'],POINT(10.077248774206028 53.64240585271729),
Vereinsheim TuS Berne Tennis,,['amenity:pub'],['POI'],POINT(10.123862426864157 53.63368381333312),
Schnoor`s Restaurant,,"['amenity:restaurant', 'cuisine:german']",['POI'],POINT(10.107123381551048 53.63857372503301),
Haus der Wilden Weiden,,['amenity:cafe'],['POI'],POINT(10.185131214500878 53.61576159757659),
Restaurant Athen,,"['amenity:restaurant', 'cuisine:greek']",['POI'],POINT(10.061017761020032 53.6694604457878),
McDonald's Neugraben-Fischbeck,,"['amenity:fast_food', 'cuisine:burger']",['POI'],POINT(9.846561240638636 53.47366050856137),
Tempo D'Oro,,"['amenity:restaurant', 'cuisine:italian']",['POI'],POINT(10.134259334211594 53.66801006153466),
Landhaus Walter,,"['amenity:restaurant', 'cuisine:regional']",['POI'],POINT(10.01516368825061 53.59399709979474),
Taverna Kreta,,"['amenity:restaurant', 'cuisine:greek']",['POI'],POINT(10.117969860005756 53.623925434379416),
Ciao,,"['amenity:restaurant', 'cuisine:italian']",['POI'],POINT(10.105492418920495 53.60012349244854),
Die kleine Fischerstube,,"['amenity:restaurant', 'cuisine:regional;fish']",['POI'],POINT(9.951627043029113 53.62112507671923),
Cordoba Steakhouse,,"['amenity:restaurant', 'cuisine:steak_house']",['POI'],POINT(10.076810540818391 53.61431679677381),
Taverna Paros,,"['amenity:restaurant', 'cuisine:greek']",['POI'],POINT(10.080912210139521 53.61176773284175),
Golden Kebab,,"['amenity:fast_food', 'cuisine:kebab']",['POI'],POINT(9.95209722595535 53.620406430435565),
Watzmann,,"['amenity:restaurant', 'cuisine:austrian']",['POI'],POINT(10.10632568325576 53.651910213352345),
Taverna Samos,,"['amenity:restaurant', 'cuisine:greek']",['POI'],POINT(10.090606295279025 53.59948162225288),
Viet Garden,,"['amenity:restaurant', 'cuisine:vietnamese']",['POI'],POINT(10.106334579641084 53.65311234591977),
Remembar,,['amenity:bar'],['POI'],POINT(10.103349751943798 53.65275109980628),
Christoffer's Singin Tapas,,"['amenity:restaurant', 'cuisine:mexican']",['POI'],POINT(10.0749612343166 53.59272301476169),
Vereinshaus,,['amenity:restaurant'],['POI'],POINT(10.217817085496755 53.61049676777759),
Schnellimbiss am alten Elbtunnel,,"['amenity:fast_food', 'cuisine:fried_food']",['POI'],POINT(9.967377500000001 53.5459094),
McDonald's,,"['amenity:fast_food', 'cuisine:burger']",['POI'],POINT(10.04607635 53.60875814999999),
Backwaren & Eiscafé,,['amenity:cafe'],['POI'],POINT(10.075533934632345 53.59215121197885),
McDonald's,,"['amenity:fast_food', 'cuisine:burger']",['POI'],POINT(10.089540031850289 53.587478240304435),
Ata,,"['amenity:restaurant', 'cuisine:turkish']",['POI'],POINT(10.098433338347029 53.59379497446982),
Vamos to Napoli,,"['amenity:fast_food', 'cuisine:pizza']",['POI'],POINT(10.083393256118523 53.66023184464677),
Porto Carras,,"['amenity:restaurant', 'cuisine:greek']",['POI'],POINT(10.109550934260453 53.59255354614293),
Burger King,,"['amenity:fast_food', 'cuisine:burger']",['POI'],POINT(10.100623588657589 53.58889570658692),
Mundfein Pizzawerkstatt,,"['amenity:fast_food', 'cuisine:italian;pizza']",['POI'],POINT(10.10298225 53.5804168),
McDonald's,,"['amenity:fast_food', 'cuisine:burger']",['POI'],POINT(10.108468922760808 53.58197235767409),
KFC,,"['amenity:fast_food', 'cuisine:chicken']",['POI'],POINT(10.0844492 53.577347399999994),
sixtyone,,['amenity:bar'],['POI'],POINT(10.104003015366127 53.580158505012264),
Smiley's Pizza Profis Wedel,,"['amenity:fast_food', 'cuisine:pizza']",['POI'],POINT(9.851247778402419 53.5726889061903),
McDonald's,,"['amenity:fast_food', 'cuisine:burger']",['POI'],POINT(9.999769635347036 53.49974324113252),
Rotbuche,,['amenity:restaurant'],['POI'],POINT(10.014041064212083 53.643874815967614),
McDonald's,,"['amenity:fast_food', 'cuisine:burger']",['POI'],POINT(9.923589400370126 53.5632369852062),
Eisvogel,,"['amenity:restaurant', 'cuisine:german']",['POI'],POINT(10.013902106962876 53.458825757794244),
Haifisch Sepp,,"['amenity:restaurant', 'cuisine:fish']",['POI'],POINT(10.148403260270326 53.544059053821776),
La Piccola Italia,,['amenity:bar'],['POI'],POINT(10.162406717852297 53.48330413690094),
McDonald's,,"['amenity:fast_food', 'cuisine:burger']",['POI'],POINT(10.143880055650266 53.57071834466263),
Zum Glaskasten,,['amenity:pub'],['POI'],POINT(10.032911386275059 53.58761628145642),
Welcome India,,"['amenity:restaurant', 'cuisine:indian']",['POI'],POINT(9.955749241295335 53.611919434543964),
Zum Billstedt-Horner,,"['amenity:restaurant', 'cuisine:regional']",['POI'],POINT(10.13522806110701 53.54064091372573),
Café Alsterwiesen,,['amenity:cafe'],['POI'],POINT(10.038107150000002 53.63073324999999),
Atlas,,"['amenity:restaurant', 'cuisine:international']",['POI'],POINT(9.927314994523172 53.560950043904135),
El Greco,,"['amenity:restaurant', 'cuisine:greek']",['POI'],POINT(10.13729855 53.58466285),
Jim Block Othmarschen,,"['amenity:fast_food', 'cuisine:burger']",['POI'],POINT(9.887091984631564 53.55867540964656),
Croque Insel Pinneberg Lieferservice,,['amenity:fast_food'],['POI'],POINT(9.788143905581878 53.65770412810987),
Gröninger Braukeller,,"['amenity:restaurant', 'cuisine:regional']",['POI'],POINT(9.996227110265956 53.547154577760956),
ÜberQuell,,['amenity:restaurant'],['POI'],POINT(9.958408760080756 53.54628743135973),
Tennis-Treff,,['amenity:pub'],['POI'],POINT(10.079905400000001 53.5998892),
Oberhafen-Kantine,,"['amenity:restaurant', 'cuisine:german;regional']",['POI'],POINT(10.006899367365323 53.5446314127185),
mi-chii,,"['amenity:restaurant', 'cuisine:asian']",['POI'],POINT(9.998613806603592 53.54815619586824),
San Marino,,"['amenity:restaurant', 'cuisine:italian']",['POI'],POINT(10.1355226 53.61861570000001),
Chattahoochee,Livemusikkneipe,['amenity:pub'],['POI'],POINT(10.16033389258405 53.618005407226356),
Elbdeck,,['amenity:restaurant'],['POI'],POINT(9.985782771482764 53.54387925112112),
Barrossa Kaffeebar,,['amenity:cafe'],['POI'],POINT(9.990134076290467 53.544214701528254),
Fleetschlösschen,,"['amenity:restaurant', 'cuisine:regional']",['POI'],POINT(9.997927799143342 53.544485337833855),
Echtasien,,"['amenity:restaurant', 'cuisine:sushi']",['POI'],POINT(9.811610275963169 53.56309331026717),
Poseidon Stuben,,"['amenity:restaurant', 'cuisine:greek']",['POI'],POINT(9.917205941945308 53.60218185297119),
Begegnungsstätte,,['amenity:cafe'],['POI'],POINT(10.216868720440603 53.663032142361544),
Bizim Döner,,"['amenity:restaurant', 'cuisine:kebab']",['POI'],POINT(10.082826388954848 53.640976200521465),
Roxie,,"['amenity:pub', 'cuisine:international']",['POI'],POINT(10.010820517475711 53.60700590117999),
Rhodos,,"['amenity:restaurant', 'cuisine:greek']",['POI'],POINT(10.213825541482352 53.66010403184751),
Neshan,,"['amenity:restaurant', 'cuisine:persian']",['POI'],POINT(10.024815444160863 53.55397525629194),
Boccone,,['amenity:restaurant'],['POI'],POINT(9.816371749556547 53.566256280676974),
Die Villa,,['amenity:cafe'],['POI'],POINT(10.166030266860208 53.648418025041515),
le Rustique,,['amenity:restaurant'],['POI'],POINT(10.163970363184228 53.64971768312907),
Dorfkrug,,['amenity:restaurant'],['POI'],POINT(10.167994483542243 53.64955935062673),
Reethaus,,['amenity:restaurant'],['POI'],POINT(10.167547581352688 53.65057281185629),
Al Forno Pizzeria Pastaria,,['amenity:restaurant'],['POI'],POINT(9.8043015 53.65937585),
Antonia&Antonio,,"['amenity:restaurant', 'cuisine:italian']",['POI'],POINT(10.157646622701005 53.666002225917445),
McDonald's,,"['amenity:fast_food', 'cuisine:burger']",['POI'],POINT(10.058410305045433 53.647950951765196),
asia hub,,"['amenity:fast_food', 'cuisine:asian']",['POI'],POINT(10.05922985 53.569905750000004),
Taverna Amfipolis,,"['amenity:restaurant', 'cuisine:greek']",['POI'],POINT(10.025342700751494 53.68565395533762),
The Vegan Eagle,,['amenity:restaurant'],['POI'],POINT(10.012366667208381 53.64450793515664),
Dieter Sanchez,,"['amenity:restaurant', 'cuisine:fast_food;german']",['POI'],POINT(10.012345531663128 53.64677157982586),
Schlachteplatte,,"['amenity:fast_food', 'cuisine:german']",['POI'],POINT(10.03795564956552 53.64790080565381),
Kick & Company,,['amenity:pub'],['POI'],POINT(9.93033850975527 53.55058378500479),
Nebo,,['amenity:cafe'],['POI'],POINT(10.018624896015918 53.58052786760128),
Le Canard nouveau,,['amenity:restaurant'],['POI'],POINT(9.913932993896163 53.54574098724062),
Schweinske,,"['amenity:restaurant', 'bar:yes', 'branch:Langenhorn', 'cuisine:burger;escalope;german']",['POI'],POINT(10.027568227788468 53.6750882029199),
Trinkhalle,,['amenity:cafe'],['POI'],POINT(10.014120256967237 53.59273363183028),
Bitte mit Sahne Eiscafé,"Eigene Eisherstellung ohne künstliche oder naturidentische Aromastoffe, Farbstoffe, Konservierungsstoffe und Emulgatoren","['amenity:cafe', 'cuisine:ice_cream']",['POI'],POINT(10.111673191191274 53.654031980313626),
My Kebap's,,"['amenity:fast_food', 'cuisine:kebab']",['POI'],POINT(9.988579234287974 53.59283764150855),
Stoof Mudders Kroog / Pfarrwitwenhaus (M3),,"['amenity:restaurant', 'cuisine:german']",['POI'],POINT(9.903813811472556 53.439767744104714),
Kleines Gesellschaftshaus,,['amenity:restaurant'],['POI'],POINT(9.826977450000003 53.64972695),
Rhodos,,"['amenity:restaurant', 'cuisine:greek']",['POI'],POINT(10.125723818397892 53.53058441818559),
Restaurant Dubrovnik Pinneberg,,"['amenity:restaurant', 'cuisine:balkan']",['POI'],POINT(9.791804290936678 53.64129685423027),
Knips,,"['amenity:restaurant', 'cuisine:international']",['POI'],POINT(9.860108845135683 53.55779531367915),
Haweli,,"['amenity:restaurant', 'bar:no', 'cuisine:indian;steak_house']",['POI'],POINT(9.892581878202654 53.460899153590994),
Mundfein,,"['amenity:fast_food', 'cuisine:pizza']",['POI'],POINT(9.887479138422743 53.47229474421329),
Don Quichotte,,"['amenity:restaurant', 'cuisine:international']",['POI'],POINT(9.855206317265564 53.57263337920576),
Pilzkiosk (K7),Pilzkiosk aus Ingelheim,"['amenity:fast_food', 'cuisine:regional']",['POI'],POINT(9.903735624789 53.43820181165025),
Miss Pepper,,"['amenity:restaurant', 'cuisine:american']",['POI'],POINT(10.19144256127357 53.57729518385984),
Waldfrieden,,['amenity:pub'],['POI'],POINT(9.866562427267407 53.45299310480313),
Subway,,"['amenity:fast_food', 'cuisine:sandwich']",['POI'],POINT(10.092932179098417 53.65217877931364),
Espresso House,,"['amenity:cafe', 'cuisine:coffee_shop']",['POI'],POINT(10.093395596030826 53.65453375872839),
Landhaus Jägerhof,,['amenity:restaurant'],['POI'],POINT(9.887909155150544 53.47051328365797),
PAUSE EMINÖMÜ,,"['amenity:fast_food', 'cuisine:turkish']",['POI'],POINT(9.987291965151869 53.517271216325184),
Barmbeker Schachcafé,,"['amenity:restaurant', 'cuisine:local']",['POI'],POINT(10.033289716479379 53.606636233468585),
Zur Flottbeker Schmiede,,['amenity:restaurant'],['POI'],POINT(9.864931012764577 53.55679290210987),
dean&david,,"['amenity:fast_food', 'cuisine:salad;sandwich']",['POI'],POINT(10.093012043976922 53.6524211464463),
Max und Moritz,,['amenity:pub'],['POI'],POINT(10.00649128054586 53.68342502118147),
Taverna Achillon,,"['amenity:restaurant', 'cuisine:greek']",['POI'],POINT(9.887789788448355 53.478258103291175),
Clubhaus,,['amenity:restaurant'],['POI'],POINT(9.97547845639184 53.677551667130764),
PJACA Montenegro,,"['amenity:restaurant', 'cuisine:german']",['POI'],POINT(10.150930407198482 53.53340733820327),
Bazille,,['amenity:pub'],['POI'],POINT(10.04980930270677 53.55938120040007),
Go by Steffen Henssler,,['amenity:restaurant'],['POI'],POINT(9.879457414750476 53.56559092628892),
Burger King,,"['amenity:fast_food', 'cuisine:burger']",['POI'],POINT(9.872195838912612 53.57074277912484),
K&R Grillhouse,,"['amenity:fast_food', 'cuisine:kebab']",['POI'],POINT(9.886888570598583 53.559120847279644),
Ristorante Panetteria,,"['amenity:restaurant', 'cuisine:italian']",['POI'],POINT(9.879559457509306 53.56954065807801),
Kaiserlich,,"['amenity:restaurant', 'cuisine:regional;fish;german']",['POI'],POINT(9.97313240869304 53.464919563761704),
Patogh Grillhaus,,['amenity:restaurant'],['POI'],POINT(9.93870677235509 53.59893692010618),
KFC,,"['amenity:fast_food', 'cuisine:chicken']",['POI'],POINT(9.936841663345467 53.47127951300293),
McDonald's,,"['amenity:fast_food', 'cuisine:burger']",['POI'],POINT(9.928250973643562 53.47113841396533),
Burger King,,"['amenity:fast_food', 'cuisine:burger']",['POI'],POINT(9.922522200886336 53.47114576424009),
WKND Sportsbar,,['amenity:pub'],['POI'],POINT(9.901979077726264 53.60388614572949),
Köpinsel,,['amenity:restaurant'],['POI'],POINT(10.039772598273533 53.558988800555426),
McDonald's,,"['amenity:fast_food', 'cuisine:burger']",['POI'],POINT(10.027006022440595 53.54276509059735),
McDonald's,,"['amenity:fast_food', 'cuisine:burger']",['POI'],POINT(9.904355096383792 53.61862890693558),
von-bis,,['amenity:fast_food'],['POI'],POINT(9.984112165165781 53.4667269139716),
Bruzzelhütte,,"['amenity:fast_food', 'cuisine:curry;german;sausage']",['POI'],POINT(9.95748556257437 53.446193634662684),
Navio Terraço,,['amenity:pub'],['POI'],POINT(9.983493893496762 53.47307481470717),
Panthera Rodizio,,"['amenity:restaurant', 'cuisine:brazilian']",['POI'],POINT(9.980940843758596 53.46337583288172),
Caspari,,"['amenity:restaurant', 'cuisine:german;burger;pasta;pizza']",['POI'],POINT(9.981117673414522 53.46358574719346),
Bei Magdalena,,['amenity:pub'],['POI'],POINT(9.972407817790513 53.46239166385566),
Flash,,['amenity:bar'],['POI'],POINT(9.979054981649613 53.46237316909251),
Burger King,,"['amenity:fast_food', 'cuisine:burger']",['POI'],POINT(10.03720575045472 53.552082688526966),
Lindenhof,,['amenity:restaurant'],['POI'],POINT(9.95543747782352 53.46400916105259),
Vegas Lounge & Sports Bar,,['amenity:pub'],['POI'],POINT(10.055987127584396 53.55166605980882),
Misaki Sushi Restaurant,,"['amenity:restaurant', 'cuisine:sushi']",['POI'],POINT(10.004350820420061 53.588761754363865),
Eisbärendiele,,"['amenity:cafe', 'cuisine:ice_cream']",['POI'],POINT(10.085493208782113 53.66110715462442),
Schweinske Poppenbüttel,,"['amenity:restaurant', 'bar:yes', 'branch:Poppenbüttel', 'cuisine:burger;escalope;german']",['POI'],POINT(10.085039205726368 53.659975905358266),
Kebap Lounge,,"['amenity:fast_food', 'cuisine:kebab']",['POI'],POINT(9.999046129254582 53.59476320334147),
McDonald's,,"['amenity:fast_food', 'cuisine:burger']",['POI'],POINT(9.961905456999933 53.60213231520629),
Yachtblick Hamburg,,"['amenity:restaurant', 'cuisine:german']",['POI'],POINT(9.856600962408896 53.5370342589402),
Eiscuisine,"Im Eis, Kuchen und Speisen werden keine Geschmacksverstärker oder künstliche Farbstoffe, Bindemittel, künstliche oder naturidentische Aromen verwendet.","['amenity:cafe', 'cuisine:ice_cream']",['POI'],POINT(10.08326118413425 53.64034443496738),
Ivory,,['amenity:cafe'],['POI'],POINT(10.010226945632066 53.58429755619229),
Lysander living & café,,['amenity:cafe'],['POI'],POINT(10.079304749999999 53.64089985),
Eppendorfer Insel,,['amenity:restaurant'],['POI'],POINT(9.989424873822843 53.597331625873),
Café Minah,,"['amenity:cafe', 'cuisine:ice_cream']",['POI'],POINT(9.985559126769422 53.54489512308577),
Coffee & More,,['amenity:cafe'],['POI'],POINT(9.981969420043994 53.598642874497635),
BernSteinbar,,['amenity:bar'],['POI'],POINT(9.958483675347676 53.55794387973863),
Trattoria L´Aurora,,"['amenity:restaurant', 'cuisine:italian']",['POI'],POINT(10.090339609835027 53.63392392828863),
Bramfelder Stübchen,,['amenity:pub'],['POI'],POINT(10.085380693569814 53.628925011293354),
SuS Clubheim,,['amenity:pub'],['POI'],POINT(9.796208408303198 53.61656503332236),
Hafenmeisterei,,['amenity:cafe'],['POI'],POINT(9.938214115591146 53.54544252796379),
Schöne Aussichten,,['amenity:cafe'],['POI'],POINT(9.985747932803868 53.558467007556146),
Schnelsener Kebap House,,"['amenity:fast_food', 'cuisine:kebab']",['POI'],POINT(9.91720058925424 53.636200158881024),
Pulvermühle,,"['amenity:restaurant', 'bar:yes', 'cuisine:regional']",['POI'],POINT(9.965716747348313 53.60499038442073),
Waldhaus,,"['amenity:restaurant', 'cuisine:burger;wraps;ice_cream']",['POI'],POINT(9.883548759885494 53.446078468644465),
Kantine 1,,['amenity:restaurant'],['POI'],POINT(9.99262472632681 53.62135136984932),
Himmelsschreiber,,['amenity:cafe'],['POI'],POINT(9.996703118796733 53.6252063959298),
Junge,,['amenity:cafe'],['POI'],POINT(10.22065364005571 53.66316961613865),
Landungsbrücke Finkenwerder,,['amenity:restaurant'],['POI'],POINT(9.879023965056255 53.53545936030562),
Lesecafe Stadtpark,,"['amenity:cafe', 'cuisine:cake;ice_cream;coffee_shop;sandwich;tea']",['POI'],POINT(10.027377983223795 53.596817180559846),
Imbiss Ochsenzoll,,"['amenity:fast_food', 'cuisine:german']",['POI'],POINT(10.000640573055254 53.67737166095546),
Tien-Asia,,"['amenity:fast_food', 'cuisine:asian']",['POI'],POINT(9.943077350000001 53.635188250000006),
Anatolia Street Food,,"['amenity:fast_food', 'cuisine:kebab;turkish']",['POI'],POINT(10.078143279171988 53.5850058077203),
Dübelsbrücker Kajüt,,"['amenity:restaurant', 'cuisine:regional;fish']",['POI'],POINT(9.864788311929367 53.54743272597715),
Dampferimbiss,,"['amenity:fast_food', 'cuisine:german;regional']",['POI'],POINT(9.878245193817138 53.53588609725332),
Moorwerder Hof,,"['amenity:restaurant', 'cuisine:german']",['POI'],POINT(10.055582164029936 53.476293866681814),
Veddel Diner,,"['amenity:fast_food', 'cuisine:regional']",['POI'],POINT(9.999933285203669 53.51800630107324),
Hotel Restaurant Helena,,['amenity:restaurant'],['POI'],POINT(9.79913741333965 53.464257965147794),
Bunthaus Schankraum,,['amenity:pub'],['POI'],POINT(9.995506099999998 53.49553505),
Stelli's,ehem. Bahnhofsgebäude U-Bahn Berne,['amenity:pub'],['POI'],POINT(10.138894109312918 53.626661608905934),
Bei Sabah,,"['amenity:fast_food', 'cuisine:german']",['POI'],POINT(10.037661542018606 53.574693314761376),
Nepheli,,"['amenity:restaurant', 'cuisine:greek']",['POI'],POINT(9.914270984457007 53.55779812496647),
Spinner,,['amenity:pub'],['POI'],POINT(10.033078953607058 53.576643177869045),
Café Tante Emma,,['amenity:cafe'],['POI'],POINT(10.075734115185329 53.55798587771955),
Grill-Imbiss zum Griechen,,"['amenity:restaurant', 'cuisine:greek']",['POI'],POINT(10.022872105699449 53.630216551752746),
La Leyla,,['amenity:bar'],['POI'],POINT(9.98607937728178 53.454699345833724),
Restaurant Naos,,"['amenity:restaurant', 'cuisine:greek']",['POI'],POINT(9.99547840837014 53.44355649968729),
Domino's,,"['amenity:fast_food', 'cuisine:pizza']",['POI'],POINT(9.839709821421748 53.47181110764699),
La Fortana,,['amenity:restaurant'],['POI'],POINT(9.987586677223135 53.67346906336337),
Ristorante Aroma,,"['amenity:restaurant', 'cuisine:italian;spanish']",['POI'],POINT(9.98919882410271 53.6811184997063),
myKÖZ,,"['amenity:fast_food', 'cuisine:kebab']",['POI'],POINT(10.034315663295938 53.536421023178676),
Vereinsheim Hoisbütteler SV,,['amenity:restaurant'],['POI'],POINT(10.161730673548794 53.67887185981053),
Schnurr-Bart,,['amenity:restaurant'],['POI'],POINT(10.020750547650774 53.423452844352894),
Burger King,,"['amenity:fast_food', 'cuisine:burger']",['POI'],POINT(10.169082775841208 53.51379787075811),
Einstein,,['amenity:restaurant'],['POI'],POINT(9.998730632964032 53.68271573153303),
Donnerwetter,,"['amenity:restaurant', 'cuisine:german;pizza;american']",['POI'],POINT(9.864716191797424 53.471719659532305),
Subway,,"['amenity:fast_food', 'cuisine:sandwich']",['POI'],POINT(9.871205909479993 53.47151325385868),
Montgomery Champs,,"['amenity:restaurant', 'cuisine:american;burger;grill;steak_house']",['POI'],POINT(9.907900663377808 53.647656949219865),
Zur Börse,,['amenity:restaurant'],['POI'],POINT(9.862145681992834 53.47975356817347),
Osteria Da Vino,,"['amenity:restaurant', 'cuisine:italian']",['POI'],POINT(9.92496549722254 53.629005315074515),
Eatbell,,"['amenity:restaurant', 'cuisine:pizza']",['POI'],POINT(9.869880534794788 53.47668798369611),
Güney Döner,,"['amenity:fast_food', 'cuisine:kebab']",['POI'],POINT(10.028011944234944 53.63861304844761),
Akropolis,,"['amenity:restaurant', 'cuisine:greek']",['POI'],POINT(9.81774435 53.655731599999996),
Taverne Corfu,,"['amenity:restaurant', 'cuisine:greek']",['POI'],POINT(10.049213966649273 53.591900010627924),
Liya Bistro & Café,,"['amenity:cafe', 'cuisine:cake;bistro']",['POI'],POINT(10.040528805741559 53.60136068524045),
Vereinsgaststätte ELLADA,Vereinsheim,"['amenity:restaurant', 'cuisine:greek']",['POI'],POINT(10.102426624109613 53.63856744654229),
Louis croque,,['amenity:fast_food'],['POI'],POINT(10.03872593957683 53.57701218796871),
Das Kaffeehaus,,"['amenity:cafe', 'cuisine:coffee_shop']",['POI'],POINT(10.02790205669305 53.62581029521104),
McDonald's,,"['amenity:fast_food', 'cuisine:burger']",['POI'],POINT(10.207105038179272 53.48054347237747),
Café Meinz,,"['amenity:cafe', 'cuisine:coffee_shop']",['POI'],POINT(10.213793808485528 53.492313307267956),
Lola Bar,,['amenity:bar'],['POI'],POINT(10.205941917031854 53.49549166845126),
Dorfkrug Boberg,,"['amenity:restaurant', 'cuisine:german']",['POI'],POINT(10.161997016534878 53.50687621993355),
Schmidtchen Palme,,['amenity:cafe'],['POI'],POINT(9.860885902823364 53.56129428686152),
Lindos,,"['amenity:restaurant', 'cuisine:greek']",['POI'],POINT(10.018299104793188 53.62380814665601),
Coffee to Fly,,"['amenity:cafe', 'cuisine:breakfast;cake;coffee_shop;ice_cream;sandwich']",['POI'],POINT(9.992116496930427 53.64060075220697),
Burger Lounge,,"['amenity:restaurant', 'cuisine:burger']",['POI'],POINT(10.000360382653811 53.680774243180224),
Shikara,,"['amenity:restaurant', 'cuisine:indian']",['POI'],POINT(9.92794442032809 53.55720569299538),
Mayday,,['amenity:pub'],['POI'],POINT(9.927985857558909 53.55736045075694),
Call a Pizza,,"['amenity:fast_food', 'cuisine:pizza']",['POI'],POINT(10.027023062058662 53.6320965986437),
Minigolf Events Hamburg Horn,,"['amenity:restaurant', 'cuisine:barbecue']",['POI'],POINT(10.084180896128528 53.56044990718837),
Villa im Park,,['amenity:cafe'],['POI'],POINT(9.946709608862115 53.58077128915),
BLOCK HOUSE,,"['amenity:restaurant', 'cuisine:steak_house']",['POI'],POINT(10.211331859661426 53.488461071216875),
Gaststätte Sander Tannen,,['amenity:restaurant'],['POI'],POINT(10.187560200000002 53.496396999999995),
McDonald's,,"['amenity:fast_food', 'cuisine:burger']",['POI'],POINT(10.005440276723837 53.65371657004052),
Rheinischer Hafen,,['amenity:restaurant'],['POI'],POINT(9.985157554413563 53.5497619716727),
Daily,,['amenity:restaurant'],['POI'],POINT(9.98537856091883 53.549720898072216),
Burger King,,"['amenity:fast_food', 'cuisine:burger']",['POI'],POINT(9.8621637058333 53.57012684489863),
Nordsee,,['amenity:restaurant'],['POI'],POINT(9.862645399777538 53.57022544072733),
Pommesfreunde,,"['amenity:fast_food', 'cuisine:fries']",['POI'],POINT(9.862137200033333 53.57027804208612),
Asia Hung,,"['amenity:fast_food', 'cuisine:asian']",['POI'],POINT(9.862531303217857 53.570192049985295),
Bodhi,,"['amenity:fast_food', 'cuisine:sushi']",['POI'],POINT(9.862137166104604 53.57021294666613),
Chutney Indian Food,,"['amenity:fast_food', 'cuisine:indian']",['POI'],POINT(9.862531199988194 53.5702597139354),
immergrün,,"['amenity:fast_food', 'cuisine:juice']",['POI'],POINT(9.862502317708188 53.57014827728421),
Robin am See,,"['amenity:cafe', 'cuisine:coffee_shop;ice_cream']",['POI'],POINT(10.105320024552846 53.48691025229137),
Eiscafe Dolce Vita,,"['amenity:cafe', 'cuisine:ice_cream']",['POI'],POINT(10.21024225 53.48932399999999),
Hermann's Eck,,['amenity:restaurant'],['POI'],POINT(10.111577750400755 53.4306408172308),
Burger King,,"['amenity:fast_food', 'cuisine:burger']",['POI'],POINT(10.088601348197638 53.51120814431691),
Locanda Riva,,"['amenity:restaurant', 'cuisine:italian']",['POI'],POINT(10.214248349999998 53.493274400000004),
Ready Pizza,,"['amenity:fast_food', 'cuisine:pizza']",['POI'],POINT(9.972059610853409 53.45203685145857),
Cafe und Gaststätte Seepavillon,,"['amenity:restaurant', 'cuisine:fish_and_chips']",['POI'],POINT(10.11577463495745 53.43750819068557),
Willi Villa,,['amenity:cafe'],['POI'],POINT(10.000281999999997 53.49087840000001),
Flamingo Lodge,,"['amenity:restaurant', 'cuisine:german']",['POI'],POINT(9.935051148866506 53.59509184743279),
Veddeler Fischgaststätte,,"['amenity:restaurant', 'cuisine:fish_and_chips']",['POI'],POINT(10.020410004763823 53.52923243067285),
Mondea,,"['amenity:restaurant', 'cuisine:greek']",['POI'],POINT(9.779130115173462 53.65837796417049),
Thessaloniki,,"['amenity:restaurant', 'cuisine:greek']",['POI'],POINT(9.77615290601066 53.6520253102974),
Burger King,,"['amenity:fast_food', 'cuisine:burger']",['POI'],POINT(10.00075333116433 53.665304244114225),
Burger King,,"['amenity:fast_food', 'cuisine:burger']",['POI'],POINT(10.003572137236125 53.61615728889759),
KaffeeKlatsch by Kapara,,"['amenity:cafe', 'cuisine:regional;israelisch;coffee_shop;lokales_bier']",['POI'],POINT(10.11307851765483 53.52226685914066),
Bäckerei Braaker Mühle,,"['amenity:cafe', 'cuisine:tea;sandwich;coffee_shop']",['POI'],POINT(10.138212150000001 53.607744799999985),
House of Superfreunde,,"['amenity:restaurant', 'cuisine:burger']",['POI'],POINT(9.97972141397873 53.68200237842503),
Poseidon,,"['amenity:restaurant', 'cuisine:greek']",['POI'],POINT(9.980226349999997 53.6815041),
Corfu,,"['amenity:restaurant', 'cuisine:greek']",['POI'],POINT(9.985165913610523 53.68144818620093),
Restaurant Zum Griechen,,"['amenity:restaurant', 'cuisine:greek']",['POI'],POINT(9.9786892 53.6810145),
Essi,,['amenity:restaurant'],['POI'],POINT(10.077012077320342 53.4480080230026),
döner time,,"['amenity:fast_food', 'cuisine:kebab']",['POI'],POINT(10.059306968411171 53.56992870626699),
Porter House,,"['amenity:restaurant', 'bar:yes', 'cuisine:steak_house']",['POI'],POINT(9.967898179530524 53.675423343210014),
Cult,,['amenity:pub'],['POI'],POINT(10.00204745 53.67229545000001),
Taverna Kronos,,"['amenity:restaurant', 'cuisine:greek']",['POI'],POINT(9.908687033581813 53.62407877198337),
Nummer 8,,"['amenity:restaurant', 'cuisine:italian']",['POI'],POINT(10.216904350000002 53.639860600000006),
Burger Lounge,,"['amenity:fast_food', 'cuisine:burger']",['POI'],POINT(10.028891713417442 53.560440548918116),
Meyers Linde,,"['amenity:restaurant', 'cuisine:regional']",['POI'],POINT(9.905034104451687 53.44409638181206),
SAHA - Das Waldcafé,,"['amenity:cafe', 'cuisine:arab;german']",['POI'],POINT(9.96974765 53.6297846),
McDonald's,,"['amenity:fast_food', 'cuisine:burger']",['POI'],POINT(9.79369568809239 53.66372282077337),
Shikara QUICK,,"['amenity:restaurant', 'cuisine:indian']",['POI'],POINT(9.927962485524358 53.557266184936545),
dean&david,,"['amenity:fast_food', 'cuisine:salad;sandwich']",['POI'],POINT(10.007405919463183 53.552179510039196),
basta!,,"['amenity:fast_food', 'cuisine:pizza']",['POI'],POINT(10.006340636364248 53.55204826332206),
Starbucks,,"['amenity:cafe', 'cuisine:coffee_shop']",['POI'],POINT(10.007573881246314 53.5521990983585),
Campus Suite,,"['amenity:cafe', 'cuisine:coffee_shop;sandwich']",['POI'],POINT(10.007649465238979 53.5530456318551),
Mr. Clou,,"['amenity:fast_food', 'cuisine:juice']",['POI'],POINT(10.008065856666969 53.55241076354034),
McDonald's,,"['amenity:fast_food', 'branch:Wandelhalle', 'cuisine:burger']",['POI'],POINT(10.00628358696166 53.55325013816275),
Schweinske,,"['amenity:restaurant', 'bar:yes', 'branch:Hauptbahnhof Wandelhalle', 'cuisine:burger;escalope;german']",['POI'],POINT(10.006800198357075 53.55336424924546),
Junge,,['amenity:cafe'],['POI'],POINT(9.795233299999998 53.46291105),
McDonald's,,"['amenity:fast_food', 'cuisine:burger']",['POI'],POINT(10.08974159215075 53.50467704740291),
Lütt Falkenstein am Ufer,,"['amenity:cafe', 'cuisine:german']",['POI'],POINT(9.779916815768237 53.56226186993533),
Kajüte S.B. 12,,['amenity:restaurant'],['POI'],POINT(9.795413199314662 53.55867347127274),
Pepe Nero,,"['amenity:restaurant', 'cuisine:italian']",['POI'],POINT(10.013489228810199 53.60529206556372),
Becking Kaffee,,['amenity:cafe'],['POI'],POINT(9.931696933117731 53.56637396463665),
Honig Haus Hamburg,,['amenity:cafe'],['POI'],POINT(9.902936791029997 53.57688802175755),
Makens Hoff,,"['amenity:restaurant', 'cuisine:regional']",['POI'],POINT(9.902597488861293 53.44284651169442),
Campus Suite,,"['amenity:cafe', 'branch:Rissen', 'cuisine:coffee_shop;sandwich']",['POI'],POINT(9.776402909619277 53.58208446120626),
Kebab Zone,,"['amenity:fast_food', 'cuisine:kebab;turkish']",['POI'],POINT(10.058246986940613 53.5763756439046),
Altenwerder Futterkrippe,,"['amenity:fast_food', 'cuisine:german']",['POI'],POINT(9.921245038665644 53.50741179227244),
Parkvilla,,['amenity:cafe'],['POI'],POINT(10.015531100000002 53.59689174999999),
Dunkin' Popup Store,,"['amenity:fast_food', 'cuisine:donut']",['POI'],POINT(9.989682119312219 53.5605543599533),
McDonald's,,"['amenity:fast_food', 'cuisine:burger']",['POI'],POINT(9.934580318228027 53.55232137450152),
CKT's,,"['amenity:fast_food', 'cuisine:german']",['POI'],POINT(9.934661354030103 53.55176174908459),
asiagourmet,,"['amenity:fast_food', 'cuisine:asian;thai']",['POI'],POINT(9.934568834049823 53.55181878847598),
dean&david,,"['amenity:fast_food', 'cuisine:salad;sandwich']",['POI'],POINT(9.93477710788188 53.551501465944284),
Espresso House,,"['amenity:cafe', 'cuisine:coffee_shop']",['POI'],POINT(9.934313693399151 53.55202500151099),
Das Moin Moin,,['amenity:restaurant'],['POI'],POINT(9.905301159099036 53.59505593626701),
Çiğköftem,,"['amenity:fast_food', 'cuisine:turkish']",['POI'],POINT(10.005313311596513 53.55189218203052),
Arizona Kitchen,,"['amenity:restaurant', 'cuisine:american']",['POI'],POINT(9.980411213787907 53.65946546776481),
HBB-Bistro,,"['amenity:fast_food', 'cuisine:kebab']",['POI'],POINT(10.024424450000001 53.553082450000005),
Curry Bar,,['amenity:fast_food'],['POI'],POINT(9.970735020875011 53.54624901725),
KFC,,"['amenity:fast_food', 'cuisine:chicken']",['POI'],POINT(9.93425638027903 53.55232697551502),
Asia Wok,,"['amenity:fast_food', 'cuisine:chinese']",['POI'],POINT(9.935018021624119 53.55200978429887),
Restaurant am Spielplatz,,['amenity:restaurant'],['POI'],POINT(9.937348227539472 53.59817035136744),
Croque Hütte,,['amenity:fast_food'],['POI'],POINT(10.018138927065666 53.66153916978022),
Souply,,"['amenity:restaurant', 'cuisine:vietnamese']",['POI'],POINT(10.060900270700705 53.57111200272511),
Wonder Kitchen,,"['amenity:fast_food', 'cuisine:burger']",['POI'],POINT(10.076793898542306 53.61221939085088),
neovii,,"['amenity:fast_food', 'cuisine:italian']",['POI'],POINT(10.07687700602586 53.61218501975671),
Manzara - The Kebab Culture,,"['amenity:fast_food', 'cuisine:kebab']",['POI'],POINT(10.076692765047623 53.61222867189671),
Pommeswerk,,"['amenity:fast_food', 'cuisine:italian']",['POI'],POINT(10.076661391779352 53.612269853722474),
mai-mai,,"['amenity:fast_food', 'cuisine:asian']",['POI'],POINT(10.076941872225367 53.612127513919724),
Neovii,,"['amenity:fast_food', 'cuisine:italian']",['POI'],POINT(10.076270645937957 53.61225014564712),
mai-mai,,"['amenity:fast_food', 'cuisine:asian']",['POI'],POINT(9.850361124937908 53.58789535609485),
Die Eisküche,,"['amenity:cafe', 'cuisine:ice_cream']",['POI'],POINT(9.849528568758547 53.58781758408943),
Imbiss Dürum,,"['amenity:fast_food', 'cuisine:turkish']",['POI'],POINT(9.851262865501422 53.587399025712976),
Cafe Chrysander,,['amenity:cafe'],['POI'],POINT(10.215300004036198 53.48957794409294),
Wildpark-Restaurant,,['amenity:restaurant'],['POI'],POINT(9.885616415247297 53.44227308299713),
Futterkrippe,,"['amenity:restaurant', 'cuisine:pizza;pasta;currywurst;fries']",['POI'],POINT(9.885534781558931 53.44239399579695),
Imbiss,,['amenity:fast_food'],['POI'],POINT(9.904465467337461 53.6139652501643),
Siegfried Busch,,['amenity:restaurant'],['POI'],POINT(9.807312869213344 53.65960570387635),
Sonnenterrasse,,['amenity:cafe'],['POI'],POINT(9.885460616572388 53.44236929697255),
Kunsthandwerkerhalle Imbiss,,['amenity:fast_food'],['POI'],POINT(9.889298310099399 53.443361277835315),
MyDöner,,"['amenity:fast_food', 'cuisine:kebab;burger;coffee_shop']",['POI'],POINT(9.837834713042295 53.63140154390258),
Bistro Boulevard,,['amenity:fast_food'],['POI'],POINT(10.073731894312909 53.60098399108072),
Mediterran,,['amenity:restaurant'],['POI'],POINT(9.871301305509398 53.6415625031981),
Restaurant Delphi,,"['amenity:restaurant', 'bar:no', 'cuisine:greek']",['POI'],POINT(9.79448894475226 53.46189723668801),
Buddy's Beach Pub,,['amenity:restaurant'],['POI'],POINT(9.903106378919121 53.65927880297864),
MöGrill,,"['amenity:fast_food', 'cuisine:german']",['POI'],POINT(10.001403350000002 53.551368499999995),
Bahnhofsklause Coupe,,['amenity:pub'],['POI'],POINT(9.909917652234624 53.66423259459774),
CKT'S,,"['amenity:fast_food', 'cuisine:fries']",['POI'],POINT(10.007875223023232 53.55368103476527),
Baris Grillhaus,,"['amenity:fast_food', 'cuisine:kebab']",['POI'],POINT(10.069031294250754 53.57208225421208),
Istasyon,,"['amenity:fast_food', 'cuisine:kebab']",['POI'],POINT(10.016933468309729 53.64895286394297),
A Modo Nostro,,['amenity:restaurant'],['POI'],POINT(9.801132998585146 53.571680446102),
Schweinske Neugraben,,"['amenity:restaurant', 'branch:Neugraben', 'cuisine:burger;escalope;german']",['POI'],POINT(9.85330325866647 53.472763567037006),
Luca und Lia,"Dein Ort zum Entspannen in Willinghusen bei Hamburg
In unserer alten Bauernkate mit historischer Atmosphäre werdet Ihr Euch wohlfühlen. Wenn es draußen kalt und ungemütlich ist, heizen wir mit unserem dänischen Ofen ein. Bei gutem Wetter wartet auf Euch d","['amenity:cafe', 'cuisine:coffee_shop']",['POI'],POINT(10.206589378570515 53.56241587908624),
Kiki´s Lounge,,['amenity:pub'],['POI'],POINT(9.963006303058485 53.46829084274818),
Sportlerheim SC Eilbek,,['amenity:restaurant'],['POI'],POINT(10.050221066749398 53.570497734753395),
Brücke 10 am Alten Elbtunnel,,['amenity:fast_food'],['POI'],POINT(9.967323017671077 53.5421615200415),
Alster Snack,,['amenity:fast_food'],['POI'],POINT(9.993216626727579 53.55292998453908),
Tunnel Döner,,['amenity:fast_food'],['POI'],POINT(10.00750470715045 53.55362148128421),
Fritts & Drinks,,"['amenity:fast_food', 'cuisine:german']",['POI'],POINT(10.006163725181358 53.553187336434945),
WOK Express,,"['amenity:fast_food', 'cuisine:asian']",['POI'],POINT(10.007608850520302 53.55327410128537),
DB Lounge,,"['amenity:cafe', 'cuisine:drinks;snacks']",['POI'],POINT(10.007435796690446 53.55340542806088),
Gourmet Station,,['amenity:food_court'],['POI'],POINT(10.00613555967118 53.553569765372885),
Asia Box Express,,"['amenity:restaurant', 'cuisine:asian']",['POI'],POINT(10.005965289945609 53.55342445418979),
small talk,,['amenity:pub'],['POI'],POINT(10.006776768755477 53.55331051364827),
franz & friends,,['amenity:fast_food'],['POI'],POINT(10.005787927375296 53.5531698073607),
Dunkin',,"['amenity:fast_food', 'cuisine:donut;coffee_shop']",['POI'],POINT(10.006978804822143 53.55344785256502),
Punto Ernesto,,['amenity:fast_food'],['POI'],POINT(10.005988893338104 53.55315509713983),
KFC,,"['amenity:fast_food', 'cuisine:chicken']",['POI'],POINT(10.007569300647427 53.55318521353896),
Asiahung,,"['amenity:fast_food', 'cuisine:asian']",['POI'],POINT(10.007132482797244 53.552147502099864),
Burger King,,"['amenity:fast_food', 'cuisine:burger']",['POI'],POINT(10.006859524787027 53.55211206450398),
Mr. CLOU,,"['amenity:fast_food', 'cuisine:juice']",['POI'],POINT(10.006945969861574 53.55353980411844),
small talk,,['amenity:pub'],['POI'],POINT(10.01034849865737 53.55200096552737),
ciao bella,,"['amenity:fast_food', 'cuisine:pizza']",['POI'],POINT(9.975296791386866 53.60100075131296),
mai-mai,,"['amenity:fast_food', 'cuisine:asian']",['POI'],POINT(9.974685389403566 53.6010704500781),
Havin Grill,,"['amenity:restaurant', 'cuisine:kebab;pizza']",['POI'],POINT(10.005995631803248 53.55258917625531),
Polterabend Hamburg,Die Location für Ihren Polterabend in Hamburg.,"['amenity:restaurant', 'bar:yes']",['POI'],POINT(10.08392628235096 53.56058931948869),
Frische Falafel Wrap,,['amenity:fast_food'],['POI'],POINT(10.00551900960859 53.551793732012165),
Dunkin',,"['amenity:fast_food', 'cuisine:donut;coffee_shop']",['POI'],POINT(10.005605081309408 53.55182136653142),
Tunnel Döner,,"['amenity:fast_food', 'cuisine:kebab']",['POI'],POINT(10.005626203347061 53.55198677269367),
Hansa Curry,,['amenity:fast_food'],['POI'],POINT(10.004845937490673 53.55216673563939),
Schlüters (Pizza & More),,"['amenity:restaurant', 'bar:no', 'cuisine:pizza']",['POI'],POINT(9.985728040471061 53.56562646118223),
Moin Moin,,['amenity:fast_food'],['POI'],POINT(10.030200105944344 53.522862513479865),
Schmidtchen,,['amenity:cafe'],['POI'],POINT(10.00856119871424 53.54973758883867),
Checkpoint,,['amenity:pub'],['POI'],POINT(9.957114878659974 53.459743869867246),
Bambus Vietnam,,"['amenity:fast_food', 'cuisine:thai;vietnamese']",['POI'],POINT(10.034539302406502 53.536220836249356),
McDonald's,,"['amenity:fast_food', 'cuisine:burger']",['POI'],POINT(10.068310993918663 53.57208233835647),
Asiahung,,"['amenity:fast_food', 'cuisine:asian']",['POI'],POINT(10.067997449999998 53.57197465),
La Bella Pizzeria,,"['amenity:restaurant', 'cuisine:italian']",['POI'],POINT(9.955181200032213 53.560925406336516),
Kutscherstube,,['amenity:fast_food'],['POI'],POINT(10.009814963327182 53.457386166357246),
BRABAND Bistro & Wein,,['amenity:restaurant'],['POI'],POINT(10.000858399999998 53.61195709999999),
Metzgerei Lesser,,"['amenity:fast_food', 'cuisine:german']",['POI'],POINT(9.889627127995423 53.47166662490652),
Pommesfreunde,,"['amenity:fast_food', 'cuisine:fries']",['POI'],POINT(10.006053439596522 53.552462767512445),
Trucker Treff,,['amenity:restaurant'],['POI'],POINT(9.913791090063958 53.51286368130356),
Hummerstand,,['amenity:restaurant'],['POI'],POINT(9.98888704950903 53.55346482147711),
Cafe Rouge,,['amenity:cafe'],['POI'],POINT(9.988612103984616 53.55358068654234),
Lindner,,['amenity:cafe'],['POI'],POINT(9.988554486679027 53.55349352920039),
Bricks,,['amenity:bar'],['POI'],POINT(9.98790980648436 53.5524705116591),
Cappino,,['amenity:cafe'],['POI'],POINT(9.98918202527675 53.55297825508607),
Uzwei - Deli,,['amenity:cafe'],['POI'],POINT(9.989507662650864 53.55232124520485),
Atelier F,,"['amenity:restaurant', 'cuisine:french']",['POI'],POINT(9.989087205823097 53.55195504661557),
Henssler at Home,,"['amenity:restaurant', 'cuisine:sushi']",['POI'],POINT(9.989859067400737 53.55228312666869),
Peter Pane,,"['amenity:restaurant', 'cuisine:burger']",['POI'],POINT(9.987484613645387 53.55131812119822),
Ikini Ramen,,"['amenity:restaurant', 'cuisine:japanese']",['POI'],POINT(9.987488449999999 53.5516836),
Kimchi Guys,,"['amenity:restaurant', 'cuisine:korean']",['POI'],POINT(9.987691968099723 53.551512251839185),
Goa Zone,,"['amenity:restaurant', 'cuisine:indian']",['POI'],POINT(9.987628124048548 53.551566031826134),
dean&david,,"['amenity:fast_food', 'cuisine:salad;sandwich']",['POI'],POINT(9.98755775 53.55162525000001),
La Tavola Calda,,"['amenity:restaurant', 'cuisine:italian']",['POI'],POINT(9.987419733064126 53.55174149945765),
arda,,"['amenity:restaurant', 'cuisine:turkish']",['POI'],POINT(9.987350316943017 53.55180000055876),
Joe & The Juice,,"['amenity:cafe', 'cuisine:coffee_shop']",['POI'],POINT(9.986993618194418 53.55190921648982),
Wunder Döner & Kumpir,,"['amenity:fast_food', 'cuisine:kebab']",['POI'],POINT(9.981607182396617 53.46073866807158),
Sosyete Lounge,Cocktail+Shisha Bar,['amenity:bar'],['POI'],POINT(10.030412172297572 53.56110709509137),
Café,,['amenity:cafe'],['POI'],POINT(10.022820597701461 53.57224352539221),
Henry's Fisch Imbiss,,"['amenity:fast_food', 'cuisine:german;fish;seafood;regional']",['POI'],POINT(9.90640107481078 53.657146590865615),
Stockhausen-Imbiss,,['amenity:fast_food'],['POI'],POINT(9.88691116696481 53.628871457953004),
Comida,,"['amenity:fast_food', 'cuisine:mexican']",['POI'],POINT(10.000311753722519 53.551911604169916),
kofookoo yam'cha,,"['amenity:restaurant', 'cuisine:asian;sushi']",['POI'],POINT(9.999457309947552 53.55167546149689),
Trattoria Vitello,,"['amenity:restaurant', 'cuisine:italian']",['POI'],POINT(9.99955004462245 53.55151094583777),
La Perla Italiana,,"['amenity:restaurant', 'cuisine:italian']",['POI'],POINT(10.000275965165756 53.55195977769092),
Perle Kebab,,"['amenity:fast_food', 'cuisine:kebab']",['POI'],POINT(9.999995585779155 53.55194347570644),
Su Ja,,"['amenity:fast_food', 'cuisine:indian']",['POI'],POINT(9.999998088308558 53.55194559937314),
Aki Running Sushi,,"['amenity:restaurant', 'cuisine:sushi']",['POI'],POINT(9.999996698261732 53.55216626062151),
L'Quán,,"['amenity:restaurant', 'cuisine:vietnamese']",['POI'],POINT(10.000037517899122 53.552141747881016),
burger BRO,,"['amenity:fast_food', 'cuisine:burger']",['POI'],POINT(10.00024813317472 53.55195489982955),
L´Orient,,"['amenity:restaurant', 'cuisine:lebanese']",['POI'],POINT(9.999850599712218 53.55210772913837),
Safran Garden,,['amenity:restaurant'],['POI'],POINT(9.999957244568819 53.551988924278106),
Classic Fisch,,"['amenity:restaurant', 'cuisine:fish']",['POI'],POINT(10.000405586703984 53.55185738900513),
poké bar,,"['amenity:fast_food', 'cuisine:poke']",['POI'],POINT(10.000598011085957 53.551704265762154),
Thai Gourmet,,"['amenity:fast_food', 'cuisine:thai']",['POI'],POINT(9.999875959911234 53.55207668403866),
Supersüß,,['amenity:cafe'],['POI'],POINT(9.999883469039787 53.551834101922864),
Kumpir König,,"['amenity:fast_food', 'cuisine:kebab']",['POI'],POINT(10.000021238043809 53.55188445352058),
immergrün,,"['amenity:fast_food', 'cuisine:sandwich;salad;juice']",['POI'],POINT(10.000212455447901 53.55200323552565),
Bodega International,,['amenity:restaurant'],['POI'],POINT(10.022940166221003 53.60261287190814),
Starbucks,,"['amenity:cafe', 'cuisine:coffee_shop']",['POI'],POINT(9.99558692371884 53.551575259927404),
scoom (closed),,['amenity:fast_food'],['POI'],POINT(9.99584809057391 53.55172576411543),
SuRolls,,"['amenity:fast_food', 'cuisine:sushi']",['POI'],POINT(9.995541280185543 53.55161711634893),
Korean Kitchen Corndog,,['amenity:fast_food'],['POI'],POINT(9.995156661408927 53.55179865959155),
Dunkin',,"['amenity:fast_food', 'cuisine:donut;coffee_shop']",['POI'],POINT(9.995468592981648 53.55161851682763),
McDonald's,,"['amenity:fast_food', 'cuisine:burger']",['POI'],POINT(9.995303618232812 53.55145648494322),
Espresso House,,"['amenity:cafe', 'cuisine:coffee_shop']",['POI'],POINT(9.997292820495241 53.55116886308686),
Pizza Hut,,"['amenity:restaurant', 'cuisine:pizza']",['POI'],POINT(9.995496031414248 53.5515374826471),
Hanoi deli,,"['amenity:fast_food', 'cuisine:vietnamese']",['POI'],POINT(9.995863375381033 53.55173490775036),
Kinneloa,,"['amenity:restaurant', 'cuisine:californian']",['POI'],POINT(9.995319298546823 53.551475349381434),
Lucacelli,,"['amenity:restaurant', 'cuisine:italian']",['POI'],POINT(9.995182663558163 53.55175356559298),
nem,,"['amenity:fast_food', 'cuisine:vietnamese']",['POI'],POINT(9.996205051744537 53.551274237400705),
Pommesfreunde,,"['amenity:fast_food', 'cuisine:fries']",['POI'],POINT(9.996070884235197 53.55127062598352),
Vincent Vegan,,"['amenity:fast_food', 'cuisine:burger']",['POI'],POINT(9.995921407067591 53.55126645889227),
bok,,"['amenity:fast_food', 'cuisine:asian']",['POI'],POINT(9.995849337103037 53.551303786502686),
poké bar,,"['amenity:fast_food', 'cuisine:poke']",['POI'],POINT(9.995789263773466 53.55136323126551),
O Street,,"['amenity:fast_food', 'cuisine:pakistani']",['POI'],POINT(9.995854011142882 53.551445770279635),
Gecko,,"['amenity:fast_food', 'cuisine:mexican']",['POI'],POINT(9.996617954018959 53.551388846439075),
immergrün,,"['amenity:fast_food', 'cuisine:sandwich;salad;juice']",['POI'],POINT(9.996666952818703 53.55142781159549),
ciao bella,,"['amenity:fast_food', 'cuisine:italian']",['POI'],POINT(9.996673941638665 53.551510497434386),
Saray,,"['amenity:fast_food', 'cuisine:kebab']",['POI'],POINT(9.996606390564967 53.5515460726827),
Sushi Bravocado,,"['amenity:fast_food', 'cuisine:sushi']",['POI'],POINT(9.996515836819041 53.55156198595663),
Chutney,,"['amenity:fast_food', 'cuisine:indian']",['POI'],POINT(9.996440430732113 53.551579900655646),
Boussi falafel,,"['amenity:fast_food', 'cuisine:falafel']",['POI'],POINT(9.996213766210602 53.55156989701157),
Sushi Supply,,['amenity:fast_food'],['POI'],POINT(10.068373163464729 53.57204368636232),
Zum lütten Foffteiner,,['amenity:fast_food'],['POI'],POINT(10.010546509882793 53.52619026537568),
Unsere Perle,,['amenity:bar'],['POI'],POINT(9.905367655573734 53.59525596995889),
Hofecafé Schröder,,"['amenity:cafe', 'cuisine:cake;german']",['POI'],POINT(10.014889103782764 53.496841435556874),
Subway,,"['amenity:fast_food', 'cuisine:sandwich']",['POI'],POINT(9.935162051936157 53.55200858281003),
Opposti,,"['amenity:restaurant', 'bar:yes', 'cuisine:pizza;burger;pasta']",['POI'],POINT(9.796832040488239 53.66246607904992),
Vincent Vegan,,"['amenity:fast_food', 'cuisine:burger']",['POI'],POINT(10.006128778652526 53.552280372484944),
Rouge Bar,"Cocktails, Longdrinks, Weine, Burlesque-Shows, Live Musik",['amenity:bar'],['POI'],POINT(10.034178665043227 53.57519073283432),
Saft Box Meile,,"['amenity:fast_food', 'cuisine:juice']",['POI'],POINT(10.033756203709224 53.57465481097248),
immergrün,,"['amenity:fast_food', 'cuisine:sandwich;salad;juice']",['POI'],POINT(10.032659536564811 53.57412800772794),
Langnese Happiness Station,,"['amenity:cafe', 'cuisine:ice_cream']",['POI'],POINT(10.03255405615221 53.57407199409773),
kumpir,,['amenity:fast_food'],['POI'],POINT(10.032768389101916 53.5741851309427),
Chutney,,"['amenity:fast_food', 'cuisine:thai']",['POI'],POINT(10.032859810408617 53.57423197121729),
bok,,"['amenity:fast_food', 'cuisine:asian']",['POI'],POINT(10.032945490392478 53.57427277514669),
Food Lounge,,['amenity:food_court'],['POI'],POINT(10.032909817484319 53.5740511254001),
Parma,,"['amenity:fast_food', 'cuisine:pizza;pasta']",['POI'],POINT(10.032694877781507 53.57396927393503),
Döner Meile,,"['amenity:fast_food', 'cuisine:kebab']",['POI'],POINT(10.032728824835841 53.57394737582292),
Pizza Hut,,"['amenity:restaurant', 'cuisine:pizza']",['POI'],POINT(10.032770110581664 53.573923123630394),
KFC,,"['amenity:fast_food', 'cuisine:chicken']",['POI'],POINT(10.032843915121555 53.57389597688562),
PommStore,,"['amenity:fast_food', 'cuisine:pomm']",['POI'],POINT(10.03307908726759 53.574186319033146),
burger BRO,,"['amenity:fast_food', 'cuisine:burger']",['POI'],POINT(10.03320537323079 53.57408655372847),
Souply,,"['amenity:restaurant', 'cuisine:asian']",['POI'],POINT(10.031560089757209 53.573562930254475),
Asia Food,,"['amenity:restaurant', 'cuisine:asian']",['POI'],POINT(10.031403800836538 53.573495345376436),
Lemon Taste,,"['amenity:restaurant', 'cuisine:asian']",['POI'],POINT(10.03147231627746 53.573517958282984),
BoBoQ,,"['amenity:cafe', 'cuisine:bubble_tea']",['POI'],POINT(10.03101375 53.57316954999999),
Oma Lilie,,"['amenity:restaurant', 'cuisine:german']",['POI'],POINT(10.030612741457507 53.57300742832512),
Mehndi,,"['amenity:restaurant', 'cuisine:indian']",['POI'],POINT(10.030738166363259 53.57308093732418),
Nordsee,,"['amenity:fast_food', 'cuisine:seafood']",['POI'],POINT(10.030876650912433 53.57315530690449),
Happy Donazz & Co,,"['amenity:fast_food', 'cuisine:donut']",['POI'],POINT(10.0294514651119 53.57234991877029),
ciao bella,,"['amenity:restaurant', 'cuisine:italian']",['POI'],POINT(10.02890541534505 53.571714126891074),
Altes Mädchen,,"['amenity:restaurant', 'bar:yes', 'cuisine:regional']",['POI'],POINT(9.968130619826312 53.563206943738294),
Café Plietsch,,['amenity:cafe'],['POI'],POINT(9.970978075744041 53.67859232179285),
Khan Mongolei,,"['amenity:restaurant', 'cuisine:asian']",['POI'],POINT(10.046689704589761 53.64252852096072),
Odo's Kaffeeklappe,,"['amenity:fast_food', 'cuisine:german']",['POI'],POINT(9.970508525077351 53.52740323470387),
König Döner,,"['amenity:fast_food', 'cuisine:kebab']",['POI'],POINT(10.092985632201938 53.65251227979575),
Porto Marina,,"['amenity:restaurant', 'cuisine:greek']",['POI'],POINT(9.953028267688161 53.622216448278095),
McDonald's,,"['amenity:fast_food', 'cuisine:burger']",['POI'],POINT(9.952398225761064 53.62236074003511),
mai-mai,,"['amenity:fast_food', 'branch:Tibarg Center', 'cuisine:asian']",['POI'],POINT(9.95172186949073 53.62255103970295),
Eiscafé Veneto,,['amenity:cafe'],['POI'],POINT(9.952026368641876 53.62241571038276),
The Eatalian,,"['amenity:restaurant', 'cuisine:italian']",['POI'],POINT(9.952180256737305 53.62223033632086),
Herz von Garstedt,,['amenity:pub'],['POI'],POINT(9.981264083766174 53.68163427227688),
Schmidtchen Palme,,['amenity:cafe'],['POI'],POINT(9.861107533747322 53.56126951642446),
Campus Suite,,"['amenity:cafe', 'branch:St  Georg Asklepios Klinik', 'cuisine:coffee_shop;sandwich']",['POI'],POINT(10.01782638395094 53.56003754836015),
Torrefactum,,['amenity:cafe'],['POI'],POINT(9.927090758346026 53.56170192953585),
GO Cafeteria,,['amenity:fast_food'],['POI'],POINT(9.883523117669654 53.55374691349862),
ohne Namen,,['amenity:food_court'],['POI'],POINT(10.009870113698083 53.49781034010612),
Schulmensa,,['amenity:fast_food'],['POI'],POINT(10.003040852979495 53.66754998840897),
Hochbahn Kantine Hummelsbüttel,,"['amenity:restaurant', 'bar:no']",['POI'],POINT(10.034372886956623 53.64772700744645),
Juno,,"['amenity:cafe', 'cuisine:coffee_shop;cake']",['POI'],POINT(9.973314952046001 53.574671216692515),
Sven-Simon-Park,,['leisure:park'],['POI'],POINT(9.7646796 53.5672937),
FuhlsGarden,A place for Urban Gardening.,['leisure:park'],['POI'],POINT(10.0519079 53.6000474),
KEBAPgarten am Bunker,Urban Gardening des KulturEnergieBunkerAltonaProjekt (KEBAP) e.V.,['leisure:garden'],['POI'],POINT(9.9518976 53.5518336),
Boberger See - FKK Liegewiese,,['leisure:park'],['POI'],POINT(10.1348197 53.5126008),
Liegewiese Boberger See,,['leisure:park'],['POI'],POINT(10.1377648 53.5153121),
Bootswerft Gustävel,,['waterway:boatyard'],['POI'],POINT(10.012342 53.5862288),
Japanischer Landschaftsgarten,,['leisure:garden'],['POI'],POINT(9.9873388 53.5600014),
Bootswerft Daniel Reich,,['waterway:boatyard'],['POI'],POINT(10.0131697 53.5865913),
Eichbaumpark,,['leisure:park'],['POI'],POINT(10.1011214 53.4841824),
Sinnesgarten,,"['leisure:garden', 'access:permissive']",['POI'],POINT(9.7569073 53.591289),
Hofgarten,,"['leisure:garden', 'access:permissive']",['POI'],POINT(9.756272 53.5905707),
Knief-Bootswerft,,['waterway:boatyard'],['POI'],POINT(9.9914995 53.4715216),
Schulgarten,,['leisure:garden'],['POI'],POINT(10.1022828 53.6391154),
Hochbeet,,['leisure:garden'],['POI'],POINT(10.0442143 53.6022466),
Rückhaltebecken,,"['natural:water', 'water:basin']",['POI'],POINT(9.956623742264295 53.602931119177605),
Regenrückhaltebecken Niendorfer Gehege,,"['natural:water', 'water:basin']",['POI'],POINT(9.919926258690372 53.60941246673364),
Feddersenteich,,['natural:water'],['POI'],POINT(9.958354884035012 53.60297183882286),
Kleiner Teich,,['natural:water'],['POI'],POINT(10.153878870702515 53.65167401834757),
Brack,,['landuse:meadow'],['POI'],POINT(10.121200417410837 53.44061984453248),
Steingarten,,"['leisure:garden', 'access:no']",['POI'],POINT(9.862996861557853 53.561978709739165),
Lohbekteich,,['natural:water'],['POI'],POINT(9.957179830977747 53.59514464416851),
Großer Vogelteich,,['natural:water'],['POI'],POINT(9.935835976978385 53.59532794079284),
Bahrenfelder See,,['natural:water'],['POI'],POINT(9.898584411743911 53.56637348320878),
P+R Neuwiedenthal,,"['access:yes', 'landuse:grass']",['POI'],POINT(9.876143204729686 53.472763691828256),
Liliencronteich,,['natural:water'],['POI'],POINT(10.153360011859698 53.59966830100198),
Rinas-Teich,,['natural:water'],['POI'],POINT(10.142791189987848 53.695071801834246),
Kleiner Fischteich,,['natural:water'],['POI'],POINT(9.752257973828163 53.59454151152551),
Regenwasserrückhaltebecken Brookgraben,,"['natural:water', 'water:basin']",['POI'],POINT(9.925511452694906 53.620669164291094),
Hühnermoor,,['natural:water'],['POI'],POINT(10.112572144214635 53.64411368484954),
Platz der jüdischen Deportierten,,['leisure:park'],['POI'],POINT(9.98661248506693 53.563618878802934),
Licentiatenberg,,['leisure:park'],['POI'],POINT(9.994554281326705 53.57911551142182),
Dorfteich,,['natural:water'],['POI'],POINT(10.166898498028154 53.649960208769734),
Hindenburgteich,,['natural:water'],['POI'],POINT(10.077758655406916 53.64282198778181),
Kuhteich,,['natural:water'],['POI'],POINT(10.078566304979214 53.64246357838725),
Molchteich,,"['natural:water', 'water:lake']",['POI'],POINT(9.76364463279193 53.56720734665692),
Else-Rauch-Platz,,['leisure:park'],['POI'],POINT(9.946794889317458 53.58113218440154),
Stubbe Brack,,['natural:water'],['POI'],POINT(10.214213687394015 53.427362089243196),
Kückenbrack,,['natural:water'],['POI'],POINT(10.238576965759934 53.41046466154484),
Rieckmersbrack,,['natural:water'],['POI'],POINT(10.242369823695752 53.40930922408195),
Albersbrack,,['natural:water'],['POI'],POINT(10.243233860711335 53.40919143036028),
Langenbrack,,['natural:water'],['POI'],POINT(10.241098691322385 53.40846427377737),
Lohmühlenpark,,['leisure:park'],['POI'],POINT(10.020790246708092 53.55653760573974),
Lohmühlenpark,,['leisure:park'],['POI'],POINT(10.019406604179228 53.557377533092335),
Seebek,,['natural:water'],['POI'],POINT(10.06152635227398 53.59259590661333),
August-Bebel-Park,,['leisure:park'],['POI'],POINT(10.01055775222098 53.55060493823002),
Regenwasserrückhaltebecken Lüttenredder,,"['natural:water', 'water:basin']",['POI'],POINT(9.915491325368937 53.646560527874826),
Modellbootbecken,,"['natural:water', 'water:pond']",['POI'],POINT(10.029610859568457 53.59216956048784),
Hundewiese,,"['leisure:dog_park', 'natural:grassland']",['POI'],POINT(10.065472705123575 53.58465716607438),
Rosengarten,,['leisure:garden'],['POI'],POINT(10.062186443872926 53.583776230519035),
Antonipark,de:Antonipark,['leisure:park'],['POI'],POINT(9.957138287941952 53.54630788928615),
Spielplatz Silbersackstraße,,"['leisure:park', 'access:yes']",['POI'],POINT(9.958803053789799 53.548721347443994),
Park Lehmweg,,['leisure:park'],['POI'],POINT(9.977698653956452 53.57984410928894),
Bauernhafen Neuwerk,Fällt bei Niedrigwasser trocken,"['natural:water', 'water:canal']",['POI'],POINT(8.494835470184038 53.9131059671226),
Heliport Neuwerk,,['landuse:grass'],['POI'],POINT(8.497798425261927 53.914620708890986),
Kleine Flottbek,,"['natural:water', 'water:pond']",['POI'],POINT(9.858449819878796 53.551901403411215),
Rosengarten für die Kinder vom Bullenhuser Damm,,['leisure:park'],['POI'],POINT(10.047408337797837 53.54125074769265),
Brack,,['natural:water'],['POI'],POINT(9.800137079621232 53.52192478996223),
Herren-Brack,,['natural:water'],['POI'],POINT(10.077454085663959 53.47474086173014),
Langen-Brack,,['natural:water'],['POI'],POINT(10.074331194651021 53.473703996067364),
Tannenhofteich,,['natural:water'],['POI'],POINT(10.08589762552995 53.6860281939903),
Muusdiek,,['natural:water'],['POI'],POINT(10.133262635078903 53.67340970753842),
Heiddiek,,['natural:water'],['POI'],POINT(10.124938976604206 53.67871680245305),
Apothekergarten,,['leisure:garden'],['POI'],POINT(9.979279523767723 53.563534059148594),
Grootsee,,['natural:water'],['POI'],POINT(9.955033083473166 53.643699936132215),
Annemarie-Dose-Park,,['leisure:park'],['POI'],POINT(9.97714921114148 53.57088682609636),
Brack,,['natural:water'],['POI'],POINT(10.04198754689052 53.49328651978666),
Teich am Campingplatz,,['natural:water'],['POI'],POINT(9.765706646875685 53.565051815873204),
Bredeneschteich,,['natural:water'],['POI'],POINT(10.125190149836753 53.66829574874306),
Rückhaltebecken Kronsaalsweg,,"['natural:water', 'water:reservoir']",['POI'],POINT(9.913733646579304 53.59782172862586),
Flutbrack 1962,,['natural:water'],['POI'],POINT(9.878138474843622 53.501637742404455),
Nymphensee,,"['natural:water', 'water:pond']",['POI'],POINT(10.112991472819516 53.591663850839126),
Schulgarten Eduardstraße,,['leisure:garden'],['POI'],POINT(9.94760025690293 53.57229226309599),
Schulgarten,,['leisure:garden'],['POI'],POINT(10.040786149999999 53.647492549999996),
Henry-Vahl-Park,,['leisure:park'],['POI'],POINT(9.953903014062021 53.57646274126867),
Licentiatenberg,,['leisure:park'],['POI'],POINT(9.98315814305046 53.61438169887141),
Kuhteich,,['natural:water'],['POI'],POINT(9.851023606876462 53.44510628369547),
Flethmannsteich,,['natural:water'],['POI'],POINT(10.158809071076886 53.64871156909682),
Honartsdeicher Wettern,,['natural:water'],['POI'],POINT(10.010622813138443 53.51353055960364),
Brack,,['natural:water'],['POI'],POINT(10.045659131196478 53.473602573624554),
Eva-Hesse-Park,,['leisure:park'],['POI'],POINT(9.981539130944574 53.57279539609411),
Rückhaltebecken Langenhorst,,"['natural:water', 'water:basin']",['POI'],POINT(9.95033717554166 53.60980802617192),
Lehmkuhle,,"['natural:water', 'water:pond']",['POI'],POINT(10.146557445100207 53.61715963380007),
Ernst-Cassirer-Park,,['leisure:park'],['POI'],POINT(9.988990906141671 53.56344328136877),
Lüttkampanger,,['leisure:park'],['POI'],POINT(9.883460543028505 53.59801701611873),
Rückhaltebecken,,"['natural:water', 'water:reservoir']",['POI'],POINT(10.186194163153365 53.502302648096126),
Rückhaltebecken,,"['natural:water', 'water:reservoir']",['POI'],POINT(10.184224097870631 53.50119774198909),
Brack,,['natural:water'],['POI'],POINT(8.504448844462171 53.92306820083061),
Park an der russischen Kirche,,['leisure:park'],['POI'],POINT(9.947486824275023 53.584052480480295),
Alsterufer - Warburgstraße,,['leisure:park'],['POI'],POINT(9.996955119902816 53.56309734616827),
Großer Halenreienteich,,['natural:water'],['POI'],POINT(10.161145404750334 53.65482345013448),
Ilandteich,,['natural:water'],['POI'],POINT(10.109560514181043 53.66382145894336),
Mühlenteich,,['natural:water'],['POI'],POINT(9.821810465446632 53.55563605803253),
Krötenteich,,"['natural:water', 'water:pond']",['POI'],POINT(9.822833169436299 53.464249044067635),
Münchsteich,,['natural:water'],['POI'],POINT(10.200620764426587 53.62372165515391),
Krintendiek,,['natural:water'],['POI'],POINT(10.131163595849024 53.6748211818584),
Rückhaltebecken,,['natural:water'],['POI'],POINT(10.094432917310767 53.61773191402854),
Ohl-Dörp-Ring,,['leisure:park'],['POI'],POINT(9.947572642147293 53.62075184130493),
Kleiner Halenreienteich,,['natural:water'],['POI'],POINT(10.159818765955377 53.65425347205299),
Kirchpark,,['leisure:park'],['POI'],POINT(9.948468571280266 53.61711110126794),
Eichen-Teich,,"['natural:water', 'water:pond']",['POI'],POINT(9.936367443377847 53.6106361238481),
Ohl-Dörp-Ring,,['leisure:park'],['POI'],POINT(9.954377823643616 53.62447578240691),
Düp-Ring,,['leisure:park'],['POI'],POINT(9.955903537815137 53.62608921756768),
Rückhaltebecken Vierenkamp I,,"['natural:water', 'water:reservoir']",['POI'],POINT(9.973943279385514 53.64391858588179),
Rückhaltebecken Vierenkampteich II,,"['natural:water', 'water:reservoir']",['POI'],POINT(9.976891367595487 53.6407944637632),
Ugleisee,,['natural:water'],['POI'],POINT(10.101050516602442 53.57566164760873),
ATG Alsterwerft,,"['waterway:boatyard', 'landuse:commercial']",['POI'],POINT(10.025914900677357 53.58409902697803),
Sülldorfer Schulteich,,['natural:water'],['POI'],POINT(9.791422033334136 53.584819038849304),
Hundeauslaufgebiet,,"['leisure:dog_park', 'landuse:meadow']",['POI'],POINT(9.95554380140644 53.620439242321794),
Rückhaltebecken Suckweg,,"['natural:water', 'water:reservoir']",['POI'],POINT(9.988315935497665 53.65577406241749),
Rückhaltebecken,,"['natural:water', 'water:basin']",['POI'],POINT(9.900224572828169 53.63384760624447),
Rückhaltebecken,,"['natural:water', 'water:basin']",['POI'],POINT(9.89916961883065 53.63457821287087),
NABU-Naturgarten,,['leisure:garden'],['POI'],POINT(9.994623558106978 53.601345843822905),
Regenwasserrückhaltebecken Burgwedelkamp,,"['natural:water', 'water:basin']",['POI'],POINT(9.913349701088999 53.64116635074774),
Garten Alma de l'Aigle,de:Garten de l’Aigle,"['leisure:garden', 'access:yes', 'protection_title:nature_monument']",['POI'],POINT(9.979838338715263 53.59937057977098),
Füerbarg,,['landuse:forest'],['POI'],POINT(10.129023565752739 53.657082003985074),
Schumannpark,,['landuse:meadow'],['POI'],POINT(9.91624998361768 53.610042977885264),
Rückhaltebecken Duvenacker,,"['natural:water', 'water:basin']",['POI'],POINT(9.91333001014876 53.61374343930766),
Bewegungsräume Lenzsiedlung,,['leisure:park'],['POI'],POINT(9.951490498545692 53.58468678559847),
Stennerteich,,"['natural:water', 'water:pond']",['POI'],POINT(9.7493852797693 53.5895749935654),
Dock 6,,['waterway:dock'],['POI'],POINT(9.95627846887731 53.54194598813879),
Grünanlage Grelckstraße,,['leisure:park'],['POI'],POINT(9.954369045805732 53.60033200744121),
Stoltenpark,,"['leisure:park', 'landuse:grass']",['POI'],POINT(10.029496384137934 53.549610160033254),
Park Bei der Apostelkirche,,['leisure:park'],['POI'],POINT(9.943921043596157 53.57574481435677),
Nordteich,,['natural:water'],['POI'],POINT(10.042915945622006 53.625781434468934),
Dock II,,['waterway:dock'],['POI'],POINT(9.97446766994804 53.53568754238481),
Rückhaltebecken Hagendeel,,"['natural:water', 'water:basin']",['POI'],POINT(9.945415731635322 53.6047328439061),
Herbstscher Park,,['leisure:park'],['POI'],POINT(9.973793921823733 53.60822239177745),
Jungmanninsel,,"['leisure:park', 'natural:wood']",['POI'],POINT(10.019947875957293 53.67440621056573),
Grünanlage Försterweg,,['leisure:park'],['POI'],POINT(9.932726007815312 53.579278524894804),
Uhlenbuschbrack,,"['natural:water', 'water:pond']",['POI'],POINT(9.992412853275004 53.491242603687084),
Naturschutzgebiet Raakmoor,,"['natural:wood', 'landuse:forest']",['POI'],POINT(10.041226427165558 53.65248754384612),
Hohe Landwehr,,['leisure:park'],['POI'],POINT(10.040064033872577 53.55858408514149),
Brack,,"['natural:water', 'water:pond']",['POI'],POINT(10.141126707666354 53.501174885787364),
Vierzigstücken-Brack,,['natural:water'],['POI'],POINT(9.831534851726023 53.50988165086131),
Max-Schmeling-Park,,['leisure:park'],['POI'],POINT(9.979070790959911 53.458852141829404),
Rathausteich,,['natural:water'],['POI'],POINT(9.994583197443538 53.49874317135148),
Kräutergarten,,['leisure:garden'],['POI'],POINT(10.061296612297998 53.558847463166686),
Kleine Flottbek,,"['natural:water', 'water:pond']",['POI'],POINT(9.857524915111808 53.552643809306474),
Wolfgang-Borchert-Park,,['leisure:park'],['POI'],POINT(9.987690705868367 53.59151408475718),
Lindenpark,,['leisure:park'],['POI'],POINT(9.961515620330495 53.56479636850091),
Permakultur-Garten,,['leisure:garden'],['POI'],POINT(9.901355318748479 53.576645686150705),
Heckengarten,,['leisure:garden'],['POI'],POINT(9.919967163807064 53.54561926508181),
Alsterpark Außenalster,,['leisure:park'],['POI'],POINT(10.00365463903752 53.55632780706217),
Callabrack,,['natural:water'],['POI'],POINT(10.008537871795834 53.48348730087539),
Seehundteich,Ehemaliges Seehundbecken des Fährhauses Wittenbergen,['natural:water'],['POI'],POINT(9.754648910570186 53.56477292561207),
Wittenbergener Teich,,['natural:water'],['POI'],POINT(9.755302574258655 53.56539610846853),
Kohdiek,,['natural:water'],['POI'],POINT(10.135019903571768 53.671417700427625),
Amphitheater im Römischen Garten,,['landuse:meadow'],['POI'],POINT(9.786617096783303 53.56114947129033),
Grachtenteich,,"['natural:water', 'water:canal']",['POI'],POINT(10.174625621032721 53.4838393506183),
Regenwasserrückhaltebecken Grothwisch,,"['natural:water', 'water:basin']",['POI'],POINT(9.917322525465636 53.65136200440211),
Biotop,,"['natural:water', 'water:lake']",['POI'],POINT(10.084455678362882 53.5610002430375),
Kiebitzmoor,,['natural:water'],['POI'],POINT(10.195899971462461 53.64648421954389),
Brack,,['natural:water'],['POI'],POINT(10.146549978072478 53.419469139695416),
Teich,,['natural:water'],['POI'],POINT(10.145450294944617 53.4197147300794),
Brack,,['natural:water'],['POI'],POINT(10.155674229192226 53.45279560526882),
Brack,,['natural:water'],['POI'],POINT(10.124051173078264 53.462770937834875),
Uhlenbuschbrack,,"['natural:water', 'water:pond']",['POI'],POINT(9.991983665235669 53.49036636702519),
Waldbühne,,['landuse:grass'],['POI'],POINT(9.906487599936238 53.580095917640485),
Künstlicher Priel,,"['natural:water', 'water:river']",['POI'],POINT(10.13405868050806 53.42486830043363),
Puvogel-Garten,,['leisure:park'],['POI'],POINT(10.07016217122104 53.57243043073567),
Pauluswiese,,['landuse:grass'],['POI'],POINT(9.82287174626951 53.56207867738061),
Schulteich,,"['natural:water', 'water:pond']",['POI'],POINT(9.96438935620749 53.436189874020606),
Nachbarschaftsgarten Waldgarten/Vorwerkstift,,['leisure:garden'],['POI'],POINT(9.970366464348874 53.55912292230787),
Altengammer Hafen,,['natural:water'],['POI'],POINT(10.302056912687418 53.43543103865617),
Bei der Friedenseiche,,['leisure:park'],['POI'],POINT(9.940444053962894 53.554048065562405),
Spielplatz „Rollerbahn“,,"['leisure:park', 'access:yes']",['POI'],POINT(10.06883788510266 53.58555127455858),
Monterosa Teich,,"['natural:water', 'water:pond']",['POI'],POINT(10.13429188090789 53.640132642965604),
Ohlendörpskoppel,,['landuse:meadow'],['POI'],POINT(10.078549224363876 53.65764143001142),
Grünzug Eilbek,,['leisure:park'],['POI'],POINT(10.046707522218146 53.5666812822118),
Grünzug Eilbek,,['leisure:park'],['POI'],POINT(10.050445778807875 53.56689919900958),
Grünzug Eilbek,,['leisure:park'],['POI'],POINT(10.044538417896746 53.56650378126036),
Grünzug Eilbek,,['leisure:park'],['POI'],POINT(10.049003039744786 53.56676813134215),
Harburger Brücken Grünzug Nord,,['leisure:park'],['POI'],POINT(9.987183870624916 53.46452980098549),
Kuehnbachteich,,"['natural:water', 'water:pond']",['POI'],POINT(10.128744069492738 53.58171124945636),
Sternenpark,,['leisure:park'],['POI'],POINT(10.13394876947146 53.578857875376976),
Schafwiese,,['landuse:meadow'],['POI'],POINT(10.11145874892939 53.63033266235552),
Galgenbrack,,"['natural:water', 'water:pond']",['POI'],POINT(10.003160010465576 53.49024272477409),
Phylogenetische Uhr,Das neue System im Botanischen Garten ist als Phylogenetische Uhr konzipiert. Die Anordnung der Pflanzenordnungen innerhalb der Sektoren orientiert sich an den aktuellsten molekularsystematischen Ergebnissen der so genannten Angiosperm Phylogeny Group.,['leisure:park'],['POI'],POINT(9.86167699685428 53.563100356171724),
Rosengarten,,['leisure:park'],['POI'],POINT(9.86249362763415 53.5615877734784),
Bauerngarten,,['leisure:park'],['POI'],POINT(9.857862590532656 53.56166690867007),
Apothekergarten,,['leisure:park'],['POI'],POINT(9.858380049965746 53.561705700428455),
Rodelbahn,,['natural:grassland'],['POI'],POINT(10.233092604419179 53.493560146532076),
Venusgarten,,['leisure:garden'],['POI'],POINT(9.97731009292483 53.5467978417219),
Tansania-Park,de:Tansania-Park,['leisure:park'],['POI'],POINT(10.134100201254535 53.58380134995543),
Sandtorpark,,['leisure:park'],['POI'],POINT(9.994230115295325 53.542507095464025),
Grünzug Dulsberg,,['leisure:park'],['POI'],POINT(10.060414355826488 53.58325872017053),
Elsa-Bromeis-Kanal,,"['natural:water', 'water:canal']",['POI'],POINT(9.999306530626981 53.49943127862104),
Pyrenäen,,['leisure:park'],['POI'],POINT(9.859629297388263 53.5636210181977),
Kameliental,,['leisure:park'],['POI'],POINT(9.858501957848679 53.56329256421362),
Künstlicher Priel,,"['natural:water', 'water:river']",['POI'],POINT(10.115653716699944 53.42692564935745),
Lüttge-Garten,,['leisure:garden'],['POI'],POINT(9.944113335859424 53.6030487254263),
Japanische Insel,,['leisure:garden'],['POI'],POINT(9.937653310827057 53.597122275747495),
Heckentheater,,['landuse:grass'],['POI'],POINT(10.01128724907909 53.59439602231863),
Aqua Soccer,,"['leisure:pitch', 'natural:water', 'water:basin']",['POI'],POINT(10.003798142793139 53.49276576334599),
Maakenwerder Hafen,,['natural:water'],['POI'],POINT(9.924369914098836 53.53840005314288),
Johannisplatz,,"['leisure:park', 'access:yes']",['POI'],POINT(9.85337993498463 53.478696145775615),
Elsa-Bromeis-Kanal,,"['natural:water', 'water:canal']",['POI'],POINT(10.000006874129584 53.497281227320514),
Harburger Brücken Grünzug Süd,,['leisure:park'],['POI'],POINT(9.98660061740136 53.462898145467804),
Bismarckstein Park,,['leisure:park'],['POI'],POINT(9.794092328066778 53.56106598616385),
16,,"['leisure:garden', 'access:private', 'landuse:orchard']",['POI'],POINT(10.17647518165001 53.58507766968867),
15,,"['leisure:garden', 'access:private', 'landuse:orchard']",['POI'],POINT(10.176433673775145 53.585215676028504),
17,,"['leisure:garden', 'access:private', 'landuse:orchard']",['POI'],POINT(10.176511586345026 53.58494872765706),
18,,"['leisure:garden', 'access:private', 'landuse:orchard']",['POI'],POINT(10.176439239244601 53.58482829032503),
14,,"['leisure:garden', 'access:private', 'landuse:orchard']",['POI'],POINT(10.17639699277672 53.58535425969716),
13,,"['leisure:garden', 'access:private', 'landuse:orchard']",['POI'],POINT(10.176359022985281 53.58549001817371),
12,,"['leisure:garden', 'access:private', 'landuse:orchard']",['POI'],POINT(10.176318029622054 53.585623441033746),
11,,"['leisure:garden', 'access:private', 'landuse:orchard']",['POI'],POINT(10.176275371401442 53.585762710815494),
4,,"['leisure:garden', 'access:private', 'landuse:orchard']",['POI'],POINT(10.175970316739836 53.585734244692965),
5,,"['leisure:garden', 'access:private', 'landuse:orchard']",['POI'],POINT(10.176013605417808 53.58559390470817),
6,,"['leisure:garden', 'access:private', 'landuse:orchard']",['POI'],POINT(10.176056513491597 53.585460267892),
7,,"['leisure:garden', 'access:private', 'landuse:orchard']",['POI'],POINT(10.17609422809728 53.58532337135431),
8,,"['leisure:garden', 'access:private', 'landuse:orchard']",['POI'],POINT(10.176131199359025 53.5851817558996),
9,,"['leisure:garden', 'access:private', 'landuse:orchard']",['POI'],POINT(10.176169511476173 53.58504330299345),
10,,"['leisure:garden', 'access:private', 'landuse:orchard']",['POI'],POINT(10.176210131562794 53.584913392625545),
1,,"['leisure:garden', 'access:private', 'landuse:orchard']",['POI'],POINT(10.176801862203408 53.58603613991863),
2,,"['leisure:garden', 'access:private', 'landuse:orchard']",['POI'],POINT(10.177018419254289 53.5860615754369),
3,,"['leisure:garden', 'access:private', 'landuse:orchard']",['POI'],POINT(10.177235415317513 53.586085166861864),
27,,"['leisure:garden', 'access:private', 'landuse:orchard']",['POI'],POINT(10.176910684895239 53.58582408954432),
28,,"['leisure:garden', 'access:private', 'landuse:orchard']",['POI'],POINT(10.17695836578614 53.58567780207975),
29,,"['leisure:garden', 'access:private', 'landuse:orchard']",['POI'],POINT(10.176998487029746 53.58554525292377),
30,,"['leisure:garden', 'access:private', 'landuse:orchard']",['POI'],POINT(10.177035478631497 53.58541560332444),
31,,"['leisure:garden', 'access:private', 'landuse:orchard']",['POI'],POINT(10.177072483137007 53.585276298720444),
32,,"['leisure:garden', 'access:private', 'landuse:orchard']",['POI'],POINT(10.177111212120913 53.58513711381476),
33,,"['leisure:garden', 'access:private', 'landuse:orchard']",['POI'],POINT(10.177148755641706 53.585007294615906),
34,,"['leisure:garden', 'access:private', 'landuse:orchard']",['POI'],POINT(10.177188034876853 53.58487522243333),
19,,"['leisure:garden', 'access:private', 'landuse:orchard']",['POI'],POINT(10.176602408209408 53.5857933232368),
20,,"['leisure:garden', 'access:private', 'landuse:orchard']",['POI'],POINT(10.176650333471512 53.5856464965432),
21,,"['leisure:garden', 'access:private', 'landuse:orchard']",['POI'],POINT(10.176695898240332 53.5855157695343),
22,,"['leisure:garden', 'access:private', 'landuse:orchard']",['POI'],POINT(10.176731439427302 53.58538644864132),
23,,"['leisure:garden', 'access:private', 'landuse:orchard']",['POI'],POINT(10.176770150288629 53.585246899673926),
24,,"['leisure:garden', 'access:private', 'landuse:orchard']",['POI'],POINT(10.176808202756918 53.585107211303544),
25,,"['leisure:garden', 'access:private', 'landuse:orchard']",['POI'],POINT(10.176844539256763 53.58497812538409),
26,,"['leisure:garden', 'access:private', 'landuse:orchard']",['POI'],POINT(10.176882327917927 53.58485489745098),
Schinkelplatz,,['leisure:park'],['POI'],POINT(10.013237647715364 53.58294781745478),
Bootswerft Neuengamme,,['waterway:boatyard'],['POI'],POINT(10.199758042314883 53.46489423367906),
Grüne Mitte Heimfeld,,['leisure:park'],['POI'],POINT(9.956757469768556 53.4658229927021),
Kirchenwiese,,['landuse:grass'],['POI'],POINT(9.892745814673361 53.552812074695396),
Löschplatz,,['landuse:grass'],['POI'],POINT(10.05033890582395 53.5446553807873),
Regenrückhaltebecken Koppelstraße,,"['natural:water', 'water:basin']",['POI'],POINT(9.935832440341773 53.59293934534279),
BUND Naturerlebnisgarten,,"['leisure:garden', 'access:customers']",['POI'],POINT(9.998522814530428 53.48588074668306),
Schulgarten,,['leisure:garden'],['POI'],POINT(10.011831166700937 53.58653320072864),
47,,"['leisure:garden', 'access:private', 'landuse:orchard']",['POI'],POINT(10.177283708369693 53.58467464754109),
48,,"['leisure:garden', 'access:private', 'landuse:orchard']",['POI'],POINT(10.177069141576862 53.584661355177296),
49,,"['leisure:garden', 'access:private', 'landuse:orchard']",['POI'],POINT(10.176820450469256 53.584646339971286),
Festwiese,,"['access:private', 'landuse:grass']",['POI'],POINT(10.176413778551558 53.58462792520715),
50,,"['leisure:garden', 'access:private', 'landuse:orchard']",['POI'],POINT(10.176368506745947 53.58440628391259),
51,,"['leisure:garden', 'access:private', 'landuse:orchard']",['POI'],POINT(10.176608776389546 53.58442811036108),
52,,"['leisure:garden', 'access:private', 'landuse:orchard']",['POI'],POINT(10.176834749407998 53.58444753283859),
53,,"['leisure:garden', 'access:private', 'landuse:orchard']",['POI'],POINT(10.177066978490112 53.58446798582046),
54,,"['leisure:garden', 'access:private', 'landuse:orchard']",['POI'],POINT(10.177309492711727 53.58448983412291),
55,,"['leisure:garden', 'access:private', 'landuse:orchard']",['POI'],POINT(10.17735351518381 53.58431595415608),
56,,"['leisure:garden', 'access:private', 'landuse:orchard']",['POI'],POINT(10.177111501033599 53.584294388552905),
57,,"['leisure:garden', 'access:private', 'landuse:orchard']",['POI'],POINT(10.176878496777785 53.58427455917507),
58,,"['leisure:garden', 'access:private', 'landuse:orchard']",['POI'],POINT(10.176651580946816 53.58425515771979),
59,,"['leisure:garden', 'access:private', 'landuse:orchard']",['POI'],POINT(10.17641318411347 53.584236938219966),
43,,"['leisure:garden', 'access:private', 'landuse:orchard']",['POI'],POINT(10.177583749519577 53.58470951142147),
44,,"['leisure:garden', 'access:private', 'landuse:orchard']",['POI'],POINT(10.177625624058997 53.584594114971694),
45,,"['leisure:garden', 'access:private', 'landuse:orchard']",['POI'],POINT(10.177657598395545 53.58447914320576),
46,,"['leisure:garden', 'access:private', 'landuse:orchard']",['POI'],POINT(10.177682955046084 53.58435440314203),
80,,"['leisure:garden', 'access:private', 'landuse:orchard']",['POI'],POINT(10.176478653847514 53.58402984158505),
81,,"['leisure:garden', 'access:private', 'landuse:orchard']",['POI'],POINT(10.176514348383867 53.58390459424561),
82,,"['leisure:garden', 'access:private', 'landuse:orchard']",['POI'],POINT(10.176548806083238 53.58377576599788),
83,,"['leisure:garden', 'access:private', 'landuse:orchard']",['POI'],POINT(10.176580495373921 53.58365316815681),
84,,"['leisure:garden', 'access:private', 'landuse:orchard']",['POI'],POINT(10.17661164082916 53.583535383304216),
85,,"['leisure:garden', 'access:private', 'landuse:orchard']",['POI'],POINT(10.17664381608975 53.58341063794758),
60,,"['leisure:garden', 'access:private', 'landuse:orchard']",['POI'],POINT(10.176851848694817 53.58406474904868),
61,,"['leisure:garden', 'access:private', 'landuse:orchard']",['POI'],POINT(10.177084406091604 53.58408555700947),
62,,"['leisure:garden', 'access:private', 'landuse:orchard']",['POI'],POINT(10.17729595 53.584104450000005),
63,,"['leisure:garden', 'access:private', 'landuse:orchard']",['POI'],POINT(10.177517845557343 53.58412345584421),
64,,"['leisure:garden', 'access:private', 'landuse:orchard']",['POI'],POINT(10.177753648101461 53.58414276557469),
69,,"['leisure:garden', 'access:private', 'landuse:orchard']",['POI'],POINT(10.176895692332112 53.58386836406872),
68,,"['leisure:garden', 'access:private', 'landuse:orchard']",['POI'],POINT(10.177126283421638 53.583887134293136),
67,,"['leisure:garden', 'access:private', 'landuse:orchard']",['POI'],POINT(10.177337172865585 53.58390643444976),
66,,"['leisure:garden', 'access:private', 'landuse:orchard']",['POI'],POINT(10.177560264179675 53.58392431177043),
65,,"['leisure:garden', 'access:private', 'landuse:orchard']",['POI'],POINT(10.177802142328956 53.58394487244583),
70,,"['leisure:garden', 'access:private', 'landuse:orchard']",['POI'],POINT(10.17694369296046 53.583648295694594),
71,,"['leisure:garden', 'access:private', 'landuse:orchard']",['POI'],POINT(10.177171840271559 53.583667103906),
72,,"['leisure:garden', 'access:private', 'landuse:orchard']",['POI'],POINT(10.177388833694836 53.583684619978605),
73,,"['leisure:garden', 'access:private', 'landuse:orchard']",['POI'],POINT(10.177613670442009 53.58370221187448),
74,,"['leisure:garden', 'access:private', 'landuse:orchard']",['POI'],POINT(10.177853331028047 53.583720547386946),
75,,"['leisure:garden', 'access:private', 'landuse:orchard']",['POI'],POINT(10.177900335294783 53.5835401173128),
76,,"['leisure:garden', 'access:private', 'landuse:orchard']",['POI'],POINT(10.17766206403476 53.583520031172355),
77,,"['leisure:garden', 'access:private', 'landuse:orchard']",['POI'],POINT(10.17743349406005 53.58350309313773),
78,,"['leisure:garden', 'access:private', 'landuse:orchard']",['POI'],POINT(10.177210697494493 53.583484753561805),
79,,"['leisure:garden', 'access:private', 'landuse:orchard']",['POI'],POINT(10.176981412371427 53.583466049763935),
35,,"['leisure:garden', 'access:private', 'landuse:orchard']",['POI'],POINT(10.177242459329506 53.58585848975576),
36,,"['leisure:garden', 'access:private', 'landuse:orchard']",['POI'],POINT(10.177285385662431 53.58571121665283),
37,,"['leisure:garden', 'access:private', 'landuse:orchard']",['POI'],POINT(10.177322417790121 53.58557586983085),
38,,"['leisure:garden', 'access:private', 'landuse:orchard']",['POI'],POINT(10.177356330486935 53.58544718624394),
39,,"['leisure:garden', 'access:private', 'landuse:orchard']",['POI'],POINT(10.177395050187094 53.58531285541263),
40,,"['leisure:garden', 'access:private', 'landuse:orchard']",['POI'],POINT(10.17743499282654 53.585174645576444),
41,,"['leisure:garden', 'access:private', 'landuse:orchard']",['POI'],POINT(10.177474340729045 53.5850420716184),
42,,"['leisure:garden', 'access:private', 'landuse:orchard']",['POI'],POINT(10.177512515557009 53.584912494593084),
86,,"['leisure:garden', 'access:private', 'landuse:orchard']",['POI'],POINT(10.17254426883389 53.58575122714286),
88,,"['leisure:garden', 'access:private', 'landuse:orchard']",['POI'],POINT(10.172562119880956 53.585567612315444),
90,,"['leisure:garden', 'access:private', 'landuse:orchard']",['POI'],POINT(10.172584040094447 53.585435806203066),
92,,"['leisure:garden', 'access:private', 'landuse:orchard']",['POI'],POINT(10.172605891738357 53.58532761836981),
94,,"['leisure:garden', 'access:private', 'landuse:orchard']",['POI'],POINT(10.172629368173563 53.58522123900383),
96,,"['leisure:garden', 'access:private', 'landuse:orchard']",['POI'],POINT(10.172653677860671 53.58511712769886),
98,,"['leisure:garden', 'access:private', 'landuse:orchard']",['POI'],POINT(10.172680503145305 53.585004483569755),
100,,"['leisure:garden', 'access:private', 'landuse:orchard']",['POI'],POINT(10.172706123119191 53.58489156134118),
102,,"['leisure:garden', 'access:private', 'landuse:orchard']",['POI'],POINT(10.172733996588429 53.584764018062465),
87,,"['leisure:garden', 'access:private', 'landuse:orchard']",['POI'],POINT(10.172096286155528 53.58552985017023),
89,,"['leisure:garden', 'access:private', 'landuse:orchard']",['POI'],POINT(10.172129688735733 53.585409814551),
91,,"['leisure:garden', 'access:private', 'landuse:orchard']",['POI'],POINT(10.172160404185924 53.58530472857542),
93,,"['leisure:garden', 'access:private', 'landuse:orchard']",['POI'],POINT(10.172188437873842 53.58519607274555),
95,,"['leisure:garden', 'access:yes', 'landuse:orchard']",['POI'],POINT(10.172220366157518 53.5850855663639),
97,,"['leisure:garden', 'access:private', 'landuse:orchard']",['POI'],POINT(10.172250777482102 53.58497397204592),
99,,"['leisure:garden', 'access:private', 'landuse:orchard']",['POI'],POINT(10.172283553515674 53.58486647212371),
101,,"['leisure:garden', 'access:private', 'landuse:orchard']",['POI'],POINT(10.1723200778646 53.58474589962764),
Bauerngarten,,['leisure:garden'],['POI'],POINT(10.109813952792951 53.6301794255311),
Erwin-Seeler-Park,,['leisure:park'],['POI'],POINT(10.03612862903746 53.540906762825074),
Fischteich,,['natural:water'],['POI'],POINT(9.911678770765786 53.419547573075086),
Festwiese,,['landuse:grass'],['POI'],POINT(10.03090853883809 53.628261102985384),
Hohenfelder Bucht,,['natural:water'],['POI'],POINT(10.016678496772615 53.56275786897084),
Stoltenpark,,['leisure:park'],['POI'],POINT(10.031031490961748 53.54751130054543),
Streuobstwiese,,"['leisure:garden', 'access:customers']",['POI'],POINT(10.174199216182696 53.65333683209258),
Planschbecken,,['natural:water'],['POI'],POINT(10.02216402965055 53.59712958633854),
Grünzug Wilhelmsburger Dove-Elbe,,['leisure:park'],['POI'],POINT(10.033369406464086 53.502008298896094),
Bei der Jugendmusikschule,,['leisure:park'],['POI'],POINT(9.993384791460748 53.57243644562153),
Kinderspielplatz Kiefernberg,,['leisure:park'],['POI'],POINT(9.951686495164887 53.464393330467956),
Stuhlmannplatz,,['leisure:park'],['POI'],POINT(9.945896020469547 53.5538960317983),
Sonnenstufen,In den Hang eingelassene Betontreppen die als Sitzflächen dienen.,['leisure:park'],['POI'],POINT(9.93776127338685 53.56098710798439),
Giftbudenplatz,,['landuse:grass'],['POI'],POINT(10.104780603561734 53.43321001518515),
Schulgarten,,['leisure:garden'],['POI'],POINT(9.987863399999998 53.426791800000004),
NABU-Wildblumen-Wiese,,['natural:grassland'],['POI'],POINT(9.939777242031926 53.58641302778498),
Neues Regenrückhaltebecken Brookgraben,,"['natural:water', 'water:basin']",['POI'],POINT(9.923848486048026 53.621283425552186),
InPela-Stadtteilgarten,,['leisure:garden'],['POI'],POINT(9.99700418722985 53.666386476737244),
Jürgen-W.-Scheutzow-Park,,['leisure:park'],['POI'],POINT(10.021142342637868 53.551687930691074),
Regenwald,,['leisure:park'],['POI'],POINT(9.863391016309453 53.56303172425933),
Alpen,,['leisure:park'],['POI'],POINT(9.860127637902561 53.56380516630596),
Schulgarten,,"['leisure:garden', 'access:no']",['POI'],POINT(10.12178389154116 53.59953239782812),
Rosengarten,,['leisure:garden'],['POI'],POINT(10.077171656649842 53.65189774036367),
Bauerngarten,,['leisure:garden'],['POI'],POINT(10.076665876865967 53.65178599876405),
Gemeinschaftswiese,,['landuse:meadow'],['POI'],POINT(10.005296765378677 53.66978405202192),
Wildblumen Wiese,Kein Hundeplatz!,['landuse:meadow'],['POI'],POINT(10.088221543476369 53.57952668073111),
Kuehnbachteich,,"['natural:water', 'water:pond']",['POI'],POINT(10.132362462998909 53.581133955614625),
Wilde Lichtung,,['natural:grassland'],['POI'],POINT(9.997777811190607 53.51702236701722),
Lürader Teich,,"['natural:water', 'water:pond']",['POI'],POINT(9.934178146636153 53.42519235781637),
Flottbek,,"['natural:water', 'water:basin']",['POI'],POINT(9.863947797540941 53.56147623373794),
Regenrückhaltebecken,,"['natural:water', 'water:basin']",['POI'],POINT(9.942812014551603 53.59288043771455),
Merlinplatz,,"['leisure:park', 'access:yes']",['POI'],POINT(9.846265368390117 53.47687712355693),
Wachtelkönigplatz,,"['leisure:park', 'access:yes']",['POI'],POINT(9.849077451023284 53.47763922510166),
Stephanusgarten,,['leisure:garden'],['POI'],POINT(9.943178219991285 53.581920056936745),
Kuehnbachteich,,"['natural:water', 'water:pond']",['POI'],POINT(10.13102057241538 53.581375300772784),
Sucks-Bootsmotoren-Service,,"['waterway:boatyard', 'landuse:industrial']",['POI'],POINT(10.000965870549384 53.46957206982543),
Blühwiese,,['landuse:meadow'],['POI'],POINT(10.057163040233386 53.602629682313186),
Vierländerin-Brunnen,,['natural:water'],['POI'],POINT(9.990181391181936 53.54765924318579),
Großneumarktbrunnen,,['natural:water'],['POI'],POINT(9.980533796542165 53.55056638045235),
Adalbertteich,,['natural:water'],['POI'],POINT(9.837618231843551 53.566654618116935),
Gelände des Pumpwerkes Swatten Weg,,['landuse:meadow'],['POI'],POINT(9.85953978137093 53.60373293570035),
Pionierfeld,,['landuse:forest'],['POI'],POINT(10.034400715839999 53.54310432907056),
Garten der Tierpark-Förderer,,['leisure:garden'],['POI'],POINT(9.938083528014266 53.59686143022098),
Mara-Wiese,,['landuse:grass'],['POI'],POINT(9.940850577685842 53.598306314967765),
Grünzug Bei der Apostelkirche,,['leisure:park'],['POI'],POINT(9.943891116612939 53.57624062550919),
Schulgarten,,"['leisure:garden', 'access:permit']",['POI'],POINT(10.104930684749005 53.5662513723404),
asiatischer Garten,,"['leisure:garden', 'access:permit']",['POI'],POINT(10.105709995600307 53.566036452511355),
Kitzelgraswiese,,['landuse:grass'],['POI'],POINT(9.873367671169179 53.46196424803251),
Blumenwiese,,['landuse:meadow'],['POI'],POINT(9.997878598115218 53.486162578515824),
Station Kanu,,['landuse:meadow'],['POI'],POINT(9.998106913986813 53.48610584296273),
Station Honigbienen,,['landuse:meadow'],['POI'],POINT(9.99827855043024 53.48605926593303),
Infostation Bodenleben,,['landuse:meadow'],['POI'],POINT(9.998367000000002 53.48602023555083),
Kräutergarten,,['leisure:garden'],['POI'],POINT(9.998499826881481 53.48595715332943),
Veranstaltungsplatz,,['landuse:meadow'],['POI'],POINT(9.998771059068643 53.48586970122716),
Station Hochbeete,,['leisure:garden'],['POI'],POINT(9.998308993547585 53.48586669466751),
Blumenwiese,,['landuse:meadow'],['POI'],POINT(9.998681195517083 53.48570352285489),
Station Boden,"Erdhaufen, hier kann man durch eine Scheibe in das innere es Bodens gucken.",['leisure:garden'],['POI'],POINT(9.998889149152442 53.485684896239924),
Weidentunnel,Ein Tunnel aus Weiden,['leisure:garden'],['POI'],POINT(9.999056139231389 53.48560654761889),
Ruhebereich,,['landuse:grass'],['POI'],POINT(9.999102108449224 53.48555184601512),
Mitmach-Garten,,['leisure:garden'],['POI'],POINT(10.110030320787306 53.62982277107337),
Festwiese,,['landuse:recreation_ground'],['POI'],POINT(10.083513349125338 53.49013663489242),
Pocket-Park Paciusweg,,['leisure:park'],['POI'],POINT(9.939052278456215 53.5765527640556),
Innenhof,,['leisure:park'],['POI'],POINT(9.961735400214167 53.6418563950507),
Zen Garten,,['leisure:garden'],['POI'],POINT(9.861982450000001 53.56457215),
Literarischer Garten,,['leisure:park'],['POI'],POINT(9.987162554613777 53.594470013046646),
Mittelmeerterrassen,,['leisure:garden'],['POI'],POINT(9.985578023552037 53.55965038268327),
Magret-Thiede-Park,"Frau Magret Thiede, geboren am 04. November 1946, ist eines der 315 Opfer der Sturmflut, welche in der Nacht vom 16./17. Februar 1962 in Georgswerder, Langenhövel 49 b, in den Fluten verstarb.",['leisure:park'],['POI'],POINT(10.017864734456662 53.511409101321156),
Flottbek,,"['natural:water', 'water:pond']",['POI'],POINT(9.869526597114813 53.56059361032517),
Flottbek,,"['natural:water', 'water:pond']",['POI'],POINT(9.873485168914252 53.55497467494635),
Wilde Wiese,,['landuse:meadow'],['POI'],POINT(9.996906084106334 53.666663917280694),
Park Strandhöft,,['leisure:park'],['POI'],POINT(9.9886149014943 53.53994609700396),
Entwässerungsanlage,,"['natural:water', 'water:pond']",['POI'],POINT(9.919061141014001 53.45021762167706),
Entwässerungsanlage,,"['natural:water', 'water:pond']",['POI'],POINT(9.918815354800516 53.44982318013408),
Rübenkamp,,['leisure:park'],['POI'],POINT(10.038111334121258 53.59103675919994),
Horneckswisch,,['leisure:park'],['POI'],POINT(9.90272559196511 53.61894044988728),
Saselbek,,"['natural:water', 'water:pond']",['POI'],POINT(10.16402646254997 53.649976432664076),
Depenreienwiesen,,['landuse:meadow'],['POI'],POINT(10.169740444784935 53.66609964072616),
Engelbekteich,,"['natural:water', 'water:pond']",['POI'],POINT(9.984949523671588 53.450742075957585),
Finkenwerder Süderelbe,,"['leisure:nature_reserve', 'protection_title:Naturschutzgebiet']",['POI'],POINT(9.848904778555383 53.51848064702801),
Angela-Pietrowski-Park,"Frau Angela Pietrowski, geboren am 11. April 1958, ist eines der 315 Opfer der Sturmflut, welche in der Nacht vom 16./17. Februar 1962 in Georgswerder am Niedergeorgswerder Deich, Kleingartenverein 723 Parzelle 31, in den Fluten verstarb.",['leisure:park'],['POI'],POINT(10.019065390149903 53.50880065648296),
Marmorgarten,,['leisure:garden'],['POI'],POINT(10.016971170366617 53.55396699746063),
Arboretum Marienhof,,"['leisure:garden', 'access:customers']",['AOI'],,POINT(10.088607269183825 53.65924875986045)
Raakmoor,,"['leisure:nature_reserve', 'protection_title:Naturschutzgebiet']",['AOI'],,POINT(10.037618054414176 53.66387469106062)
Stadtparksee,de:Stadtparksee,"['natural:water', 'water:pond']",['AOI'],,POINT(10.025422643016965 53.5932547308517)
Öjendorfer See,de:Öjendorfer See,"['natural:water', 'water:lake']",['AOI'],,POINT(10.139704571758703 53.55898277636553)
Rückhaltebecken Berner Au,,['natural:water'],['AOI'],,POINT(10.124423077580879 53.621203223134145)
Alter Teich,,['natural:water'],['AOI'],,POINT(10.080137938733168 53.62190407185378)
Rückhaltebecken Blockhorn,,"['natural:water', 'water:reservoir']",['AOI'],,POINT(10.120252301377114 53.632347882255196)
Mühlenteichpark,de:Mühlenteichpark (Hamburg-Wandsbek),['leisure:park'],['AOI'],,POINT(10.060664765825392 53.57510361601025)
Außenalster,de:Alster#Außenalster,"['natural:water', 'water:lake']",['AOI'],,POINT(10.005735972398943 53.56633100038381)
Hegen,,['landuse:forest'],['AOI'],,POINT(10.170470641313637 53.59091517479048)
Nordmarkteich,,"['natural:water', 'water:pond']",['AOI'],,POINT(10.108685334339981 53.58488129122883)
Grünzug Josthöhe,,['leisure:park'],['AOI'],,POINT(10.047756579529967 53.63953265151735)
Sievertsche Tongrube,,['natural:wood'],['AOI'],,POINT(10.056159748035594 53.644311994854704)
Große Wallanlagen,de:Hamburger Wallanlagen,['leisure:park'],['AOI'],,POINT(9.97440771599878 53.55310150767002)
Donners-Park,de:Donners Park,['leisure:park'],['AOI'],,POINT(9.923952286215819 53.54523701454893)
Schwarzenberg,,['leisure:park'],['AOI'],,POINT(9.970552752786931 53.465436900870536)
Langer Iland,,['landuse:meadow'],['AOI'],,POINT(10.114798112374864 53.664938519459035)
Achtern Hoff,,['landuse:meadow'],['AOI'],,POINT(10.113795563142371 53.671662119044186)
Appelhoffweiher,,"['natural:water', 'water:pond']",['AOI'],,POINT(10.059941475744848 53.60440322942472)
Kupferpark,,['leisure:park'],['AOI'],,POINT(10.119607194464253 53.59756614131827)
Pohlmannsee,,['natural:water'],['AOI'],,POINT(10.101191628235624 53.59229829106101)
Trabrennbahn,,['leisure:park'],['AOI'],,POINT(10.103361777520321 53.59476281005414)
Bergedorfer Schlossgarten,de:Schloss Bergedorf#Der Schlosspark,"['leisure:park', 'landuse:recreation_ground']",['AOI'],,POINT(10.213256249764402 53.48950277794045)
Steinfurths Diek,de:Steinfurths Diek,"['natural:water', 'water:river']",['AOI'],,POINT(10.149910029242315 53.535860493670945)
Jenfelder Moorpark,,['leisure:park'],['AOI'],,POINT(10.119242519004194 53.57608920425546)
Park am Ziegelteich,,['leisure:park'],['AOI'],,POINT(9.934568145502455 53.574248027472855)
Borsteler Jäger,,['landuse:forest'],['AOI'],,POINT(9.988070204105776 53.61811878501017)
Birke I,,['landuse:forest'],['AOI'],,POINT(10.323470194802935 53.44471378368734)
Rückhaltebecken Bornbach,,"['natural:water', 'water:basin']",['AOI'],,POINT(10.020034413478452 53.674273771848334)
Stellmoorer Tunneltal,,"['leisure:nature_reserve', 'protection_title:Naturschutzgebiet']",['AOI'],,POINT(10.18313279713062 53.623961898832135)
Sternschanzenpark,de:Sternschanzenpark,['leisure:park'],['AOI'],,POINT(9.970845598365084 53.56529316429185)
Vollhöfner Wald,,['natural:wood'],['AOI'],,POINT(9.889465959656375 53.50566961539388)
Kupferteich,,['natural:water'],['AOI'],,POINT(10.11956716621395 53.596681774537096)
Raakmoor,,['natural:wood'],['AOI'],,POINT(10.036450511712502 53.65995517965565)
Schiffbeker Moor,,['leisure:park'],['AOI'],,POINT(10.110581827606545 53.557550886387936)
Schwimmbad Billstedt,,"['leisure:water_park', 'landuse:recreation_ground']",['AOI'],,POINT(10.117436152076246 53.540693051798115)
Waldpark Steinfurth,,['leisure:park'],['AOI'],,POINT(10.149262950623816 53.53444634706452)
Boberger Niederung,de:Naturschutzgebiet Boberger Niederung,['leisure:nature_reserve'],['AOI'],,POINT(10.147297810344119 53.5131657077414)
Rodenbeker Quellental,,"['leisure:nature_reserve', 'protection_title:Naturschutzgebiet']",['AOI'],,POINT(10.121691561008571 53.689743193397995)
Hempenkamp - Eichenrehmen,,['leisure:park'],['AOI'],,POINT(10.181037447652999 53.64877228642418)
Wesselhoeftpark,,['leisure:park'],['AOI'],,POINT(9.858730630659824 53.550924895013324)
Jenischpark,de:Jenischpark,['leisure:park'],['AOI'],,POINT(9.86905313727137 53.55110413466191)
Loki-Schmidt-Garten,de:Loki-Schmidt-Garten,['leisure:park'],['AOI'],,POINT(9.861093130107502 53.562454384503184)
Hirschpark,de:Hirschpark (Hamburg),['leisure:park'],['AOI'],,POINT(9.82581527564517 53.556765362751385)
Lise-Meitner-Park,,['leisure:park'],['AOI'],,POINT(9.873751247801552 53.5777599813228)
Traunspark,,['leisure:park'],['AOI'],,POINT(10.045074890453218 53.53056542370391)
Viertes Wandsbeker Gehölz,de:Wandsbeker Gehölz,"['leisure:park', 'landuse:forest']",['AOI'],,POINT(10.095480422890146 53.56710140629615)
Liliencronpark,,['leisure:park'],['AOI'],,POINT(10.154335276128386 53.59998248484628)
Reemtsma-Park,,['leisure:park'],['AOI'],,POINT(9.874924544875975 53.55065797978774)
Wohldorfer Wald,,['landuse:forest'],['AOI'],,POINT(10.140257380015896 53.70369940424942)
Eichtalpark,de:Eichtalpark,['leisure:park'],['AOI'],,POINT(10.090332795329289 53.5792509587397)
Pulverhofpark,,['leisure:park'],['AOI'],,POINT(10.136287680764257 53.596465890276264)
Kellinghusenpark,de:Kellinghusenpark,['leisure:park'],['AOI'],,POINT(9.988541534773358 53.58853219129345)
Eppendorfer Park,de:Eppendorfer Park,['leisure:park'],['AOI'],,POINT(9.979047274237926 53.589320108207936)
Wesselhoeftteich,,"['natural:water', 'water:pond']",['AOI'],,POINT(9.85953341301991 53.54974547406658)
Westerpark,,['leisure:park'],['AOI'],,POINT(9.860106660228308 53.554555994612265)
Haselknick,,['leisure:park'],['AOI'],,POINT(10.119637609057348 53.6945532340484)
Wilhelmsburger Rathauspark,,['leisure:park'],['AOI'],,POINT(9.996563401658072 53.498147844680226)
Alsenpark,,['leisure:park'],['AOI'],,POINT(9.948611906433618 53.56560921637353)
Ammersbek-Niederung,,"['leisure:nature_reserve', 'protection_title:Naturschutzgebiet']",['AOI'],,POINT(10.187104419656237 53.69982641488253)
Duvenstedter Brook,,"['leisure:nature_reserve', 'protection_title:Naturschutzgebiet']",['AOI'],,POINT(10.166853270555908 53.72290447370814)
Rathenaupark,,['leisure:park'],['AOI'],,POINT(9.912605823805908 53.54959980744121)
Drittes Wandsbeker Gehölz,de:Wandsbeker Gehölz,"['leisure:park', 'landuse:forest']",['AOI'],,POINT(10.089307788188753 53.56769188308404)
Altonaer Balkon,de:Altonaer Balkon,['leisure:park'],['AOI'],,POINT(9.937997426138582 53.545379155832286)
Rosengarten,,['leisure:park'],['AOI'],,POINT(9.91826571923399 53.54521537638661)
Luther- Park,,"['leisure:park', 'landuse:forest']",['AOI'],,POINT(9.90119752308485 53.57181491438147)
Park Bahrenfelder See,,"['leisure:park', 'landuse:forest']",['AOI'],,POINT(9.898897966290932 53.56707725142525)
Unterburger Absetzteiche,,"['natural:water', 'water:pond']",['AOI'],,POINT(9.917407085061 53.48197354632415)
Kammteiche,,['natural:water'],['AOI'],,POINT(9.747528930284622 53.603166141736516)
Niendorfer Gehege,de:Niendorfer Gehege,['landuse:forest'],['AOI'],,POINT(9.936447141671401 53.613527363639285)
Rüdigerteich,,"['natural:water', 'water:lake']",['AOI'],,POINT(9.74877868323953 53.59660804391104)
Stellmoor-Ahrensburger Tunneltal,de:Stellmoor–Ahrensburger Tunneltal,"['leisure:nature_reserve', 'protection_title:Naturschutzgebiet']",['AOI'],,POINT(10.221286713455566 53.65167825512264)
Bergedorfer Rathauspark,,['leisure:park'],['AOI'],,POINT(10.22064590574477 53.486402695552265)
Rodenbeker Teich,,['natural:water'],['AOI'],,POINT(10.11870721656053 53.68391347845818)
Parkanlagen Rahweg,,['leisure:park'],['AOI'],,POINT(9.976289994779973 53.634247793066336)
Zweites Wandsbeker Gehölz,de:Wandsbeker Gehölz,"['leisure:park', 'landuse:forest']",['AOI'],,POINT(10.081263315017631 53.569016954506516)
Tegelsbarg,,['leisure:park'],['AOI'],,POINT(10.058010824694907 53.65370934561123)
Eppendorfer Mühlenteich,,['leisure:park'],['AOI'],,POINT(9.987436441688345 53.599942732273064)
Hayns Park,de:Hayns Park,['leisure:park'],['AOI'],,POINT(9.989799020747775 53.595371091555144)
Bergedorfer Gehölz,de:Bergedorfer Gehölz,['landuse:forest'],['AOI'],,POINT(10.237309084895001 53.492579836643074)
Park Wiebelstraße,,['leisure:park'],['AOI'],,POINT(9.90670645149266 53.603873536727605)
Berner Gutspark,,['leisure:park'],['AOI'],,POINT(10.135165538623152 53.62756518904772)
Grootmoorweiher,,"['natural:water', 'water:pond']",['AOI'],,POINT(10.094748122761827 53.632891420255966)
Jugendpark,,['leisure:park'],['AOI'],,POINT(10.147682049683661 53.59739518321001)
Tangstedter Forst,,['landuse:forest'],['AOI'],,POINT(10.051236767788614 53.71920319397714)
Grünanlage Buschkoppel,,['landuse:forest'],['AOI'],,POINT(10.206746707423983 53.51416377163485)
Grünes Zentrum,,['leisure:park'],['AOI'],,POINT(10.20516494552603 53.50794111734825)
Sander Tannen,de:Sander Tannen,['natural:wood'],['AOI'],,POINT(10.19262684060262 53.49823544420492)
Wilhelmsburger Inselpark,,['leisure:park'],['AOI'],,POINT(9.999146799264977 53.49291419914696)
Großer Teich,,['natural:water'],['AOI'],,POINT(10.14857292038992 53.65092299199271)
Grüne Mitte,,['leisure:park'],['AOI'],,POINT(10.155298304995716 53.48688869257474)
Landschaftskorridor Allermöhe,,['landuse:meadow'],['AOI'],,POINT(10.13415317689597 53.488859461445614)
Geesthang,,['natural:wood'],['AOI'],,POINT(10.235740602224435 53.47949112175859)
Horner Park,,['leisure:park'],['AOI'],,POINT(10.082155348420882 53.547100462747025)
Helmuth-Schack-See,,['natural:water'],['AOI'],,POINT(9.842049824526335 53.594129528009745)
Rhee,,['natural:wood'],['AOI'],,POINT(10.043511783454575 53.50207048860104)
Jenfelder Moor,,['natural:water'],['AOI'],,POINT(10.120070959092848 53.57624621121635)
Brinkmannscher Park,,['leisure:park'],['AOI'],,POINT(10.006817663128377 53.43748431064484)
Bramfelder See,de:Bramfelder See,"['natural:water', 'water:lake']",['AOI'],,POINT(10.065435189340528 53.61879308699869)
Inselkanal,,['natural:water'],['AOI'],,POINT(10.06710933824136 53.62585654744616)
Hohenhorstpark,,['leisure:park'],['AOI'],,POINT(10.144702248247201 53.58667973969434)
Hohenbuchenpark,,['leisure:park'],['AOI'],,POINT(10.093879643687604 53.665954979951564)
Pröckelmoorteich,de:Prökelmoor,['natural:water'],['AOI'],,POINT(10.067116075123488 53.62833912375851)
Franz-Röttel-Park,,['leisure:park'],['AOI'],,POINT(10.013513816291765 53.64710487941415)
Höpen,,['landuse:forest'],['AOI'],,POINT(9.998149655275633 53.41702308368778)
Grünes Zentrum Kirchdorf,,['leisure:park'],['AOI'],,POINT(10.010450562046774 53.484070296314314)
Horst,,['landuse:forest'],['AOI'],,POINT(10.172636986366358 53.650593078568434)
Allhorndiek,,['natural:water'],['AOI'],,POINT(10.174409127401153 53.65005827469225)
Alster,,['natural:water'],['AOI'],,POINT(10.025761348630402 53.62060509825386)
Böverstpark,,['leisure:park'],['AOI'],,POINT(9.872523189554967 53.594746683857416)
Ohlmoor,,['leisure:park'],['AOI'],,POINT(10.023459206573353 53.65366474402859)
Drachental,,['leisure:park'],['AOI'],,POINT(9.876615495812917 53.47873118753692)
Grasbrookpark,,['leisure:park'],['AOI'],,POINT(9.99544693733614 53.54016114175541)
Hohenbuchenteiche,,['natural:water'],['AOI'],,POINT(10.09153026984194 53.66594468806499)
Staatsforst Rosengarten,,['landuse:forest'],['AOI'],,POINT(9.846711311948 53.429766239613706)
Wittenbergen,,"['leisure:nature_reserve', 'protection_title:Naturschutzgebiet']",['AOI'],,POINT(9.752815748947178 53.56727515741065)
Nigehörn,de:Nigehörn,['leisure:nature_reserve'],['AOI'],,POINT(8.433618005479168 53.950516142899716)
Klöpperpark,,['landuse:forest'],['AOI'],,POINT(10.152103474838228 53.64735525031064)
Hochwasserrückhaltebecken Barenbleek,,['natural:water'],['AOI'],,POINT(10.097251639989977 53.604629450222106)
Besenhorster Sandberge und Elbsandwiesen,Verlassen der Wege verboten. Lebensgefahr durch ungesicherte Gefahrenstellen. Das Reiten ist nur auf den gekennzeichneten Reitwegen gestattet.,"['leisure:nature_reserve', 'protection_title:Naturschutzgebiet']",['AOI'],,POINT(10.327513275947465 53.44211416974716)
Heidkoppelmoor und Umgebung,,"['leisure:nature_reserve', 'protection_title:Naturschutzgebiet']",['AOI'],,POINT(10.172755691978658 53.671140268097396)
Moorgürtel,de:Naturschutzgebiet Moorgürtel,"['leisure:nature_reserve', 'protection_title:Naturschutzgebiet']",['AOI'],,POINT(9.835772152225035 53.48767193660885)
Moore bei Buxtehude,de:Moore bei Buxtehude,"['leisure:nature_reserve', 'protection_title:Naturschutzgebiet']",['AOI'],,POINT(9.757776691123038 53.47783447470162)
Waldpark Marienhöhe,,['landuse:forest'],['AOI'],,POINT(9.785238969229967 53.57601818251823)
Hower See,,['natural:water'],['AOI'],,POINT(10.152799639932883 53.43120024653991)
Heimfelder Holz,,['landuse:forest'],['AOI'],,POINT(9.938919581673511 53.46604749646893)
Ellerholz,,['landuse:meadow'],['AOI'],,POINT(10.047444935619652 53.484079676518704)
Rahwegteich,,"['natural:water', 'water:lake']",['AOI'],,POINT(9.98016256333911 53.635959611418095)
Schwarze Berge,,['landuse:forest'],['AOI'],,POINT(9.877591416706403 53.455821085489056)
Petroleumhafen,,"['natural:water', 'water:river']",['AOI'],,POINT(9.893641787954786 53.53601124653299)
Binnenalster,de:Alster#Binnenalster,"['natural:water', 'water:reservoir']",['AOI'],,POINT(9.995443795658431 53.55506266152894)
Hummelsee,,['natural:water'],['AOI'],,POINT(10.048265230070209 53.67189112009039)
Planten un Blomen,de:Planten un Blomen,['leisure:park'],['AOI'],,POINT(9.980325002620454 53.55852700034905)
Allermöher Wiesen,,"['leisure:nature_reserve', 'protection_title:Naturschutzgebiet']",['AOI'],,POINT(10.130856119290444 53.49020114036826)
Die Reit,de:Naturschutzgebiet Die Reit,"['leisure:nature_reserve', 'protection_title:Naturschutzgebiet']",['AOI'],,POINT(10.113341330700301 53.47688306329163)
Schwarze Berge,,['landuse:forest'],['AOI'],,POINT(9.909255321606542 53.45999857878173)
Hohendeicher See,de:Hohendeicher See,"['natural:water', 'water:lake']",['AOI'],,POINT(10.107477603921238 53.44030526777241)
Altonaer Volkspark,,['leisure:park'],['AOI'],,POINT(9.900253504833403 53.58051197902252)
Alte Süderelbe,de:Alte Süderelbe,"['natural:water', 'water:lake']",['AOI'],,POINT(9.835148702183423 53.52016004941103)
Kupferteich,,"['natural:water', 'water:stream']",['AOI'],,POINT(10.146185389555454 53.70953410772733)
Staatsforst Hamburg,,['landuse:forest'],['AOI'],,POINT(9.930345879982044 53.46183602379639)
Das Loch,,"['natural:water', 'water:river']",['AOI'],,POINT(10.106157072559187 53.4341636692126)
Fischteiche,,"['natural:water', 'water:pond']",['AOI'],,POINT(10.153131858553916 53.44837462568673)
Kirchwerder Wiesen,de:Naturschutzgebiet Kirchwerder Wiesen,"['leisure:nature_reserve', 'protection_title:Naturschutzgebiet']",['AOI'],,POINT(10.163601758126784 53.435846464491895)
Rückhaltebecken Krohnstieg,,"['natural:water', 'water:reservoir']",['AOI'],,POINT(9.988695993887276 53.65089280661652)
City-Nord-Park,de:City-Nord-Park,['leisure:park'],['AOI'],,POINT(10.022224857681188 53.605197666334234)
Duvenwischen,de:Naturschutzgebiet Duvenwischen,"['leisure:nature_reserve', 'protection_title:Naturschutzgebiet']",['AOI'],,POINT(10.168309508137842 53.6636179222671)
Seeger,,['landuse:meadow'],['AOI'],,POINT(9.774725417337363 53.60499822035356)
Seeger,,['landuse:meadow'],['AOI'],,POINT(9.777340833300771 53.60331000303902)
Klövensteen,,['landuse:forest'],['AOI'],,POINT(9.778226676371105 53.61141994601511)
Nasses Dreieck,,['landuse:meadow'],['AOI'],,POINT(10.117319646522315 53.479631069748024)
Goldschmidtpark,,"['leisure:park', 'landuse:forest']",['AOI'],,POINT(9.9019931500379 53.567641045472364)
Platz der Republik,,['leisure:park'],['AOI'],,POINT(9.935449198215517 53.548958808313586)
Hollo,,['landuse:meadow'],['AOI'],,POINT(9.925762787909711 53.61813323948706)
Dorothea-Buck-Park,,['leisure:park'],['AOI'],,POINT(9.922269479393144 53.63023262409994)
Sackdieck,,['landuse:forest'],['AOI'],,POINT(10.1168169901158 53.679966134764264)
Klövensteen,,['landuse:forest'],['AOI'],,POINT(9.769183053715787 53.621618406777145)
Parkanlage Grindelberg,,['leisure:park'],['AOI'],,POINT(9.97987373125949 53.57516737582677)
Römischer Garten,de:Römischer Garten,"['leisure:garden', 'access:yes']",['AOI'],,POINT(9.787244084124318 53.561253914634186)
Wehbers Park,de:Wehbers Park,['leisure:park'],['AOI'],,POINT(9.955192879738796 53.57168334643167)
Pastorenstieg,,"['leisure:park', 'landuse:forest']",['AOI'],,POINT(10.165277446169156 53.65001987899591)
Außenmühlenteich,,"['natural:water', 'water:pond']",['AOI'],,POINT(9.977652240911006 53.44289525999199)
Außenmühlenteich,de:Außenmühlenteich,"['natural:water', 'water:lake']",['AOI'],,POINT(9.97769569666866 53.447081989413164)
Westerweiden,,"['leisure:nature_reserve', 'protection_title:Naturschutzgebiet']",['AOI'],,POINT(9.838520554340363 53.52406426838057)
Goßlers Park,de:Goßlers Park,['leisure:park'],['AOI'],,POINT(9.80879310522133 53.565150150985964)
Rüßwisch,,['landuse:meadow'],['AOI'],,POINT(10.12236553147386 53.63466792293522)
Finkenwerder Süderelbe,,"['leisure:nature_reserve', 'protection_title:Naturschutzgebiet']",['AOI'],,POINT(9.835045151000987 53.519485036499574)
Lohmühlenteich,,"['natural:water', 'water:pond']",['AOI'],,POINT(9.968770009163944 53.4546770893169)
Wulmstofer Heide mit Bornberg,de:Wulmstorfer Heide mit Bornberg,"['leisure:nature_reserve', 'protection_title:Naturschutzgebiet']",['AOI'],,POINT(9.827606956117501 53.448569246684116)
Kretortteich,,"['natural:water', 'water:pond']",['AOI'],,POINT(9.878098597284513 53.48394377342754)
Neuwiedenthaler Teich,,"['natural:water', 'water:pond']",['AOI'],,POINT(9.882195720643434 53.48355733051097)
Dock 11,,['waterway:dock'],['AOI'],,POINT(9.95567814377261 53.54238345944202)
Heuckenlock,,"['natural:water', 'water:oxbow']",['AOI'],,POINT(10.039750639276846 53.47364344513094)
Segelschiffhafen,,"['natural:water', 'water:harbour']",['AOI'],,POINT(9.997562530241549 53.53455118569276)
Peutehafen,,"['natural:water', 'water:harbour']",['AOI'],,POINT(10.035083535912108 53.52562597661951)
August-Lütgens-Park,,['leisure:park'],['AOI'],,POINT(9.948004827251511 53.556806785471444)
Friedrichsberger Park,de:Friedrichsberger Park,['leisure:park'],['AOI'],,POINT(10.053130973615083 53.57501248360322)
Mühlenteich,,"['natural:water', 'water:pond']",['AOI'],,POINT(10.060383284592097 53.57533021671898)
Brunnenschutzgebiet,,['landuse:forest'],['AOI'],,POINT(9.85688230169184 53.46753967877395)
Meyers Park,,['leisure:park'],['AOI'],,POINT(9.938732146834365 53.468160736082694)
Neuländer See,Schwimmen verboten.,"['natural:water', 'water:lake']",['AOI'],,POINT(10.018965260290132 53.45785935533142)
Erholungwald,,['landuse:forest'],['AOI'],,POINT(9.79387496454249 53.6070720510681)
Harburger Holzhafen,,"['natural:water', 'water:harbour']",['AOI'],,POINT(9.981555974255597 53.470272509994984)
Bertha-von-Suttner-Park,,['leisure:park'],['AOI'],,POINT(9.950696104200272 53.560164017501975)
Rückhaltebecken Hochholtswisch,,['natural:water'],['AOI'],,POINT(10.132086341607668 53.64256197418152)
Ohlendorff'scher Park,,['leisure:park'],['AOI'],,POINT(10.166186276788032 53.64785766838106)
Steenbargen,,['landuse:forest'],['AOI'],,POINT(9.740713273619152 53.576305935718224)
Emil-Wendt-Park,,['leisure:park'],['AOI'],,POINT(9.953160635991399 53.555662406110535)
Rückhaltebecken Osterbek,,"['natural:water', 'water:pond']",['AOI'],,POINT(10.08179498043235 53.59848392995684)
Barkholz,,['landuse:forest'],['AOI'],,POINT(10.166192919891484 53.65793391276358)
Jollenhafengemeinschaft Mühlenberg,,"['leisure:marina', 'natural:water', 'water:harbour']",['AOI'],,POINT(9.823579130798883 53.55351299798113)
Blankeneser Segel-Club,,"['leisure:marina', 'natural:water', 'water:harbour']",['AOI'],,POINT(9.812170521510238 53.555292686430086)
Baggersee,,['natural:water'],['AOI'],,POINT(10.109939204246384 53.52121013017333)
Boberger See,de:Boberger See,"['natural:water', 'water:lake']",['AOI'],,POINT(10.135804109543797 53.5142236133408)
Volksdorfer Wald,,['landuse:forest'],['AOI'],,POINT(10.164652452959325 53.63996044362332)
Friedhof Altona,de:Friedhof Altona,"['natural:wood', 'landuse:cemetery']",['AOI'],,POINT(9.888042352972564 53.58564017128101)
Schleidenpark,de:Schleidenpark,['leisure:park'],['AOI'],,POINT(10.033232971131152 53.58101053539053)
Großer Fischteich,,['natural:water'],['AOI'],,POINT(9.750811684809019 53.593265325119056)
Bornmoor,,['natural:wood'],['AOI'],,POINT(9.892444848479718 53.591407666566184)
Groten Moor,,['landuse:meadow'],['AOI'],,POINT(9.75206472613176 53.602083011655616)
Rückhaltebecken,,['natural:water'],['AOI'],,POINT(9.867808126851278 53.60871252198778)
Dock Elbe 17,,"['waterway:dock', 'natural:water', 'water:basin']",['AOI'],,POINT(9.963080281978742 53.541724368477446)
Parksee,,"['natural:water', 'water:lake']",['AOI'],,POINT(9.98103669092598 53.56201559563865)
Kleine Wallanlagen,,['leisure:park'],['AOI'],,POINT(9.981059402058575 53.557407983541836)
Große Moorweide,de:Moorweide,['leisure:park'],['AOI'],,POINT(9.992148920423748 53.562607565792064)
Grünzug Eimsbüttel,,['leisure:park'],['AOI'],,POINT(9.958886865927036 53.57044988989879)
Alter Elbpark,de:Alter Elbpark,"['leisure:park', 'landuse:grass']",['AOI'],,POINT(9.971263144349912 53.5488428647812)
Bolivarpark,,['leisure:park'],['AOI'],,POINT(9.98952127717916 53.58046271716647)
Innocentiapark,de:Innocentiapark,['leisure:park'],['AOI'],,POINT(9.982904236996529 53.57818823280049)
Christa-Siems-Park,,['leisure:park'],['AOI'],,POINT(9.979906121030975 53.5731302213503)
Paul-Abraham-Park,,['leisure:park'],['AOI'],,POINT(9.979821612601597 53.57686432424329)
Eichenpark,,['leisure:park'],['AOI'],,POINT(9.997054843911439 53.57949529538422)
Alstervorland,de:Alsterpark,['leisure:park'],['AOI'],,POINT(10.000933828279047 53.57314609051612)
Sellhoop,,['landuse:forest'],['AOI'],,POINT(9.925873692482288 53.62313809555317)
Freizeitbad Bondenwald,,"['leisure:water_park', 'landuse:recreation_ground']",['AOI'],,POINT(9.936450359801638 53.62448673868497)
Pulverhofteich,,['natural:water'],['AOI'],,POINT(10.135749036133172 53.596471413086654)
Ostender Teich,ehemalige Tongrube,"['natural:water', 'water:lake']",['AOI'],,POINT(10.116236341684782 53.590435248693645)
Kleine Moorweide,de:Moorweide,['leisure:park'],['AOI'],,POINT(9.992407587991725 53.56111898830332)
Hammer Park,de:Hammer Park,['leisure:park'],['AOI'],,POINT(10.057951646851437 53.5585700452203)
Seelemannpark,,['leisure:park'],['AOI'],,POINT(9.994489483452723 53.5919208763255)
Heilwigpark,,['leisure:park'],['AOI'],,POINT(9.99445593675102 53.58391424764098)
Birma-Teich,,"['natural:water', 'water:pond']",['AOI'],,POINT(9.940602716616281 53.59757641121683)
Wassermannpark,,['leisure:park'],['AOI'],,POINT(9.916306006985018 53.64773652212456)
Stintfang,de:Stintfang,['leisure:park'],['AOI'],,POINT(9.971981705729311 53.54670445471295)
Baurs Park,de:Baurs Park,['leisure:park'],['AOI'],,POINT(9.816008275289727 53.55649798835824)
Meenkwiese,,['leisure:park'],['AOI'],,POINT(9.990538275974103 53.59768851653394)
Loh,,['landuse:meadow'],['AOI'],,POINT(9.792352369778175 53.585542486537065)
Helmut-Thielicke-Wäldchen,,['landuse:forest'],['AOI'],,POINT(10.068074303946975 53.637104087204925)
Born Park,,['leisure:park'],['AOI'],,POINT(9.844322759381036 53.593196021547065)
Deepenhornteich,,['natural:water'],['AOI'],,POINT(10.161460040899678 53.630728783654504)
Am Weiher,de:Eimsbüttler Park „Am Weiher“,['leisure:park'],['AOI'],,POINT(9.95962947983201 53.57792410306979)
Kiebitzbrack,de:Kiebitzbrack,['natural:water'],['AOI'],,POINT(10.238473922871622 53.405985643298585)
Rundbrack,,['natural:water'],['AOI'],,POINT(10.239663781962536 53.40729736734719)
Carlsbrack,,['natural:water'],['AOI'],,POINT(10.200330034579846 53.40355831156857)
Seefelder See,,['natural:water'],['AOI'],,POINT(10.145195695236536 53.4420362372083)
Sandbrack,,['natural:water'],['AOI'],,POINT(10.132113399064924 53.447668629683086)
Brack,,['natural:water'],['AOI'],,POINT(10.128037601698498 53.446263256074175)
Westensee,,"['natural:water', 'water:lake']",['AOI'],,POINT(10.13850646667239 53.48631108658237)
Guanofleet,,['natural:water'],['AOI'],,POINT(9.974371179982366 53.53799708540117)
Jacobipark,de:Jacobipark,['leisure:park'],['AOI'],,POINT(10.05392297130963 53.56663841393916)
Lottbeker Stausee,,['natural:water'],['AOI'],,POINT(10.16342741850271 53.669614396289965)
Großer Ziegelsee,,['natural:water'],['AOI'],,POINT(10.102621652803341 53.59075807242163)
Kleiner Ziegelsee,,['natural:water'],['AOI'],,POINT(10.100447626626854 53.590645203297846)
Lehmgrube Tegelsee,,['natural:water'],['AOI'],,POINT(10.108337182713825 53.59655157466067)
Vogelschutzgehölz,,"['natural:wood', 'protection_title:Vogelschutzgebiet']",['AOI'],,POINT(10.071302221679693 53.50318939139679)
Bockhorn,,['landuse:forest'],['AOI'],,POINT(10.15310460033148 53.66363493728449)
Allermöher See,,"['natural:water', 'water:lake']",['AOI'],,POINT(10.162673737271477 53.48050418397024)
Bockhorn,,['landuse:forest'],['AOI'],,POINT(10.158492452850586 53.66435550942737)
Südwesthafen,,"['natural:water', 'water:harbour']",['AOI'],,POINT(9.989051839572753 53.533386578112854)
Oderhafen,,"['natural:water', 'water:harbour']",['AOI'],,POINT(9.962871783640534 53.52360811859709)
Neuhöfer Hafen,,"['access:private', 'natural:water', 'water:harbour']",['AOI'],,POINT(9.955081786697798 53.510117099285914)
Kattwykhafen,,"['access:private', 'natural:water', 'water:harbour']",['AOI'],,POINT(9.949922807244151 53.50324192212972)
Blumensandhafen,,"['access:private', 'natural:water', 'water:harbour']",['AOI'],,POINT(9.954810925663228 53.502225626624735)
Hohe-Schaar-Hafen,,"['natural:water', 'water:harbour']",['AOI'],,POINT(9.95689781396563 53.49344998354673)
Seehafen 4,,"['access:private', 'natural:water', 'water:harbour']",['AOI'],,POINT(9.957610109497645 53.47847570778534)
Seehafen 3,,"['natural:water', 'water:harbour']",['AOI'],,POINT(9.964350109176781 53.47650686047653)
Seehafen 2,,"['natural:water', 'water:harbour']",['AOI'],,POINT(9.970125064582687 53.47463920930174)
Seehafen 1,,"['natural:water', 'water:harbour']",['AOI'],,POINT(9.975954574930498 53.47352233744311)
Hegen,,['natural:wood'],['AOI'],,POINT(10.153133772555861 53.55369661739957)
Hamburger Stadtpark,de:Hamburger Stadtpark,['leisure:park'],['AOI'],,POINT(10.018950492520577 53.59595489205728)
Eichtalteich,,"['natural:water', 'water:pond']",['AOI'],,POINT(10.091587262225953 53.57922234407755)
Botanischer Sondergarten,,"['leisure:garden', 'access:permissive']",['AOI'],,POINT(10.09838841887501 53.58233678368143)
Holzmühlenteich,,['natural:water'],['AOI'],,POINT(10.078449724706733 53.577470993475536)
Carl-Legien-Platz,,['leisure:park'],['AOI'],,POINT(10.011169702160124 53.5514758507082)
Schröders Elbpark,,['leisure:park'],['AOI'],,POINT(9.892613981715323 53.545579084397794)
Amsinckpark,de:Amsinckpark,['leisure:park'],['AOI'],,POINT(9.94316061804428 53.60133497737634)
Ziegeleiteich,,['natural:water'],['AOI'],,POINT(9.858921668899972 53.5668578459717)
Boberger Torfsee,,['natural:water'],['AOI'],,POINT(10.139471266284374 53.52213146772358)
Thörls Park,,['leisure:park'],['AOI'],,POINT(10.046291992925802 53.556322762531714)
Rahlstedter Gehölz,,['natural:wood'],['AOI'],,POINT(10.170901129757747 53.601381803805396)
Borghorster Brack,,['natural:water'],['AOI'],,POINT(10.293817852487372 53.43223704745478)
Erstes Wandsbeker Gehölz,de:Wandsbeker Gehölz,"['leisure:park', 'landuse:forest']",['AOI'],,POINT(10.074938200087828 53.570990641658724)
Grünzug Dulsberg,,['leisure:park'],['AOI'],,POINT(10.06996615763028 53.585780652796885)
Lohmühlenpark,,['leisure:park'],['AOI'],,POINT(10.016310599060553 53.5586903867485)
Sommerbad Volksdorf,,"['leisure:swimming_area', 'landuse:recreation_ground']",['AOI'],,POINT(10.183292720250718 53.6621686676884)
Elbpark Entenwerder,,['leisure:park'],['AOI'],,POINT(10.034665446957973 53.531479730825204)
von Dratelnscher Park,,['leisure:park'],['AOI'],,POINT(10.080825811923122 53.55129062821446)
Harkenseepark,Nach Johannes Jürgen Harkensee - Stadtverordneter Altona 1891-1914,['leisure:park'],['AOI'],,POINT(9.920442218720414 53.55267775807238)
Kemal-Altun-Platz,,['leisure:park'],['AOI'],,POINT(9.926052786609958 53.55249647366045)
Isebekpark,,['leisure:park'],['AOI'],,POINT(9.967164207543995 53.57424977865627)
Grünzug Eimsbüttel,,['leisure:park'],['AOI'],,POINT(9.960655493515917 53.5701140188559)
Bei der Lutherbuche,,['leisure:park'],['AOI'],,POINT(9.959342899140902 53.59816437017787)
Hessepark,de:Hessepark,['leisure:park'],['AOI'],,POINT(9.807816424499073 53.56056288769071)
Cranachplatz,,['leisure:park'],['AOI'],,POINT(9.887949567117797 53.56282542275883)
Ziegelteich,,['natural:water'],['AOI'],,POINT(10.205943917243403 53.508156108202854)
Hans-Christian-Andersen-Park,,"['leisure:park', 'landuse:grass']",['AOI'],,POINT(9.853760024546583 53.574522195498766)
Yachthafen,,"['leisure:marina', 'natural:water']",['AOI'],,POINT(9.99277939295083 53.472161518388724)
Elisabethgehölz,,"['leisure:park', 'landuse:grass']",['AOI'],,POINT(10.064541525551771 53.557277798209775)
Goetheallee,,['leisure:park'],['AOI'],,POINT(9.938697539144894 53.55481902662588)
Hörndiek,,['natural:water'],['AOI'],,POINT(10.132474215095433 53.686273114895776)
Blohms Park,,['leisure:park'],['AOI'],,POINT(10.075011650663546 53.55221161845035)
Vogts Brack,,['natural:water'],['AOI'],,POINT(10.07915767418222 53.4752171215572)
Rüßwisch,,['landuse:meadow'],['AOI'],,POINT(10.122357839423763 53.63640759806908)
Küsterbrack,,['natural:water'],['AOI'],,POINT(10.09613000898368 53.47761858725196)
Walter-Möller-Park,,['leisure:park'],['AOI'],,POINT(9.952629335183865 53.552609912065066)
Mühlenteich,,['natural:water'],['AOI'],,POINT(10.131671649397857 53.709074026849315)
Spülfeld Ellerholzkanal,,['landuse:grass'],['AOI'],,POINT(9.960171655805528 53.51978525397639)
Langenbeker Feld,,['leisure:park'],['AOI'],,POINT(9.99290993636167 53.4324220423256)
Alter Friedhof Harburg,de:Alter Friedhof Harburg,['leisure:park'],['AOI'],,POINT(9.980324540372159 53.45577293262151)
Grünzug Hammer Landstraße,,"['leisure:park', 'landuse:village_green']",['AOI'],,POINT(10.054193389434063 53.55589432186787)
Grünzug Hammer Landstraße,,['leisure:park'],['AOI'],,POINT(10.059862855264758 53.555101078238664)
Jessenteich,,['natural:water'],['AOI'],,POINT(10.115817248469593 53.57582978554062)
Florapark,,['leisure:park'],['AOI'],,POINT(9.960466390630065 53.56190189947923)
Johannes-Prassek-Park,de:Johannes-Prassek-Park,['leisure:park'],['AOI'],,POINT(10.025664075582691 53.582268145086395)
Bramfelder Kiesgrube,,"['natural:water', 'water:pond']",['AOI'],,POINT(10.089440463676988 53.61492058792971)
Bramfelder Kiesgrube,,"['natural:water', 'water:pond']",['AOI'],,POINT(10.095373701462064 53.61518316757599)
Mühlenteich,,['natural:water'],['AOI'],,POINT(10.110382025919423 53.66920761502868)
Alsterwiese Schwanenwik,,['leisure:park'],['AOI'],,POINT(10.015976393692506 53.56438846186562)
Rückhaltebecken,,"['natural:water', 'water:reservoir']",['AOI'],,POINT(10.023682551200102 53.642119098154694)
Rhee,,"['leisure:nature_reserve', 'protection_title:Naturschutzgebiet']",['AOI'],,POINT(10.043874386396027 53.501987209596166)
Mansteinpark,,['leisure:park'],['AOI'],,POINT(9.972749789427061 53.57746803936339)
Alsterpark,,['leisure:park'],['AOI'],,POINT(10.006837583667318 53.57524227465118)
Bauspielplatz Poßmoorwiese,,"['leisure:playground', 'access:yes', 'landuse:recreation_ground']",['AOI'],,POINT(10.014964622299066 53.58806315549407)
Gustav-Mahler-Park,,['leisure:park'],['AOI'],,POINT(9.991339104663695 53.55868621267566)
Hammaburg-Platz,de:Domplatz (Hamburg),['leisure:park'],['AOI'],,POINT(9.99746925893405 53.549244077685955)
Vogelschutzgebiet,,['natural:wood'],['AOI'],,POINT(10.02688853969876 53.64729854308871)
Hainesch-Iland,,"['leisure:nature_reserve', 'protection_title:Naturschutzgebiet']",['AOI'],,POINT(10.113901285981179 53.66639770024534)
Kurzer Iland,,['landuse:meadow'],['AOI'],,POINT(10.11382737341403 53.66317002571486)
Bullenkoppel,,['landuse:forest'],['AOI'],,POINT(10.117699816511928 53.66322365797664)
Festplatz Hummelsbüttel,,"['leisure:common', 'landuse:grass']",['AOI'],,POINT(10.042360672239434 53.64702328836135)
Riepenburger Brack,,['natural:water'],['AOI'],,POINT(10.209097817437133 53.400783122317044)
Arrivati-Park,,['leisure:park'],['AOI'],,POINT(9.963488414921105 53.556998141829695)
Wasserpark Dove Elbe,,['leisure:park'],['AOI'],,POINT(10.106161191134278 53.48486249259094)
Alter Recyclinghof,,['leisure:park'],['AOI'],,POINT(10.034850315045775 53.54332098140918)
Wilder Wald,,['landuse:forest'],['AOI'],,POINT(9.991767491678566 53.51849475668877)
Wilder Wald,,['natural:wood'],['AOI'],,POINT(9.997968707775152 53.517014844724)
Grüne Fuge,,['leisure:park'],['AOI'],,POINT(10.184450572802673 53.6044745733871)
Schiffbeker Moor,,"['natural:water', 'water:pond']",['AOI'],,POINT(10.110672176467045 53.55797659816629)
Brakenburger Brack,,"['natural:water', 'water:lake']",['AOI'],,POINT(9.876818826588364 53.4996124522249)
Alter Botanischer Garten,en:Alter Botanischer Garten Hamburg,['leisure:park'],['AOI'],,POINT(9.986425934743716 53.559406666085366)
Borndieck,,['landuse:meadow'],['AOI'],,POINT(9.839558064666322 53.59137682033918)
Parkanlage Märkerweg,,['leisure:park'],['AOI'],,POINT(9.955094802197527 53.64360875501521)
Heinz-Erhardt-Park,,['leisure:park'],['AOI'],,POINT(10.094107860122378 53.6406319711917)
Grote Koppel,,['landuse:meadow'],['AOI'],,POINT(10.082357039826732 53.6851825452194)
Wittekamp,,['landuse:meadow'],['AOI'],,POINT(10.144797364890291 53.644484263417695)
Waldteich,,['natural:water'],['AOI'],,POINT(10.157361413700274 53.64979252021899)
Volksdorfer Teichwiesen,,"['leisure:nature_reserve', 'protection_title:Naturschutzgebiet']",['AOI'],,POINT(10.152505765004099 53.65172240190432)
Blockhorn,,['landuse:meadow'],['AOI'],,POINT(10.119036906815023 53.6337704363723)
Hochholtswisch,,"['leisure:park', 'landuse:meadow']",['AOI'],,POINT(10.135029078746637 53.64349410019668)
Winterhuder Kai,,['leisure:park'],['AOI'],,POINT(9.99264962480145 53.59477148496805)
Sommerfreibad Marienhöhe,,"['leisure:water_park', 'landuse:recreation_ground']",['AOI'],,POINT(9.794743934815072 53.574634111153706)
Grünzug Roggenbuckstieg,,['leisure:park'],['AOI'],,POINT(9.977711165869133 53.610621879954344)
Ehemaliger Schießplatz,Ehemaliger Schießplatz der Polizei,['natural:wood'],['AOI'],,POINT(9.906425527447432 53.57707636690672)
Kortenland,,['landuse:meadow'],['AOI'],,POINT(10.114212628290952 53.6780491614377)
Moorkoppeln,,['landuse:meadow'],['AOI'],,POINT(10.111994650184688 53.67468333229206)
Haidkoppel,,['landuse:meadow'],['AOI'],,POINT(10.128216332686863 53.66361077186989)
Kleine Kuhkoppel,,['landuse:meadow'],['AOI'],,POINT(10.129890126596177 53.663451198441635)
Hamraakoppel,,['landuse:meadow'],['AOI'],,POINT(10.135945024079021 53.66476620878535)
Achter in Wischhof,,['landuse:meadow'],['AOI'],,POINT(9.796037265780743 53.58640664558722)
Klumhäg,,['landuse:meadow'],['AOI'],,POINT(9.809662610519155 53.584444259758676)
Horstkamp,,['landuse:meadow'],['AOI'],,POINT(9.798907592728813 53.59367622836677)
Bollenwisch,,['landuse:meadow'],['AOI'],,POINT(9.809534348217497 53.58791951614785)
Am Bollweg e.V. Hamburg Eidelstedt,,"['leisure:park', 'landuse:allotments']",['AOI'],,POINT(9.907899306110071 53.5989042702066)
Grünzug Bei der Apostelkirche,,['leisure:park'],['AOI'],,POINT(9.945600176466218 53.575897695634524)
Eilbeker Bürgerpark,,['leisure:park'],['AOI'],,POINT(10.043465282969903 53.5662313227908)
Lehmkuhlsweid,,['landuse:meadow'],['AOI'],,POINT(9.78967909807132 53.585668188209944)
Kohkamp,,['landuse:meadow'],['AOI'],,POINT(9.79075478304483 53.58784249492671)
Stadtpark Eimsbüttel,,['leisure:park'],['AOI'],,POINT(9.941906442670156 53.59401685893037)
Ententeich,,['natural:water'],['AOI'],,POINT(10.026868850027098 53.598745512418645)
Saseler Park,,['leisure:park'],['AOI'],,POINT(10.108689179043616 53.65487519468818)
Heine-Park,de:Heine-Park,['leisure:park'],['AOI'],,POINT(9.927537685616468 53.5456544853213)
Strandbad Farmsen,,"['leisure:swimming_area', 'landuse:recreation_ground']",['AOI'],,POINT(10.108071431379292 53.61738921658571)
Katthorstpark,,['leisure:park'],['AOI'],,POINT(10.162262988533337 53.65451880363198)
Gorch-Fock-Park,,['leisure:park'],['AOI'],,POINT(9.869503890029035 53.53995825641203)
Großkoppel,,['landuse:meadow'],['AOI'],,POINT(10.130842783371314 53.665890454585714)
Groten Flerren,,['landuse:meadow'],['AOI'],,POINT(9.770596791459461 53.59439989633176)
Dahliengarten,,"['leisure:garden', 'access:yes']",['AOI'],,POINT(9.887614706112823 53.58103995243349)
Schulgarten (Altonaer Volkspark),,['leisure:garden'],['AOI'],,POINT(9.901794893925402 53.57759312507344)
Spiel- und Liegewiese,,['landuse:grass'],['AOI'],,POINT(9.89639091333927 53.57802023979594)
Habökenhörn,,['landuse:meadow'],['AOI'],,POINT(9.761151650766067 53.61186144424786)
Teufelsbrücker Hafen,,"['leisure:marina', 'natural:water', 'water:harbour']",['AOI'],,POINT(9.866207491944861 53.54748597019131)
Neßsand,"NSG Grenzen verbessern, sie ragen ins Wasser hinein; ref und start_date nur für Teilgebiet in Schleswig-Holstein gültig","['leisure:nature_reserve', 'protection_title:Naturschutzgebiet']",['AOI'],,POINT(9.721197237659092 53.55708912517347)
Minsbeker Gehege,,['landuse:forest'],['AOI'],,POINT(10.081030302643338 53.656681026257836)
Fischteich,,['natural:water'],['AOI'],,POINT(10.118844554585904 53.6914025574642)
Fischteich,,['natural:water'],['AOI'],,POINT(10.12106141581056 53.69108432963959)
Beselerplatz,,['leisure:park'],['AOI'],,POINT(9.887856192511373 53.5601749780988)
Timmermoor,"Moorteich mit Heide- und Gehölzsaum. Seltenes, durch Wirbelstürme der letzten Eiszeit vor rund 20000 Jahren entstandenes Ausblasungsloch.","['leisure:nature_reserve', 'protection_title:Naturdenkmal']",['AOI'],,POINT(10.140809146839038 53.663301224544156)
Höltigbaum,de:Höltigbaum,"['leisure:nature_reserve', 'protection_title:Naturschutzgebiet']",['AOI'],,POINT(10.207545764645305 53.62296448762376)
Buchenhof,,['natural:wood'],['AOI'],,POINT(9.829450931640038 53.57591262419594)
Düvelsort,,['landuse:meadow'],['AOI'],,POINT(10.192922995297065 53.65213245295662)
Moorbeckswiesen,,['landuse:meadow'],['AOI'],,POINT(10.179391377409857 53.66275266261311)
Langenwiesen,,['landuse:meadow'],['AOI'],,POINT(10.168257334778783 53.660669440678774)
Weiher,,['natural:water'],['AOI'],,POINT(9.960048384002832 53.577737098079325)
Venusberg,,['leisure:park'],['AOI'],,POINT(9.97574781761657 53.54678446153002)
Harburger Stadtpark,de:Harburger Stadtpark,['leisure:park'],['AOI'],,POINT(9.97581481209646 53.44489555260632)
Sola-Bona-Park,,['leisure:park'],['AOI'],,POINT(9.914805259156978 53.602435475508905)
Regenwasserrückhaltebecken Steinwiesenweg,,"['natural:water', 'water:basin']",['AOI'],,POINT(9.917711695681005 53.606007041847654)
Ohl-Dörp-Ring,,['leisure:park'],['AOI'],,POINT(9.955919772562478 53.62370903722733)
Schafwiese,,['landuse:meadow'],['AOI'],,POINT(10.11269719302566 53.63000402684346)
Holzhafen,,"['leisure:nature_reserve', 'protection_title:Naturschutzgebiet']",['AOI'],,POINT(10.065199145917981 53.51553230812513)
Eppendorfer Moor,,"['leisure:nature_reserve', 'protection_title:Naturschutzgebiet']",['AOI'],,POINT(9.989406370239287 53.60818425196414)
Wilhelm-Bürsing-Park,,['leisure:park'],['AOI'],,POINT(9.94163381493157 53.62414088402487)
Ohl-Dörp-Ring,,['leisure:park'],['AOI'],,POINT(9.94911454628432 53.62621872772023)
Düp-Ring,,['leisure:park'],['AOI'],,POINT(9.951964300565297 53.628258277104976)
Zeppelin-Park,,['leisure:park'],['AOI'],,POINT(9.935715058755646 53.62844581575749)
Wittmoor,Naturschutzgebietsgrenzen können speziell im östlichen Teil noch verbessert werden,"['leisure:nature_reserve', 'protection_title:Naturschutzgebiet']",['AOI'],,POINT(10.06817480517307 53.69879607769185)
Stapelfelder Moor,ref und start_date nur für Teilgebiet in Schleswig-Holstein gültig,"['leisure:nature_reserve', 'protection_title:Naturschutzgebiet']",['AOI'],,POINT(10.19867004131598 53.58723991852448)
Jenfelder Moorpark,,['leisure:park'],['AOI'],,POINT(10.125608019428123 53.576694698887735)
Hanni-Schult-Park,"Benannt nach dem ehemaligen Vorsitzenden des Bürgervereins Oldenfelde e.V., Hansjürgen Schult, genannt ""Hanni"". Senatsbeschluss 2024/2",['leisure:park'],['AOI'],,POINT(10.124866071920264 53.610858579936206)
Meerweinpark,,['leisure:park'],['AOI'],,POINT(10.026311828060154 53.58749076249382)
Lutherpark,,"['natural:wood', 'landuse:forest']",['AOI'],,POINT(9.90693401873369 53.57209967764284)
Pehmöllers Garten,,['leisure:park'],['AOI'],,POINT(9.97192783665797 53.61212915106347)
Grünanlage Warnckesweg,,['leisure:park'],['AOI'],,POINT(9.970710129243146 53.60971460626326)
Stempelkamp,,['landuse:meadow'],['AOI'],,POINT(9.742466986203217 53.57042423434813)
Bornwisch,,['landuse:meadow'],['AOI'],,POINT(9.83776120210967 53.58881487352877)
Deponie Havighorster Moor,,['natural:wood'],['AOI'],,POINT(10.134139777949704 53.52355223317785)
Marine Service Brandt GmbH,de:SSB Spezialschiffbau Oortkaten,"['waterway:boatyard', 'landuse:commercial']",['AOI'],,POINT(10.095174057551183 53.44823687958757)
Brook,,['landuse:meadow'],['AOI'],,POINT(9.918638970934962 53.62095133233328)
Holtwisch,,['landuse:meadow'],['AOI'],,POINT(9.929897274297078 53.61486591553331)
Greifenbergpark,de:Greifenbergpark,['leisure:park'],['AOI'],,POINT(10.143527208625756 53.616217001088145)
Herrengarten,,['leisure:park'],['AOI'],,POINT(8.495724678174469 53.91439848682975)
Dübwisch,,['landuse:meadow'],['AOI'],,POINT(9.926776296753621 53.636431037838335)
Vielohwisch,,['landuse:meadow'],['AOI'],,POINT(9.932122251053004 53.63660216931104)
Lütje See,,['landuse:meadow'],['AOI'],,POINT(9.962696564653546 53.64894320331266)
Haarteich,,['natural:water'],['AOI'],,POINT(10.141092592753262 53.510564807081714)
Grünzug Borgfelder Straße,,['leisure:park'],['AOI'],,POINT(10.033352482450232 53.55495593677768)
Vossbarg,,['landuse:forest'],['AOI'],,POINT(9.771091853832688 53.58551598428812)
Dock 5,,['waterway:dock'],['AOI'],,POINT(9.95804983202395 53.53630523451946)
Dock 12,,['waterway:dock'],['AOI'],,POINT(9.960657328235738 53.535181168009274)
Dock 16,,['waterway:dock'],['AOI'],,POINT(9.954784463775379 53.53944034425254)
Park am Berliner Tor,,['leisure:park'],['AOI'],,POINT(10.02682749555527 53.55315185002369)
Stoltenpark,,['leisure:park'],['AOI'],,POINT(10.028656482436574 53.5512033785178)
Dock I,,['waterway:dock'],['AOI'],,POINT(9.974176797709791 53.53524008309299)
Norderwerft,de:Norderwerft,['waterway:boatyard'],['AOI'],,POINT(9.974432882315714 53.53590887764196)
Grünzug Lokstedt,,['leisure:park'],['AOI'],,POINT(9.955682565989703 53.58953395339411)
Ostsee-Quarree,,['leisure:park'],['AOI'],,POINT(10.134335651624644 53.6022914638782)
Carl-Stamm-Park,,['leisure:park'],['AOI'],,POINT(10.042564710688307 53.53597025836599)
Sommerbad Ostende,,"['leisure:swimming_area', 'landuse:recreation_ground']",['AOI'],,POINT(10.117521986518282 53.59114899855276)
Raaksheide,,['landuse:meadow'],['AOI'],,POINT(10.02738512211668 53.65467926158734)
Polizeihundeverein Alstertal,,['landuse:grass'],['AOI'],,POINT(10.05751766050329 53.678106455731374)
Schierenkamp,,['landuse:meadow'],['AOI'],,POINT(10.074524630010412 53.68361761094682)
Heerbuckhoop,,['landuse:meadow'],['AOI'],,POINT(9.993131722368267 53.6614545258675)
Am Husarendenkmal,,['leisure:park'],['AOI'],,POINT(10.07390812692779 53.56437242549231)
Flottbek,,"['natural:water', 'water:lake']",['AOI'],,POINT(9.870011774448054 53.55342305055157)
Grotenhohl,,['landuse:meadow'],['AOI'],,POINT(9.789889445897018 53.582788347800395)
Grünzug Hammer Landstraße,,['leisure:park'],['AOI'],,POINT(10.066484514752625 53.554434212814265)
Högenbarg,,['landuse:meadow'],['AOI'],,POINT(9.93152153515292 53.6153027426696)
Mohregwisch,,['landuse:meadow'],['AOI'],,POINT(10.034384002848093 53.65129809636821)
Brill,,['landuse:meadow'],['AOI'],,POINT(10.048627842246853 53.64708329140098)
Oxwald,,['landuse:forest'],['AOI'],,POINT(10.006339327313936 53.66899649138892)
Schnaakenmoor,de:Naturschutzgebiet Schnaakenmoor,"['leisure:nature_reserve', 'protection_title:Naturschutzgebiet']",['AOI'],,POINT(9.76221865239915 53.60360460848968)
Hamburger Turnerschaft,,['landuse:recreation_ground'],['AOI'],,POINT(10.108147600358338 53.5562671194522)
Öjendorfer Park,de:Öjendorfer Park,['leisure:park'],['AOI'],,POINT(10.142237248381933 53.557638087806986)
Hohe Landwehr,,"['leisure:park', 'natural:wood']",['AOI'],,POINT(10.041225299879763 53.55675327842378)
Hansdorfer Brook,,"['leisure:nature_reserve', 'protection_title:Naturschutzgebiet']",['AOI'],,POINT(10.193316155026398 53.71333163771596)
Andresengarten,,['leisure:park'],['AOI'],,POINT(9.948722273536207 53.59323867400149)
Grüne Mitte Hohenfelde,,['leisure:park'],['AOI'],,POINT(10.023551134270942 53.56154530301408)
Am Lottbek,,['landuse:meadow'],['AOI'],,POINT(10.158723021481816 53.671770537920985)
Naturbad Stadtparksee,,"['leisure:swimming_area', 'landuse:recreation_ground']",['AOI'],,POINT(10.027705186327783 53.59230320801973)
Park am Wasserturm,,['leisure:park'],['AOI'],,POINT(9.94158453142904 53.586560723647665)
Wohldorfer Wald,,"['leisure:nature_reserve', 'protection_title:Naturschutzgebiet']",['AOI'],,POINT(10.14055856578083 53.70394732377241)
Alsterpark Klein Borstel,,['leisure:park'],['AOI'],,POINT(10.035999530938442 53.63128537092326)
Wohlers Park,de:Friedhof Norderreihe,['leisure:park'],['AOI'],,POINT(9.953026963254851 53.558211483924715)
Schiffloch,,"['natural:water', 'water:lake']",['AOI'],,POINT(9.997934693902598 53.58041011064418)
Walter-Möller-Park,,['leisure:park'],['AOI'],,POINT(9.951676451073679 53.55016847361131)
Reitteich,,['natural:water'],['AOI'],,POINT(10.114150016816657 53.47205336814588)
Kapitän-Schröder-Park,,['leisure:park'],['AOI'],,POINT(9.95169707642137 53.547702365139)
Lindenpark,,['leisure:park'],['AOI'],,POINT(9.959685654929507 53.566346063077845)
Holthusenbad,,"['leisure:water_park', 'landuse:recreation_ground']",['AOI'],,POINT(9.990589328397556 53.5897186488472)
Schleepark,,['leisure:park'],['AOI'],,POINT(9.942868775405165 53.547530893264764)
Poseidon-Bad,,"['leisure:water_park', 'landuse:recreation_ground']",['AOI'],,POINT(9.916837939715785 53.60253336780917)
Willinks Park,de:Hamburg-Lokstedt#Parks,"['leisure:park', 'landuse:forest']",['AOI'],,POINT(9.95266142515754 53.602859087475444)
Fischers Park,,['leisure:park'],['AOI'],,POINT(9.920892824171055 53.54736347201753)
Rondeelteich,de:Rondeelteich,['natural:water'],['AOI'],,POINT(10.002038319253149 53.58485718860331)
Feenteich,de:Feenteich,"['natural:water', 'water:pond']",['AOI'],,POINT(10.010667777419313 53.572218775958014)
Kuhmühlenteich,,"['natural:water', 'water:pond']",['AOI'],,POINT(10.02831904261859 53.56632121046262)
Eppendorfer Mühlenteich,de:Eppendorfer Mühlenteich,['natural:water'],['AOI'],,POINT(9.987969057669979 53.59936783009641)
Lohbekpark,,['leisure:park'],['AOI'],,POINT(9.957074584714679 53.59369818154843)
Schleusenteich,,['natural:water'],['AOI'],,POINT(10.089089171276564 53.65839471438135)
Unna-Park,de:Unnapark,['leisure:park'],['AOI'],,POINT(9.949829462590502 53.575540891453166)
Ziegelteich,,"['natural:water', 'water:pond']",['AOI'],,POINT(9.93497426365966 53.57428679109388)
Rüschkanal,,['natural:water'],['AOI'],,POINT(9.85383871841702 53.53942706047694)
Von-Eicken-Park,de:Hamburg-Lokstedt#Parks,['leisure:park'],['AOI'],,POINT(9.956463722241953 53.603115738994745)
Regenrückhaltebecken Absetzteich Herzmoor,,"['natural:water', 'water:reservoir']",['AOI'],,POINT(10.034775471618193 53.65997607988407)
Rothsteinsmoor,de:Naturschutzgebiet Rothsteinsmoor,"['leisure:nature_reserve', 'protection_title:Naturschutzgebiet']",['AOI'],,POINT(9.989660562809553 53.64758480835518)
Niedergeorgswerder Ziegelteiche,Pachtgewässer Sportfischerverein Elbe v. 1927 e.V.,"['natural:water', 'water:pond']",['AOI'],,POINT(10.025935576950856 53.50646323720939)
Wacholderpark,,['leisure:park'],['AOI'],,POINT(10.024710669933253 53.6315916863596)
Sanitaspark,,['leisure:park'],['AOI'],,POINT(9.984199805806066 53.51566826822859)
Kükenbrack,,"['natural:water', 'water:pond']",['AOI'],,POINT(9.995498594424543 53.493235725958016)
Mahlbusen,,"['natural:water', 'water:pond']",['AOI'],,POINT(9.994629815775646 53.49216215092386)
Moorburger Berg,de:Moorburger Berg,['landuse:recreation_ground'],['AOI'],,POINT(9.929824412217133 53.49632390447749)
Gutsbrack,,['natural:water'],['AOI'],,POINT(9.874218470577363 53.50881365884012)
Huckerbrack,,['natural:water'],['AOI'],,POINT(9.845232363602 53.50800660919874)
Voßbarg,,['leisure:park'],['AOI'],,POINT(9.944810794350877 53.64467954559614)
Rückhaltebecken Ohmoorgraben,,"['natural:water', 'water:reservoir']",['AOI'],,POINT(9.957635504382438 53.649876635962165)
Kollauteich,,"['natural:water', 'water:basin']",['AOI'],,POINT(9.929801234901452 53.63550478604482)
Papenbrack,,"['natural:water', 'water:pond']",['AOI'],,POINT(10.009888229387366 53.487392251144996)
Kuckucksteich,,"['natural:water', 'water:pond']",['AOI'],,POINT(9.999005677530386 53.49065340653257)
Regenrückhaltebecken Diekmoor,,"['natural:water', 'water:reservoir']",['AOI'],,POINT(10.013129639266753 53.66251400791043)
Susebek-Rückhaltebecken,,"['natural:water', 'water:pond']",['AOI'],,POINT(10.045281257520093 53.6457603138124)
Kupferteich,,['natural:water'],['AOI'],,POINT(10.082616142172444 53.674679943151176)
Stölpchensee,,['natural:water'],['AOI'],,POINT(10.105543671325858 53.618088650786575)
Mahlbusen,,"['natural:water', 'water:pond']",['AOI'],,POINT(10.010159815583464 53.47555778321503)
Altengammer Hafen,,['natural:water'],['AOI'],,POINT(10.304492388295785 53.43716053255017)
See Hinterm Horn,de:See Hinterm Horn,"['natural:water', 'water:lake']",['AOI'],,POINT(10.154786034853338 53.472753578112666)
Krähenwiese,,['landuse:grass'],['AOI'],,POINT(10.024663558692081 53.59867733159938)
Eichbaumsee,de:Eichbaumsee,"['natural:water', 'water:lake']",['AOI'],,POINT(10.103460270436395 53.48523109962554)
Horner Moor,,['natural:water'],['AOI'],,POINT(10.09925539113291 53.55576972939582)
Bentinbrack,Pachtgewässer BAV,['natural:water'],['AOI'],,POINT(10.206618344630531 53.514571064065244)
Nettelnburger Baggersee,,['natural:water'],['AOI'],,POINT(10.194648610346787 53.48489476344644)
Tatenberger Yacht Club,,"['leisure:marina', 'natural:water']",['AOI'],,POINT(10.092958145739942 53.48822163955382)
Brack,,['natural:water'],['AOI'],,POINT(10.110920285408014 53.46598075270114)
Berner Wald,,['landuse:forest'],['AOI'],,POINT(10.12901381579297 53.631642601142545)
Hummelsbütteler Moore,,"['leisure:nature_reserve', 'protection_title:Naturschutzgebiet']",['AOI'],,POINT(10.05202961283428 53.663727991898774)
Flottbektal,,"['leisure:nature_reserve', 'protection_title:Naturschutzgebiet']",['AOI'],,POINT(9.868893242490973 53.550101973371206)
Stiftungswald,,['landuse:forest'],['AOI'],,POINT(10.237369775459356 53.49828324206632)
Bondenwald,,['leisure:park'],['AOI'],,POINT(9.937725008819298 53.61915759350021)
Trocken-Rückhaltebecken,,"['natural:water', 'water:basin']",['AOI'],,POINT(9.933838326913527 53.63265766343479)
Glinder Horst,,['landuse:forest'],['AOI'],,POINT(10.217347824847977 53.52200795219734)
Bille Rückhaltebecken,,['natural:water'],['AOI'],,POINT(10.185123277373732 53.495203054220774)
Brack,,['natural:water'],['AOI'],,POINT(10.086635459555444 53.48957646627934)
Kleiner Brook,,['landuse:meadow'],['AOI'],,POINT(10.12269394921331 53.47995986137233)
Ellerholz,,['natural:wood'],['AOI'],,POINT(10.046362343743027 53.48634632618333)
Brauereiteiche,,['natural:water'],['AOI'],,POINT(10.221890299036001 53.497136217154925)
Brunnenschutzgebiet,,['landuse:forest'],['AOI'],,POINT(9.852156076077081 53.46812115679934)
Alter Lohbrügger Friedhof,,"['leisure:park', 'landuse:cemetery']",['AOI'],,POINT(10.200086036831925 53.4980143284532)
upn Kiel,,['landuse:meadow'],['AOI'],,POINT(9.79633979702214 53.59686888799319)
Brook,,['landuse:meadow'],['AOI'],,POINT(9.793456034249393 53.58851632011217)
Baakenpark,,['leisure:park'],['AOI'],,POINT(10.014771580087801 53.5380137028576)
Mühlenteich,,['natural:water'],['AOI'],,POINT(10.028411859610399 53.62693520219301)
Gebrüder-Cohen-Park,de:Gebrüder-Cohen-Park,['leisure:park'],['AOI'],,POINT(9.985924568338682 53.46949499921256)
Köhlfleethafen,,"['access:private', 'natural:water', 'water:river']",['AOI'],,POINT(9.881728696946533 53.53854597908734)
Schluisgrovehafen,,"['access:private', 'natural:water', 'water:canal']",['AOI'],,POINT(9.980467526680295 53.496948878550036)
Rüschpark,,['leisure:park'],['AOI'],,POINT(9.859652134472823 53.54060007650914)
Auenlandschaft Norderelbe,,"['leisure:nature_reserve', 'protection_title:Naturschutzgebiet']",['AOI'],,POINT(10.057051103013453 53.49922685295345)
Festwiese,Jährlich findet hier das Wutzrock-Festival statt.,['landuse:grass'],['AOI'],,POINT(10.112957758140787 53.48307966378419)
Mühlenberger Loch/ Neßsand,de:Naturschutzgebiet Mühlenberger Loch/Neßsand,"['leisure:nature_reserve', 'protection_title:Naturschutzgebiet']",['AOI'],,POINT(9.796934858873199 53.54287490768643)
Stubbenberg,,['landuse:meadow'],['AOI'],,POINT(9.94352236691427 53.43651732608159)
Wiese Mitte Altona,,['leisure:park'],['AOI'],,POINT(9.937582219244781 53.56065994265139)
Kaskadenpark,,['leisure:park'],['AOI'],,POINT(10.134823692323229 53.58075565729433)
Meienthun,,['landuse:forest'],['AOI'],,POINT(10.193848084409748 53.64502783672841)
Hindenburgpark,de:Hindenburgpark (Hamburg),['leisure:park'],['AOI'],,POINT(9.877951136489152 53.546224033244805)
Lohsepark,,['leisure:park'],['AOI'],,POINT(10.005076352949654 53.542493671780974)
Lohmühlenpark,,['leisure:park'],['AOI'],,POINT(10.022133799519668 53.55551882763369)
Elfriede-Lohse-Wächtler-Rosengarten,,['leisure:park'],['AOI'],,POINT(10.052408178868635 53.5776918836577)
Borghorster Elblandschaft,de:Naturschutzgebiet Borghorster Elblandschaft,"['leisure:nature_reserve', 'protection_title:Naturschutzgebiet']",['AOI'],,POINT(10.313340844345213 53.443223991293074)
Borghorster Elblandschaft,,"['leisure:nature_reserve', 'protection_title:Naturschutzgebiet']",['AOI'],,POINT(10.292832748248662 53.43372950893919)
Borghorster Elblandschaft,,"['leisure:nature_reserve', 'protection_title:Naturschutzgebiet']",['AOI'],,POINT(10.270195796872574 53.42394178007471)
Schwarze Berge,,['landuse:forest'],['AOI'],,POINT(9.888527243224086 53.46158223755167)
Am Botanischen Garten,,['leisure:park'],['AOI'],,POINT(9.860909580597276 53.558808972536255)
Rosengarten,,['leisure:garden'],['AOI'],,POINT(9.983452034644326 53.56305840360556)
Kirchenwald,,['natural:wood'],['AOI'],,POINT(9.891565868340036 53.55369511806377)
Teetzpark,,['leisure:park'],['AOI'],,POINT(10.04453411673108 53.634941009356716)
Hennebergpark,,['leisure:park'],['AOI'],,POINT(10.091022976091958 53.66165329043327)
Kirchwerder Wiesen,,['landuse:meadow'],['AOI'],,POINT(10.172524517094196 53.43276570886793)
Fisch-,,['natural:water'],['AOI'],,POINT(10.151152465102609 53.447005384040004)
Alsterwiese Schwanenwik,,"['leisure:firepit', 'landuse:grass']",['AOI'],,POINT(10.016072146840067 53.56428507287134)
Brabandkanal,,['natural:water'],['AOI'],,POINT(10.0128383428442 53.614757559162584)
Schwarze Berge,,['landuse:forest'],['AOI'],,POINT(9.896497319023444 53.44814866492049)
Tidegebiet Kreetsand,,"['natural:water', 'water:lake']",['AOI'],,POINT(10.047438923097591 53.50016048915185)
Schaafsstall,,['landuse:meadow'],['AOI'],,POINT(10.078754763351284 53.45720296043281)
Soll,,['landuse:meadow'],['AOI'],,POINT(10.151492141424185 53.5502424649609)
Grillzone Stadtpark,,"['leisure:firepit', 'landuse:grass']",['AOI'],,POINT(10.017937632054634 53.597722041336)
Grillzone Stadtpark,,"['leisure:firepit', 'landuse:grass']",['AOI'],,POINT(10.02019719465999 53.59752537551338)
Luusbarg,,['leisure:park'],['AOI'],,POINT(9.76132141137725 53.56806475142153)
Grotenkamp,,['landuse:meadow'],['AOI'],,POINT(9.772243949321238 53.595938110470506)
Inselkanal,,['natural:water'],['AOI'],,POINT(9.992244025398234 53.60468638872994)
Große Kuhkoppel,,['landuse:meadow'],['AOI'],,POINT(10.131635147711995 53.66475633872838)
Sieverstücken,,['landuse:meadow'],['AOI'],,POINT(9.78572670704891 53.58394183453498)
Schönspark,,['natural:wood'],['AOI'],,POINT(9.756548663734218 53.585048658747546)
Deichpark Veddel,,['leisure:park'],['AOI'],,POINT(10.022667786608228 53.5305933677353)
Ballin Park,,['leisure:park'],['AOI'],,POINT(10.016747726575417 53.521118027977614)
Langewiese,,['landuse:meadow'],['AOI'],,POINT(10.115092948578617 53.708999243485906)
Haarwiese,,['landuse:meadow'],['AOI'],,POINT(10.117135380626882 53.709554107712435)
Suurwiese,,['landuse:meadow'],['AOI'],,POINT(10.116781008570534 53.710913346371406)
Müßen,,['landuse:meadow'],['AOI'],,POINT(10.115394532432415 53.70985628992089)
Rückhaltebecken Flughafenstraße West,,"['natural:water', 'water:reservoir']",['AOI'],,POINT(10.007253062437993 53.637294062062224)
Wilstorfer Park,,['leisure:park'],['AOI'],,POINT(10.000250679408555 53.44632714820024)
Aue,,['natural:water'],['AOI'],,POINT(9.881014232326491 53.51900344504127)
Alsterwiesen,,['landuse:grass'],['AOI'],,POINT(10.03686863744903 53.632621937462375)
Grünzug Wilhelmsburger Dove-Elbe,,['leisure:park'],['AOI'],,POINT(10.029624334476244 53.50193065020933)
Grünzug Wilhelmsburger Dove-Elbe,,['leisure:park'],['AOI'],,POINT(10.015380389154881 53.507702830094104)
Kiebitzmoor,,"['landuse:forest', 'protection_title:Naturdenkmal']",['AOI'],,POINT(10.195972778867688 53.646551649880884)
Schlüter Park,,['leisure:park'],['AOI'],,POINT(10.10934114699136 53.52435524871046)
Seeger,,['landuse:meadow'],['AOI'],,POINT(9.772881377615306 53.59983354566573)
Oxpark,,['leisure:park'],['AOI'],,POINT(10.006650726088136 53.67128323197495)
Kemmscher Park,,['leisure:park'],['AOI'],,POINT(9.969623124725832 53.59537491847921)
Künstlicher Priel,,"['natural:water', 'water:river']",['AOI'],,POINT(10.156133749072298 53.407196439980304)
teiche,,"['natural:water', 'water:pond']",['AOI'],,POINT(10.149452657501657 53.44583043612357)
Radewiese,,['landuse:meadow'],['AOI'],,POINT(10.17035716166192 53.66302164437554)
Japanischer Garten,,['leisure:park'],['AOI'],,POINT(9.862482101988974 53.56447377664678)
Yachtwerft Lütje GmbH,,['waterway:boatyard'],['AOI'],,POINT(10.046406764061617 53.52770538849663)
Grüne Fuge,,['leisure:park'],['AOI'],,POINT(10.185169934502328 53.60144850504825)
Liegewiese,,['leisure:park'],['AOI'],,POINT(10.089685720185265 53.579116542974006)
Westerweiterung des EUROGATE Container Terminal Hamburg (CTH) [Wasserfläche],https://www.hamburg.de/bwi/np-aktuelle-planfeststellungsverfahren/4426744/westerweiterung/,"['natural:proposed', 'water:canal']",['AOI'],,POINT(9.897374611636048 53.53823790787174)
Michelwiese,,['leisure:park'],['AOI'],,POINT(9.978624186103296 53.54661731465861)
Rosengärten,,['leisure:garden'],['AOI'],,POINT(10.026954647225969 53.59549297053303)
Hochwasserbassin,,['leisure:park'],['AOI'],,POINT(10.033688019731763 53.5447161583018)
Tideelbe von Rönne bis Bunthäuser Spitze,de:Tideelbe von Rönne bis Bunthäuser Spitze,"['leisure:nature_reserve', 'protection_title:Naturschutzgebiet']",['AOI'],,POINT(10.191732405361583 53.417811932393846)
Fischbeker Heide,,['leisure:nature_reserve'],['AOI'],,POINT(9.854553009314683 53.453765214966104)
Waldforscher Summerhill,,['landuse:meadow'],['AOI'],,POINT(9.928119647638027 53.623838724645495)
Otto von Bahren Park,,['leisure:park'],['AOI'],,POINT(9.917542120079725 53.56221278514258)
Obstwiese Schnelsen,Streuobst- und Blühwiese der SDW,['landuse:meadow'],['AOI'],,POINT(9.924072595050927 53.622721741766874)
Streuobstwiese im Wassermannpark,,['landuse:meadow'],['AOI'],,POINT(9.920246916716604 53.64582172879776)
Duvenwiesen,,['landuse:meadow'],['AOI'],,POINT(10.16912920301264 53.664476548498214)
Loogewiesen,,['landuse:meadow'],['AOI'],,POINT(10.171274003307714 53.66526114525806)
Auf dem Haidlande,,['landuse:meadow'],['AOI'],,POINT(9.944992253346122 53.438199926473615)
Baurs Park,de:Baurs Park,['leisure:park'],['AOI'],,POINT(9.812232571390556 53.556035372809944)
Neuländer Moorwiesen,,['leisure:nature_reserve'],['AOI'],,POINT(10.035245338129304 53.45890704493657)
Neuländer Moorwiesen,,['leisure:nature_reserve'],['AOI'],,POINT(10.042088071930573 53.44866832894763)
Innenstadt,Innenstadt der Stadt Hamburg,"['city', 'center', 'downtown']",['AOI'],,POINT(9.988080668856236 53.55184559306223)
